ZCAT_TARGETID TRUE_FIT_RES_D4000_n TRUE_FIT_RES_M TRUE_DESI_redshift TRUE_FIT_RES_EW_hd_a PRED_FIT_RES_D4000_n PRED_FIT_RES_M PRED_DESI_redshift PRED_FIT_RES_EW_hd_a
39627835324760152 1.554112e+00 1.060272e+01 4.241765e-01 7.805468e-01 1.558084e+00 1.099524e+01 3.984275e-01 -2.376941e+00
39627778395479712 1.568089e+00 1.112069e+01 4.026884e-01 9.500493e-01 1.778612e+00 1.131976e+01 3.859549e-01 -3.757037e-01
39627794388356192 1.363420e+00 1.008395e+01 1.405116e-01 -6.657645e-01 1.425806e+00 9.964262e+00 1.349011e-01 -7.841209e-01
39627802881822672 1.724088e+00 1.093908e+01 3.123378e-01 9.479614e-02 1.824222e+00 1.110570e+01 3.114763e-01 -9.791855e-01
39627853423183584 1.225367e+00 1.012011e+01 1.918314e-01 3.785567e+00 1.215994e+00 1.019955e+01 1.944178e-01 3.461986e+00
39627844669670984 1.072360e+00 1.143887e+01 4.779424e-01 3.780297e+00 1.169616e+00 1.097158e+01 5.200949e-01 2.834548e+00
39633131799578512 2.129395e+00 1.085604e+01 1.618080e-01 -6.693653e-01 1.873587e+00 1.085114e+01 1.646514e-01 -1.527923e+00
39627733919077080 1.729354e+00 1.063008e+01 1.847211e-01 -2.253349e-01 1.812380e+00 1.064644e+01 1.609327e-01 -1.285117e+00
39627806413426944 1.268675e+00 1.016059e+01 1.062153e-01 2.209745e+00 1.268236e+00 1.024718e+01 1.149669e-01 2.566844e+00
39627778672298608 1.789955e+00 1.073624e+01 1.872768e-01 -6.828862e-01 1.739368e+00 1.087407e+01 1.920316e-01 -1.068040e+00
39627794333827216 1.197904e+00 9.726314e+00 1.353709e-01 4.920856e+00 1.218583e+00 9.608538e+00 1.211462e-01 3.475798e+00
39627763551832920 1.312028e+00 1.056033e+01 2.436684e-01 3.395200e+00 1.372654e+00 1.047659e+01 2.011357e-01 1.453638e+00
39627772267598376 1.598098e+00 1.063166e+01 3.548797e-01 -7.476913e-01 1.606836e+00 1.089533e+01 3.644057e-01 -4.307721e-01
39633118612686096 1.831427e+00 1.123836e+01 4.509948e-01 -2.524450e+00 1.739890e+00 1.118258e+01 4.584187e-01 -7.115202e-01
39627763530863392 1.808642e+00 1.036218e+01 1.391554e-01 -3.690850e+00 1.604244e+00 1.028900e+01 1.398322e-01 -2.373708e+00
39627847312085960 1.203236e+00 9.870348e+00 1.967818e-01 1.773675e+00 1.245188e+00 9.993909e+00 1.554750e-01 2.375767e+00
39627824000144576 1.786662e+00 1.095706e+01 4.145734e-01 -3.954102e-01 1.775857e+00 1.129084e+01 4.138783e-01 -4.819945e-01
39627793725654648 1.358111e+00 9.984341e+00 1.393326e-01 3.712725e+00 1.277634e+00 9.939779e+00 1.318865e-01 2.534929e+00
39627800377823664 1.558067e+00 1.040456e+01 1.369235e-01 1.136339e-02 1.515818e+00 1.052277e+01 1.392733e-01 5.694668e-01
39627817276670280 1.090195e+00 9.530753e+00 1.418602e-01 1.045336e+00 1.140450e+00 9.288471e+00 1.490245e-01 3.040301e+00
39627847437913816 1.254620e+00 1.004857e+01 1.369714e-01 2.837703e+00 1.255017e+00 1.014968e+01 1.572152e-01 2.487991e+00
39627911002588584 1.709098e+00 1.105714e+01 4.081439e-01 -4.559558e-01 1.689180e+00 1.103403e+01 4.222888e-01 -8.025692e-01
39627836205564568 1.638354e+00 9.880573e+00 8.141220e-02 -3.275675e-01 1.631099e+00 9.882007e+00 5.013058e-02 -3.461930e-01
39627764302611936 1.163298e+00 9.927935e+00 1.479747e-01 -6.624413e-01 1.247486e+00 9.834332e+00 1.439543e-01 -1.505446e-01
39627739501695440 1.236887e+00 1.062968e+01 2.889243e-01 -1.025299e+00 1.285227e+00 1.046835e+01 2.987579e-01 1.329677e+00
39627733948433592 1.645672e+00 1.087157e+01 3.411754e-01 -2.050423e+00 1.773656e+00 1.114929e+01 3.555716e-01 -5.834934e-01
39627893021610760 1.473287e+00 1.098803e+01 4.257503e-01 -7.333080e-01 1.693391e+00 1.126766e+01 4.706387e-01 -2.359091e+00
39627809261358064 1.545299e+00 1.124448e+01 4.463678e-01 -1.809127e+00 1.592518e+00 1.111950e+01 4.552627e-01 -8.691345e-01
39627851082760848 1.979995e+00 1.098285e+01 2.475124e-01 -3.199657e-01 1.788096e+00 1.113365e+01 2.855253e-01 -1.958948e+00
39627806413427184 1.705350e+00 1.086091e+01 2.583565e-01 -1.737113e+00 1.715702e+00 1.070208e+01 2.672207e-01 -3.033606e-01
39627628520408752 1.543583e+00 1.113348e+01 5.316957e-01 1.566320e+00 1.412321e+00 1.142718e+01 5.766511e-01 6.862126e-01
39627774926786776 1.513469e+00 1.128909e+01 4.946003e-01 -1.473690e+00 1.605235e+00 1.136786e+01 5.318791e-01 -2.203598e+00
39627812511944600 1.627936e+00 1.080125e+01 2.811742e-01 -1.568851e+00 1.575636e+00 1.086594e+01 2.917648e-01 -3.024317e-01
39627847354028184 1.173340e+00 9.829603e+00 2.174213e-01 3.188089e+00 1.187764e+00 1.010024e+01 2.369777e-01 3.488436e+00
39633158106254160 1.689563e+00 1.014568e+01 9.163396e-02 -1.817738e+00 1.638055e+00 1.004651e+01 8.206598e-02 -4.517753e-01
39627901791898272 1.560217e+00 1.104461e+01 2.636784e-01 -4.770113e+00 1.582586e+00 1.107917e+01 2.664299e-01 -1.821568e+00
39627824537012680 1.261028e+00 9.934736e+00 1.229855e-01 3.868579e+00 1.258670e+00 1.025893e+01 1.534073e-01 3.105756e+00
39627818602072104 1.731275e+00 1.107954e+01 3.283099e-01 -6.167745e-01 1.773646e+00 1.105294e+01 3.552565e-01 -7.186944e-01
39627764239697072 1.187984e+00 9.990682e+00 1.962953e-01 7.418469e-02 1.203757e+00 1.031345e+01 2.245630e-01 3.292204e+00
39627812495167928 1.674875e+00 1.046297e+01 1.689880e-01 -2.166715e+00 1.729808e+00 1.049775e+01 1.601838e-01 -1.893927e+00
39627817347973552 1.530976e+00 1.104662e+01 3.105398e-01 -2.099481e-01 1.541219e+00 1.115597e+01 3.227144e-01 1.267151e-01
39627818635629000 1.402043e+00 1.080654e+01 3.208498e-01 2.082521e+00 1.354259e+00 1.087354e+01 3.433262e-01 9.746504e-01
39627787652304464 1.276434e+00 1.038879e+01 1.356070e-01 1.916319e+00 1.292561e+00 1.026975e+01 1.110707e-01 2.069636e+00
39627788231116064 1.315170e+00 9.380363e+00 6.899866e-02 2.268816e+00 1.284082e+00 9.005360e+00 3.248127e-02 1.568189e+00
39627830673280088 1.658141e+00 1.090842e+01 2.741967e-01 -3.236421e+00 1.686788e+00 1.080882e+01 2.760713e-01 -2.319178e+00
39627830685863472 1.874191e+00 1.128589e+01 2.822339e-01 -9.715649e-01 1.868160e+00 1.122576e+01 2.887166e-01 -1.264481e+00
39627793998286776 1.679110e+00 1.111491e+01 4.657721e-01 -1.000476e+00 1.675873e+00 1.133016e+01 5.082012e-01 -1.065407e+00
39627877569791960 1.292202e+00 1.054966e+01 3.567194e-01 3.307438e+00 1.359536e+00 1.062664e+01 4.237622e-01 1.752807e+00
39627812545498528 1.611678e+00 1.105261e+01 2.763796e-01 -1.020122e+00 1.689886e+00 1.097778e+01 2.761030e-01 -9.728853e-01
39627796384843800 1.807835e+00 1.041834e+01 2.310920e-01 -1.781068e+00 1.612662e+00 1.062450e+01 2.631448e-01 -1.894177e+00
39627775669174592 1.577193e+00 9.936410e+00 7.991986e-02 7.032729e-01 1.440235e+00 1.014639e+01 7.344396e-02 1.100968e+00
39627682731788488 1.726275e+00 1.097447e+01 3.504764e-01 -4.781621e-01 1.682153e+00 1.106372e+01 3.403748e-01 -2.420329e-01
39627895731128832 1.585808e+00 1.139297e+01 4.564419e-01 -2.019651e+00 1.701660e+00 1.128811e+01 4.793959e-01 -1.336768e+00
39627830639726752 1.179256e+00 9.190102e+00 1.116302e-01 3.526312e+00 1.167476e+00 9.247781e+00 1.012233e-01 4.276088e+00
39633127441696336 1.260416e+00 1.114658e+01 3.357853e-01 7.719316e-01 1.453465e+00 1.122471e+01 4.051091e-01 2.024263e-01
39627780920443608 9.877114e-01 9.837112e+00 1.561429e-01 1.998811e+00 9.889653e-01 9.688675e+00 2.052588e-01 1.966382e+00
39627770166248008 1.284853e+00 1.000215e+01 1.715613e-01 2.454748e+00 1.271856e+00 9.891561e+00 1.478762e-01 1.118610e+00
39627824595734464 1.305793e+00 9.582747e+00 1.177078e-01 3.184851e+00 1.396139e+00 9.708065e+00 1.115209e-01 5.004230e-01
39627812465807368 1.323332e+00 1.022455e+01 1.382010e-01 9.070089e-01 1.281548e+00 1.015528e+01 1.292199e-01 7.365584e-03
39627806426005776 1.853256e+00 1.095784e+01 2.612733e-01 -6.122112e-01 1.836274e+00 1.099196e+01 2.783086e-01 -1.255410e+00
39627784577877056 1.601191e+00 1.096353e+01 3.380140e-01 5.735728e-01 1.594085e+00 1.111240e+01 3.522323e-01 3.567375e-01
39627776365430704 1.257233e+00 1.030059e+01 1.411343e-01 -1.391596e+00 1.296850e+00 1.015484e+01 1.451575e-01 1.653509e+00
39627806593779168 1.653193e+00 1.004817e+01 8.171722e-02 -3.377348e-01 1.819862e+00 1.024779e+01 7.495269e-02 -2.149172e+00
39627800503650112 1.702705e+00 1.079742e+01 2.723123e-01 -2.628817e+00 1.649558e+00 1.080247e+01 2.802971e-01 -2.152999e+00
39627755058369144 1.797532e+00 1.073622e+01 1.630891e-01 -1.606684e+00 1.742162e+00 1.070423e+01 1.488824e-01 -2.160371e+00
39627835375096040 1.481363e+00 1.108787e+01 4.855906e-01 -1.961285e+00 1.417375e+00 1.116199e+01 5.075998e-01 -1.376498e+00
39627772498284880 1.760089e+00 1.043748e+01 1.016587e-01 -3.871406e-01 1.880569e+00 1.049709e+01 6.510738e-02 -2.114853e+00
39627781662839848 1.032271e+00 7.175751e+00 2.035161e-02 -4.135320e-01 1.072976e+00 6.882280e+00 0.000000e+00 3.944669e+00
39627835328955584 1.608495e+00 9.981357e+00 1.239526e-01 -2.147004e+00 1.641741e+00 1.033039e+01 1.329472e-01 -1.399391e+00
39627740105674664 1.289462e+00 1.046265e+01 3.214342e-01 2.900317e+00 1.283509e+00 1.084794e+01 3.401658e-01 3.418531e+00
39627770313051272 1.655210e+00 1.032661e+01 1.441290e-01 -5.814298e-01 1.640651e+00 1.045119e+01 1.324268e-01 -1.032563e+00
39627799106948008 1.374701e+00 1.056975e+01 1.629105e-01 -1.704111e+00 1.420133e+00 1.056182e+01 1.649916e-01 -2.710692e+00
39627764277447144 1.721275e+00 1.043609e+01 1.482681e-01 -2.507063e+00 1.695243e+00 1.041178e+01 1.387145e-01 -1.764199e+00
39627775648203776 1.673573e+00 1.022869e+01 1.335265e-01 -6.446239e-01 1.701091e+00 1.025824e+01 1.125973e-01 -4.684472e-01
39627746111916400 1.279344e+00 1.032677e+01 2.224529e-01 4.906288e+00 1.221118e+00 1.053008e+01 2.272316e-01 3.243140e+00
39627751547736840 1.441911e+00 1.098643e+01 2.916424e-01 -6.095389e-01 1.505446e+00 1.092050e+01 2.947140e-01 2.258483e-01
39633149482763744 1.222271e+00 1.088668e+01 5.240613e-01 1.469518e+00 1.309260e+00 1.124759e+01 4.962377e-01 7.695274e-01
39627823140307040 1.674270e+00 1.125221e+01 2.911650e-01 -1.051803e+00 1.865153e+00 1.113766e+01 2.930185e-01 -1.309005e+00
39627817947761656 1.088735e+00 9.353483e+00 1.593166e-01 3.004779e+00 1.072480e+00 8.866050e+00 1.380182e-01 3.130530e+00
39627841624607856 1.618754e+00 1.095504e+01 3.198835e-01 5.251376e-01 1.679757e+00 1.089204e+01 3.065930e-01 -9.118608e-01
39627756832559472 1.550359e+00 1.096718e+01 2.485757e-01 -1.767165e-01 1.630111e+00 1.093165e+01 2.468628e-01 -1.951726e+00
39627811912157008 1.721646e+00 1.077359e+01 4.270946e-01 3.889394e-01 1.713998e+00 1.121268e+01 4.419160e-01 -6.571794e-01
39627739610747632 1.766399e+00 1.113905e+01 4.121910e-01 -1.839686e-01 1.709843e+00 1.118014e+01 4.064517e-01 -8.472306e-01
39633153689650352 1.663071e+00 1.060297e+01 1.345082e-01 -1.055563e+00 1.665019e+00 1.043120e+01 1.105945e-01 -5.353870e-01
39633153693843712 1.826697e+00 1.049876e+01 9.673198e-02 -1.609628e+00 1.814961e+00 1.038212e+01 7.440387e-02 -1.321144e+00
39633145003247472 1.594605e+00 1.066693e+01 1.594490e-01 -1.221134e+00 1.705484e+00 1.053163e+01 1.348534e-01 -2.075844e+00
39627746107725280 1.318857e+00 9.747773e+00 5.382650e-02 2.178600e+00 1.304308e+00 9.520700e+00 2.421878e-02 2.708323e+00
39627800449123616 1.402024e+00 9.761905e+00 1.346958e-01 6.215424e-02 1.288166e+00 9.611635e+00 1.064616e-01 6.761292e-01
39627913837940576 1.617545e+00 1.107020e+01 4.603373e-01 -6.764541e-01 1.650785e+00 1.111403e+01 4.661034e-01 -1.052734e+00
39627775664982728 1.638260e+00 1.079237e+01 2.228354e-01 -9.424738e-01 1.748723e+00 1.083469e+01 2.317553e-01 -2.294761e+00
39627776264769504 1.180203e+00 9.476615e+00 1.264374e-01 2.951864e+00 1.216176e+00 9.438185e+00 1.139812e-01 2.805734e+00
39627805859776512 1.361150e+00 1.039355e+01 1.794967e-01 2.283384e+00 1.321484e+00 1.016787e+01 1.763896e-01 1.960750e+00
39627835232489472 1.581409e+00 1.107186e+01 3.806515e-01 1.674060e+00 1.681278e+00 1.119737e+01 3.966810e-01 -1.164307e+00
39627853481906104 1.649013e+00 1.060185e+01 1.544055e-01 1.661953e-01 1.512336e+00 1.075768e+01 1.755671e-01 4.312961e-01
39627752181077616 1.420830e+00 1.062850e+01 2.170839e-01 2.731136e+00 1.572330e+00 1.066465e+01 1.892458e-01 -1.323992e+00
39627824067250080 1.632254e+00 1.031924e+01 1.924218e-01 -2.000079e+00 1.636540e+00 1.033957e+01 1.858274e-01 -4.652537e-01
39627824524427512 1.722576e+00 1.084758e+01 3.094632e-01 -1.216400e+00 1.719595e+00 1.101205e+01 3.289756e-01 -1.116723e+00
39627829243023000 1.694605e+00 1.063382e+01 2.544077e-01 2.160627e-01 1.603316e+00 1.058652e+01 2.487347e-01 -1.401918e+00
39627755012231512 1.039358e+00 1.028841e+01 2.454053e-01 2.819484e+00 1.096389e+00 1.022914e+01 3.902413e-01 4.671432e+00
39627688641562016 1.124375e+00 9.831944e+00 1.660910e-01 3.074363e+00 1.094961e+00 9.720146e+00 2.090671e-01 3.513343e+00
39627768928933448 1.871244e+00 1.097045e+01 2.927182e-01 -1.200499e+00 1.871859e+00 1.117541e+01 2.880886e-01 -1.609683e+00
39627830610368832 2.206577e+00 1.036228e+01 1.934732e-01 -4.714047e+00 1.613080e+00 1.044655e+01 2.226553e-01 -9.434843e-01
39627823219998936 1.372184e+00 9.629953e+00 7.063486e-02 3.717576e-01 1.394833e+00 9.456561e+00 3.115584e-02 9.583907e-01
39627850713663360 1.778362e+00 1.132216e+01 4.547283e-01 -2.393733e+00 1.667460e+00 1.141182e+01 4.894835e-01 -2.015905e+00
39627780907864776 1.716629e+00 1.093648e+01 5.264804e-01 -9.426889e-01 1.580003e+00 1.137521e+01 5.885483e-01 1.633791e+00
39627820741172304 1.911263e+00 1.072953e+01 2.552119e-01 -3.184590e+00 1.670945e+00 1.098945e+01 2.770934e-01 -2.247726e+00
39627800382016560 1.659759e+00 1.067731e+01 1.797084e-01 -8.467293e-01 1.752543e+00 1.064891e+01 1.713229e-01 -9.213277e-01
39627760485797168 1.791566e+00 1.087505e+01 1.868806e-01 -2.279541e+00 1.825459e+00 1.092427e+01 1.945733e-01 -2.076449e+00
39627766575930312 1.691429e+00 1.072625e+01 3.252957e-01 -5.012317e-02 1.690564e+00 1.106081e+01 3.354854e-01 -7.703522e-01
39627793876651856 1.794454e+00 1.062426e+01 1.739297e-01 -1.800992e+00 1.789213e+00 1.071565e+01 1.762531e-01 -1.943375e+00
39627830685864992 1.577723e+00 1.053149e+01 1.380288e-01 -4.858943e+00 1.551455e+00 1.067684e+01 2.168785e-01 1.007415e+00
39627830581005312 1.105119e+00 1.035256e+01 2.576582e-01 -9.577263e-01 1.207415e+00 1.022843e+01 2.510952e-01 1.563499e+00
39627781906108480 1.705811e+00 1.057726e+01 9.035243e-02 -1.021917e+00 1.765071e+00 1.035536e+01 6.412728e-02 -1.657713e+00
39627823509407656 1.176083e+00 1.040193e+01 1.215023e-01 1.195362e+00 1.292009e+00 9.910895e+00 9.503990e-02 -8.612660e-01
39627778361926608 1.251954e+00 9.454151e+00 1.272082e-01 1.996605e+00 1.237524e+00 9.515849e+00 1.137731e-01 1.237200e+00
39636595057362400 1.654639e+00 1.099822e+01 4.241249e-01 4.839306e-01 1.520391e+00 1.129464e+01 4.353914e-01 -1.511760e+00
39627752185271712 1.256016e+00 9.819635e+00 1.076352e-01 1.227341e+00 1.298356e+00 9.755184e+00 1.130721e-01 1.959227e+00
39633127731103328 1.390909e+00 9.687072e+00 6.828602e-02 2.834061e+00 1.318408e+00 9.975103e+00 6.905456e-02 2.288502e+00
39627757537200200 1.384254e+00 1.096218e+01 2.488419e-01 1.979548e+00 1.401903e+00 1.086777e+01 2.578706e-01 1.934909e+00
39627652474081928 1.448785e+00 1.133080e+01 4.453316e-01 -3.146646e+00 1.439191e+00 1.145574e+01 5.104815e-01 -3.922291e-01
39627818585294176 1.422053e+00 9.833243e+00 1.218038e-01 -1.301482e+00 1.223120e+00 9.996979e+00 1.029208e-01 2.044090e+00
39627823215809776 1.580479e+00 1.009066e+01 1.583404e-01 -1.988569e+00 1.586444e+00 1.017296e+01 1.589998e-01 -1.828533e+00
39627794371579984 1.169360e+00 9.075105e+00 9.713582e-02 5.591656e+00 1.157226e+00 9.022110e+00 9.702961e-02 2.117736e+00
39627794346412816 1.293578e+00 1.059468e+01 3.182611e-01 3.290718e+00 1.248311e+00 1.074747e+01 3.562630e-01 3.786319e+00
39627835375093824 1.718096e+00 1.070430e+01 2.149869e-01 3.285745e-01 1.649258e+00 1.063774e+01 2.039653e-01 -1.445439e+00
39627763530861312 1.190312e+00 9.413934e+00 7.968428e-02 4.812993e+00 1.230499e+00 9.165915e+00 6.070994e-02 2.617543e+00
39627784762428912 1.519976e+00 1.067433e+01 2.432016e-01 -4.468720e-01 1.507169e+00 1.074972e+01 2.829593e-01 -7.657111e-02
39627874935768880 1.725306e+00 1.125982e+01 4.354049e-01 -3.736073e+00 1.691354e+00 1.141736e+01 4.832506e-01 -2.473532e+00
39627770283693128 1.380744e+00 1.011135e+01 2.142136e-01 8.521132e-01 1.427366e+00 1.073887e+01 2.343225e-01 9.276977e-01
39627745956728816 1.864619e+00 1.056192e+01 1.479715e-01 -9.404387e-01 1.806325e+00 1.062020e+01 1.401857e-01 -2.052699e+00
39627793792766248 1.326352e+00 1.060778e+01 2.308343e-01 1.273984e+00 1.258945e+00 1.061180e+01 2.508976e-01 2.536468e+00
39627780941416640 1.828791e+00 1.061685e+01 1.704966e-01 -9.525794e-01 1.812343e+00 1.071791e+01 1.726282e-01 -2.140382e+00
39627824591541752 1.375937e+00 1.066517e+01 2.719999e-01 2.628709e+00 1.499383e+00 1.073821e+01 2.715229e-01 3.615086e-01
39627622526751152 1.621271e+00 1.169533e+01 6.606426e-01 5.625764e-02 1.640691e+00 1.167176e+01 7.007992e-01 2.463979e-01
39627812524526336 1.301538e+00 1.076147e+01 2.897104e-01 -5.788155e-01 1.252410e+00 1.085023e+01 3.596544e-01 1.986161e+00
39627739543638520 1.533093e+00 1.120139e+01 4.988401e-01 -1.081836e+00 1.676242e+00 1.125146e+01 5.235277e-01 -2.344738e+00
39627814604898632 1.363970e+00 1.023211e+01 1.503331e-01 -1.972764e-01 1.351315e+00 1.012430e+01 1.142445e-01 1.735976e+00
39627778265452632 1.789906e+00 1.089145e+01 4.068809e-01 -4.836618e-01 1.665901e+00 1.117969e+01 4.437054e-01 -2.552463e+00
39627812482584800 1.196031e+00 1.083330e+01 3.068317e-01 2.699689e+00 1.214521e+00 1.077396e+01 3.394029e-01 2.721911e+00
39627784590464720 1.784236e+00 1.130203e+01 2.789737e-01 -1.979008e+00 1.843648e+00 1.121719e+01 2.877835e-01 -2.243676e+00
39627817222144400 1.572362e+00 1.086240e+01 2.716044e-01 -8.441821e-01 1.673091e+00 1.075963e+01 2.395846e-01 -1.500178e+00
39627829284966072 1.333536e+00 1.031117e+01 1.623330e-01 -1.025681e+00 1.454769e+00 1.031992e+01 1.488717e-01 -6.672460e-02
39633145045189944 1.474413e+00 1.092668e+01 2.875056e-01 -2.619357e-01 1.644568e+00 1.082360e+01 2.963614e-01 -2.006828e+00
39627784389135192 1.861107e+00 1.047395e+01 3.152812e-01 -7.723936e-01 1.690438e+00 1.119748e+01 3.368672e-01 2.230322e-02
39627758065681688 1.723826e+00 1.063104e+01 1.151423e-01 -1.933671e+00 1.739803e+00 1.060565e+01 1.121409e-01 -2.412406e+00
39627786985411120 1.704143e+00 1.073927e+01 2.666216e-01 1.080555e-01 1.701768e+00 1.084872e+01 2.791343e-01 -1.022424e+00
39627814667818952 1.667744e+00 1.110138e+01 3.929765e-01 -8.558387e-01 1.755849e+00 1.114093e+01 4.046942e-01 -1.475004e+00
39627757478478656 1.817310e+00 1.033012e+01 2.241092e-01 -1.929994e-01 1.655060e+00 1.055623e+01 2.194601e-01 2.328631e-01
39627802529500688 1.539620e+00 1.067435e+01 1.737643e-01 2.590219e-01 1.505827e+00 1.073727e+01 1.686940e-01 -2.291054e-02
39627740139228344 1.262342e+00 9.951354e+00 2.555020e-01 2.316603e+00 1.242971e+00 1.007818e+01 2.452030e-01 6.982726e-01
39627877796282896 1.580184e+00 1.120552e+01 4.197177e-01 7.228950e-01 1.564212e+00 1.132838e+01 4.395729e-01 -1.222091e+00
39627784988923104 1.098986e+00 8.771607e+00 8.242232e-02 6.417138e-01 1.092616e+00 8.340743e+00 6.248850e-02 3.208791e+00
39627781117578760 1.781798e+00 1.124170e+01 3.201810e-01 3.984720e-01 1.722746e+00 1.132989e+01 3.270509e-01 -1.607649e+00
39627812595828008 1.334115e+00 1.041287e+01 1.304584e-01 1.893746e+00 1.386846e+00 1.024658e+01 1.059842e-01 1.564692e+00
39627941218357400 2.181108e+00 1.085129e+01 2.737639e-01 -2.962836e+00 1.863485e+00 1.114464e+01 3.070492e-01 -2.019050e+00
39627794405130584 1.443713e+00 1.107909e+01 4.683008e-01 -1.403004e+00 1.449850e+00 1.136446e+01 4.948385e-01 -9.406296e-01
39627824574760240 1.363418e+00 9.731552e+00 8.452393e-02 2.324531e+00 1.330589e+00 9.840534e+00 6.763388e-02 2.043534e+00
39627757537198744 1.672090e+00 1.000970e+01 1.271462e-01 -2.376610e-01 1.519119e+00 9.819181e+00 1.100107e-01 1.250254e+00
39633127315868944 1.469181e+00 8.362184e+00 2.594291e-02 1.915820e+00 1.306136e+00 9.611184e+00 9.903535e-03 3.577423e+00
39627769612603776 1.231495e+00 1.003220e+01 1.418287e-01 1.659107e+00 1.267446e+00 9.948796e+00 1.315408e-01 2.307556e+00
39627769616798096 1.349027e+00 1.034940e+01 1.319474e-01 1.591418e+00 1.267393e+00 1.025529e+01 1.154649e-01 2.330451e+00
39627766978578360 1.661820e+00 1.087444e+01 3.522460e-01 -2.622865e+00 1.674965e+00 1.100907e+01 3.778679e-01 -1.670952e+00
39627786943466264 1.386112e+00 1.102144e+01 2.894590e-01 5.733634e-01 1.355337e+00 1.074882e+01 2.690077e-01 2.827521e+00
39627775081976656 1.699766e+00 1.091797e+01 2.211670e-01 -4.146208e-01 1.815233e+00 1.088964e+01 2.168728e-01 -1.075397e+00
39627772598945312 1.385473e+00 1.039919e+01 1.846400e-01 -7.595218e-01 1.543269e+00 1.021970e+01 1.743241e-01 -3.018752e+00
39627751602262792 1.777964e+00 1.101135e+01 2.964967e-01 -1.727355e+00 1.822654e+00 1.104812e+01 3.148361e-01 -1.616047e+00
39627740139228616 1.414036e+00 1.069335e+01 2.532604e-01 1.935957e+00 1.533367e+00 1.080281e+01 2.295338e-01 3.625902e-01
39627782271009272 1.454889e+00 1.010462e+01 1.420947e-01 -8.927619e-01 1.310229e+00 1.013350e+01 1.615677e-01 2.141086e-01
39627718916054920 1.662460e+00 1.072265e+01 3.713569e-01 -8.022596e-02 1.600650e+00 1.098949e+01 3.644658e-01 -1.149164e+00
39627745906396904 1.677684e+00 1.054821e+01 1.870298e-01 6.166924e-01 1.822917e+00 1.077774e+01 1.680548e-01 -1.221636e+00
39627790579925360 1.649047e+00 9.992820e+00 5.123579e-02 -3.902252e-01 1.588357e+00 1.020271e+01 4.667623e-02 1.772625e-01
39627794329635568 1.061397e+00 9.354811e+00 1.354210e-01 2.113313e-01 1.109947e+00 8.517760e+00 8.175996e-02 2.779662e+00
39627835387677112 1.668729e+00 1.051586e+01 1.984583e-01 -1.739975e+00 1.671321e+00 1.056353e+01 1.966002e-01 -1.638372e+00
39633154067136936 1.492783e+00 1.127519e+01 5.929188e-01 -9.560975e-01 1.450064e+00 1.145668e+01 6.491396e-01 5.403923e-01
39627774930977496 1.204537e+00 9.807759e+00 1.307072e-01 1.517580e+00 1.217250e+00 9.781849e+00 1.322827e-01 7.762032e-01
39627745923173504 1.736929e+00 1.033727e+01 8.932970e-02 -1.275130e+00 1.710828e+00 1.054290e+01 7.467346e-02 -4.115237e-01
39627817977119400 1.467050e+00 1.017218e+01 2.136684e-01 -9.194262e-01 1.364392e+00 1.048667e+01 2.416546e-01 8.649675e-01
39627830002189056 1.609511e+00 1.100022e+01 4.682043e-01 -1.362249e+00 1.662558e+00 1.115782e+01 5.006101e-01 -5.169836e-01
39627788398891864 1.700982e+00 1.091451e+01 2.923798e-01 -5.942814e-01 1.717015e+00 1.080160e+01 2.999322e-01 -2.507712e-01
39627814730734584 1.652603e+00 1.118281e+01 4.888844e-01 -1.189640e+00 1.699338e+00 1.129999e+01 5.229423e-01 -2.820365e+00
39627682626930384 1.790066e+00 1.091547e+01 3.898890e-01 -3.943196e-01 1.704055e+00 1.104278e+01 3.873900e-01 -9.570266e-01
39627745998669832 1.690060e+00 1.098676e+01 2.966879e-01 -3.698426e-01 1.701064e+00 1.104945e+01 3.087447e-01 -1.983449e+00
39627712792371088 1.718628e+00 1.098681e+01 2.820623e-01 -8.136973e-01 1.641978e+00 1.097790e+01 2.795049e-01 -2.547078e+00
39627806405037296 1.167059e+00 9.827037e+00 1.747267e-01 5.006793e+00 1.173709e+00 9.857522e+00 1.595124e-01 4.277095e+00
39633136564307800 1.214999e+00 1.040863e+01 1.105624e-01 3.250077e+00 1.217004e+00 1.036747e+01 1.008463e-01 3.170447e+00
39627853439961968 1.637721e+00 1.058842e+01 2.000873e-01 -1.736604e+00 1.672554e+00 1.050981e+01 1.813951e-01 -2.260247e+00
39627751946196104 1.261443e+00 9.730921e+00 7.622740e-02 6.860639e-01 1.244965e+00 1.016251e+01 5.162850e-02 2.256976e+00
39627782413618384 1.707153e+00 1.080378e+01 2.174212e-01 -1.718843e+00 1.860288e+00 1.095920e+01 2.072069e-01 -1.479480e+00
39627793851482880 1.222962e+00 1.056889e+01 2.495799e-01 3.351961e+00 1.251284e+00 1.030105e+01 2.166236e-01 2.581289e+00
39627818472050976 1.617930e+00 1.099406e+01 3.066851e-01 -1.278699e+00 1.643040e+00 1.089231e+01 3.034200e-01 -1.784514e+00
39633144986470224 1.484569e+00 1.112093e+01 4.547276e-01 6.442781e-02 1.592930e+00 1.110744e+01 4.467901e-01 -8.893052e-01
39627763673465144 1.114226e+00 9.977919e+00 1.571599e-01 6.207095e+00 1.121112e+00 1.003132e+01 1.490015e-01 4.737792e+00
39627788285641248 1.268374e+00 1.047037e+01 3.145165e-01 1.585957e+00 1.270826e+00 1.062805e+01 3.395877e-01 2.850032e+00
39633140561481408 1.905511e+00 1.036079e+01 9.074158e-02 -2.405125e+00 1.807620e+00 1.038092e+01 8.107477e-02 -1.601172e+00
39627757470090824 1.373898e+00 1.079667e+01 3.458442e-01 2.536696e+00 1.422467e+00 1.104371e+01 3.567699e-01 1.004574e+00
39627740097284512 1.713729e+00 9.857971e+00 5.615612e-02 -2.435959e-01 1.652711e+00 1.027643e+01 6.374730e-02 -1.650987e-01
39627775207803608 1.742172e+00 1.119531e+01 4.697608e-01 2.528939e-03 1.711107e+00 1.134519e+01 5.026432e-01 -1.070640e+00
39627766647229120 1.621398e+00 1.081070e+01 3.912050e-01 -4.645093e-01 1.755590e+00 1.105783e+01 3.909531e-01 -4.269392e-01
39627805184495240 1.655383e+00 1.101942e+01 2.735121e-01 -5.981072e-02 1.768156e+00 1.087106e+01 2.508757e-01 -2.042931e+00
39627760926196144 1.139366e+00 1.040953e+01 1.992592e-01 4.397517e+00 1.158648e+00 1.025891e+01 1.799549e-01 3.673042e+00
39627841427474368 1.965901e+00 1.085139e+01 2.847374e-01 -3.415601e+00 1.704897e+00 1.085830e+01 2.915914e-01 -1.782032e+00
39627746187413256 1.001936e+00 7.839144e+00 4.838950e-02 1.167236e+00 1.006412e+00 7.356292e+00 1.132973e-02 1.700076e+00
39627772393427856 1.780137e+00 1.115292e+01 2.964414e-01 -3.112885e+00 1.674535e+00 1.121888e+01 2.904479e-01 -2.977342e+00
39627841637189160 1.593591e+00 1.112037e+01 4.863088e-01 5.014125e-01 1.330432e+00 1.134866e+01 6.420633e-01 3.133996e+00
39627800545593112 1.125893e+00 8.722751e+00 1.010336e-01 3.778915e+00 1.096552e+00 8.934918e+00 1.116759e-01 2.296642e+00
39627811878605168 1.590888e+00 1.037934e+01 2.128131e-01 -3.109908e+00 1.585567e+00 1.052002e+01 2.488819e-01 -2.109494e-01
39627802479172472 1.130461e+00 1.017493e+01 1.953471e-01 4.951605e+00 1.128000e+00 1.048989e+01 2.154447e-01 3.268969e+00
39627863036529944 1.870996e+00 1.095794e+01 3.516446e-01 -7.817517e-01 1.741967e+00 1.109410e+01 3.875089e-01 -8.500524e-01
39627830023164352 1.118688e+00 9.858875e+00 7.756493e-02 4.306208e+00 1.129197e+00 1.012707e+01 9.432964e-02 3.505219e+00
39627752181074800 1.167949e+00 9.878851e+00 2.316153e-01 4.667202e+00 1.164819e+00 9.689662e+00 2.175129e-01 2.639727e+00
39627776235407024 1.631294e+00 1.009424e+01 1.368557e-01 -1.657760e+00 1.574865e+00 1.004416e+01 1.315835e-01 -1.189908e+00
39627757491063040 1.593517e+00 1.015171e+01 1.571150e-01 5.064668e-01 1.444880e+00 1.013391e+01 1.463222e-01 1.822938e-01
39627751501599648 1.186887e+00 1.013212e+01 1.464510e-01 4.615159e+00 1.212088e+00 9.790161e+00 1.197360e-01 3.772674e+00
39627791133580080 1.561220e+00 1.125673e+01 3.819036e-01 1.082886e+00 1.724379e+00 1.118296e+01 4.358284e-01 -1.371565e+00
39627800004529856 1.821961e+00 1.033914e+01 8.002596e-02 -1.662232e+00 1.842627e+00 1.049316e+01 6.951313e-02 -1.601774e+00
39627791049693272 1.433210e+00 1.059421e+01 2.244622e-01 1.225112e+00 1.693421e+00 1.046510e+01 1.951835e-01 -7.425536e-01
39627830073495752 1.259338e+00 1.031214e+01 1.250431e-01 -1.735212e+00 1.327508e+00 1.029082e+01 1.405232e-01 5.050334e-01
39627818480437624 1.831805e+00 1.028093e+01 1.155814e-01 -1.561796e+00 1.770536e+00 1.041813e+01 1.124628e-01 -1.913123e+00
39627745528907072 1.576866e+00 9.982392e+00 9.565639e-02 9.493028e-01 1.340339e+00 1.020537e+01 1.219030e-01 2.073352e+00
39627836016823408 1.773757e+00 1.076407e+01 2.323692e-01 -1.345360e-01 1.836934e+00 1.087339e+01 2.249879e-01 -1.341225e+00
39627820606951504 1.739149e+00 1.104924e+01 4.902262e-01 -8.287117e-01 1.598783e+00 1.133926e+01 5.443478e-01 -2.645988e+00
39627776155713848 1.206025e+00 9.786871e+00 8.957563e-02 2.887367e+00 1.245812e+00 9.698582e+00 6.357893e-02 2.995262e+00
39633140955742656 1.744990e+00 1.028780e+01 1.347587e-01 -7.910542e-01 1.633381e+00 1.036979e+01 1.323391e-01 3.134301e-01
39627847295306792 1.101966e+00 9.793397e+00 2.105683e-01 3.664154e+00 1.134545e+00 9.539619e+00 2.077700e-01 3.416586e+00
39627634467934992 1.686028e+00 1.115709e+01 4.225073e-01 6.700786e-01 1.738086e+00 1.127150e+01 4.384805e-01 -9.089409e-01
39627762822025408 1.322455e+00 1.050403e+01 1.733108e-01 2.121057e+00 1.321542e+00 1.029515e+01 1.673536e-01 1.002862e+00
39627778613582760 1.633203e+00 1.108089e+01 4.504027e-01 -2.570635e+00 1.681565e+00 1.123742e+01 4.795096e-01 -1.153296e+00
39627823903671448 1.827781e+00 1.013760e+01 7.706017e-02 -1.524815e+00 1.804458e+00 1.017399e+01 4.595171e-02 -1.123156e+00
39627706773539984 1.784281e+00 1.113494e+01 3.534363e-01 -5.759714e-01 1.598154e+00 1.134270e+01 3.833187e-01 -1.307759e+00
39627806446978256 1.640618e+00 1.046963e+01 1.202058e-01 -1.099854e+00 1.611647e+00 1.040203e+01 1.099057e-01 -6.611669e-02
39627634530852200 1.549911e+00 1.102902e+01 4.626102e-01 1.110331e+00 1.643848e+00 1.111187e+01 4.624824e-01 -1.260463e+00
39627830585196688 1.718151e+00 1.111898e+01 3.649991e-01 -1.358062e+00 1.758740e+00 1.110535e+01 3.792456e-01 -9.658581e-01
39627800499457680 1.320605e+00 9.414351e+00 7.224575e-02 2.149326e+00 1.259991e+00 9.489353e+00 5.186327e-02 3.186856e+00
39627676633272856 1.640211e+00 1.126498e+01 4.024279e-01 1.084021e+00 1.721378e+00 1.115053e+01 4.301377e-01 -1.058718e+00
39627808653188048 1.640024e+00 1.086516e+01 4.534974e-01 -2.238587e+00 1.637157e+00 1.117799e+01 5.013815e-01 -1.097185e+00
39627790714144968 1.137773e+00 1.044625e+01 2.616368e-01 5.134591e-01 1.247918e+00 1.014781e+01 2.615313e-01 8.727048e-01
39627829943471392 1.641737e+00 1.056238e+01 1.925550e-01 2.638361e-01 1.655593e+00 1.079020e+01 1.860043e-01 -3.433410e-01
39627784322031312 1.216979e+00 9.036662e+00 9.764221e-02 6.169177e+00 1.154216e+00 9.179376e+00 7.813144e-02 3.930839e+00
39627812511943608 1.328840e+00 1.019178e+01 1.253762e-01 2.832646e+00 1.502153e+00 9.893945e+00 8.932041e-02 2.571412e-01
39627917038196776 1.746296e+00 1.091902e+01 1.727535e-01 2.744208e-01 1.876508e+00 1.087691e+01 1.637573e-01 -1.860439e+00
39627746174834024 1.176749e+00 9.891775e+00 1.743608e-01 3.868616e+00 1.221139e+00 9.666945e+00 1.292875e-01 1.105443e+00
39627788390503584 1.806686e+00 1.068543e+01 2.914371e-01 -6.546057e-01 1.656505e+00 1.075916e+01 2.951463e-01 -6.908393e-01
39627835421233072 1.386455e+00 1.110356e+01 3.417149e-01 2.258364e+00 1.513527e+00 1.123879e+01 4.028604e-01 -1.110117e+00
39627830069300528 1.757057e+00 1.051941e+01 1.874468e-01 1.315776e+00 1.678209e+00 1.065817e+01 2.100146e-01 -5.538315e-02
39627787018965416 1.390706e+00 1.142581e+01 5.385249e-01 -2.322132e+00 1.595143e+00 1.124799e+01 5.775955e-01 -5.782330e-02
39627782220682288 1.693677e+00 1.093017e+01 3.568197e-01 8.706303e-01 1.766375e+00 1.112421e+01 3.592399e-01 -2.074776e-01
39627812465809088 1.514882e+00 1.075117e+01 2.606440e-01 -2.580296e+00 1.786777e+00 1.084649e+01 2.712112e-01 -1.434205e+00
39633118721739264 1.804847e+00 1.093956e+01 2.270655e-01 -2.284455e+00 1.865776e+00 1.102668e+01 2.291326e-01 -1.529401e+00
39627738692194352 1.926284e+00 1.079256e+01 4.087615e-01 4.051787e-01 1.707742e+00 1.125837e+01 3.952390e-01 -1.301425e+00
39627824075641456 1.701129e+00 9.904487e+00 7.721330e-02 -1.849005e+00 1.805453e+00 9.935470e+00 5.030119e-02 -1.116232e+00
39633140750222688 1.309561e+00 1.088006e+01 2.376178e-01 1.555872e+00 1.327861e+00 1.088129e+01 2.445873e-01 1.858328e-01
39627817163428256 1.483511e+00 1.125877e+01 5.162854e-01 1.273562e+00 1.696177e+00 1.141980e+01 5.425677e-01 -1.016788e+00
39627799169864504 1.793544e+00 1.084848e+01 2.092849e-01 -2.430673e+00 1.779981e+00 1.100181e+01 2.524458e-01 -1.289722e+00
39627818044230856 1.480947e+00 9.071130e+00 2.639791e-02 1.077324e+00 1.437684e+00 9.204323e+00 2.061397e-02 1.019506e+00
39627811354317280 1.864558e+00 1.120133e+01 4.447500e-01 -2.955876e-01 1.643329e+00 1.133527e+01 4.743427e-01 -1.747721e+00
39627836742435880 1.320704e+00 1.119341e+01 5.439906e-01 2.240595e+00 1.349696e+00 1.104151e+01 5.746706e-01 3.048927e+00
39627757574949168 1.157486e+00 1.007612e+01 2.154865e-01 4.615438e+00 1.190698e+00 1.011608e+01 1.836815e-01 3.157651e+00
39627760896843776 1.190450e+00 9.805319e+00 9.812560e-02 4.061638e+00 1.205050e+00 9.635229e+00 7.262912e-02 3.773107e+00
39627782325540744 1.953683e+00 1.074115e+01 1.614239e-01 -1.365202e+00 1.807352e+00 1.067280e+01 1.649605e-01 -1.121497e+00
39627812570664144 1.269369e+00 1.091673e+01 2.284954e-01 5.440842e+00 1.312483e+00 1.072518e+01 2.071122e-01 3.453124e+00
39627784703712288 1.364735e+00 1.052705e+01 1.280046e-01 1.704138e+00 1.440174e+00 1.031407e+01 8.260965e-02 1.243037e+00
39627770279495800 1.487610e+00 1.075451e+01 3.034038e-01 -1.200188e+00 1.599091e+00 1.073136e+01 3.015456e-01 -1.884000e+00
39627799836757624 1.516935e+00 9.890170e+00 9.968943e-02 7.066416e-01 1.365921e+00 9.987389e+00 9.205185e-02 1.329245e+00
39627823299694640 1.382294e+00 1.095757e+01 5.496719e-01 1.729321e+00 1.365558e+00 1.138342e+01 5.887693e-01 1.259253e+00
39633114007343080 1.326406e+00 9.740477e+00 7.195149e-02 3.046047e+00 1.273645e+00 1.001207e+01 7.566385e-02 2.729734e+00
39627800440736024 1.700565e+00 1.069883e+01 3.276366e-01 -2.231593e+00 1.606669e+00 1.078904e+01 3.155344e-01 -8.962537e-01
39627794505797264 1.679328e+00 1.059073e+01 1.877577e-01 1.984085e-01 1.783473e+00 1.071492e+01 1.745313e-01 -7.067491e-01
39627800453320728 1.118959e+00 1.023682e+01 1.560734e-01 1.067162e+00 1.177169e+00 9.809049e+00 1.057233e-01 7.212993e-01
39627780924637312 1.542469e+00 1.063685e+01 1.942057e-01 -5.441570e-01 1.550698e+00 1.061998e+01 1.868201e-01 -8.233589e-01
39627784707905416 1.501195e+00 1.090875e+01 3.813570e-01 8.687084e-02 1.488055e+00 1.087211e+01 4.010366e-01 7.148045e-01
39627823949809552 1.346997e+00 9.565523e+00 7.793375e-02 1.092711e+00 1.299178e+00 9.677934e+00 7.057577e-02 2.301623e+00
39627808749658320 1.069652e+00 9.825853e+00 2.308815e-01 3.387112e+00 1.068818e+00 9.846581e+00 1.922723e-01 2.348440e+00
39627775178444592 1.663555e+00 1.130468e+01 5.686405e-01 7.289954e-02 1.618548e+00 1.151448e+01 6.181949e-01 -9.062144e-01
39627745491162208 1.264876e+00 1.032551e+01 2.483252e-01 2.834621e+00 1.240160e+00 1.039952e+01 2.328034e-01 3.441654e+00
39627802542083968 1.691942e+00 1.103268e+01 3.664853e-01 -2.317143e+00 1.653863e+00 1.104332e+01 3.899482e-01 -1.763184e+00
39627794484824008 1.154176e+00 1.042737e+01 2.948355e-01 1.025360e+00 1.200239e+00 1.003646e+01 3.037004e-01 1.858626e+00
39627769688097176 1.753336e+00 1.095002e+01 3.460163e-01 6.514423e-02 1.721021e+00 1.101946e+01 3.603132e-01 -3.799459e-01
39627746090942928 1.309806e+00 9.349656e+00 5.433051e-02 1.305942e+00 1.251140e+00 9.150515e+00 2.681285e-02 1.083843e+00
39627782434586976 1.497453e+00 1.009471e+01 1.385012e-01 -9.577690e-01 1.574858e+00 1.007665e+01 1.291193e-01 -1.642589e+00
39627814768481424 1.745975e+00 1.007157e+01 1.176619e-01 -1.102243e+00 1.676673e+00 1.031732e+01 1.125107e-01 -8.167992e-01
39627790458296800 1.705467e+00 1.019356e+01 1.271892e-01 -5.712941e-01 1.722269e+00 1.032710e+01 1.144503e-01 -1.365120e+00
39627745419854800 1.875925e+00 1.040368e+01 1.684489e-01 -2.743639e+00 1.657420e+00 1.040022e+01 1.657182e-01 -2.171000e+00
39627824637676848 1.199252e+00 1.026072e+01 2.230183e-01 4.350369e+00 1.195192e+00 1.045618e+01 2.220463e-01 3.511563e+00
39627805037691680 1.712355e+00 1.008382e+01 7.583781e-02 -2.150009e-01 1.799588e+00 1.008064e+01 4.745233e-02 -1.169452e+00
39627664570453560 1.397874e+00 1.015072e+01 1.400551e-01 -5.309622e-01 1.405806e+00 9.923828e+00 1.221285e-01 -1.754049e+00
39627847626656376 1.402475e+00 1.022943e+01 8.739386e-02 1.483071e+00 1.345727e+00 1.027892e+01 7.080285e-02 2.017385e+00
39627746007060808 1.330161e+00 1.098080e+01 5.330077e-01 6.494990e-01 1.377122e+00 1.100377e+01 5.048776e-01 5.896730e-01
39633122941208264 1.870416e+00 1.042627e+01 1.501277e-01 -9.411542e-01 1.721534e+00 1.051399e+01 1.504810e-01 -1.771265e-01
39627752080410440 1.766713e+00 1.041602e+01 1.382529e-01 -7.268334e-01 1.838432e+00 1.061340e+01 1.335932e-01 -1.964181e+00
39627823958200200 1.171955e+00 9.547142e+00 1.681312e-01 3.273019e+00 1.148953e+00 9.662522e+00 1.791688e-01 4.349372e+00
39627782392647264 1.700775e+00 1.119119e+01 3.477291e-01 1.266937e+00 1.739589e+00 1.129281e+01 3.656755e-01 -4.344859e-01
39627770296273096 1.693449e+00 9.858615e+00 1.149838e-01 -2.504656e-01 1.519283e+00 9.974634e+00 1.189315e-01 -1.391805e+00
39627757545588160 1.598958e+00 1.070321e+01 1.933253e-01 -1.448916e+00 1.686254e+00 1.045260e+01 1.888207e-01 -4.839194e-02
39627792953904160 1.245774e+00 1.059287e+01 2.084526e-01 5.889316e-01 1.586909e+00 1.088963e+01 2.032295e-01 2.314412e-01
39627793738239360 1.187383e+00 9.690832e+00 1.057803e-01 2.449268e+00 1.166729e+00 9.758814e+00 1.182999e-01 3.056570e+00
39627808716098720 1.864558e+00 1.106571e+01 2.619213e-01 -2.738558e+00 1.805064e+00 1.107368e+01 2.949027e-01 -1.698760e+00
39627790420543816 1.264308e+00 9.332603e+00 7.919598e-02 -4.791613e-01 1.328880e+00 9.297905e+00 6.057173e-02 1.891513e-01
39627907819113824 1.708610e+00 1.117366e+01 2.675380e-01 -9.175010e-01 1.887160e+00 1.124041e+01 2.769592e-01 -1.320806e+00
39627766575930728 1.183408e+00 9.180075e+00 7.095987e-02 4.880271e+00 1.185091e+00 9.273902e+00 5.755846e-02 4.069158e+00
39627737027056064 1.864421e+00 1.068407e+01 1.710917e-01 -4.484494e-01 1.794132e+00 1.067404e+01 1.618648e-01 -1.412243e+00
39627823274527328 1.538330e+00 1.089917e+01 3.134528e-01 1.822768e+00 1.519400e+00 1.116616e+01 3.194719e-01 8.255925e-01
39627811937322200 1.851282e+00 1.084738e+01 1.624871e-01 -1.654037e+00 1.875884e+00 1.085760e+01 1.691333e-01 -1.668433e+00
39627799140501760 1.587260e+00 1.075292e+01 2.113715e-01 6.785540e-02 1.590209e+00 1.062241e+01 2.048588e-01 5.999583e-02
39633140800554064 1.915295e+00 1.111110e+01 4.445354e-01 -1.184521e+00 1.822956e+00 1.143873e+01 4.721864e-01 -1.603697e+00
39627853406407272 1.160502e+00 1.000988e+01 1.657560e-01 -2.293808e+00 1.218273e+00 9.994995e+00 2.002039e-01 2.198836e+00
39627767150543680 1.662898e+00 1.158282e+01 6.083735e-01 2.573685e-01 1.663531e+00 1.163077e+01 6.676543e-01 2.043377e-01
39627767133768632 1.238555e+00 1.002877e+01 1.042454e-01 3.369321e+00 1.288540e+00 9.396545e+00 4.684979e-02 2.640349e+00
39627853439959336 1.833574e+00 1.103648e+01 2.254330e-01 -3.201496e+00 1.838722e+00 1.094126e+01 2.390453e-01 -1.804341e+00
39627791045501200 1.107183e+00 1.021560e+01 2.134068e-01 4.060304e+00 1.086425e+00 1.010539e+01 2.122398e-01 4.473264e+00
39627746082554288 1.816054e+00 1.045184e+01 2.638986e-01 -1.022287e+00 1.664406e+00 1.075366e+01 2.831235e-01 -2.167824e+00
39627808497995784 1.133225e+00 1.167223e+01 5.988134e-01 5.798906e+00 1.183236e+00 1.092965e+01 6.805607e-01 3.716614e+00
39627799148891440 1.187396e+00 1.066748e+01 2.921730e-01 3.912469e+00 1.216928e+00 1.045082e+01 2.857206e-01 3.771876e+00
39627746036419664 1.473727e+00 1.033343e+01 1.486382e-01 -2.010741e+00 1.528853e+00 1.069699e+01 1.881502e-01 5.868191e-02
39627793805349040 1.925742e+00 1.070186e+01 1.522289e-01 -3.093351e-01 1.531152e+00 1.062341e+01 1.346440e-01 4.026709e-01
39627811236873080 1.216210e+00 9.809431e+00 8.599766e-02 3.137882e+00 1.190427e+00 9.460989e+00 5.731727e-02 3.688364e+00
39627829964441448 1.698085e+00 1.064785e+01 2.238512e-01 -6.442956e-01 1.619588e+00 1.050059e+01 2.324457e-01 8.617545e-01
39627781738336680 1.598114e+00 1.121425e+01 4.227176e-01 -2.416975e-01 1.677206e+00 1.123307e+01 4.154843e-01 1.340609e-01
39627739984037800 1.209238e+00 9.875257e+00 1.200245e-01 1.459006e+00 1.275995e+00 9.817311e+00 1.069693e-01 1.803858e+00
39627823249360848 2.052463e+00 1.021561e+01 2.712891e-01 6.615726e-02 1.614074e+00 1.067373e+01 2.550970e-01 -1.448148e+00
39627790785454304 1.478836e+00 1.083924e+01 3.187169e-01 3.244160e+00 1.387150e+00 1.102145e+01 3.361495e-01 1.241422e+00
39627847400166064 1.483717e+00 1.057986e+01 2.144792e-01 1.690049e-01 1.449781e+00 1.072521e+01 2.258027e-01 4.751900e-01
39627734061682256 1.684377e+00 9.230686e+00 5.653838e-02 1.368175e-01 1.568991e+00 9.465197e+00 4.129814e-02 -1.932562e-01
39627775589483264 1.392816e+00 1.005292e+01 1.747608e-01 5.888112e-01 1.333276e+00 1.028416e+01 1.776302e-01 2.366368e-01
39627786977020160 1.067037e+00 9.207165e+00 1.098629e-01 5.671246e+00 1.130279e+00 9.049296e+00 1.048666e-01 4.182666e+00
39627778387089136 1.442931e+00 9.818685e+00 6.870656e-02 2.662258e+00 1.650676e+00 9.923651e+00 4.976846e-02 -9.320909e-02
39633149554068752 1.332157e+00 8.144435e+00 1.845956e-02 2.787451e+00 1.325728e+00 7.221390e+00 0.000000e+00 9.264663e-01
39627812096706352 1.226286e+00 1.005491e+01 9.038035e-02 2.420200e+00 1.213514e+00 1.004235e+01 8.246440e-02 3.013909e+00
39627770283692256 1.660169e+00 1.083994e+01 2.182714e-01 -1.756078e+00 1.725291e+00 1.068301e+01 2.034146e-01 -1.707127e+00
39627740013396696 1.223704e+00 9.577237e+00 8.426240e-02 4.129475e+00 1.209267e+00 9.542661e+00 7.478754e-02 3.451993e+00
39627817981316896 1.865157e+00 1.091151e+01 1.588039e-01 -1.852670e+00 1.883489e+00 1.089462e+01 1.732817e-01 -1.678652e+00
39627746019640472 1.134367e+00 9.652987e+00 1.336625e-01 1.174173e+00 1.147215e+00 9.361614e+00 1.279039e-01 1.470115e+00
39627751581290584 1.067819e+00 9.368674e+00 8.180907e-02 5.159618e+00 1.073138e+00 9.080679e+00 1.005805e-01 4.332925e+00
39627824713175184 1.168587e+00 9.640045e+00 1.425480e-01 1.040956e+00 1.193429e+00 9.348465e+00 1.271856e-01 3.242487e+00
39627802550475776 1.387076e+00 1.125107e+01 3.552527e-01 -3.532544e-01 1.622757e+00 1.151748e+01 4.392278e-01 -3.391510e-01
39627823295497616 1.473471e+00 1.014755e+01 5.479414e-02 -3.831652e-01 1.465463e+00 1.027558e+01 3.764537e-02 1.583612e+00
39627793100703264 1.464295e+00 1.051506e+01 1.663633e-01 1.706707e+00 1.441685e+00 1.035412e+01 1.685581e-01 5.781115e-01
39627754295004008 1.587626e+00 1.126492e+01 4.870899e-01 -1.178651e+00 1.670102e+00 1.132085e+01 5.233407e-01 -2.063188e+00
39627883693476864 1.514086e+00 9.995446e+00 1.159674e-01 1.574753e+00 1.475295e+00 1.017615e+01 1.244133e-01 2.575139e+00
39627829192690832 1.217640e+00 1.000869e+01 2.195459e-01 2.768305e+00 1.183805e+00 9.880113e+00 2.348093e-01 7.132097e-01
39627817469610256 1.091140e+00 9.706423e+00 1.230959e-01 3.697902e+00 1.186893e+00 9.411296e+00 9.090200e-02 1.588674e+00
39627766328461184 1.643035e+00 1.082854e+01 3.421451e-01 -8.188025e-01 1.696363e+00 1.114355e+01 3.788324e-01 -1.020791e+00
39627812478389448 1.132509e+00 8.914344e+00 8.258250e-02 4.475965e+00 1.157073e+00 8.912724e+00 7.301314e-02 4.394435e+00
39627778303206784 1.900561e+00 1.092175e+01 4.356542e-01 -7.138277e-01 1.701764e+00 1.128580e+01 4.753100e-01 -1.952872e+00
39627793859871920 1.441225e+00 1.110497e+01 4.821775e-01 1.368284e+00 1.494224e+00 1.095336e+01 5.243629e-01 1.532085e+00
39627764168393136 1.135593e+00 9.665684e+00 1.247968e-01 5.097233e+00 1.152631e+00 9.500250e+00 1.079390e-01 4.604157e+00
39627799899672824 1.692800e+00 1.016879e+01 8.243886e-02 -1.505168e+00 1.461318e+00 1.015386e+01 5.876878e-02 3.670122e-01
39627829192691400 1.773844e+00 1.057733e+01 1.650404e-01 7.865699e-01 1.707548e+00 1.068298e+01 1.722063e-01 -8.552642e-01
39627805935274432 1.230577e+00 9.115599e+00 9.387105e-02 3.950069e+00 1.144925e+00 9.159770e+00 8.959535e-02 2.259507e+00
39633136224568032 1.590513e+00 1.119477e+01 3.874750e-01 -2.572053e+00 1.698787e+00 1.116010e+01 3.788214e-01 -1.568011e+00
39627800369434072 1.005105e+00 8.023861e+00 5.292737e-02 3.339307e+00 1.015109e+00 7.409746e+00 6.594762e-03 1.271155e+00
39627853653872032 1.453063e+00 1.125934e+01 4.684325e-01 1.128487e+00 1.538666e+00 1.104495e+01 4.518095e-01 -1.015346e+00
39627800478486536 1.207879e+00 9.606076e+00 1.283538e-01 5.507638e+00 1.140387e+00 9.462162e+00 1.296966e-01 4.293341e+00
39627814663624920 1.864229e+00 1.035737e+01 1.163718e-01 -3.315908e-01 1.816938e+00 1.058367e+01 1.109615e-01 -1.441795e+00
39627766458487752 1.143972e+00 9.875846e+00 9.281022e-02 4.981739e+00 1.188398e+00 1.008362e+01 1.024965e-01 3.562174e+00
39627751484818568 1.706156e+00 1.096573e+01 3.282419e-01 -2.274997e+00 1.702692e+00 1.100534e+01 3.507426e-01 -3.570616e-02
39627751526765208 1.262368e+00 9.804012e+00 1.793488e-01 4.314571e+00 1.245922e+00 1.022052e+01 1.837335e-01 2.806969e+00
39627751560320064 1.777185e+00 1.016539e+01 1.067030e-01 -2.670796e-01 1.657532e+00 1.014436e+01 9.892608e-02 -2.912993e-01
39627806535059584 1.946040e+00 1.069796e+01 1.498772e-01 -2.267760e+00 1.804136e+00 1.067577e+01 1.297501e-01 -2.364912e+00
39627788281448128 1.119567e+00 9.918756e+00 1.742874e-01 5.645872e-01 1.177123e+00 9.383257e+00 1.251926e-01 2.687976e+00
39627769562271648 1.313793e+00 9.830988e+00 1.067887e-01 -6.870738e-01 1.457211e+00 9.778065e+00 1.165017e-01 -8.094482e-01
39627758275399736 1.470747e+00 1.104253e+01 2.971241e-01 -4.342428e+00 1.559378e+00 1.099307e+01 2.869439e-01 -8.821956e-01
39627818539160672 1.511213e+00 1.016391e+01 1.174236e-01 5.724270e-01 1.537512e+00 1.004114e+01 1.083493e-01 -8.454382e-02
39627745470187104 1.591381e+00 1.053944e+01 2.089783e-01 1.509702e-01 1.519629e+00 1.050961e+01 2.208836e-01 6.757277e-02
39627782283594568 1.361383e+00 1.043561e+01 2.624106e-01 2.827734e+00 1.370676e+00 1.053262e+01 2.240424e-01 8.095717e-01
39627682614353408 1.787855e+00 1.102515e+01 3.386292e-01 -2.585772e+00 1.681722e+00 1.110992e+01 3.501150e-01 -5.527442e-01
39627757549781152 1.683748e+00 1.100434e+01 3.704735e-01 -5.775449e-01 1.753643e+00 1.106911e+01 3.748904e-01 -5.221536e-01
39627781717363760 9.916885e-01 9.226600e+00 9.954025e-02 3.129587e-01 1.123258e+00 9.092207e+00 1.093982e-01 7.676297e-01
39627787006378856 1.666881e+00 1.049085e+01 2.074561e-01 3.499739e-01 1.675230e+00 1.052913e+01 2.036446e-01 -1.384889e+00
39627793830514376 1.505816e+00 1.022282e+01 1.282386e-01 4.815077e-01 1.404644e+00 1.041521e+01 1.482028e-01 1.383507e+00
39627836687911184 1.143019e+00 9.636592e+00 1.430683e-01 -4.841043e-01 1.174069e+00 9.481005e+00 1.389510e-01 6.655055e-01
39627782350702712 1.508101e+00 9.818682e+00 1.231087e-01 9.016654e-01 1.460617e+00 9.695552e+00 1.082353e-01 6.012235e-01
39627775706923416 1.152014e+00 9.190821e+00 6.225200e-02 9.626279e-01 1.214677e+00 9.637370e+00 7.934366e-02 2.431749e-01
39627746120306792 1.135546e+00 9.211301e+00 1.332709e-01 3.836257e+00 1.131135e+00 9.054493e+00 1.028626e-01 3.323344e+00
39627787727801616 1.317996e+00 1.043984e+01 2.218510e-01 -1.109187e+00 1.314240e+00 1.030754e+01 2.282703e-01 6.620928e-01
39633136413313200 1.772657e+00 1.063284e+01 1.192744e-01 -2.199477e+00 1.761508e+00 1.066376e+01 1.232460e-01 -8.266306e-01
39627751648397776 1.334450e+00 1.131451e+01 5.147074e-01 -2.341782e+00 1.342254e+00 1.129093e+01 5.976300e-01 2.424392e+00
39627772422788216 1.488248e+00 9.607592e+00 5.402457e-02 4.821018e+00 1.463947e+00 1.029738e+01 4.907361e-02 1.350424e+00
39627812524525440 1.257011e+00 1.081918e+01 3.260685e-01 2.291805e+00 1.215301e+00 1.035034e+01 1.921143e-01 -2.559454e-01
39627814802036592 1.377633e+00 1.101589e+01 4.923664e-01 1.674437e+00 1.314740e+00 1.109276e+01 5.262371e-01 1.129793e+00
39627830748778368 1.571634e+00 1.088783e+01 4.581442e-01 -1.040917e-01 1.679822e+00 1.117046e+01 4.925843e-01 -1.805494e+00
39627757675612464 1.717063e+00 1.059589e+01 1.495033e-01 -2.611971e-01 1.761723e+00 1.054020e+01 1.537213e-01 -6.808190e-01
39627830006384720 1.654742e+00 1.068281e+01 1.509333e-01 -3.074174e+00 1.831442e+00 1.073874e+01 1.491200e-01 -1.893725e+00
39627780874311240 1.365847e+00 1.062198e+01 1.549002e-01 3.055940e+00 1.409963e+00 1.027827e+01 1.114272e-01 1.895740e+00
39627853498682896 1.540385e+00 1.114605e+01 4.882883e-01 1.785946e+00 1.625661e+00 1.112167e+01 4.691846e-01 -6.909685e-01
39627844636115248 1.727149e+00 1.114038e+01 5.620603e-01 -3.187462e-01 1.564836e+00 1.156472e+01 6.529655e-01 3.349566e-02
39627782287788944 1.265266e+00 1.084488e+01 3.379556e-01 6.131189e+00 1.172418e+00 1.090591e+01 3.734467e-01 4.201980e+00
39627799002089392 1.688369e+00 1.105723e+01 4.324453e-01 1.089671e+00 1.498937e+00 1.141432e+01 4.867401e-01 3.881574e-01
39627830589395216 1.277237e+00 8.979882e+00 5.532274e-02 -3.070224e+00 1.295634e+00 9.045008e+00 9.102142e-02 6.824082e-02
39627829284962744 1.460314e+00 9.473284e+00 1.180416e-01 3.166598e-01 1.390280e+00 9.665334e+00 1.113109e-01 2.430737e-02
39627776113773424 1.069610e+00 9.922600e+00 1.440818e-01 3.940063e+00 1.116093e+00 9.658482e+00 1.177037e-01 4.705592e+00
39627824595734544 1.159083e+00 1.033630e+01 3.255929e-01 4.599999e+00 1.155497e+00 1.040305e+01 3.697565e-01 4.806415e+00
39627745528907656 1.616852e+00 1.135102e+01 4.311723e-01 -1.406630e+00 1.650307e+00 1.137803e+01 4.533792e-01 -9.283590e-01
39627796682646584 1.714944e+00 1.137966e+01 4.833428e-01 -1.607166e+00 1.735753e+00 1.148765e+01 5.314598e-01 -2.565581e+00
39627764088705088 1.812328e+00 1.097133e+01 3.532248e-01 3.509680e-03 1.771332e+00 1.118731e+01 3.770130e-01 -7.006903e-01
39627769771985488 1.754548e+00 1.115699e+01 3.557726e-01 -1.706340e+00 1.772501e+00 1.126055e+01 3.842402e-01 -4.034821e-01
39627830673277376 1.164683e+00 9.872503e+00 2.025413e-01 4.967904e+00 1.165878e+00 1.014104e+01 2.106832e-01 4.236369e+00
39627788382110128 1.198602e+00 9.832466e+00 2.119038e-01 3.644924e+00 1.190482e+00 1.001254e+01 2.178866e-01 3.015165e+00
39627782296179560 1.673537e+00 1.114022e+01 5.600978e-01 5.078490e-01 1.610997e+00 1.133033e+01 6.031243e-01 3.249425e-02
39627889687134576 1.088436e+00 9.406940e+00 9.519612e-02 5.107917e+00 1.136641e+00 8.680564e+00 3.886330e-02 4.933692e+00
39627752059442360 1.176218e+00 9.351311e+00 1.369150e-01 5.217332e+00 1.129235e+00 8.798254e+00 9.803531e-02 4.009814e+00
39627823299690960 1.619305e+00 1.057364e+01 2.279028e-01 -1.855080e+00 1.520148e+00 1.058738e+01 2.090789e-01 -8.467110e-01
39627829968638648 1.466288e+00 1.097564e+01 4.833274e-01 1.308605e+00 1.591016e+00 1.128985e+01 5.215694e-01 -7.960213e-01
39627839355488512 1.558479e+00 1.132847e+01 6.040558e-01 1.105222e+00 1.572086e+00 1.148040e+01 6.382591e-01 1.132687e+00
39627781822219720 1.351432e+00 1.128566e+01 3.246434e-01 -1.878255e+00 1.670645e+00 1.139124e+01 3.469014e-01 -1.058582e+00
39627799027253488 1.457342e+00 1.028332e+01 9.967285e-02 -8.856848e-01 1.423943e+00 1.016090e+01 9.047933e-02 -1.610315e-01
39627835240875976 1.052786e+00 9.925491e+00 1.637445e-01 4.417980e+00 1.093653e+00 9.616832e+00 1.655284e-01 4.874168e+00
39627778345142368 2.083727e+00 1.126364e+01 4.184043e-01 -1.210066e+00 1.820835e+00 1.134918e+01 4.361258e-01 -1.648640e+00
39627790328266952 1.030779e+00 7.871984e+00 3.849189e-02 1.557548e+00 1.041708e+00 7.935598e+00 2.277361e-02 1.524421e+00
39627794392549440 1.418050e+00 1.096796e+01 5.324442e-01 1.834964e+00 1.492152e+00 1.141164e+01 5.723535e-01 1.922515e+00
39627733524812240 1.546106e+00 1.114870e+01 4.366400e-01 -1.396100e+00 1.696875e+00 1.112361e+01 4.643736e-01 -6.941067e-01
39627829284964128 1.264682e+00 1.038006e+01 1.562580e-01 2.816151e+00 1.245904e+00 1.041151e+01 1.558714e-01 3.445726e+00
39627776323489488 1.233953e+00 8.637912e+00 8.114044e-02 3.492248e+00 1.154540e+00 8.650483e+00 5.732198e-02 2.350020e+00
39627818040036328 1.431337e+00 1.065642e+01 2.357243e-01 -7.161736e-01 1.416927e+00 1.065705e+01 2.579582e-01 8.161165e-01
39627829184303992 1.201049e+00 1.051811e+01 1.386703e-01 3.972796e+00 1.171374e+00 1.055445e+01 1.556327e-01 3.544423e+00
39627724800665384 1.581770e+00 1.167527e+01 5.704297e-01 1.482836e+00 1.692630e+00 1.154064e+01 5.990223e-01 4.989415e-02
39627812591634728 1.327669e+00 9.916671e+00 3.806318e-02 3.882044e+00 1.325526e+00 9.750693e+00 2.460086e-02 2.174973e+00
39627739434583416 1.575514e+00 1.055123e+01 2.291842e-01 -1.305514e-02 1.597709e+00 1.054449e+01 2.026874e-01 -1.285466e+00
39627778257060000 1.659230e+00 1.057444e+01 4.547619e-01 -1.017554e-01 1.486595e+00 1.112682e+01 5.012760e-01 -1.125255e+00
39627751577096480 1.363531e+00 1.064736e+01 1.990059e-01 3.013753e+00 1.495024e+00 1.052643e+01 1.831337e-01 2.443228e+00
39627752055243504 1.540719e+00 1.024497e+01 1.184410e-01 -5.671161e-02 1.459399e+00 1.039738e+01 1.286049e-01 7.413300e-01
39627806585389304 1.161616e+00 9.985815e+00 1.307996e-01 4.474770e+00 1.212159e+00 9.793968e+00 1.016740e-01 3.901247e+00
39627745528910512 1.438701e+00 1.072963e+01 2.417175e-01 6.575450e-01 1.387761e+00 1.070710e+01 2.393615e-01 8.159429e-01
39627740139226704 1.563162e+00 9.926628e+00 1.788478e-01 -2.085252e+00 1.449924e+00 1.032007e+01 1.718180e-01 -1.047873e-01
39627788428248392 1.533131e+00 1.015163e+01 2.210862e-01 5.192493e-01 1.476190e+00 1.028781e+01 2.306474e-01 1.587043e+00
39627758078265976 1.093118e+00 9.583388e+00 1.378289e-01 5.211082e+00 1.142380e+00 9.627978e+00 1.280865e-01 4.749650e+00
39627800423961416 1.576050e+00 1.013063e+01 1.657864e-01 -7.895172e-01 1.537528e+00 1.014869e+01 1.623930e-01 -1.847201e+00
39627818669181448 9.652198e-01 8.132886e+00 3.853036e-02 1.255064e+00 9.776222e-01 7.628221e+00 8.191615e-03 1.069325e+00
39627790454101376 1.345143e+00 1.117045e+01 5.310509e-01 3.426663e+00 1.431298e+00 1.131075e+01 5.723681e-01 1.428937e+00
39627751468042272 1.662802e+00 1.105469e+01 4.513695e-01 -4.544193e-01 1.655193e+00 1.106670e+01 4.617806e-01 -6.102048e-01
39627787736190784 1.378963e+00 1.066823e+01 2.570617e-01 2.065773e+00 1.319921e+00 1.079484e+01 2.698171e-01 2.491912e+00
39627809160697216 1.243299e+00 9.944401e+00 2.147205e-01 3.652436e+00 1.178843e+00 1.017436e+01 2.108230e-01 2.068999e+00
39627785085394424 1.626932e+00 1.022672e+01 7.822435e-02 -1.514315e-01 1.723136e+00 1.028947e+01 5.695513e-02 -1.117401e+00
39627821261261968 1.356610e+00 1.123878e+01 3.171557e-01 -4.275748e+00 1.539320e+00 1.129106e+01 3.906914e-01 -7.199726e-01
39627746120305824 1.730723e+00 1.066873e+01 1.337736e-01 -1.224690e+00 1.616333e+00 1.064334e+01 1.288271e-01 -1.612343e-01
39627774884843344 1.261457e+00 1.093418e+01 5.396446e-01 1.346035e+00 1.296560e+00 1.132626e+01 5.988605e-01 1.830327e+00
39627917176607304 1.831369e+00 1.072029e+01 3.335883e-01 -5.800129e-01 1.679523e+00 1.113358e+01 3.597766e-01 -3.495342e-01
39627817436059256 1.275256e+00 9.674711e+00 7.138485e-02 2.576464e+00 1.235797e+00 9.832459e+00 5.607954e-02 3.270249e+00
39627776298323136 1.162214e+00 9.436113e+00 1.542904e-01 4.033025e+00 1.153031e+00 9.436934e+00 1.393258e-01 3.576313e+00
39627829201079136 1.984718e+00 1.008576e+01 7.652105e-02 -2.802545e+00 1.669178e+00 1.015030e+01 6.923486e-02 -3.649638e-01
39627824755114624 1.528650e+00 1.097488e+01 4.559534e-01 6.258217e-01 1.636049e+00 1.114844e+01 5.097014e-01 -1.061478e+00
39627800503648536 1.151662e+00 9.576364e+00 2.232777e-01 4.396031e+00 1.128396e+00 9.604398e+00 2.077815e-01 4.216802e+00
39627762872355048 1.311061e+00 1.044519e+01 2.268929e-01 2.907638e+00 1.228940e+00 1.044480e+01 2.261624e-01 3.868361e+00
39627841398115584 1.240447e+00 8.876482e+00 5.465591e-02 -3.955280e-01 1.214613e+00 9.121927e+00 7.550743e-02 9.408102e-01
39627776390599552 1.388371e+00 9.739865e+00 8.365831e-02 2.033149e+00 1.400672e+00 9.734256e+00 6.836548e-02 9.686033e-01
39633153890976264 1.571301e+00 1.129632e+01 3.872212e-01 -1.202742e+00 1.752243e+00 1.117523e+01 4.110314e-01 -4.332668e-01
39627788327586872 1.557462e+00 1.069677e+01 2.615390e-01 1.648465e+00 1.391027e+00 1.084564e+01 2.693961e-01 3.257415e-01
39627769662931760 1.583769e+00 1.007614e+01 1.134806e-01 -1.208348e-01 1.468560e+00 1.017740e+01 1.245112e-01 4.745712e-01
39627817121486208 1.274152e+00 1.055358e+01 1.522623e-01 3.419764e+00 1.310510e+00 1.037024e+01 1.384456e-01 2.328761e+00
39627740126648656 1.127196e+00 9.180695e+00 1.094475e-01 5.432980e+00 1.107123e+00 8.801743e+00 7.462902e-02 1.908255e+00
39627806421815256 1.604196e+00 1.004573e+01 2.011454e-01 1.527859e+00 1.521891e+00 1.018950e+01 1.870450e-01 1.292706e+00
39633127483639440 1.357767e+00 1.087982e+01 3.814090e-01 1.429162e+00 1.419421e+00 1.087788e+01 4.834198e-01 7.459704e-01
39627796783304384 1.115685e+00 1.003696e+01 2.341660e-01 3.260641e+00 1.195540e+00 9.880314e+00 2.181924e-01 1.477522e+00
39627751480625728 1.175679e+00 9.571109e+00 1.327103e-01 4.173000e+00 1.154748e+00 9.558916e+00 1.410079e-01 4.563678e+00
39627784535938608 1.336740e+00 1.004927e+01 9.305832e-02 1.569861e+00 1.330796e+00 1.008617e+01 7.765061e-02 1.727201e+00
39627824578957800 1.375186e+00 9.922379e+00 1.908267e-01 -1.660282e-01 1.313425e+00 1.019064e+01 1.920204e-01 1.215231e+00
39627788193369920 1.549236e+00 1.019116e+01 8.858463e-02 -1.215554e+00 1.740393e+00 1.002399e+01 6.917509e-02 -1.141955e+00
39633127668190016 1.730507e+00 1.106312e+01 3.327594e-01 -8.575713e-01 1.729058e+00 1.102720e+01 3.421577e-01 -9.494257e-02
39627762826218880 1.826965e+00 1.094212e+01 2.918570e-01 -4.417921e+00 1.472500e+00 1.114168e+01 3.119224e-01 -5.665503e-01
39627788503744832 1.144748e+00 9.551244e+00 9.930754e-02 3.331193e+00 1.231543e+00 9.309189e+00 7.169414e-02 3.134220e+00
39627770287883184 1.723744e+00 1.076354e+01 2.166660e-01 -1.414130e+00 1.782303e+00 1.086418e+01 2.135842e-01 -9.179606e-01
39627782312956712 1.582366e+00 1.011413e+01 1.743012e-01 -6.581073e-01 1.568643e+00 1.013643e+01 1.739404e-01 -7.049347e-01
39633132139316936 1.148860e+00 9.950576e+00 1.344947e-01 3.519508e+00 1.177433e+00 9.726351e+00 1.177301e-01 4.161648e+00
39627847387582000 1.210712e+00 1.001415e+01 2.018338e-01 3.763574e+00 1.219314e+00 1.004538e+01 1.988319e-01 3.361863e+00
39627806597974488 1.452261e+00 1.106872e+01 4.039473e-01 1.160469e-01 1.547081e+00 1.091794e+01 3.965999e-01 -2.632539e-01
39627853381240544 1.161509e+00 9.230221e+00 1.198899e-01 3.808121e+00 1.172870e+00 9.408257e+00 8.326517e-02 4.006083e+00
39627788432441704 1.701456e+00 1.060162e+01 2.066624e-01 -1.242514e+00 1.653527e+00 1.063801e+01 2.167902e-01 -1.485521e+00
39633136170044960 1.222424e+00 1.155445e+01 6.948805e-01 4.120532e+00 1.186783e+00 1.142038e+01 7.446147e-01 5.041661e+00
39627787803298320 1.500749e+00 1.063939e+01 2.339637e-01 -4.693565e-01 1.522869e+00 1.056105e+01 2.098416e-01 1.946582e-01
39627794321246816 1.336054e+00 1.133805e+01 6.353425e-01 1.996465e+00 1.261945e+00 1.152417e+01 7.059787e-01 3.135906e+00
39627818593682776 1.225327e+00 1.047562e+01 2.426195e-01 1.543000e+00 1.257706e+00 1.020388e+01 2.243612e-01 1.640853e+00
39627823974975240 1.106996e+00 8.826227e+00 1.332556e-01 2.447077e+00 1.120609e+00 9.037650e+00 1.272869e-01 3.916512e+00
39627815259214464 1.095903e+00 9.307829e+00 1.196438e-01 4.482102e+00 1.155715e+00 9.410190e+00 1.101530e-01 4.142575e+00
39627812608411824 1.518285e+00 1.148637e+01 5.352128e-01 1.214586e+00 1.575826e+00 1.147568e+01 5.895568e-01 4.624286e-01
39627774821927784 1.260203e+00 1.066434e+01 2.904533e-01 1.471719e+00 1.234549e+00 1.035724e+01 1.874506e-01 -3.955623e-01
39627824667038736 1.264097e+00 1.023488e+01 2.552438e-01 -8.029370e-01 1.239403e+00 1.016201e+01 2.511004e-01 1.466603e+00
39627760427073704 1.134448e+00 1.003976e+01 8.306867e-02 3.241635e+00 1.190818e+00 1.008739e+01 5.565217e-02 2.859045e+00
39627788335975048 1.743936e+00 1.072923e+01 3.069969e-01 -8.548803e-01 1.657938e+00 1.085151e+01 3.056099e-01 -1.116317e+00
39627769847483840 1.629257e+00 1.020083e+01 8.373077e-02 -1.079648e+00 1.525953e+00 1.013083e+01 5.845968e-02 6.035456e-01
39627941071553056 1.678757e+00 1.089439e+01 1.574067e-01 -6.834809e-01 1.675565e+00 1.086712e+01 1.470428e-01 -1.816685e+00
39627766617868984 1.812493e+00 1.020277e+01 7.606846e-02 -1.245605e+00 1.826270e+00 1.018442e+01 5.005676e-02 -1.763396e+00
39627817876455944 1.763373e+00 1.068680e+01 2.994283e-01 -1.275375e+00 1.668079e+00 1.068046e+01 2.915199e-01 -1.717727e+00
39627811375287480 1.054521e+00 9.785222e+00 2.216845e-01 3.744197e+00 1.151292e+00 9.737711e+00 2.074644e-01 3.712610e+00
39627793096512208 1.109347e+00 1.009756e+01 1.553254e-01 4.256331e+00 1.112678e+00 1.004712e+01 1.581696e-01 4.106753e+00
39627814906892200 1.636741e+00 1.127850e+01 3.618288e-01 -6.574625e-01 1.721112e+00 1.125622e+01 3.829413e-01 -2.075563e-01
39627776331876544 1.236231e+00 8.815922e+00 5.716124e-02 2.392250e+00 1.215096e+00 8.615619e+00 3.569701e-02 2.854469e+00
39627763614748176 1.172966e+00 9.497463e+00 1.302173e-01 4.981275e+00 1.169188e+00 9.393082e+00 1.229048e-01 3.978822e+00
39627764126452416 1.290970e+00 1.012276e+01 2.725036e-01 8.549883e-01 1.238208e+00 1.037508e+01 2.935690e-01 1.636369e+00
39627780928837528 1.821727e+00 1.067441e+01 2.380198e-01 -8.380924e-01 1.777990e+00 1.084904e+01 2.550071e-01 -8.219727e-01
39627811828273352 1.284980e+00 1.063297e+01 1.364566e-01 -1.368233e-01 1.300936e+00 1.058453e+01 1.658422e-01 2.587189e+00
39627782346507704 1.658648e+00 1.120594e+01 4.500554e-01 -1.098484e+00 1.764174e+00 1.126659e+01 4.691382e-01 -1.381581e+00
39627812604217776 1.224823e+00 1.050554e+01 1.822257e-01 -2.764834e+00 1.275251e+00 1.042869e+01 1.747933e-01 -1.709432e+00
39627859454593776 1.448719e+00 1.016796e+01 2.219989e-01 4.075775e+00 1.462082e+00 1.045922e+01 2.334978e-01 3.459222e+00
39627847383388528 1.750244e+00 1.050255e+01 2.134165e-01 2.595713e-02 1.665920e+00 1.051251e+01 1.979387e-01 -1.186504e+00
39627676679408208 1.655615e+00 1.136495e+01 6.126125e-01 8.533776e-01 1.643264e+00 1.151143e+01 6.398431e-01 4.465955e-02
39627780970776176 1.822855e+00 1.013078e+01 1.019579e-01 -2.414560e+00 1.497805e+00 1.026686e+01 9.428169e-02 6.389284e-01
39627772183711056 1.778309e+00 1.097066e+01 3.308012e-01 -1.312431e+00 1.768377e+00 1.122369e+01 3.642419e-01 -9.987360e-01
39633114028311288 1.733697e+00 1.113340e+01 3.126881e-01 8.541224e-02 1.823858e+00 1.119676e+01 3.501961e-01 -7.228864e-01
39627847387579352 1.229030e+00 9.648226e+00 9.478427e-02 6.114445e+00 1.210243e+00 9.637752e+00 7.962418e-02 3.789347e+00
39627776243797432 1.659803e+00 1.023273e+01 1.465944e-01 -1.706977e+00 1.592803e+00 1.012720e+01 1.308709e-01 -1.590983e+00
39627775010673328 1.549759e+00 1.111948e+01 3.099812e-01 1.207896e+00 1.618408e+00 1.092234e+01 3.035109e-01 -1.087541e+00
39627847404360392 1.133585e+00 1.008109e+01 1.951981e-01 3.900408e+00 1.162122e+00 9.912321e+00 1.809594e-01 4.399194e+00
39627811224292600 1.627085e+00 1.121121e+01 4.646274e-01 -1.878483e-01 1.632287e+00 1.133194e+01 4.911003e-01 -8.505294e-01
39627780954001568 1.923257e+00 1.059027e+01 1.621182e-01 -1.179010e+00 1.780709e+00 1.064789e+01 1.713545e-01 -1.439592e+00
39633153962280672 1.622321e+00 1.111650e+01 4.419316e-01 6.602941e-01 1.616935e+00 1.139435e+01 4.955468e-01 -4.263610e-01
39633122857323536 1.751299e+00 1.118473e+01 2.516407e-01 -3.363826e+00 1.810135e+00 1.130677e+01 2.784071e-01 -2.408289e+00
39627682614350120 1.031110e+00 9.060311e+00 1.540928e-01 -1.053910e+00 1.016247e+00 8.862625e+00 1.361860e-01 1.071356e+00
39627766974387960 2.032099e+00 1.123375e+01 4.061587e-01 -4.079358e+00 1.714349e+00 1.116440e+01 4.052393e-01 -1.752287e+00
39627823148696560 1.321015e+00 1.035502e+01 1.385584e-01 2.759032e+00 1.381512e+00 1.047680e+01 1.356930e-01 1.637857e+00
39627883601200080 1.255963e+00 7.639596e+00 1.226900e-02 3.151972e+00 1.196384e+00 7.261002e+00 0.000000e+00 1.309066e+00
39627776294126912 1.933250e+00 1.103697e+01 3.345265e-01 -3.245367e-01 1.798027e+00 1.112364e+01 3.477331e-01 -6.077371e-01
39627786918301992 1.773723e+00 1.066740e+01 1.910826e-01 -2.271990e+00 1.676308e+00 1.073366e+01 1.898351e-01 -1.888276e+00
39627779033006208 1.111847e+00 8.645042e+00 9.318607e-02 1.705892e+00 1.070912e+00 8.231026e+00 5.248095e-02 2.355858e+00
39627800289741912 1.350255e+00 1.047193e+01 1.466974e-01 2.111436e+00 1.408473e+00 1.023038e+01 1.095616e-01 1.561733e+00
39633149377907536 1.444861e+00 1.062647e+01 1.420504e-01 6.251585e-01 1.443882e+00 1.041190e+01 1.105068e-01 1.449861e+00
39627824591537968 1.759595e+00 1.028275e+01 2.149549e-01 1.286798e-01 1.697834e+00 1.055115e+01 2.016183e-01 -1.957573e-01
39627775006478808 1.626184e+00 1.052379e+01 1.828056e-01 3.148013e-01 1.670850e+00 1.044194e+01 1.689499e-01 -1.694470e+00
39627770170443664 1.315049e+00 1.016257e+01 1.735900e-01 -1.443237e+00 1.320509e+00 1.015499e+01 1.678853e-01 -5.687196e-01
39627770195609312 1.253423e+00 1.017168e+01 2.166926e-01 4.739408e+00 1.268242e+00 1.004938e+01 2.040506e-01 1.691627e+00
39627805033501568 1.140410e+00 1.028456e+01 1.473379e-01 1.201456e+00 1.246359e+00 1.007371e+01 1.412849e-01 7.907776e-01
39627775585290992 1.530005e+00 1.065654e+01 3.860177e-01 2.332291e+00 1.562044e+00 1.093892e+01 3.934919e-01 1.952555e+00
39627812482585504 1.613258e+00 1.106600e+01 3.229544e-01 -3.108490e-01 1.674580e+00 1.097020e+01 3.368508e-01 -4.264981e-02
39627853486102400 1.325102e+00 1.030095e+01 1.506335e-01 -7.763433e-01 1.288678e+00 1.053345e+01 1.565958e-01 1.426583e+00
39627784368163352 1.849596e+00 1.085519e+01 3.873827e-01 1.288288e+00 1.716136e+00 1.109601e+01 3.755144e-01 4.257427e-01
39627776394790992 1.836220e+00 1.107265e+01 4.340307e-01 -3.371969e+00 1.639632e+00 1.124629e+01 4.891336e-01 -2.096756e+00
39627770195609616 1.578055e+00 1.004058e+01 1.461818e-01 6.113989e-01 1.563498e+00 9.968507e+00 1.244492e-01 -5.488877e-01
39633127533969520 1.179301e+00 7.822439e+00 1.849782e-02 3.179827e+00 1.192453e+00 7.325243e+00 0.000000e+00 2.890346e+00
39627774939365576 1.516126e+00 1.068358e+01 2.837375e-01 -1.034521e+00 1.561154e+00 1.076668e+01 2.914311e-01 -9.960924e-01
39627788415668296 1.334960e+00 1.057465e+01 1.636486e-01 3.201029e+00 1.393735e+00 1.043752e+01 1.258022e-01 1.812663e+00
39627780861727472 1.062975e+00 8.382741e+00 5.799300e-02 3.518820e+00 1.159646e+00 8.486385e+00 4.120085e-02 4.172297e+00
39627760347391248 1.538901e+00 1.108263e+01 2.099975e-01 -4.124549e-01 1.488148e+00 1.094973e+01 1.992589e-01 -2.130600e+00
39633136207793904 2.000129e+00 1.037839e+01 7.121594e-02 -8.799502e-01 1.851828e+00 1.036852e+01 5.830947e-02 -1.903712e+00
39627764143232064 1.785231e+00 1.038115e+01 1.225971e-01 -1.352422e+00 1.752176e+00 1.039037e+01 1.132353e-01 -2.072921e+00
39627770392743336 1.918978e+00 1.062820e+01 4.590078e-01 7.624470e-02 1.666294e+00 1.124179e+01 5.104404e-01 -1.290747e+00
39627802529503592 1.388959e+00 9.804509e+00 1.011507e-01 9.668574e-01 1.387098e+00 1.010923e+01 8.769359e-02 1.030026e+00
39627763618943944 1.371812e+00 9.973796e+00 1.825639e-01 3.525912e+00 1.364442e+00 1.003274e+01 1.961361e-01 4.481822e+00
39627746032225544 1.322118e+00 1.004331e+01 7.351498e-02 2.101615e+00 1.351770e+00 9.957941e+00 4.825027e-02 2.161417e+00
39627760901034160 1.156536e+00 1.017752e+01 1.777700e-01 2.592211e+00 1.207756e+00 9.789938e+00 1.278067e-01 8.209019e-01
39627841335201112 1.208510e+00 9.966772e+00 1.669896e-01 6.743916e-01 1.243217e+00 9.780615e+00 1.480766e-01 2.561021e+00
39627770157861328 1.729571e+00 1.042913e+01 1.604609e-01 -1.669525e+00 1.717461e+00 1.040688e+01 1.714477e-01 -1.139704e+00
39627751543542784 1.849922e+00 1.088543e+01 2.124809e-01 -6.999291e-01 1.755015e+00 1.097018e+01 2.202654e-01 -2.209393e-01
39633153945504120 1.613435e+00 1.096790e+01 4.972872e-01 7.288224e-01 1.589694e+00 1.122727e+01 5.087057e-01 -2.080515e+00
39627776235407624 1.770655e+00 1.047945e+01 1.454622e-01 -1.003170e+00 1.779958e+00 1.053959e+01 1.392634e-01 -1.267829e+00
39627769163809640 1.744221e+00 1.089242e+01 3.497659e-01 -1.004816e-01 1.676973e+00 1.105600e+01 3.620040e-01 -9.882661e-01
39627752080412648 1.572758e+00 9.978219e+00 1.264016e-01 -2.532047e+00 1.518251e+00 9.980036e+00 1.264522e-01 -1.606056e+00
39627847647627096 1.741272e+00 1.110174e+01 3.486077e-01 -2.564710e-01 1.793160e+00 1.117318e+01 3.559148e-01 -5.465997e-01
39627800537207512 1.217085e+00 9.797134e+00 1.019664e-01 2.388051e+00 1.258048e+00 9.341918e+00 6.733853e-02 2.500457e+00
39627780857534072 1.766979e+00 1.099276e+01 2.918258e-01 -2.748544e+00 1.614626e+00 1.094057e+01 3.044359e-01 -1.475031e+00
39627772611531208 1.211397e+00 1.022787e+01 2.055060e-01 -5.857981e-01 1.274104e+00 1.032485e+01 2.573338e-01 8.002101e-01
39627835534476704 1.227270e+00 1.034817e+01 1.453543e-01 1.977481e+00 1.232773e+00 1.043835e+01 1.694581e-01 3.306646e+00
39627818522383728 1.162140e+00 9.018904e+00 5.005091e-02 5.656730e+00 1.185475e+00 8.569091e+00 3.762990e-03 4.221004e+00
39627889661971640 1.796242e+00 1.033675e+01 1.116452e-01 -1.543582e+00 1.754066e+00 1.052384e+01 1.126769e-01 -7.505100e-01
39633127517193792 1.360384e+00 1.079016e+01 5.199827e-01 4.303497e+00 1.309194e+00 1.126985e+01 5.779023e-01 1.132164e+00
39627768857628824 1.129638e+00 1.150843e+01 5.771350e-01 3.503186e+00 1.172079e+00 1.101475e+01 6.033934e-01 8.595542e-01
39627904958599656 1.543500e+00 1.026064e+01 4.072401e-01 3.504835e+00 1.553608e+00 1.081759e+01 4.035136e-01 -6.344361e-01
39627836100709984 1.532127e+00 1.045446e+01 2.104866e-01 1.021479e+00 1.498761e+00 1.062769e+01 2.271253e-01 1.019953e+00
39627796330320784 1.630688e+00 9.849724e+00 1.722778e-01 -1.576856e+00 1.680984e+00 1.034854e+01 1.619491e-01 -2.263118e+00
39627757533006912 1.850225e+00 1.068188e+01 1.874911e-01 -1.251448e+00 1.797371e+00 1.074622e+01 1.922947e-01 -1.104567e+00
39633114133170432 1.235823e+00 9.722290e+00 6.631998e-02 2.888938e+00 1.193290e+00 9.786000e+00 6.032462e-02 4.009305e+00
39627764118062632 1.060448e+00 8.549498e+00 5.336821e-02 2.979402e+00 1.142288e+00 8.373479e+00 3.457591e-02 3.547091e+00
39627774935173200 1.252269e+00 9.938963e+00 9.847037e-02 1.466465e+00 1.264409e+00 9.682284e+00 6.919779e-02 1.489535e+00
39633158135614064 1.414422e+00 1.047773e+01 1.323461e-01 2.034523e+00 1.466346e+00 1.042904e+01 1.270073e-01 8.359627e-01
39627739975649008 1.283762e+00 9.750884e+00 1.282932e-01 -1.549536e+00 1.417555e+00 9.662660e+00 1.153038e-01 -2.017826e-01
39627763648303024 1.533486e+00 9.757947e+00 1.160549e-01 -2.652916e-01 1.456548e+00 9.740453e+00 1.086133e-01 -2.570007e-01
39627792983264072 1.348849e+00 1.027933e+01 1.942723e-01 2.793256e+00 1.328035e+00 1.034179e+01 2.235219e-01 1.950666e+00
39627835530285040 1.739004e+00 1.093736e+01 4.854775e-01 -8.085962e-02 1.701262e+00 1.126102e+01 4.944353e-01 -1.086716e+00
39627808397335072 1.490316e+00 1.136402e+01 4.723271e-01 1.037805e-01 1.699243e+00 1.136589e+01 4.990931e-01 -1.579068e+00
39627769679713960 1.265767e+00 9.079143e+00 1.004299e-01 3.459990e+00 1.185362e+00 9.398273e+00 1.237888e-01 3.297957e+00
39627805436152976 1.278682e+00 1.107107e+01 4.603607e-01 8.449215e-01 1.326091e+00 1.095196e+01 4.985686e-01 8.332886e-01
39627791137774816 1.205812e+00 1.053411e+01 1.956367e-01 3.300987e+00 1.230870e+00 1.036170e+01 1.791969e-01 3.368876e+00
39627770287887744 1.349506e+00 1.036039e+01 1.800925e-01 3.094920e+00 1.382620e+00 1.031750e+01 1.574234e-01 1.047448e+00
39627658622929616 1.257519e+00 1.066126e+01 2.701816e-01 1.082088e+00 1.344519e+00 1.062101e+01 2.796602e-01 2.458243e+00
39627740042758272 1.508134e+00 1.081130e+01 2.563568e-01 -1.100592e+00 1.431225e+00 1.077340e+01 2.712732e-01 4.378641e-01
39627806564419960 1.006728e+00 8.302643e+00 5.565732e-02 3.346730e+00 9.990525e-01 7.836490e+00 3.950869e-02 1.103016e+00
39627883630562672 1.489823e+00 1.050655e+01 1.356786e-01 -5.993638e-01 1.537671e+00 1.048926e+01 1.298284e-01 1.215281e-01
39633153953892296 1.548219e+00 1.087339e+01 2.112014e-01 1.249029e+00 1.518883e+00 1.086840e+01 2.125092e-01 1.034070e+00
39627787815880744 1.785141e+00 1.091716e+01 2.749789e-01 -2.190512e+00 1.828136e+00 1.094419e+01 2.866292e-01 -1.747444e+00
39627806518285592 1.730963e+00 1.091625e+01 1.774269e-01 -1.026197e+00 1.855677e+00 1.092928e+01 1.738524e-01 -1.457142e+00
39627764285834472 1.539028e+00 1.070757e+01 2.150016e-01 -9.017668e-02 1.569796e+00 1.061830e+01 2.448734e-01 9.890544e-01
39627799123723256 1.563150e+00 1.089728e+01 4.779864e-01 2.163766e+00 1.535268e+00 1.090649e+01 4.847848e-01 3.262270e-01
39627847349835224 1.534840e+00 1.059800e+01 1.973658e-01 -7.609515e-01 1.508223e+00 1.079057e+01 2.079405e-01 2.785095e-01
39633144982276424 1.817813e+00 1.107080e+01 2.808337e-01 -1.633351e+00 1.860111e+00 1.118415e+01 2.862815e-01 -9.421952e-01
39627688784170576 1.836467e+00 1.110663e+01 3.219884e-01 -1.095372e+00 1.852514e+00 1.116522e+01 3.122005e-01 -1.309709e+00
39627829243024032 1.566828e+00 1.101832e+01 3.213782e-01 -1.148133e-02 1.569914e+00 1.129657e+01 3.192874e-01 -8.480102e-02
39627781188879816 1.721921e+00 1.092167e+01 4.136792e-01 6.747675e-02 1.635402e+00 1.113105e+01 4.213004e-01 -1.314037e+00
39627769620989720 1.251449e+00 9.767162e+00 1.209933e-01 2.734533e+00 1.210130e+00 9.788072e+00 1.169034e-01 2.315304e+00
39627780974969704 1.142752e+00 1.018735e+01 3.036090e-01 -1.354692e-01 1.198508e+00 1.022925e+01 3.382053e-01 1.881625e+00
39633127718522072 1.720152e+00 1.061314e+01 1.578749e-01 -4.241393e-01 1.792703e+00 1.070246e+01 1.421274e-01 -1.269476e+00
39627836184594648 1.645604e+00 1.145054e+01 5.624113e-01 1.124086e+00 1.677675e+00 1.154858e+01 6.217363e-01 5.926949e-02
39627818518186920 1.428290e+00 1.031765e+01 1.418526e-01 -6.413334e-03 1.404508e+00 1.029598e+01 1.173121e-01 6.138692e-01
39627830484533648 1.802391e+00 1.055571e+01 1.451259e-01 -1.119598e+00 1.753806e+00 1.063361e+01 1.635245e-01 -6.685551e-01
39627752042664152 1.702432e+00 1.063287e+01 2.424986e-01 -2.551137e+00 1.632318e+00 1.055228e+01 2.470132e-01 -1.784628e+00
39627829322713008 1.732947e+00 1.088452e+01 2.229369e-01 -6.280927e-01 1.721747e+00 1.088131e+01 2.350115e-01 -7.386453e-01
39627812562276256 1.112077e+00 9.938973e+00 2.909228e-01 5.403617e+00 1.164649e+00 1.007140e+01 2.695674e-01 4.247066e+00
39627800277157256 1.705869e+00 1.063880e+01 9.046660e-02 -7.351328e-01 1.830895e+00 1.044676e+01 6.050758e-02 -2.054954e+00
39627818534966224 1.330040e+00 1.080768e+01 2.990606e-01 7.958410e-01 1.396098e+00 1.079033e+01 2.869667e-01 4.148390e-01
39627755129671096 1.610342e+00 1.037569e+01 2.274674e-01 -1.368135e+00 1.548545e+00 1.052172e+01 2.545728e-01 -1.039682e-01
39627776306709744 1.800851e+00 1.110672e+01 2.548138e-01 -7.698443e-01 1.853935e+00 1.104277e+01 2.613988e-01 -1.218383e+00
39627775044224000 1.268089e+00 9.447603e+00 7.630647e-02 -1.379684e+00 1.183308e+00 9.216686e+00 4.454133e-02 1.256475e+00
39627781658640616 9.827012e-01 9.633823e+00 1.780024e-01 1.212044e+00 1.158995e+00 9.451753e+00 1.764469e-01 1.760134e+00
39627758128599936 1.116340e+00 9.137051e+00 1.370643e-01 2.099059e+00 1.130742e+00 9.159608e+00 1.312313e-01 3.231278e+00
39627788340173488 1.298532e+00 9.200298e+00 7.849809e-02 2.609500e+00 1.245985e+00 9.032738e+00 5.541483e-02 1.282209e+00
39627830035748544 1.547698e+00 1.057274e+01 2.619267e-01 1.442257e+00 1.728279e+00 1.068491e+01 2.229329e-01 -2.229944e-01
39627755008040792 1.576088e+00 1.045602e+01 1.208884e-01 3.250421e+00 1.561909e+00 1.076064e+01 1.602531e-01 1.403938e-01
39627793029399368 1.618175e+00 1.117625e+01 4.839562e-01 -2.288004e+00 1.727672e+00 1.133068e+01 5.045697e-01 -2.081956e+00
39627770321442368 1.367663e+00 1.068536e+01 2.875576e-01 3.300478e+00 1.386308e+00 1.059361e+01 2.425100e-01 1.720274e+00
39627772208880616 1.770381e+00 1.102692e+01 4.430507e-01 1.309307e+00 1.592474e+00 1.142465e+01 4.906563e-01 -2.710382e+00
39627853683232936 1.751027e+00 1.100508e+01 3.051448e-01 -8.401297e-01 1.741056e+00 1.099295e+01 3.041126e-01 -1.298050e+00
39627841326812216 1.887004e+00 1.088050e+01 1.955404e-01 -3.141178e-01 1.833136e+00 1.088025e+01 1.886277e-01 -1.655146e+00
39627805176107688 1.294469e+00 1.019210e+01 1.887230e-01 4.098392e+00 1.276927e+00 1.019718e+01 1.997389e-01 2.510904e+00
39627694807195968 1.755361e+00 1.100095e+01 4.794627e-01 -2.920552e-01 1.534196e+00 1.108331e+01 5.086867e-01 -1.502824e+00
39627790730925648 1.154373e+00 1.037178e+01 1.701459e-01 2.590669e+00 1.208759e+00 1.005068e+01 1.609090e-01 2.803821e+00
39627700800856560 1.405139e+00 1.086754e+01 3.178772e-01 -3.018010e+00 1.308976e+00 1.105255e+01 3.898044e-01 1.251320e+00
39627778319977272 1.846470e+00 1.123598e+01 4.083629e-01 -1.822983e+00 1.734257e+00 1.135995e+01 4.335124e-01 -2.584003e+00
39627752097186608 1.211012e+00 9.842615e+00 1.393574e-01 -5.941114e-01 1.151491e+00 9.970651e+00 1.449040e-01 -1.077915e+00
39627769805542032 1.576123e+00 1.111229e+01 3.888678e-01 -9.618275e-01 1.665438e+00 1.108831e+01 4.136798e-01 -1.719651e+00
39627800444932496 1.209890e+00 1.133854e+01 3.750713e-01 7.830881e+00 1.580338e+00 1.091845e+01 3.661131e-01 1.897175e+00
39627766617869112 1.099160e+00 9.607708e+00 8.698543e-02 3.724391e+00 1.195185e+00 9.280889e+00 5.348785e-02 3.957201e+00
39627762868163280 1.318329e+00 1.053183e+01 2.051664e-01 2.305678e+00 1.286256e+00 1.060370e+01 2.023451e-01 2.770813e+00
39627812625189384 1.297879e+00 1.013679e+01 1.920011e-01 2.690535e-01 1.226681e+00 9.960419e+00 1.533113e-01 3.887278e-01
39627772338900792 1.833923e+00 1.106562e+01 3.518103e-01 -7.437371e-01 1.845757e+00 1.136817e+01 3.659993e-01 -8.105208e-01
39627664629173584 1.784732e+00 1.039243e+01 8.560677e-02 -4.728564e-01 1.701464e+00 1.045686e+01 5.846526e-02 -4.105308e-01
39627676721351424 1.677854e+00 1.090869e+01 4.498591e-01 -5.345094e-01 1.702760e+00 1.115624e+01 4.274934e-01 -9.468793e-01
39627786909912800 1.232247e+00 1.038310e+01 2.313940e-01 1.308246e+00 1.225729e+00 1.048776e+01 2.538096e-01 3.210216e+00
39627746162246624 1.200008e+00 1.001274e+01 1.348511e-01 4.095711e+00 1.242987e+00 9.954625e+00 1.395877e-01 2.786876e+00
39627787757163800 1.797764e+00 1.044684e+01 1.517280e-01 -1.092994e+00 1.777076e+00 1.066112e+01 1.536520e-01 -1.520741e+00
39627764331970840 1.734172e+00 1.117081e+01 4.020002e-01 -1.083956e+00 1.759392e+00 1.125868e+01 4.326895e-01 -1.550351e+00
39627744820073840 1.650839e+00 1.183665e+01 6.068125e-01 1.221167e+00 1.667150e+00 1.129149e+01 5.055248e-01 -5.054289e-01
39627836012630888 1.150107e+00 1.054470e+01 2.613018e-01 2.738765e+00 1.209764e+00 1.032999e+01 2.406391e-01 3.771856e+00
39627811941516416 1.672178e+00 1.038321e+01 1.860489e-01 3.276835e-01 1.656400e+00 1.052966e+01 1.938470e-01 2.675149e-01
39627751602258928 1.422403e+00 1.018051e+01 1.761336e-01 1.567481e+00 1.666998e+00 1.011943e+01 1.300882e-01 -1.668921e+00
39627805775891072 1.609678e+00 9.972963e+00 1.048190e-01 -5.831239e-02 1.542599e+00 9.988071e+00 7.566045e-02 1.175399e+00
39627803217367248 1.041304e+00 1.025506e+01 5.210375e-01 4.636807e+00 1.107686e+00 1.036427e+01 4.685802e-01 4.031683e+00
39633127391364576 1.887716e+00 1.080442e+01 1.823145e-01 -1.629031e+00 1.798185e+00 1.084033e+01 1.818243e-01 -2.266766e+00
39627775853728232 1.894608e+00 1.096647e+01 2.310432e-01 -9.643404e-01 1.871915e+00 1.103565e+01 2.247675e-01 -1.302917e+00
39627805889136448 1.264860e+00 1.140983e+01 5.601262e-01 4.520344e+00 1.341582e+00 1.114889e+01 5.583081e-01 3.033098e+00
39627774842903056 1.089356e+00 8.159751e+00 4.981814e-02 1.735371e+00 1.054383e+00 7.667343e+00 1.533587e-02 1.583916e+00
39627778668103024 1.768450e+00 1.066991e+01 1.798892e-01 -2.079168e-01 1.825946e+00 1.083015e+01 1.774887e-01 -1.538169e+00
39627799069198400 1.768915e+00 1.037360e+01 2.193868e-01 -9.486451e-01 1.699580e+00 1.057364e+01 2.093205e-01 -1.329358e+00
39627829364654720 1.267751e+00 1.047108e+01 2.021167e-01 -2.339607e+00 1.250653e+00 1.039865e+01 2.024146e-01 1.952357e+00
39627812595832216 1.593608e+00 1.080504e+01 3.741752e-01 -2.930563e-01 1.612348e+00 1.098548e+01 3.861564e-01 -1.107233e+00
39633145393317904 1.708966e+00 1.105919e+01 3.628106e-01 2.119262e-01 1.751422e+00 1.101548e+01 3.608733e-01 -6.500808e-01
39627730865624088 1.728648e+00 1.127393e+01 4.407692e-01 -1.007516e+00 1.779738e+00 1.133330e+01 4.702882e-01 -1.635413e+00
39627772288572776 1.105855e+00 7.404176e+00 2.373506e-02 5.262296e+00 1.143868e+00 7.493992e+00 0.000000e+00 4.587006e+00
39627929247814504 1.664414e+00 1.044387e+01 1.055791e-01 -1.212802e+00 1.875149e+00 1.067563e+01 9.830536e-02 -2.147080e+00
39627820632118072 1.592923e+00 1.119097e+01 4.430031e-01 2.719035e-01 1.638153e+00 1.141313e+01 4.661756e-01 -1.925301e+00
39627812541303944 1.514249e+00 1.053405e+01 1.303174e-01 -5.140406e-01 1.738724e+00 1.055987e+01 1.127116e-01 -1.349299e+00
39627824520235424 1.385201e+00 1.000001e+01 1.692158e-01 2.618629e+00 1.517819e+00 9.881654e+00 1.182312e-01 -5.691257e-01
39627847433720056 1.675107e+00 1.073098e+01 2.300510e-01 -8.968428e-01 1.682955e+00 1.074134e+01 2.451802e-01 -1.484285e+00
39633114036700296 1.433088e+00 1.034889e+01 1.753621e-01 -3.853216e+00 1.412332e+00 1.023108e+01 1.594286e-01 4.244739e-02
39627853452542264 1.385495e+00 1.045988e+01 1.961358e-01 3.007481e+00 1.384373e+00 1.048820e+01 1.545681e-01 1.490108e+00
39627751585483568 1.203869e+00 9.221656e+00 6.873316e-02 5.049499e+00 1.176494e+00 9.205622e+00 5.039519e-02 4.575610e+00
39627773156786992 1.308499e+00 9.013073e+00 4.556952e-02 2.780787e+00 1.300078e+00 8.889746e+00 1.990168e-02 2.464800e+00
39627829180107280 1.510247e+00 1.112753e+01 3.906396e-01 -4.358959e+00 1.416328e+00 1.115299e+01 4.111813e-01 4.735448e-01
39627788382111680 1.747242e+00 1.075733e+01 3.356761e-01 -6.604888e-01 1.606827e+00 1.087485e+01 3.612554e-01 -4.108051e-01
39627770245939552 1.518222e+00 1.057818e+01 3.073031e-01 1.611260e+00 1.549584e+00 1.069162e+01 3.025114e-01 1.777825e+00
39627847354027288 1.766449e+00 9.820438e+00 1.179049e-01 -2.968319e+00 1.657036e+00 1.006283e+01 1.098685e-01 -1.731923e+00
39633154041974968 1.795428e+00 1.103882e+01 5.184034e-01 -4.734248e-01 1.663655e+00 1.135286e+01 5.616360e-01 -5.250719e-01
39627778697469528 1.634529e+00 1.042276e+01 2.969323e-01 3.619067e-01 1.460640e+00 1.073113e+01 2.810099e-01 -2.386349e-02
39627733969404976 1.823328e+00 1.107962e+01 3.362631e-01 -3.989068e-01 1.751959e+00 1.107685e+01 3.529501e-01 -1.147650e+00
39627763484722024 1.510367e+00 1.022833e+01 1.332860e-01 -4.505759e-01 1.500308e+00 1.029347e+01 1.160037e-01 -1.143849e-01
39627770254329896 1.695336e+00 1.073617e+01 1.319172e-01 -1.218498e+00 1.824934e+00 1.065171e+01 1.245805e-01 -1.468871e+00
39627812503555112 1.831379e+00 1.036419e+01 1.174755e-01 -1.369146e+00 1.787662e+00 1.045113e+01 1.207581e-01 -1.298885e+00
39627824079831456 1.334880e+00 1.036551e+01 1.324759e-01 1.886765e+00 1.321860e+00 1.029667e+01 1.268290e-01 2.270863e+00
39627817121483088 1.880900e+00 1.064152e+01 2.673004e-01 3.061875e-01 1.600134e+00 1.062524e+01 2.676715e-01 1.004468e+00
39627776222822720 1.190895e+00 1.009813e+01 1.528352e-01 3.672682e+00 1.219159e+00 9.736259e+00 1.216737e-01 3.414546e+00
39627634497296776 1.640471e+00 1.127660e+01 4.285743e-01 -4.007232e+00 1.644702e+00 1.108592e+01 4.428367e-01 -1.437541e+00
39627776285741776 1.301034e+00 1.063793e+01 3.080657e-01 5.593391e+00 1.294779e+00 1.047129e+01 3.263491e-01 2.058842e+00
39627778638742248 1.106384e+00 8.455572e+00 3.767568e-02 2.133673e+00 1.151654e+00 8.096325e+00 9.365141e-03 3.989124e+00
39633286363873552 1.479564e+00 1.067977e+01 2.713816e-01 2.839700e-01 1.619607e+00 1.054267e+01 2.628525e-01 -1.196978e+00
39627800373627712 1.563486e+00 1.014534e+01 1.497146e-01 3.328814e-01 1.459407e+00 1.009877e+01 1.338535e-01 -1.086225e-01
39627796355487016 1.143891e+00 9.880918e+00 9.388061e-02 5.183007e+00 1.143863e+00 9.914523e+00 6.957090e-02 4.175987e+00
39633131908630808 1.661460e+00 1.111620e+01 6.038355e-01 2.808316e+00 1.566735e+00 1.140208e+01 6.376719e-01 2.493505e+00
39627782245844704 1.267734e+00 1.040658e+01 2.626243e-01 2.303063e+00 1.271086e+00 1.028186e+01 2.306998e-01 2.862436e+00
39627745554075808 1.577399e+00 1.042212e+01 2.005683e-01 -1.676393e+00 1.609692e+00 1.051056e+01 2.068626e-01 -1.409913e+00
39627811056518168 1.162244e+00 8.789856e+00 3.941197e-02 5.824708e+00 1.168273e+00 8.705188e+00 2.325681e-02 4.624054e+00
39627670593478200 1.244681e+00 1.103715e+01 4.912210e-01 1.136138e+00 1.261868e+00 1.097981e+01 5.230528e-01 1.516401e+00
39627805939469352 1.564205e+00 1.041247e+01 8.238859e-02 -3.128985e+00 1.517446e+00 1.065459e+01 1.231494e-01 -1.353649e+00
39627817331198912 1.762875e+00 1.033655e+01 8.815498e-02 -2.299107e+00 1.809341e+00 1.026326e+01 6.413877e-02 -1.703039e+00
39627805318712864 1.755710e+00 1.080822e+01 3.655909e-01 3.913682e-01 1.693214e+00 1.115655e+01 3.833690e-01 -5.011362e-01
39627911187138816 1.886255e+00 1.098647e+01 2.632262e-01 -1.719292e+00 1.867414e+00 1.112352e+01 2.883820e-01 -1.550928e+00
39627817402502600 1.715314e+00 1.018559e+01 8.858746e-02 -9.096111e-01 1.763779e+00 1.023300e+01 6.685056e-02 -1.147297e+00
39627764092900320 1.424595e+00 9.956873e+00 9.263399e-02 1.975543e+00 1.471515e+00 9.810749e+00 5.922973e-02 7.544613e-01
39627745407271312 1.595576e+00 1.039048e+01 1.758091e-01 -9.484369e-01 1.572910e+00 1.032523e+01 1.775526e-01 -1.323051e+00
39627764235507088 1.259670e+00 9.839394e+00 2.159735e-01 4.543310e+00 1.191066e+00 9.770495e+00 2.053826e-01 3.356488e+00
39627757558171984 1.329250e+00 9.968136e+00 9.258363e-02 -6.318091e-01 1.363777e+00 9.845210e+00 8.668971e-02 1.184420e-01
39627761085584840 1.835829e+00 1.126358e+01 4.088605e-01 -1.650348e+00 1.493578e+00 1.135939e+01 3.917345e-01 -2.919390e-01
39627788369531624 1.673871e+00 1.138324e+01 5.437063e-01 -1.898064e+00 1.647102e+00 1.150943e+01 6.018407e-01 -2.217605e-01
39627811928937232 1.626947e+00 9.846372e+00 1.123974e-01 1.089021e+00 1.552725e+00 9.748201e+00 9.608550e-02 -7.081974e-01
39627745549878888 1.265818e+00 1.036922e+01 1.740838e-01 -3.454791e+00 1.395774e+00 1.005133e+01 1.610903e-01 -1.212415e-01
39627752172686768 1.646175e+00 1.072515e+01 2.493275e-01 -5.588335e-01 1.671055e+00 1.096229e+01 2.604596e-01 -1.329689e-01
39627788298226352 1.486242e+00 1.091521e+01 2.573529e-01 1.750265e+00 1.583405e+00 1.070821e+01 2.530891e-01 -1.043579e-01
39627811417227344 1.454634e+00 1.038431e+01 1.729403e-01 -6.380975e-01 1.490301e+00 1.037881e+01 1.421556e-01 9.419775e-02
39627830648113248 1.227849e+00 9.829376e+00 2.187816e-01 2.648956e+00 1.264978e+00 1.013287e+01 2.233002e-01 2.724325e+00
39627763627331192 1.699298e+00 1.073626e+01 2.793194e-01 4.808666e-01 1.843062e+00 1.112411e+01 2.920789e-01 -1.367706e+00
39627835362509480 1.567049e+00 9.437073e+00 5.859290e-02 -7.628599e-01 1.430845e+00 9.481786e+00 4.269192e-02 7.310544e-01
39627859450402264 1.524960e+00 1.003899e+01 1.139790e-01 4.298096e-01 1.660667e+00 9.935870e+00 8.874066e-02 -1.920349e-01
39627923082187464 1.480462e+00 1.101369e+01 2.266710e-01 -2.267823e+00 1.541100e+00 1.100626e+01 2.130390e-01 -4.951262e-01
39627745440828208 1.628103e+00 1.015536e+01 1.760495e-01 1.627363e+00 1.498203e+00 1.029450e+01 1.640054e-01 -2.443308e-02
39627746187411952 1.026197e+00 1.006426e+01 2.176557e-01 -3.813190e+00 1.152103e+00 1.034212e+01 4.163354e-01 2.032899e+00
39627775652400640 1.794357e+00 1.054863e+01 1.629138e-01 -7.261233e-01 1.850355e+00 1.075207e+01 1.537071e-01 -1.598456e+00
39627772695413328 1.142485e+00 1.023525e+01 1.973410e-01 4.092656e+00 1.174553e+00 1.018225e+01 1.724044e-01 3.849969e+00
39627700826019264 1.710346e+00 1.151217e+01 6.697062e-01 6.952806e-01 1.631002e+00 1.166171e+01 6.998659e-01 3.352610e-01
39627794384163872 1.362266e+00 1.069418e+01 2.280752e-01 -4.219223e+00 1.409205e+00 1.074860e+01 2.062315e-01 -5.301453e-01
39627793973117744 1.860134e+00 1.098664e+01 3.470538e-01 -1.362745e+00 1.762932e+00 1.107216e+01 3.669799e-01 -5.744935e-01
39633158244666344 1.730170e+00 1.077194e+01 4.809081e-01 -1.021752e+00 1.543367e+00 1.113464e+01 4.988248e-01 -2.234376e+00
39633118394582984 1.662632e+00 1.109652e+01 3.483500e-01 -2.931374e-01 1.723130e+00 1.112857e+01 3.553362e-01 -1.240587e-01
39633149411459704 1.568152e+00 1.034247e+01 1.028052e-01 1.346879e+00 1.487479e+00 1.024647e+01 7.286571e-02 8.169617e-01
39627751539346528 1.426228e+00 1.024077e+01 1.823021e-01 -2.175054e-01 1.428751e+00 1.034027e+01 1.863023e-01 -2.044133e-01
39633145359762160 1.429124e+00 9.777524e+00 1.024297e-01 -7.351018e-01 1.348758e+00 9.730351e+00 9.783293e-02 5.878983e-01
39627788344366264 1.188238e+00 1.017085e+01 2.108462e-01 2.856924e+00 1.204687e+00 9.999065e+00 2.382559e-01 1.132799e+00
39633140829916800 1.925091e+00 1.102230e+01 2.678729e-01 -1.723294e+00 1.874516e+00 1.110706e+01 2.854281e-01 -1.591500e+00
39627812495165336 1.180553e+00 9.158531e+00 1.230187e-01 9.147580e-01 1.128982e+00 8.743567e+00 8.194958e-02 1.799828e+00
39627784691124296 1.176875e+00 9.703292e+00 7.990970e-02 6.302927e-01 1.261622e+00 9.649261e+00 7.196753e-02 1.721238e+00
39627844782921000 1.665052e+00 1.076528e+01 2.370380e-01 -1.341997e+00 1.802557e+00 1.087825e+01 2.203915e-01 -2.283229e+00
39627800356850248 1.698553e+00 1.086577e+01 2.401707e-01 -1.261107e+00 1.806581e+00 1.084299e+01 2.125006e-01 -1.611366e+00
39627812453221568 1.895064e+00 1.062361e+01 2.030760e-01 -2.819242e+00 1.740896e+00 1.067419e+01 2.218688e-01 -1.294473e+00
39627778563252640 1.794592e+00 1.056745e+01 1.194169e-01 -1.579955e+00 1.806057e+00 1.081182e+01 1.300971e-01 -1.967232e+00
39627770363380240 1.160371e+00 9.581036e+00 7.637179e-02 4.016824e+00 1.161901e+00 9.466458e+00 5.350381e-02 4.381132e+00
39627841326813280 1.888724e+00 1.087938e+01 2.730986e-01 -4.773699e-01 1.842488e+00 1.100050e+01 2.734444e-01 -1.149675e+00
39627772338897920 2.049702e+00 1.076770e+01 3.977110e-01 -1.073950e+00 1.802094e+00 1.136372e+01 4.352904e-01 -7.932739e-01
39627811106850120 1.264858e+00 9.790297e+00 1.769626e-01 4.724165e+00 1.242062e+00 9.958861e+00 1.813935e-01 2.638420e+00
39627745667320048 1.589581e+00 9.883741e+00 8.898413e-02 1.045005e+00 1.579728e+00 9.944166e+00 5.506600e-02 9.782662e-01
39627745948341104 1.663487e+00 1.096509e+01 2.463153e-01 -1.220490e+00 1.780481e+00 1.097412e+01 2.601866e-01 -1.605748e+00
39627782388451360 1.262332e+00 9.556400e+00 1.469802e-01 3.877754e+00 1.234738e+00 9.653747e+00 1.373427e-01 1.648203e+00
39627745403079248 1.725020e+00 1.035561e+01 2.083631e-01 -2.353673e-01 1.617561e+00 1.050295e+01 2.196276e-01 2.794358e-01
39627787132208072 1.717087e+00 1.096420e+01 3.415387e-01 -1.215853e+00 1.809108e+00 1.113585e+01 3.599238e-01 -8.159662e-01
39627805226438144 1.431034e+00 9.845201e+00 7.674176e-02 1.447237e+00 1.291497e+00 1.008594e+01 4.974864e-02 3.092456e+00
39627802630162096 1.704386e+00 1.099832e+01 3.377407e-01 1.956381e-01 1.668670e+00 1.105090e+01 3.350654e-01 -7.716523e-01
39627794245750528 1.639386e+00 1.049363e+01 1.102529e-01 1.521097e-01 1.510434e+00 1.060751e+01 1.020275e-01 3.228658e-01
39627805188689224 1.500179e+00 1.137610e+01 4.721565e-01 -1.587821e-02 1.475688e+00 1.136588e+01 4.876205e-01 -1.565743e+00
39627824021115608 1.099332e+00 8.882984e+00 5.417614e-02 5.609805e+00 1.133581e+00 8.745794e+00 4.705770e-02 5.090298e+00
39636677148281536 1.615050e+00 1.111779e+01 3.140246e-01 -1.802799e+00 1.694135e+00 1.109985e+01 3.172898e-01 -2.330513e+00
39627796347098704 1.666540e+00 1.101607e+01 3.201045e-01 2.071839e-01 1.595543e+00 1.114872e+01 3.556165e-01 -2.389138e-01
39627824046279912 1.517878e+00 9.997289e+00 1.093968e-01 6.120153e-01 1.463232e+00 1.003546e+01 1.141082e-01 3.989631e-01
39627824067250176 1.258999e+00 1.062900e+01 1.876980e-01 8.720468e-01 1.356245e+00 1.044763e+01 1.868892e-01 1.228884e+00
39627794509988672 1.688687e+00 1.085916e+01 1.467760e-01 -1.630786e+00 1.849005e+00 1.085271e+01 1.471031e-01 -2.156106e+00
39627817121485856 1.671297e+00 1.021173e+01 1.483702e-01 5.083129e-01 1.700544e+00 1.030177e+01 1.264770e-01 -6.761146e-02
39633140699891424 1.739709e+00 1.091311e+01 2.213496e-01 -1.791250e+00 1.711094e+00 1.085683e+01 2.311774e-01 -1.189854e-01
39627762784277456 1.170431e+00 9.390818e+00 1.507084e-01 3.807256e+00 1.154799e+00 9.302648e+00 1.443110e-01 3.067624e+00
39627871529993344 1.703259e+00 1.053758e+01 1.266085e-01 -4.662957e-01 1.488987e+00 1.063727e+01 1.462991e-01 9.430630e-01
39627786918302800 1.154137e+00 1.020448e+01 3.784205e-01 4.011634e+00 1.225025e+00 1.050663e+01 3.492032e-01 3.066148e+00
39627782342314416 1.077556e+00 8.792358e+00 1.342177e-01 4.982432e+00 1.109677e+00 9.115483e+00 1.421891e-01 3.602159e+00
39627779007847552 1.101998e+00 1.046917e+01 2.792187e-01 4.859031e+00 1.137145e+00 1.021314e+01 2.408735e-01 4.890471e+00
39627818698539192 1.412560e+00 1.129346e+01 4.127931e-01 -7.047158e-01 1.514439e+00 1.134840e+01 4.735306e-01 -3.551549e-01
39627724909708568 1.699236e+00 1.110964e+01 5.432274e-01 7.212940e-02 1.650914e+00 1.151943e+01 5.975835e-01 -8.179529e-01
39627802395289184 1.576125e+00 1.020670e+01 8.729168e-02 -1.817067e+00 1.495272e+00 1.027723e+01 5.546133e-02 9.067842e-01
39627782363289376 1.312624e+00 1.015356e+01 3.021802e-01 1.595607e+00 1.197945e+00 1.025132e+01 3.021015e-01 1.254240e+00
39627850961131328 1.624461e+00 1.123226e+01 4.722769e-01 5.444442e-01 1.521779e+00 1.129985e+01 5.118390e-01 -5.978400e-01
39627841603636040 1.471255e+00 1.071860e+01 3.608110e-01 -1.145698e+00 1.551478e+00 1.091446e+01 4.031965e-01 -9.068928e-01
39627805897528112 1.730829e+00 1.072609e+01 2.236050e-01 1.731729e-01 1.681925e+00 1.078518e+01 2.339556e-01 -8.102014e-01
39627817977119840 1.863669e+00 1.030646e+01 2.539911e-01 -4.392744e-01 1.702179e+00 1.080539e+01 2.606253e-01 1.232401e-01
39627740076311344 1.104463e+00 9.481073e+00 1.397208e-01 5.624627e+00 1.116264e+00 9.453254e+00 1.030867e-01 4.722768e+00
39627845164600672 1.822395e+00 1.133552e+01 4.638946e-01 -1.790539e+00 1.631593e+00 1.142793e+01 5.383488e-01 9.178525e-02
39627919844182848 1.677677e+00 1.102799e+01 4.778521e-01 4.868713e-01 1.621219e+00 1.099632e+01 5.105971e-01 5.087084e-01
39627824629288904 1.446688e+00 1.077196e+01 2.637041e-01 1.471624e+00 1.404033e+00 1.071314e+01 2.792694e-01 6.983898e-01
39627818635625680 1.166636e+00 7.968955e+00 2.752932e-02 5.594531e+00 1.130253e+00 8.201269e+00 1.968399e-03 4.694591e+00
39627805788475568 1.795773e+00 1.068196e+01 1.347901e-01 -1.175738e+00 1.756312e+00 1.055633e+01 1.302040e-01 -2.116031e+00
39627764134843168 1.168177e+00 9.785790e+00 1.274844e-01 4.235588e+00 1.221971e+00 9.606340e+00 1.083773e-01 3.055397e+00
39627782308762096 1.269281e+00 1.050974e+01 1.490128e-01 2.095728e+00 1.308526e+00 1.027694e+01 1.329795e-01 2.371636e+00
39627758166348752 1.749079e+00 1.026997e+01 1.306933e-01 3.445088e-01 1.599894e+00 1.036773e+01 1.263642e-01 -1.203185e+00
39627794413523040 1.689026e+00 9.923350e+00 5.550176e-02 -1.216291e+00 1.787160e+00 1.007528e+01 5.245410e-02 -9.593830e-01
39627769822318000 1.421845e+00 1.096732e+01 3.975097e-01 -1.343466e+00 1.517371e+00 1.090302e+01 3.888545e-01 -1.047212e+00
39627847425328016 1.497244e+00 9.279608e+00 7.132406e-02 4.462312e+00 1.254100e+00 9.669462e+00 5.847865e-02 2.669733e+00
39627782304567344 1.520383e+00 1.088912e+01 3.213051e-01 -2.339617e-01 1.617562e+00 1.077426e+01 3.299968e-01 -9.906403e-01
39627805188686104 1.508772e+00 1.126033e+01 3.701056e-01 2.430560e+00 1.535942e+00 1.109406e+01 3.646933e-01 -5.437710e-01
39627776386401472 1.582107e+00 1.081655e+01 2.557937e-01 2.727568e-01 1.600167e+00 1.099075e+01 2.826236e-01 -7.606560e-02
39627823891089264 1.487172e+00 1.017353e+01 2.336602e-01 1.193787e+00 1.375649e+00 1.033920e+01 2.522873e-01 -9.155639e-01
39627830086076152 1.132774e+00 1.017451e+01 2.627064e-01 3.902518e+00 1.151242e+00 1.004793e+01 2.040273e-01 4.227384e+00
39627824562177576 1.325852e+00 1.051856e+01 2.297332e-01 3.266555e+00 1.322769e+00 1.063703e+01 2.929833e-01 3.228961e+00
39627830077688392 1.615456e+00 1.019830e+01 1.702457e-01 -1.372761e+00 1.567182e+00 1.024060e+01 1.900549e-01 3.628601e-01
39633127370392368 1.391435e+00 1.050593e+01 8.135547e-02 1.440022e+00 1.395570e+00 1.003390e+01 3.258602e-02 1.824524e+00
39627806082073936 1.355336e+00 9.169543e+00 6.982300e-02 3.030106e+00 1.284982e+00 9.170697e+00 3.782427e-02 2.006606e+00
39627787304179488 1.144361e+00 9.039742e+00 8.182541e-02 4.530211e+00 1.162897e+00 8.861544e+00 5.525485e-02 4.557217e+00
39627751438683936 1.179627e+00 1.053743e+01 1.237046e-01 3.840319e+00 1.239697e+00 1.038454e+01 1.133840e-01 3.245993e+00
39627823928840816 1.062035e+00 1.010562e+01 2.288093e-01 -5.496057e-01 1.156532e+00 9.771213e+00 2.289001e-01 3.529654e+00
39627758116015584 1.688463e+00 1.033951e+01 1.480236e-01 -1.530694e+00 1.732389e+00 1.030836e+01 1.414528e-01 -1.835005e+00
39627782312956128 1.763780e+00 1.031911e+01 1.752886e-01 -7.912677e-01 1.732246e+00 1.047128e+01 1.681415e-01 -1.668051e+00
39627764231309792 1.689408e+00 1.076433e+01 2.297302e-01 1.017092e+00 1.640765e+00 1.080079e+01 2.594672e-01 -1.059012e+00
39627739556217400 1.742848e+00 1.026796e+01 8.257046e-02 -1.427625e+00 1.792109e+00 1.018797e+01 5.663736e-02 -1.560105e+00
39627793021014488 1.555386e+00 1.106943e+01 4.389210e-01 -8.235099e-01 1.490101e+00 1.103931e+01 4.708785e-01 -2.283749e+00
39627757512036864 1.629715e+00 1.044742e+01 2.365480e-01 -5.248414e-01 1.747869e+00 1.076499e+01 2.441256e-01 -9.317384e-01
39627809164890568 1.063806e+00 1.089367e+01 3.961792e-01 4.221321e+00 1.149206e+00 1.032029e+01 3.512271e-01 4.881451e+00
39627800491067704 1.157667e+00 9.799940e+00 1.629019e-01 2.730370e+00 1.204386e+00 9.693943e+00 1.479503e-01 3.680516e+00
39627811157180960 9.661984e-01 9.425766e+00 1.107010e-01 6.976038e-01 9.469575e-01 9.436338e+00 2.393324e-01 3.637139e-01
39627785081194920 1.724720e+00 1.129700e+01 3.499192e-01 -3.499670e+00 1.799648e+00 1.128184e+01 3.932092e-01 -1.201251e+00
39627817951956952 1.776307e+00 1.122178e+01 4.243825e-01 -2.416130e+00 1.800158e+00 1.132335e+01 4.382278e-01 -1.569785e+00
39627874877052576 1.431117e+00 1.060306e+01 3.371113e-01 1.824862e+00 1.462101e+00 1.109942e+01 3.638622e-01 7.889029e-01
39627800528819224 1.259984e+00 1.021282e+01 1.736466e-01 2.781152e+00 1.495326e+00 1.051305e+01 1.746168e-01 6.710370e-01
39627799794816280 1.132216e+00 9.213139e+00 1.596173e-01 5.059808e+00 1.135439e+00 9.166785e+00 1.284201e-01 3.894169e+00
39627817264091200 1.290557e+00 1.036285e+01 3.733068e-01 1.709126e+00 1.284585e+00 1.060987e+01 3.662678e-01 1.178227e+00
39627778655527912 1.643390e+00 1.009109e+01 9.924071e-02 -1.155177e+00 1.760207e+00 1.052980e+01 1.421180e-01 -1.133193e+00
39627775631431536 1.786893e+00 1.108120e+01 2.839459e-01 -2.607304e+00 1.841762e+00 1.110894e+01 3.032928e-01 -1.221793e+00
39627817876460544 1.508578e+00 1.151211e+01 6.287681e-01 7.630585e-01 1.657060e+00 1.167625e+01 6.817000e-01 6.428790e-02
39627851124704768 1.674102e+00 1.090165e+01 4.765372e-01 -3.878295e-01 1.679124e+00 1.135099e+01 5.128239e-01 -1.479212e+00
39627739459749336 1.220995e+00 1.046331e+01 1.858534e-01 2.523420e+00 1.218762e+00 1.029741e+01 1.768711e-01 3.353691e+00
39633132181261728 1.828783e+00 1.111713e+01 4.200990e-01 -9.061127e-01 1.738195e+00 1.110135e+01 4.019974e-01 -8.953663e-01
39627889733274928 1.574739e+00 1.137160e+01 5.380513e-01 -2.452648e-01 1.509959e+00 1.147647e+01 6.152012e-01 8.845807e-01
39627806501503128 1.216579e+00 1.066494e+01 2.306634e-01 4.472055e+00 1.220026e+00 1.036392e+01 1.929409e-01 3.114962e+00
39627811098464432 1.776781e+00 1.082655e+01 2.541505e-01 -9.700997e-01 1.820312e+00 1.091130e+01 2.731868e-01 -1.752154e+00
39627818493022504 1.669966e+00 1.017704e+01 1.449647e-01 -1.558712e+00 1.657080e+00 1.012240e+01 1.241756e-01 -9.374901e-01
39627841377145160 1.416629e+00 1.046806e+01 1.836621e-01 1.081303e+00 1.459337e+00 1.044822e+01 1.578406e-01 1.034991e+00
39627812474193664 1.616377e+00 1.059796e+01 1.439427e-01 1.037889e+00 1.553820e+00 1.059776e+01 1.225790e-01 2.406082e-01
39627761102364048 1.762874e+00 1.059824e+01 1.160936e-01 -9.064609e-01 1.807763e+00 1.065530e+01 1.085622e-01 -1.538048e+00
39627766236187504 1.525765e+00 1.021413e+01 1.311934e-01 1.387956e+00 1.457812e+00 1.033240e+01 1.243326e-01 5.521890e-01
39627664679504024 1.470780e+00 1.124265e+01 4.504213e-01 -2.415296e+00 1.553324e+00 1.118186e+01 4.802047e-01 -6.865786e-01
39627775681761128 1.696016e+00 1.053851e+01 4.660442e-01 6.710131e-02 1.654823e+00 1.112049e+01 5.043356e-01 -5.976659e-01
39627806467954176 1.686206e+00 1.012556e+01 2.232165e-01 1.400138e+00 1.655864e+00 1.045678e+01 2.006839e-01 4.092872e-01
39627755045785408 1.486668e+00 1.039391e+01 1.674235e-01 -5.361078e-01 1.455796e+00 1.035561e+01 1.452983e-01 5.988221e-01
39627814919473040 1.156263e+00 9.362206e+00 2.084662e-01 2.226751e+00 1.182391e+00 9.687377e+00 1.962323e-01 3.265799e+00
39627790454104768 1.218865e+00 9.023483e+00 5.216982e-02 3.051224e+00 1.228511e+00 9.077362e+00 5.487540e-02 2.751499e+00
39627835261847288 1.692197e+00 1.079786e+01 3.014336e-01 -6.694623e-01 1.670603e+00 1.085960e+01 3.157579e-01 -8.908827e-01
39627733981988392 1.544373e+00 1.128466e+01 3.911115e-01 1.030637e+00 1.666874e+00 1.131689e+01 3.938476e-01 -1.436661e+00
39627751468043672 1.253566e+00 1.001915e+01 8.046561e-02 2.641572e+00 1.269155e+00 1.007000e+01 6.049749e-02 2.862546e+00
39627770166251552 1.796208e+00 1.078164e+01 2.779512e-01 -4.705068e-01 1.827761e+00 1.096635e+01 2.761309e-01 -8.332907e-01
39627818623044376 1.596066e+00 9.938920e+00 1.407162e-01 -3.418805e-01 1.514115e+00 9.758437e+00 1.384039e-01 9.318581e-01
39627784770816512 1.325302e+00 1.045631e+01 4.215098e-01 4.720374e+00 1.286551e+00 1.078942e+01 4.053933e-01 4.321082e+00
39627781834802152 1.196866e+00 1.051773e+01 1.373917e-01 2.944931e+00 1.235712e+00 1.052505e+01 1.617794e-01 2.998579e+00
39627835429618512 1.128261e+00 9.100862e+00 9.259842e-02 3.517807e+00 1.187031e+00 9.259165e+00 7.333173e-02 3.752658e+00
39627746036421584 1.851628e+00 1.107647e+01 3.119243e-01 -6.292367e-01 1.809919e+00 1.115202e+01 3.271232e-01 -1.054539e+00
39627768874404328 1.958724e+00 1.081035e+01 1.919609e-01 -1.413334e+00 1.879822e+00 1.091918e+01 1.883108e-01 -1.723547e+00
39627817155035360 1.188259e+00 9.846209e+00 1.299975e-01 1.573640e+00 1.246683e+00 9.586290e+00 8.703937e-02 1.779638e+00
39627782451369280 1.898551e+00 1.118688e+01 2.380308e-01 -5.845388e-01 1.911033e+00 1.116218e+01 2.510640e-01 -1.797555e+00
39627788411471488 1.452458e+00 1.054985e+01 2.118761e-01 1.521969e+00 1.485935e+00 1.035386e+01 1.976680e-01 1.781324e+00
39627664591427616 1.829933e+00 1.092513e+01 3.479260e-01 -1.021739e+00 1.725817e+00 1.102261e+01 3.574544e-01 -3.876536e-01
39627841351978232 1.253569e+00 9.669233e+00 1.246929e-01 1.838689e+00 1.247942e+00 9.517796e+00 1.066874e-01 2.237371e+00
39627787681664672 1.214879e+00 9.709749e+00 1.566406e-01 2.771991e+00 1.274713e+00 9.783629e+00 1.232585e-01 1.344280e+00
39627806421813872 1.601458e+00 1.070822e+01 2.623170e-01 9.928014e-01 1.562466e+00 1.072424e+01 2.827862e-01 -1.021538e+00
39627755054177824 1.154375e+00 8.869247e+00 1.061736e-01 2.696232e+00 1.152504e+00 8.853892e+00 9.146157e-02 3.689549e+00
39627751459654976 1.677263e+00 1.096201e+01 3.016053e-01 -1.792574e+00 1.731354e+00 1.097317e+01 3.086280e-01 -1.945266e+00
39627782371673600 1.709008e+00 1.063074e+01 2.791240e-01 -5.386960e-01 1.586354e+00 1.084106e+01 2.902286e-01 -1.853768e+00
39627800373625808 1.331615e+00 9.945885e+00 1.351729e-01 2.457289e+00 1.328526e+00 1.000482e+01 1.455951e-01 2.756533e+00
39627800499455744 1.660772e+00 1.083226e+01 3.627493e-01 -5.793555e-01 1.697835e+00 1.101912e+01 3.767443e-01 -2.796417e-01
39633127613662024 1.741892e+00 1.118716e+01 4.443491e-01 2.079167e-02 1.673300e+00 1.115324e+01 4.904426e-01 -7.844464e-01
39627835568034432 1.842975e+00 1.138675e+01 3.231944e-01 -1.352960e+00 1.870856e+00 1.135985e+01 3.346902e-01 -8.593335e-01
39627806547644752 1.390534e+00 1.057488e+01 1.797508e-01 1.775651e+00 1.518610e+00 1.052471e+01 1.453841e-01 3.978847e-01
39627769709069264 1.550682e+00 1.057770e+01 1.938424e-01 4.188403e-02 1.708864e+00 1.050357e+01 1.912773e-01 -1.656067e+00
39627781029499464 1.294382e+00 1.056051e+01 1.592808e-01 3.106630e+00 1.271205e+00 1.055386e+01 1.682888e-01 2.791961e+00
39627746049001472 1.688789e+00 1.033174e+01 1.251232e-01 -2.668040e-01 1.744910e+00 1.033953e+01 1.281066e-01 -1.850927e+00
39627752021690008 1.691848e+00 1.105882e+01 3.566597e-01 -3.148530e+00 1.573603e+00 1.110368e+01 3.968269e-01 -1.420327e+00
39627751438681208 1.081968e+00 7.570403e+00 1.992778e-02 3.478737e+00 1.091057e+00 6.954521e+00 0.000000e+00 2.729612e+00
39627724804852912 1.356822e+00 9.905523e+00 2.421014e-01 1.341526e+00 1.357322e+00 1.011031e+01 2.237464e-01 -7.724917e-02
39627790810615632 1.336477e+00 1.087337e+01 4.075973e-01 2.860266e-01 1.305071e+00 1.073134e+01 4.074194e-01 7.567039e-01
39627847391774312 1.270072e+00 1.027160e+01 2.078355e-01 3.407995e+00 1.287299e+00 1.054302e+01 2.194142e-01 2.771962e+00
39627824520237840 1.342998e+00 1.089979e+01 3.662452e-01 6.996884e-01 1.342687e+00 1.090238e+01 3.743739e-01 1.224102e+00
39627808544132152 1.128052e+00 9.411863e+00 1.636069e-01 5.367393e+00 1.098617e+00 9.525788e+00 2.193641e-01 4.504444e+00
39627752101381968 1.523695e+00 1.076581e+01 2.778177e-01 -2.200922e+00 1.466063e+00 1.080948e+01 2.913169e-01 4.545891e-02
39627746002865552 1.334206e+00 1.010097e+01 1.128717e-01 2.000555e+00 1.296937e+00 1.029737e+01 9.509407e-02 2.432714e+00
39627835282822112 1.698528e+00 1.085548e+01 2.618700e-01 5.038217e-01 1.695250e+00 1.083632e+01 2.766536e-01 -1.300950e+00
39627791074858672 1.568418e+00 1.135753e+01 5.322996e-01 1.405229e+00 1.498442e+00 1.146369e+01 5.736433e-01 -5.824441e-02
39627796351288128 1.353686e+00 1.031053e+01 1.579836e-01 5.488603e+00 1.488974e+00 1.004509e+01 1.608338e-01 3.022444e+00
39627781822220832 1.606321e+00 1.074025e+01 1.726326e-01 -5.555560e-01 1.675840e+00 1.061582e+01 1.518827e-01 -2.189928e+00
39627775606262464 1.095105e+00 1.006291e+01 1.063971e-01 4.251160e+00 1.124307e+00 9.952026e+00 9.917969e-02 4.193494e+00
39627814705564640 1.552200e+00 1.119807e+01 4.975025e-01 -2.024688e+00 1.414147e+00 1.120293e+01 5.315486e-01 -2.202593e+00
39627782237456424 1.114177e+00 9.235768e+00 1.046882e-01 2.748189e-01 1.105639e+00 8.910193e+00 8.368541e-02 9.742559e-01
39627853486096856 1.862280e+00 1.048938e+01 1.547043e-01 -1.134476e+00 1.774665e+00 1.054118e+01 1.487589e-01 -1.210617e+00
39627892988055680 1.217539e+00 1.145991e+01 6.873366e-01 6.536998e+00 1.408292e+00 1.150177e+01 6.687196e-01 1.722005e+00
39627818644018632 1.260373e+00 1.064613e+01 2.960894e-01 8.068351e-01 1.292399e+00 1.054926e+01 2.900731e-01 1.778636e+00
39627751942001136 1.724061e+00 1.111358e+01 4.161617e-01 -1.682026e+00 1.682956e+00 1.133379e+01 4.935429e-01 -1.024933e+00
39627752164299952 1.686891e+00 1.049415e+01 1.232005e-01 -2.426896e-01 1.716535e+00 1.070978e+01 1.492376e-01 -2.252291e+00
39627757608501688 1.657085e+00 1.047674e+01 1.789842e-01 8.510816e-01 1.577184e+00 1.042474e+01 1.591618e-01 1.914179e-01
39627745554072904 1.761527e+00 1.085411e+01 2.799470e-01 -2.663199e-01 1.560215e+00 1.097566e+01 2.964208e-01 -6.307549e-01
39633297336176192 1.637805e+00 1.071659e+01 1.146581e-01 -1.385565e+00 1.584681e+00 1.025601e+01 5.503057e-02 -6.468952e-01
39627768958289472 1.279245e+00 1.060237e+01 2.160727e-01 3.438194e+00 1.249265e+00 1.053719e+01 2.536080e-01 3.604653e+00
39627814713954896 1.839166e+00 1.107728e+01 3.676621e-01 -1.088332e+00 1.779338e+00 1.125518e+01 3.853618e-01 -4.302654e-01
39627935254055064 1.481528e+00 1.108712e+01 3.412037e-01 -1.113042e-01 1.533160e+00 1.136344e+01 4.352864e-01 -2.103670e-01
39627802814710552 1.142870e+00 1.010030e+01 1.866752e-01 1.317418e+00 1.176383e+00 1.012375e+01 1.861567e-01 7.977599e-01
39627799287300312 1.339788e+00 1.128051e+01 5.024201e-01 7.947879e-01 1.391050e+00 1.133311e+01 5.481733e-01 8.239326e-01
39627835333149184 1.417844e+00 1.119645e+01 3.449895e-01 1.913895e+00 1.465174e+00 1.114827e+01 3.152399e-01 1.258647e+00
39627812549691872 1.696780e+00 1.083903e+01 2.231403e-01 -1.961057e+00 1.759794e+00 1.082189e+01 2.278661e-01 -1.113822e+00
39627800474290408 1.123989e+00 1.092179e+01 4.542918e-01 4.340221e+00 1.110504e+00 1.076071e+01 5.067068e-01 2.124832e+00
39633127504610840 1.651452e+00 1.105512e+01 3.494204e-01 1.089446e-01 1.734597e+00 1.112296e+01 3.866014e-01 -2.363087e-01
39627853368660072 1.500761e+00 1.036460e+01 1.447998e-01 -6.649021e-01 1.451337e+00 1.020585e+01 1.163768e-01 1.936757e-01
39627871609686248 1.118629e+00 9.034021e+00 8.123527e-02 3.998166e+00 1.100456e+00 8.717650e+00 6.053334e-02 3.667210e+00
39627838638266768 1.887683e+00 1.073353e+01 1.487816e-01 -3.520938e+00 1.651605e+00 1.080186e+01 1.559588e-01 -2.759138e+00
39627664666924040 1.969688e+00 1.072315e+01 4.460753e-01 8.548031e-02 1.716775e+00 1.138892e+01 4.664964e-01 -1.381244e+00
39627856761851840 1.502338e+00 1.110190e+01 2.858823e-01 -9.019239e-01 1.420834e+00 1.132835e+01 3.126663e-01 -3.926218e-01
39627806442788672 1.215039e+00 1.059508e+01 2.880612e-01 2.971776e+00 1.329696e+00 9.927565e+00 1.925350e-01 4.101336e+00
39627871567743248 1.661033e+00 1.132273e+01 5.748662e-01 -3.271263e-01 1.673900e+00 1.161920e+01 6.310202e-01 1.291253e-01
39627899141099024 1.793404e+00 1.051271e+01 3.750842e-01 -7.880629e-01 1.737079e+00 1.107898e+01 4.055261e-01 -2.280985e-01
39627782258426576 1.286930e+00 1.067622e+01 2.733616e-01 2.496103e+00 1.262264e+00 1.061982e+01 2.601043e-01 3.230981e+00
39627829352075648 1.252408e+00 1.057348e+01 3.338867e-01 1.290974e+00 1.235032e+00 1.061115e+01 3.402765e-01 3.128677e+00
39633149642147752 1.765241e+00 1.078520e+01 3.177114e-01 -1.156086e+00 1.700915e+00 1.093877e+01 3.423617e-01 -5.449980e-01
39627764080313144 1.800044e+00 1.065442e+01 1.506495e-01 -7.763854e-01 1.832841e+00 1.070007e+01 1.446249e-01 -1.709723e+00
39627763677664904 1.689801e+00 1.060252e+01 2.585598e-01 9.558337e-01 1.673951e+00 1.060046e+01 2.615726e-01 -8.731949e-02
39627806421812032 1.685900e+00 1.035542e+01 2.036238e-01 6.752100e-01 1.517779e+00 1.049071e+01 2.009994e-01 -6.014266e-01
39627823240974448 1.825696e+00 1.047303e+01 2.743827e-01 -9.232541e-01 1.753320e+00 1.089874e+01 2.749785e-01 -1.420381e+00
39627862885535224 1.930881e+00 1.106634e+01 3.976392e-01 -1.177054e+00 1.779486e+00 1.128536e+01 4.367041e-01 -1.100403e+00
39627806400844224 1.345796e+00 9.423447e+00 8.332840e-02 -1.784042e+00 1.223580e+00 9.072765e+00 5.785543e-02 1.306445e+00
39627794484823240 1.591870e+00 1.059231e+01 2.740973e-01 -2.012065e+00 1.586731e+00 1.066422e+01 2.798843e-01 -1.723950e+00
39627853402210848 1.114729e+00 7.896733e+00 3.363468e-02 3.091414e+00 1.128442e+00 7.724023e+00 1.063468e-02 3.766836e+00
39627790273745344 1.681484e+00 1.091674e+01 4.343989e-01 -3.292862e-01 1.485712e+00 1.130132e+01 4.581948e-01 -2.576737e-01
39627919806436968 1.552682e+00 1.097523e+01 4.932435e-01 6.700183e-02 1.603531e+00 1.105504e+01 4.971711e-01 -9.153244e-01
39627838885728328 1.520999e+00 1.085940e+01 2.959276e-01 -6.481231e-01 1.723117e+00 1.088346e+01 3.072346e-01 -2.074210e+00
39627781797052672 1.489896e+00 1.059287e+01 2.986867e-01 -3.752646e-01 1.477124e+00 1.068128e+01 3.043862e-01 -4.211338e-01
39627791100024544 1.823371e+00 1.067231e+01 9.107812e-02 -1.512942e+00 1.870438e+00 1.058100e+01 7.177067e-02 -2.110219e+00
39627745415661792 1.810881e+00 1.065943e+01 4.140529e-01 -8.485373e-01 1.625640e+00 1.104668e+01 3.870442e-01 -8.085661e-01
39627841607831584 1.262086e+00 1.073103e+01 3.732265e-01 1.283700e+00 1.212441e+00 1.069851e+01 3.791449e-01 2.995981e+00
39627812537110120 1.584523e+00 1.114384e+01 3.371963e-01 1.779331e+00 1.700523e+00 1.099615e+01 3.477550e-01 -5.625484e-01
39627805146745600 1.629235e+00 1.061680e+01 1.630021e-01 -1.103732e+00 1.649356e+00 1.058962e+01 1.728708e-01 -7.134719e-01
39627835417038256 1.492949e+00 1.088275e+01 1.891066e-01 1.107991e+00 1.481339e+00 1.063222e+01 1.664608e-01 1.478573e+00
39627824574763344 1.681974e+00 1.101197e+01 4.154384e-01 -4.044281e-01 1.723327e+00 1.127521e+01 4.243276e-01 -4.639325e-01
39627812553886952 1.140638e+00 9.552486e+00 1.185675e-01 3.787344e+00 1.148133e+00 9.765909e+00 1.440238e-01 4.481785e+00
39627757537201216 1.309129e+00 1.024661e+01 2.633260e-01 2.410050e+00 1.339443e+00 1.043037e+01 2.661643e-01 1.027269e+00
39633131778606216 1.895245e+00 1.061998e+01 1.357623e-01 -3.492943e+00 1.808514e+00 1.062390e+01 1.258525e-01 -1.402172e+00
39627841372947744 1.267633e+00 1.044945e+01 2.038260e-01 3.073405e+00 1.372709e+00 1.057883e+01 1.874698e-01 1.154501e+00
39627792974878320 1.503874e+00 1.079345e+01 2.784129e-01 3.341616e-02 1.505417e+00 1.082018e+01 2.804027e-01 -5.000596e-01
39627824088220832 1.707072e+00 1.032326e+01 1.212312e-01 -1.814092e+00 1.657699e+00 1.033063e+01 1.173416e-01 -7.524256e-01
39627762838799912 1.678538e+00 1.055316e+01 2.163616e-01 4.477699e-01 1.657323e+00 1.050532e+01 2.088937e-01 -9.796219e-01
39627803175426848 1.034129e+00 8.841396e+00 7.580992e-02 3.481426e-01 1.010637e+00 8.295549e+00 5.198497e-02 1.779187e+00
39627824574762136 1.426701e+00 1.017017e+01 1.698596e-01 -1.200134e+00 1.485689e+00 1.013705e+01 1.301107e-01 -2.117831e-01
39627929029710296 1.603204e+00 1.145503e+01 4.387936e-01 -2.564325e+00 1.721852e+00 1.135378e+01 4.697741e-01 -1.187921e+00
39627806539255904 1.787315e+00 1.077425e+01 2.454362e-01 -3.682451e-01 1.738522e+00 1.074441e+01 2.260398e-01 -1.593696e+00
39627769683907840 1.694829e+00 1.050687e+01 2.081606e-01 -8.984648e-01 1.673934e+00 1.046620e+01 2.015522e-01 -9.323779e-01
39627793847290336 1.684993e+00 1.061552e+01 2.477509e-01 -3.448314e+00 1.583121e+00 1.060024e+01 2.518014e-01 -1.901138e+00
39627820950881288 1.751415e+00 1.012292e+01 1.247660e-01 -1.426416e+00 1.701512e+00 1.020185e+01 1.215454e-01 -1.727008e+00
39627766936639056 1.809790e+00 9.949179e+00 4.914001e-02 -1.653658e+00 1.771904e+00 9.983499e+00 3.896625e-02 -6.622461e-01
39627799895475800 1.117764e+00 9.773237e+00 8.242417e-02 5.128552e+00 1.131953e+00 1.005345e+01 7.820696e-02 4.295194e+00
39627740084699680 1.727574e+00 1.063765e+01 1.301596e-01 -1.661205e+00 1.841007e+00 1.066444e+01 1.053741e-01 -2.174866e+00
39627800449126272 1.433364e+00 1.040998e+01 1.844927e-01 -1.141984e+00 1.394208e+00 1.030823e+01 1.745374e-01 2.443116e-01
39627895668212960 1.569218e+00 1.063923e+01 5.004338e-01 9.258119e-01 1.571207e+00 1.084329e+01 4.660799e-01 2.151206e+00
39627776235405656 1.156650e+00 1.019101e+01 1.683277e-01 3.023778e-01 1.221961e+00 9.759604e+00 1.142562e-01 4.148048e-01
39627760355776584 1.080619e+00 9.357842e+00 9.168314e-02 4.718772e+00 1.129967e+00 9.346148e+00 6.164032e-02 4.868658e+00
39627808875487056 1.115256e+00 7.950090e+00 3.681304e-02 3.380810e+00 1.109463e+00 7.642399e+00 2.913639e-03 4.466202e+00
39627806413429080 1.843092e+00 1.065643e+01 1.787253e-01 -8.157592e-01 1.813554e+00 1.074775e+01 1.838816e-01 -1.038496e+00
39627817155039072 1.185893e+00 1.017527e+01 1.687943e-01 5.988555e+00 1.189422e+00 1.024670e+01 1.761447e-01 3.343254e+00
39627768836657048 1.344266e+00 1.034002e+01 1.048280e-01 1.233150e+00 1.267457e+00 1.049177e+01 1.523164e-01 2.856130e+00
39627911170361944 1.826032e+00 1.101894e+01 2.006653e-01 -6.085190e-01 1.873028e+00 1.098526e+01 1.986285e-01 -1.878358e+00
39627769629380600 1.693115e+00 1.106949e+01 2.623297e-01 -1.082821e+00 1.805762e+00 1.100386e+01 2.661808e-01 -1.226119e+00
39627752059438736 1.538754e+00 1.047028e+01 1.847656e-01 -2.348355e+00 1.593368e+00 1.033977e+01 1.819831e-01 -2.426357e+00
39627767104413408 1.777413e+00 1.102907e+01 3.947144e-01 -4.452150e-01 1.691917e+00 1.106672e+01 3.770614e-01 -1.013435e+00
39627788398890608 1.333018e+00 1.005806e+01 1.636765e-01 -6.162373e-01 1.262807e+00 9.949629e+00 1.453452e-01 -2.068197e-01
39627752076216504 1.132680e+00 9.507156e+00 1.223567e-01 4.371996e+00 1.162503e+00 9.147740e+00 8.460216e-02 4.235205e+00
39627836515947584 1.317850e+00 1.088023e+01 1.410909e-01 2.324173e+00 1.345704e+00 1.064405e+01 1.077178e-01 2.439825e+00
39627746086750432 1.577814e+00 9.768714e+00 1.369716e-01 -2.137743e+00 1.472691e+00 9.694999e+00 1.215626e-01 3.129663e-01
39627622459639944 1.674192e+00 1.117965e+01 4.220777e-01 8.363974e-01 1.502778e+00 1.124605e+01 4.083823e-01 -1.036036e-02
39627847391777600 1.023348e+00 9.243115e+00 1.298368e-01 1.077064e+00 1.106805e+00 8.785641e+00 1.094960e-01 2.016559e+00
39627805905913136 1.213838e+00 9.819225e+00 1.288496e-01 2.916986e+00 1.178463e+00 1.026570e+01 2.048057e-01 4.184943e+00
39627788281452232 1.815809e+00 1.069048e+01 2.834358e-01 -2.384995e+00 1.761773e+00 1.085998e+01 3.207926e-01 -9.814746e-01
39627794367385824 1.273245e+00 1.052063e+01 3.012842e-01 3.119492e+00 1.264188e+00 1.029601e+01 3.241329e-01 3.312976e+00
39627751501596320 1.947311e+00 1.072973e+01 2.276077e-01 -2.745634e+00 1.795277e+00 1.079943e+01 2.113588e-01 -1.517347e+00
39627751417710712 1.185179e+00 1.025232e+01 2.266723e-01 1.187869e+00 1.154100e+00 1.037486e+01 2.617018e-01 4.106407e+00
39627769520328480 1.717789e+00 1.024264e+01 1.334581e-01 -3.852710e-01 1.763229e+00 1.047091e+01 1.217569e-01 -1.005039e+00
39627794459661512 1.174155e+00 9.927977e+00 2.623030e-01 4.137537e+00 1.217508e+00 1.028473e+01 2.403447e-01 3.431631e+00
39627818644015360 1.188532e+00 1.049683e+01 3.465301e-01 4.675274e+00 1.180587e+00 1.060419e+01 3.604273e-01 4.528231e+00
39627877557207480 1.701359e+00 1.096612e+01 4.831256e-01 6.508877e-01 1.595148e+00 1.127661e+01 5.329069e-01 2.095632e-01
39627892933528768 1.679160e+00 1.072904e+01 4.593954e-01 6.559354e-02 1.572480e+00 1.125652e+01 4.920729e-01 -1.174799e+00
39627752139131112 1.629452e+00 1.080716e+01 2.434851e-01 -4.736568e+00 1.597677e+00 1.079839e+01 2.749023e-01 -2.219256e+00
39636619216556336 1.345432e+00 1.116343e+01 5.429733e-01 3.410850e+00 1.378627e+00 1.140266e+01 5.757351e-01 1.304515e+00
39627780933032256 1.773846e+00 1.097861e+01 3.251253e-01 -3.443701e-02 1.784479e+00 1.121509e+01 3.431964e-01 -3.621458e-01
39627811064906848 1.179773e+00 1.005690e+01 1.454267e-01 5.359414e+00 1.172181e+00 1.018464e+01 1.897690e-01 4.234297e+00
39627815288575424 1.340181e+00 9.827130e+00 9.434967e-02 1.799778e+00 1.376205e+00 9.699406e+00 6.058988e-02 8.685364e-01
39627788356947976 1.325037e+00 1.078977e+01 5.663761e-01 -4.459265e-01 1.183905e+00 1.144634e+01 7.364867e-01 1.294548e+00
39627859744003232 1.177897e+00 9.742454e+00 8.041199e-02 2.653513e+00 1.284344e+00 9.930295e+00 6.436259e-02 2.556051e+00
39627824008532552 1.804407e+00 1.066621e+01 1.976210e-01 -1.072361e+00 1.843310e+00 1.081811e+01 1.877441e-01 -1.269564e+00
39627751451266824 1.613779e+00 1.116456e+01 3.903197e-01 1.195072e-01 1.668568e+00 1.134987e+01 4.586481e-01 -4.348022e-01
39627762842998144 1.251063e+00 1.039426e+01 2.265548e-01 3.597248e+00 1.261985e+00 1.029439e+01 2.188539e-01 2.866533e+00
39627775845339376 1.578102e+00 1.124928e+01 4.537507e-01 -1.322703e+00 1.529964e+00 1.127217e+01 5.237669e-01 7.435054e-01
39627781268573688 1.619746e+00 1.094106e+01 3.510520e-01 1.163394e+00 1.650727e+00 1.103373e+01 3.528500e-01 -1.125024e+00
39627781675420520 1.771031e+00 1.100134e+01 3.743798e-01 -1.769754e-01 1.809179e+00 1.128478e+01 3.891300e-01 -5.877194e-01
39627830639726824 1.240038e+00 1.051074e+01 2.422860e-01 2.659691e+00 1.253784e+00 1.053938e+01 2.753868e-01 2.073582e+00
39627790445710424 1.046326e+00 8.814215e+00 7.385060e-02 1.198169e+00 1.143371e+00 8.695305e+00 8.076845e-02 2.825903e+00
39627776214437544 1.385293e+00 1.096573e+01 4.099518e-01 2.188913e+00 1.604025e+00 1.082866e+01 3.080527e-01 1.390755e-02
39627935233086144 1.670921e+00 1.109612e+01 3.471222e-01 8.580534e-01 1.704872e+00 1.125352e+01 4.321263e-01 -1.119911e+00
39627781276961680 1.446634e+00 1.151395e+01 4.646463e-01 -3.361001e+00 1.588811e+00 1.150908e+01 5.247002e-01 -1.345082e+00
39627732887276952 1.606176e+00 1.128387e+01 4.331513e-01 -2.864792e+00 1.662459e+00 1.122236e+01 4.591702e-01 -2.167695e+00
39627778982681896 1.230889e+00 1.063567e+01 2.935587e-01 2.783094e+00 1.249652e+00 1.034421e+01 2.793699e-01 1.119551e+00
39627830744585792 1.091752e+00 9.967535e+00 1.432292e-01 2.772360e+00 1.141158e+00 1.032239e+01 2.163577e-01 4.234803e+00
39627824151135776 1.660699e+00 9.533002e+00 7.424981e-02 -1.868838e-01 1.338260e+00 9.366974e+00 5.045764e-02 1.513528e+00
39627788340171768 1.879412e+00 1.098676e+01 2.650729e-01 -3.100602e+00 1.797462e+00 1.094363e+01 2.799571e-01 -1.166414e+00
39627859412651608 1.257971e+00 1.007569e+01 9.818403e-02 4.762196e+00 1.205890e+00 1.025819e+01 9.292901e-02 2.942629e+00
39627853339295944 1.232009e+00 9.819638e+00 1.065109e-01 2.093923e+00 1.255084e+00 9.738469e+00 8.864023e-02 2.003627e+00
39633114108003496 1.177284e+00 8.515285e+00 1.873702e-02 4.569384e+00 1.166421e+00 8.073943e+00 0.000000e+00 4.300519e+00
39627766454288960 1.597594e+00 1.099938e+01 3.893385e-01 -1.056097e+00 1.646635e+00 1.102155e+01 3.951846e-01 -2.250087e+00
39627883601199488 1.637919e+00 1.099981e+01 3.124063e-01 1.190838e+00 1.703702e+00 1.110176e+01 3.285814e-01 -5.740051e-01
39627788415669880 1.030891e+00 9.301199e+00 1.321065e-01 1.769975e-01 1.083231e+00 8.757962e+00 9.800242e-02 1.756321e+00
39627830635532064 1.200679e+00 1.012435e+01 2.413857e-01 2.906676e+00 1.157863e+00 1.016513e+01 2.222667e-01 3.714753e+00
39627818656597952 1.251950e+00 1.059836e+01 2.821761e-01 3.117753e+00 1.248415e+00 1.060632e+01 2.454712e-01 2.952847e+00
39627739401033008 1.677928e+00 1.016607e+01 1.019948e-01 -1.252218e-01 1.713104e+00 1.016914e+01 9.435229e-02 -4.598209e-01
39627830555837680 1.539443e+00 1.055166e+01 1.807498e-01 -7.257856e-01 1.569105e+00 1.054993e+01 1.813854e-01 -6.662327e-01
39627806556029712 1.163604e+00 1.026869e+01 2.606464e-01 2.905241e+00 1.200728e+00 1.021807e+01 2.410895e-01 2.690301e+00
39627733965212016 1.361487e+00 1.053098e+01 1.962888e-01 5.058923e-01 1.405532e+00 1.040767e+01 1.849843e-01 2.685850e-01
39633140678920752 1.594927e+00 1.088841e+01 2.791337e-01 -3.516879e+00 1.626816e+00 1.087762e+01 2.944737e-01 -2.608521e+00
39627811228487360 1.944449e+00 1.106593e+01 3.878232e-01 -2.981140e+00 1.712267e+00 1.113082e+01 3.872265e-01 -8.783937e-01
39627805868166592 1.690739e+00 1.066459e+01 1.796372e-01 -1.748487e+00 1.776582e+00 1.062460e+01 1.756994e-01 -1.899322e+00
39627782333924728 1.152465e+00 9.162589e+00 3.443336e-02 4.441947e+00 1.154776e+00 8.576378e+00 0.000000e+00 4.549984e+00
39633127580111344 1.820627e+00 1.098310e+01 3.449062e-01 -1.350796e+00 1.741142e+00 1.106208e+01 3.552273e-01 -4.399108e-01
39627817188590696 1.144962e+00 1.053542e+01 2.507687e-01 -1.697370e+00 1.138202e+00 1.044306e+01 2.135493e-01 3.395873e-02
39627763535056600 1.678943e+00 1.086539e+01 2.895052e-01 2.373932e-01 1.726853e+00 1.092422e+01 2.877439e-01 -1.139761e-01
39627734145569552 1.809592e+00 1.082595e+01 2.724407e-01 -1.419352e+00 1.769055e+00 1.097700e+01 3.000299e-01 -2.005885e+00
39627806040131248 1.619283e+00 1.099162e+01 4.771850e-01 5.579559e-01 1.591775e+00 1.122959e+01 5.139576e-01 -1.557288e+00
39627817222146704 1.380773e+00 1.042875e+01 2.555422e-01 2.302508e+00 1.273694e+00 1.038169e+01 2.486327e-01 2.838757e+00
39627776315098520 1.796667e+00 1.055118e+01 1.788769e-01 -1.418374e+00 1.781465e+00 1.062861e+01 1.784343e-01 -1.736849e+00
39627774993892728 1.441353e+00 1.017282e+01 1.391997e-01 1.048722e+00 1.314839e+00 1.018201e+01 1.640930e-01 1.511026e+00
39627817129874272 1.868019e+00 1.079756e+01 2.885510e-01 -8.216566e-01 1.734230e+00 1.089657e+01 2.954654e-01 -1.827833e+00
39627782401035696 1.253912e+00 9.808637e+00 2.405915e-01 3.642607e+00 1.210028e+00 9.889066e+00 2.482505e-01 2.670848e+00
39627640499342720 1.465320e+00 1.093459e+01 5.101304e-01 9.255540e-01 1.396920e+00 1.120005e+01 5.567902e-01 -1.343333e+00
39627773014186240 1.299994e+00 9.762938e+00 1.183898e-01 1.795576e+00 1.254252e+00 9.582304e+00 1.068044e-01 1.649230e+00
39627820875385680 1.159223e+00 9.269178e+00 6.365809e-02 3.857259e+00 1.178591e+00 9.207270e+00 3.112167e-02 4.359186e+00
39627824612511968 1.226684e+00 9.087750e+00 1.016453e-01 1.438728e+00 1.211474e+00 9.294243e+00 1.041712e-01 1.678101e+00
39627824637676008 1.434517e+00 9.821340e+00 1.133649e-01 7.655358e-01 1.445136e+00 9.998559e+00 1.097579e-01 -8.036494e-03
39627792932932368 1.407477e+00 1.031021e+01 1.661823e-01 2.183263e+00 1.384508e+00 1.040282e+01 1.716639e-01 3.136878e-01
39627790424738952 1.648307e+00 1.118814e+01 4.045261e-01 -5.162525e-01 1.625367e+00 1.122889e+01 4.297411e-01 -9.456271e-01
39627790441518952 1.441851e+00 1.041286e+01 1.764442e-01 -1.478050e+00 1.660874e+00 1.058414e+01 1.719080e-01 -2.064099e+00
39627616453395928 1.565125e+00 1.105097e+01 5.397630e-01 1.621632e+00 1.414609e+00 1.129745e+01 5.979335e-01 2.669142e+00
39627823291304768 1.145816e+00 1.046257e+01 2.428749e-01 2.902836e+00 1.134233e+00 1.045216e+01 2.377017e-01 4.222072e+00
39627806484729360 1.319710e+00 1.076481e+01 3.749715e-01 1.102736e+00 1.340993e+00 1.079983e+01 3.648241e-01 1.214071e+00
39627764185175672 1.519477e+00 9.981803e+00 1.014918e-01 -3.992146e-01 1.336915e+00 1.006600e+01 1.201205e-01 2.238529e-01
39627817951953864 1.350855e+00 1.056298e+01 1.631716e-01 1.675812e+00 1.399669e+00 1.048080e+01 1.298389e-01 1.778297e+00
39627775044224048 1.344691e+00 1.150067e+01 4.878789e-01 2.983483e+00 1.368145e+00 1.140011e+01 5.294200e-01 6.655392e-01
39627793742435616 1.658300e+00 1.126167e+01 4.445228e-01 -2.474643e-01 1.721040e+00 1.119199e+01 4.740558e-01 -1.291726e+00
39633122966375936 1.429391e+00 1.121115e+01 3.948201e-01 -1.546048e+00 1.513646e+00 1.134861e+01 4.278835e-01 -1.220941e+00
39627824604122072 1.206517e+00 9.793234e+00 1.837231e-01 1.895770e+00 1.260479e+00 9.918255e+00 1.875214e-01 1.786308e+00
39627782363288768 1.302315e+00 1.075229e+01 2.012176e-01 -1.128294e+00 1.480346e+00 1.078701e+01 2.250757e-01 1.042828e+00
39627830564230128 1.249353e+00 1.059598e+01 3.070050e-01 3.177696e+00 1.247332e+00 1.081175e+01 3.273872e-01 2.206836e+00
39633123016707024 1.662748e+00 1.081354e+01 1.681414e-01 -7.825369e-01 1.617935e+00 1.070491e+01 1.411146e-01 -2.417545e+00
39627808439280328 1.066037e+00 9.919854e+00 1.997440e-01 1.319047e+00 1.191827e+00 9.800139e+00 2.079838e-01 8.624718e-01
39627887057306384 1.629144e+00 1.100542e+01 3.645553e-01 -1.920111e+00 1.648281e+00 1.092845e+01 3.650351e-01 -2.212939e+00
39633136543335928 1.191249e+00 9.868676e+00 1.124930e-01 4.122700e+00 1.210204e+00 9.895583e+00 1.100720e-01 3.204230e+00
39627770300468776 1.613529e+00 9.933442e+00 1.152926e-01 -3.633265e-01 1.570252e+00 9.857797e+00 9.503144e-02 -3.023195e-01
39627811886992320 1.300441e+00 1.010744e+01 1.093516e-01 -3.997343e+00 1.327179e+00 1.004981e+01 1.146561e-01 2.443035e-01
39627806505697920 1.545894e+00 1.036886e+01 2.164402e-01 -1.011736e+00 1.508237e+00 1.049743e+01 2.201101e-01 -3.856969e-02
39627739879182200 9.865364e-01 1.003284e+01 2.038428e-01 2.136339e+00 1.046638e+00 9.748048e+00 1.651666e-01 3.228451e+00
39627805939470848 1.206284e+00 1.098395e+01 5.073476e-01 1.538570e+00 1.308715e+00 1.099398e+01 5.614831e-01 1.504498e+00
39627802697272608 1.422989e+00 1.097238e+01 2.743622e-01 -1.409211e+00 1.461022e+00 1.123039e+01 3.485202e-01 -1.223825e+00
39627806589584952 1.261425e+00 9.599933e+00 1.945538e-01 3.247237e+00 1.233456e+00 9.806825e+00 1.832233e-01 2.298749e+00
39627764122257872 1.163340e+00 9.671494e+00 1.752574e-01 3.078357e+00 1.200410e+00 9.345005e+00 1.306856e-01 2.471301e+00
39633136371370864 1.229983e+00 9.978067e+00 2.932202e-01 8.324155e-01 1.127876e+00 1.037207e+01 3.588286e-01 3.371665e+00
39627740063728864 1.179643e+00 9.369439e+00 1.317636e-01 3.398299e+00 1.243203e+00 9.525953e+00 1.146725e-01 1.922556e+00
39627836775990848 1.564509e+00 1.091470e+01 4.949159e-01 -1.418918e+00 1.397411e+00 1.138173e+01 5.447899e-01 5.577424e-01
39627796770723248 1.070531e+00 1.026175e+01 2.910929e-01 3.892362e+00 1.112060e+00 9.853308e+00 2.546855e-01 4.726702e+00
39627761127524968 1.719913e+00 1.161790e+01 6.164160e-01 3.095245e-01 1.634103e+00 1.161252e+01 6.773219e-01 -6.557703e-04
39627877611733152 1.709874e+00 1.130882e+01 3.172139e-01 -3.979271e-01 1.841219e+00 1.113355e+01 3.129558e-01 -9.227235e-01
39627790827394608 1.671695e+00 1.109515e+01 4.414558e-01 -1.398699e-01 1.606076e+00 1.120604e+01 4.820913e-01 -6.532372e-01
39627775002281824 1.503890e+00 1.025575e+01 1.531498e-01 2.388401e-01 1.400615e+00 1.031779e+01 1.712715e-01 9.831345e-01
39627758220872016 1.116012e+00 9.416954e+00 1.813395e-01 2.896173e+00 1.067881e+00 9.168859e+00 1.776922e-01 1.135793e+00
39627835400260936 1.371971e+00 1.079247e+01 2.896262e-01 1.428784e+00 1.372523e+00 1.062673e+01 2.804455e-01 9.072065e-01
39627859567838192 1.763078e+00 1.039322e+01 1.189583e-01 -4.258448e-01 1.649450e+00 1.050774e+01 1.114487e-01 -5.579126e-01
39633136505586168 1.816573e+00 1.069438e+01 3.475136e-01 -8.671508e-01 1.742376e+00 1.110825e+01 3.732260e-01 -2.655457e-01
39627859383292488 1.599768e+00 1.005928e+01 4.933064e-02 2.617446e-01 1.482633e+00 9.956715e+00 3.304167e-02 8.592312e-01
39627800440739392 1.188831e+00 9.837103e+00 1.331329e-01 1.718559e-02 1.224571e+00 9.801998e+00 1.462542e-01 2.248809e+00
39627739417805152 1.773333e+00 1.038281e+01 2.558823e-01 -8.714983e-01 1.609403e+00 1.070384e+01 2.844770e-01 -4.917361e-01
39627830501311584 1.819833e+00 1.049659e+01 1.172139e-01 -1.315026e+00 1.765899e+00 1.063151e+01 1.218869e-01 -1.139598e+00
39627764180982384 1.534491e+00 1.076697e+01 2.594246e-01 -5.454326e-01 1.461503e+00 1.077626e+01 2.719691e-01 1.098184e-01
39627769650350400 1.189486e+00 9.874413e+00 1.304471e-01 -2.440685e+00 1.169607e+00 9.665499e+00 1.223551e-01 5.325427e-01
39627788319196736 1.053948e+00 7.299733e+00 2.562863e-02 5.994952e+00 1.030724e+00 6.966089e+00 9.019673e-04 3.303883e+00
39633293699712008 1.420719e+00 1.099583e+01 3.553858e-01 -9.784495e-01 1.519231e+00 1.101957e+01 3.390162e-01 -1.818820e-01
39627746149664728 1.720219e+00 1.073665e+01 2.674803e-01 -1.292775e+00 1.784178e+00 1.088421e+01 2.783562e-01 -1.973417e+00
39627769168006160 1.678967e+00 1.101268e+01 4.333504e-01 6.716015e-02 1.731098e+00 1.127957e+01 4.375194e-01 -1.222818e+00
39627802470783712 1.971393e+00 1.065001e+01 2.659230e-01 -4.799738e+00 1.590307e+00 1.070403e+01 2.788727e-01 -2.492747e+00
39627824075639904 1.677814e+00 1.126210e+01 3.645321e-01 -3.852818e-01 1.785981e+00 1.124996e+01 3.843515e-01 -3.867568e-01
39627770338216888 1.352389e+00 1.067228e+01 2.337171e-01 3.237464e+00 1.432932e+00 1.048205e+01 2.026979e-01 1.028626e+00
39627782245848624 1.374412e+00 1.044168e+01 2.913159e-01 2.861356e+00 1.358379e+00 1.082729e+01 2.802321e-01 1.584385e+00
39627811157185200 1.771510e+00 1.051333e+01 1.988324e-01 -1.136994e+00 1.760653e+00 1.066402e+01 1.854259e-01 -1.518099e+00
39627788214338352 1.802299e+00 1.103583e+01 2.636333e-01 -9.928812e-01 1.890751e+00 1.124115e+01 2.874067e-01 -1.468060e+00
39627769612603560 1.838513e+00 1.060184e+01 1.260214e-01 -2.231580e+00 1.835975e+00 1.055270e+01 1.094680e-01 -2.156647e+00
39627780865920808 1.306979e+00 8.729804e+00 5.243782e-02 1.921588e+00 1.225011e+00 8.812908e+00 4.543671e-02 2.587290e+00
39627773152600704 1.760614e+00 1.072237e+01 2.963385e-01 -1.435625e-01 1.728670e+00 1.119791e+01 3.045377e-01 -1.544200e+00
39627824578957440 1.622590e+00 1.096688e+01 2.678438e-01 1.549016e+00 1.647340e+00 1.077386e+01 2.514203e-01 5.906289e-01
39627740009205632 1.119718e+00 1.010590e+01 3.175975e-01 5.796026e+00 1.139052e+00 1.053052e+01 3.769823e-01 4.129219e+00
39627773005795376 1.177316e+00 9.740124e+00 1.825348e-01 2.891031e+00 1.166833e+00 9.590577e+00 1.545117e-01 3.515843e+00
39627791083241904 1.753627e+00 9.687429e+00 4.785879e-02 -2.216926e-01 1.763857e+00 9.803169e+00 3.007942e-02 -6.765316e-01
39627751493206136 1.283812e+00 9.675735e+00 1.635330e-01 4.443815e+00 1.246498e+00 9.891107e+00 1.500410e-01 2.996310e+00
39627811182348336 1.257318e+00 1.009315e+01 1.467313e-01 -1.085154e+00 1.229706e+00 1.044841e+01 1.811130e-01 -3.067726e-01
39627814734926368 1.132608e+00 9.722623e+00 1.354237e-01 4.589067e+00 1.127076e+00 9.721542e+00 1.586384e-01 4.354313e+00
39627814860759856 1.703819e+00 1.027675e+01 9.317901e-02 -2.020191e+00 1.771052e+00 1.019679e+01 7.434589e-02 -1.378089e+00
39627670681551952 1.667929e+00 1.033012e+01 1.916020e-01 5.791184e-01 1.709358e+00 1.061615e+01 1.877111e-01 -8.905939e-01
39627727795389080 1.696736e+00 1.087941e+01 2.428974e-01 -1.092329e+00 1.699456e+00 1.107461e+01 2.837928e-01 -1.535175e+00
39627746023834000 1.698648e+00 1.006836e+01 1.289239e-01 -2.238778e+00 1.588100e+00 1.015390e+01 1.361493e-01 -2.491801e+00
39627740139229768 1.152181e+00 1.012436e+01 1.741921e-01 1.154348e+00 1.218268e+00 1.014746e+01 1.530881e-01 2.819818e+00
39633282656110048 1.066949e+00 1.046960e+01 2.461277e-01 3.949845e-01 1.239601e+00 1.036604e+01 2.203283e-01 2.257900e-01
39627806543450448 1.634166e+00 1.103334e+01 3.292908e-01 2.655288e-01 1.681746e+00 1.094890e+01 3.325663e-01 -6.822190e-01
39627784569488584 1.167011e+00 9.116886e+00 9.110933e-02 6.229751e+00 1.172081e+00 8.782386e+00 6.344122e-02 3.483634e+00
39627766538176016 1.097329e+00 8.693655e+00 1.174034e-01 4.840329e+00 1.099356e+00 8.949406e+00 1.182036e-01 4.186396e+00
39627799966777568 1.533816e+00 1.134290e+01 4.740135e-01 -4.726777e-01 1.636936e+00 1.103069e+01 5.025884e-01 -3.117985e-02
39627847437910304 1.217763e+00 8.631855e+00 3.896311e-02 2.986631e+00 1.237210e+00 8.297344e+00 4.817545e-05 3.088860e+00
39627770334022552 1.178907e+00 9.190917e+00 1.469450e-01 3.138083e+00 1.159962e+00 9.580423e+00 1.692727e-01 4.048337e+00
39633131766025328 1.829733e+00 1.052920e+01 1.358761e-01 -1.113413e+00 1.652018e+00 1.064331e+01 1.340470e-01 -1.942167e+00
39627756975162488 1.813977e+00 1.048426e+01 1.458869e-01 -1.912829e+00 1.800979e+00 1.065242e+01 1.378771e-01 -1.738263e+00
39627652461498672 1.875173e+00 1.110504e+01 3.131200e-01 -1.905650e+00 1.833683e+00 1.117453e+01 3.210106e-01 -8.890176e-01
39627814684596512 1.874447e+00 1.101395e+01 5.096664e-01 4.487433e-01 1.666175e+00 1.132678e+01 5.489404e-01 -2.046319e+00
39627805868168440 1.653160e+00 1.058141e+01 1.475178e-01 5.653315e-01 1.795216e+00 1.063359e+01 1.359554e-01 -7.531288e-01
39627796468731944 1.729199e+00 1.063328e+01 1.842336e-01 -2.609076e+00 1.780789e+00 1.075082e+01 1.741467e-01 -2.328575e+00
39627835979073368 1.839375e+00 1.071827e+01 1.924508e-01 -4.209596e-02 1.830834e+00 1.081975e+01 1.829401e-01 -1.371079e+00
39627835366704456 1.232554e+00 1.053684e+01 2.428001e-01 3.561367e+00 1.197154e+00 1.047246e+01 2.493935e-01 3.848560e+00
39627766194250640 1.747879e+00 1.118112e+01 3.350995e-01 -1.251176e+00 1.620355e+00 1.142650e+01 3.812343e-01 -3.346839e-01
39627774880645416 1.680266e+00 1.132621e+01 5.074946e-01 -4.543476e+00 1.659042e+00 1.138715e+01 5.371373e-01 -2.528809e+00
39627745465994080 1.605510e+00 1.036130e+01 1.950614e-01 1.522123e+00 1.498325e+00 1.041775e+01 1.950589e-01 1.922938e+00
39627776222826672 1.548894e+00 1.078076e+01 1.380466e-01 -9.357859e-01 1.544888e+00 1.064352e+01 1.078959e-01 4.423686e-01
39627781658642552 1.258650e+00 1.038299e+01 9.494989e-02 2.672337e+00 1.276618e+00 1.041107e+01 9.252667e-02 2.843030e+00
39627793880847376 1.636030e+00 1.097340e+01 2.862178e-01 -5.430124e-01 1.815015e+00 1.095071e+01 2.995847e-01 -1.148194e+00
39633118772068456 1.899801e+00 1.102027e+01 2.933905e-01 -3.507102e+00 1.813314e+00 1.102220e+01 3.075175e-01 -9.796118e-01
39627808544133392 1.681937e+00 1.089641e+01 2.739622e-01 -1.255086e+00 1.644533e+00 1.109629e+01 2.826307e-01 -1.332709e+00
39627791079048544 1.401995e+00 1.059633e+01 2.163496e-01 2.897240e+00 1.331125e+00 1.095502e+01 2.163701e-01 -5.650154e-01
39627761068806768 1.635122e+00 1.031587e+01 1.351060e-01 -1.573163e+00 1.542322e+00 1.030090e+01 1.398463e-01 2.793522e-01
39627793834705168 1.427652e+00 9.437577e+00 7.861330e-02 1.137468e+00 1.326168e+00 9.375117e+00 6.806149e-02 1.051946e+00
39627818493022576 1.336343e+00 9.934869e+00 1.449139e-01 3.842507e+00 1.342303e+00 9.776667e+00 1.258552e-01 1.352383e+00
39627776336074088 1.719907e+00 1.094134e+01 3.707375e-01 3.661943e-01 1.676629e+00 1.117062e+01 4.234136e-01 -1.071352e+00
39627762901715160 1.725741e+00 1.061130e+01 2.593085e-01 -1.967169e+00 1.677637e+00 1.076954e+01 2.637588e-01 -1.737087e-01
39627781662838168 1.129445e+00 8.790067e+00 8.430599e-02 2.637692e+00 1.132069e+00 8.716067e+00 7.454817e-02 2.018293e+00
39627676708769824 1.249615e+00 1.039841e+01 4.457256e-01 2.308032e+00 1.170834e+00 1.077085e+01 5.189620e-01 3.030899e+00
39627757470092096 1.833380e+00 1.094571e+01 2.081659e-01 -1.781520e+00 1.807210e+00 1.097876e+01 2.034320e-01 -8.420318e-01
39627784523359448 9.938183e-01 1.110615e+01 5.839895e-01 -4.733869e+00 9.967957e-01 9.626433e+00 5.941988e-01 -4.834608e-01
39627845030381224 2.088023e+00 1.131177e+01 3.943892e-01 -1.654007e+00 1.836484e+00 1.149327e+01 4.402189e-01 -6.002090e-01
39627835236680176 1.262129e+00 1.095814e+01 2.848163e-01 3.257190e+00 1.312089e+00 1.096496e+01 2.523025e-01 1.890275e+00
39627824159527416 1.336792e+00 9.939107e+00 8.156472e-02 3.078039e+00 1.314703e+00 9.893548e+00 5.601716e-02 2.529556e+00
39627899145292416 1.521701e+00 1.105045e+01 3.190231e-01 -2.401855e+00 1.580683e+00 1.101685e+01 3.235804e-01 -1.394889e+00
39627791112604480 1.930432e+00 1.109169e+01 3.848694e-01 -1.659832e+00 1.763824e+00 1.120006e+01 4.111050e-01 -1.036828e+00
39627800545591408 1.421459e+00 1.054458e+01 2.957132e-01 3.001251e+00 1.417030e+00 1.048482e+01 2.225643e-01 3.334452e-01
39627871794234160 1.360471e+00 1.087201e+01 5.454521e-01 -1.158547e+00 1.349707e+00 1.141701e+01 6.445997e-01 2.009643e+00
39627792958101288 1.115510e+00 9.400337e+00 7.820629e-02 3.177891e+00 1.164015e+00 9.076975e+00 6.223625e-02 3.980116e+00
39627800516232632 1.190612e+00 9.546092e+00 1.256393e-01 5.068132e+00 1.175944e+00 9.586738e+00 1.350859e-01 3.850680e+00
39627835354124264 1.697065e+00 1.002181e+01 1.022262e-01 -6.387255e-01 1.602858e+00 9.980434e+00 8.816341e-02 -4.156455e-01
39627787903964224 1.243214e+00 1.027090e+01 1.381895e-01 3.237897e+00 1.232027e+00 1.010135e+01 1.422786e-01 2.970789e+00
39627806480534792 1.260242e+00 9.551661e+00 1.252725e-01 -2.590212e-01 1.144355e+00 9.313625e+00 9.508632e-02 1.535708e+00
39627788466000976 1.238927e+00 1.002544e+01 1.474487e-01 2.237265e+00 1.243504e+00 9.839007e+00 1.416222e-01 1.152882e+00
39627782182929856 1.655130e+00 1.079003e+01 1.888991e-01 -1.286855e+00 1.690795e+00 1.087175e+01 1.925894e-01 -2.313601e+00
39627794493214992 1.774516e+00 1.112082e+01 4.405049e-01 -3.673721e+00 1.783454e+00 1.128071e+01 4.581790e-01 -1.241992e+00
39627778726822576 1.751645e+00 1.000210e+01 7.475377e-02 -4.199630e-01 1.712335e+00 9.964220e+00 5.858277e-02 -7.658765e-01
39627766928250944 1.378351e+00 1.108323e+01 4.422846e-01 -2.945534e-01 1.492960e+00 1.107562e+01 4.827418e-01 -8.921119e-01
39627835542864672 1.727220e+00 1.059532e+01 2.083758e-01 -2.848886e-01 1.595083e+00 1.064755e+01 2.148473e-01 2.250707e-01
39627829276574640 1.245279e+00 1.072569e+01 2.843907e-01 3.744531e-01 1.312372e+00 1.054718e+01 2.691033e-01 1.123431e+00
39627774859674112 1.446841e+00 1.028517e+01 1.271432e-01 1.956520e-01 1.393335e+00 1.035112e+01 1.189571e-01 5.327209e-01
39627749140203624 1.341484e+00 1.041114e+01 1.712587e-01 2.454031e+00 1.360126e+00 1.035211e+01 1.672525e-01 5.493069e-01
39633157993008064 1.173828e+00 1.045353e+01 1.064963e-01 1.556247e+00 1.212705e+00 1.051825e+01 1.028741e-01 2.798888e+00
39627835224097816 1.735781e+00 1.025501e+01 2.108770e-01 -2.706404e-01 1.574017e+00 1.044830e+01 1.909556e-01 -1.737272e+00
39627792945518032 1.506203e+00 1.077139e+01 2.727486e-01 -8.799036e-01 1.694940e+00 1.075548e+01 2.684428e-01 -1.544828e+00
39627782350702152 1.835646e+00 1.030652e+01 1.962486e-01 -3.854027e+00 1.601290e+00 1.036643e+01 1.977890e-01 -1.451826e+00
39627841393920296 1.281462e+00 1.060136e+01 2.673573e-01 5.418345e+00 1.224890e+00 1.068237e+01 2.483836e-01 3.503558e+00
39627764285837672 1.512032e+00 1.077929e+01 3.484906e-01 1.400303e+00 1.564375e+00 1.068689e+01 3.531100e-01 2.035634e+00
39627811161378328 1.352952e+00 1.010355e+01 2.197599e-01 -3.225191e+00 1.262389e+00 1.031429e+01 2.559979e-01 7.577454e-01
39627764210338880 1.749921e+00 1.057596e+01 2.577879e-01 5.352096e-01 1.595248e+00 1.057698e+01 2.421531e-01 1.127566e+00
39627800256189672 1.799985e+00 1.133312e+01 4.725152e-01 -1.987681e+00 1.697419e+00 1.116830e+01 4.803355e-01 -1.577636e+00
39627824574760368 1.647428e+00 1.047114e+01 1.906338e-01 -3.630719e-01 1.623901e+00 1.061543e+01 1.925524e-01 -1.772978e+00
39633127689159824 1.233311e+00 1.119909e+01 5.295892e-01 2.196146e+00 1.255299e+00 1.097155e+01 5.680219e-01 1.965356e+00
39627752231404904 1.223298e+00 1.066338e+01 3.196266e-01 1.651609e+00 1.305920e+00 1.099248e+01 3.308401e-01 1.412122e+00
39627772909330384 1.425626e+00 1.131385e+01 4.551733e-01 -6.405499e-01 1.475199e+00 1.128394e+01 4.477304e-01 6.874806e-02
39627859739805280 1.776182e+00 1.038472e+01 1.044808e-01 1.233814e-01 1.783474e+00 1.030502e+01 8.660331e-02 -1.669523e+00
39627751954584664 1.304296e+00 1.053222e+01 1.888206e-01 3.606280e+00 1.307755e+00 1.043850e+01 1.590172e-01 2.130336e+00
39627835396066656 1.441313e+00 1.017053e+01 1.607998e-01 -5.538169e-02 1.408265e+00 1.020547e+01 1.238590e-01 -6.099463e-02
39627758199898736 1.216754e+00 1.037601e+01 2.153509e-01 4.292289e+00 1.222505e+00 1.048568e+01 2.190888e-01 3.701325e+00
39627781633476944 1.361607e+00 1.052360e+01 1.876270e-01 1.615501e+00 1.415336e+00 1.048090e+01 1.742050e-01 1.281774e+00
39627757642060576 1.331117e+00 1.071145e+01 1.954392e-01 2.931221e+00 1.456279e+00 1.023714e+01 1.443381e-01 1.578888e+00
39627790407965496 1.256993e+00 1.038094e+01 1.428139e-01 -2.524109e-01 1.579597e+00 1.038347e+01 1.307512e-01 1.295702e-01
39627793872458136 1.593984e+00 1.114937e+01 4.064783e-01 -2.898482e+00 1.697333e+00 1.118499e+01 4.379226e-01 -1.496963e+00
39627799098558632 1.004011e+00 8.509461e+00 5.321318e-02 5.682588e+00 1.083518e+00 7.953512e+00 3.955069e-02 1.465355e+00
39627758166349104 1.597042e+00 1.037521e+01 2.622341e-01 8.900080e-01 1.614650e+00 1.074051e+01 2.479378e-01 8.468130e-01
39627883630563720 1.630736e+00 1.090331e+01 4.555470e-01 -1.332833e+00 1.683310e+00 1.131059e+01 4.982992e-01 -1.845316e+00
39627811165569408 1.662375e+00 1.083121e+01 2.586328e-01 -2.086937e+00 1.648988e+00 1.083271e+01 2.465182e-01 -1.256625e+00
39627830631335632 1.341965e+00 1.039785e+01 1.692490e-01 2.369734e-01 1.439710e+00 1.038361e+01 1.339529e-01 7.430106e-02
39627748972431048 1.717115e+00 1.121817e+01 5.014380e-01 -4.496363e-01 1.590645e+00 1.122750e+01 5.329832e-01 -2.424105e-01
39627805176104248 1.373604e+00 1.026049e+01 3.059311e-01 2.447773e+00 1.345561e+00 1.074537e+01 3.296732e-01 1.743013e+00
39627763648303728 1.783309e+00 1.008428e+01 7.917725e-02 -4.984597e-01 1.728243e+00 9.952748e+00 5.102265e-02 -7.044809e-01
39627830597783640 1.909703e+00 1.105337e+01 3.168232e-01 -2.423915e+00 1.745982e+00 1.104044e+01 3.239744e-01 -1.170281e+00
39627739359087800 1.852650e+00 1.040827e+01 1.255404e-01 -1.158687e+00 1.717550e+00 1.042611e+01 1.354805e-01 -1.830593e-01
39627796590369976 1.268931e+00 9.081734e+00 6.066758e-02 1.402017e+00 1.287818e+00 9.281594e+00 5.653645e-02 2.202847e+00
39627758086656936 1.527871e+00 1.000919e+01 1.404987e-01 1.061948e+00 1.578416e+00 9.970959e+00 1.174860e-01 9.466070e-02
39627799031450320 1.518447e+00 1.075163e+01 2.323734e-01 6.039571e-03 1.411449e+00 1.074741e+01 2.606432e-01 1.340943e+00
39627817415084144 1.713862e+00 1.091459e+01 3.790894e-01 5.941838e-02 1.760293e+00 1.113644e+01 3.856866e-01 -4.455040e-01
39627799836755904 1.559907e+00 1.129452e+01 5.201797e-01 -1.702896e+00 1.481982e+00 1.124767e+01 5.589105e-01 9.162951e-02
39627841310032704 1.347780e+00 1.007519e+01 1.338079e-01 3.558082e+00 1.304238e+00 1.022219e+01 1.635492e-01 3.853585e+00
39627847664405232 1.881771e+00 1.104115e+01 3.739905e-01 -1.440196e+00 1.811424e+00 1.130298e+01 3.890594e-01 -5.471549e-01
39627800449126064 1.768066e+00 9.918401e+00 1.491429e-01 -6.452904e-01 1.649761e+00 1.011558e+01 1.271906e-01 -1.252584e+00
39627812507749672 1.501010e+00 1.022001e+01 1.260856e-01 -5.749133e-01 1.578854e+00 1.009877e+01 1.086506e-01 -2.975664e-01
39627760905227080 1.644798e+00 1.114254e+01 5.273432e-01 1.201093e+00 1.413574e+00 1.127181e+01 5.651997e-01 7.310487e-01
39627818040038240 1.184234e+00 9.741486e+00 8.958952e-02 3.943817e+00 1.206030e+00 9.995802e+00 9.894332e-02 3.573609e+00
39627874864468248 1.617890e+00 1.086715e+01 3.634400e-01 -3.244638e+00 1.819795e+00 1.137491e+01 4.384187e-01 -1.068460e+00
39627760351582640 1.554957e+00 1.123966e+01 3.845802e-01 -7.164747e-02 1.721707e+00 1.101951e+01 3.912514e-01 -5.328910e-01
39633127714328200 1.767182e+00 1.082278e+01 5.099390e-01 2.480742e-01 1.666039e+00 1.138096e+01 5.270374e-01 -5.602987e-01
39627794489020128 1.134938e+00 9.891209e+00 1.480432e-01 -1.309576e+00 1.184075e+00 9.524974e+00 1.236322e-01 1.648415e+00
39633118671407392 1.511179e+00 1.134589e+01 5.376251e-01 -1.372340e+00 1.639486e+00 1.128823e+01 5.621403e-01 2.837080e-02
39627787845240616 1.480364e+00 9.615341e+00 1.169473e-01 1.180032e+00 1.485237e+00 9.523815e+00 9.351446e-02 5.423931e-01
39627782275208256 1.106901e+00 9.824368e+00 1.844524e-01 4.022690e+00 1.142385e+00 9.389727e+00 1.771749e-01 4.031297e+00
39627824453128504 1.365661e+00 1.024075e+01 9.284395e-02 2.365196e+00 1.325634e+00 1.017903e+01 7.499166e-02 2.590333e+00
39627780949804496 1.341987e+00 1.030336e+01 2.347659e-01 2.976727e+00 1.234918e+00 1.065080e+01 2.458722e-01 3.280605e+00
39627700834403432 1.695764e+00 1.114414e+01 6.023477e-01 3.492019e-02 1.653695e+00 1.154767e+01 6.527190e-01 -1.696030e-01
39627799878699952 1.335278e+00 1.031624e+01 1.258365e-01 2.215484e+00 1.330330e+00 1.011890e+01 1.070372e-01 2.081467e+00
39627784229754248 1.214034e+00 1.003740e+01 1.774736e-01 3.134384e+00 1.228753e+00 9.742168e+00 1.583347e-01 2.343090e+00
39627799035642024 1.608417e+00 1.042150e+01 1.569444e-01 -1.526604e+00 1.711519e+00 1.032276e+01 1.318646e-01 -1.518520e+00
39627853335107432 1.778257e+00 1.075217e+01 1.110899e-01 -1.102878e+00 1.719369e+00 1.061756e+01 9.835501e-02 -8.061513e-01
39627787018965072 1.647896e+00 1.068401e+01 1.994313e-01 1.436219e+00 1.571656e+00 1.068807e+01 2.118202e-01 1.891036e+00
39627805792667096 1.589780e+00 1.120982e+01 3.105984e-01 -3.745483e-01 1.758492e+00 1.117004e+01 3.091913e-01 -1.890082e+00
39627760309639280 1.604196e+00 1.131032e+01 5.025328e-01 8.735662e-01 1.505398e+00 1.129998e+01 5.746515e-01 4.738448e-01
39627772179518144 1.432815e+00 1.104486e+01 4.906429e-01 2.586528e+00 1.385362e+00 1.125334e+01 5.132557e-01 7.042042e-01
39627893080329496 1.741896e+00 1.102817e+01 3.064318e-01 -2.425981e+00 1.784255e+00 1.097116e+01 3.123295e-01 -1.473248e+00
39627836792769888 1.301259e+00 1.041223e+01 3.245245e-01 3.338422e+00 1.268822e+00 1.057310e+01 3.206136e-01 2.874867e+00
39627806430203512 1.908262e+00 1.102702e+01 2.649278e-01 -1.546258e+00 1.878354e+00 1.123068e+01 2.773585e-01 -1.179761e+00
39627760930395840 1.513269e+00 8.098015e+00 1.455663e-02 1.535768e+00 1.576082e+00 7.817616e+00 2.999470e-03 -2.260219e-01
39627746011253712 1.542957e+00 1.050155e+01 1.848921e-01 -4.447308e-01 1.577847e+00 1.045904e+01 1.774443e-01 -2.485432e+00
39627853364464120 9.900650e-01 9.390508e+00 7.638182e-02 3.641882e+00 1.076252e+00 9.200210e+00 6.367846e-02 3.904237e+00
39633122962179104 1.668367e+00 1.102865e+01 3.362469e-01 -7.647326e-01 1.674636e+00 1.093207e+01 3.365933e-01 -9.259816e-01
39627805826224032 1.629331e+00 1.037924e+01 1.398682e-01 1.103965e+00 1.552515e+00 1.049750e+01 1.623039e-01 -2.684457e+00
39627755129671104 1.157479e+00 8.321995e+00 5.712260e-02 4.349239e+00 1.065263e+00 7.981999e+00 2.957274e-02 1.045387e+00
39627824637678048 1.388003e+00 1.055354e+01 1.914516e-01 2.967335e+00 1.367838e+00 1.049282e+01 1.954528e-01 1.747775e+00
39627782342316112 1.594608e+00 1.063883e+01 2.106381e-01 -7.908171e-01 1.588066e+00 1.068349e+01 2.089878e-01 -5.481209e-01
39627868967277184 1.740761e+00 1.114591e+01 2.988272e-01 -8.241111e-01 1.878396e+00 1.123015e+01 3.038480e-01 -1.903191e+00
39627775585289344 1.239671e+00 9.825563e+00 1.246083e-01 3.095283e+00 1.250528e+00 9.662886e+00 1.193565e-01 1.816411e+00
39627811249456584 1.206355e+00 1.107935e+01 3.863440e-01 5.749726e+00 1.187658e+00 1.075764e+01 3.876169e-01 5.755274e+00
39627808758044384 1.387452e+00 1.121503e+01 5.453514e-01 -1.487878e-01 1.436666e+00 1.123507e+01 5.897528e-01 1.286916e+00
39627790458297056 1.644270e+00 1.030604e+01 1.272325e-01 5.371975e-01 1.762448e+00 1.039604e+01 1.091096e-01 -1.809133e+00
39627658585178680 1.356596e+00 1.139260e+01 3.585076e-01 1.898565e+00 1.358126e+00 1.123211e+01 3.380566e-01 1.135179e+00
39627752097190592 1.606737e+00 1.056133e+01 1.586660e-01 1.298216e-01 1.648607e+00 1.058868e+01 1.391495e-01 -1.051188e+00
39627780945611496 1.832368e+00 1.061282e+01 2.225730e-01 -1.881733e-01 1.753364e+00 1.071670e+01 2.172332e-01 -7.620994e-01
39627800600119432 1.343659e+00 9.417338e+00 9.679486e-02 3.570799e+00 1.230722e+00 9.400364e+00 9.249966e-02 7.307410e-01
39627941172217536 1.463057e+00 1.120418e+01 3.068371e-01 -1.230936e+00 1.507860e+00 1.142547e+01 3.862807e-01 1.255750e-01
39627818136504424 1.751988e+00 1.112540e+01 4.641634e-01 -7.095941e-01 1.662034e+00 1.120784e+01 5.065250e-01 -5.724072e-02
39627755079338168 1.290603e+00 1.045606e+01 1.913285e-01 4.780409e+00 1.252240e+00 1.041608e+01 2.225571e-01 1.799998e+00
39627769662934656 1.012045e+00 9.778023e+00 1.790859e-01 -1.464113e+00 9.232124e-01 9.546478e+00 2.404813e-01 -3.792331e-01
39627769662933224 1.515976e+00 1.064764e+01 3.245203e-01 3.091439e+00 1.364426e+00 1.074572e+01 3.620736e-01 6.110916e-01
39627792983266688 1.514647e+00 1.050262e+01 1.556385e-01 -5.428520e-01 1.630272e+00 1.045277e+01 1.662752e-01 -2.516918e+00
39627733986182944 1.191023e+00 9.299784e+00 7.675680e-02 3.943777e+00 1.228608e+00 9.041479e+00 5.836010e-02 3.383053e+00
39627811337540688 1.518992e+00 1.038301e+01 1.222451e-01 1.727475e-01 1.482067e+00 1.069899e+01 1.417312e-01 1.603869e-01
39627745453411008 1.276073e+00 1.000508e+01 2.810930e-01 1.687877e+00 1.324607e+00 1.044713e+01 2.838386e-01 3.445477e-01
39633158269830864 1.412754e+00 9.845974e+00 6.945168e-02 1.303230e+00 1.431399e+00 9.867954e+00 5.733316e-02 9.665837e-01
39627815242438184 1.010251e+00 9.603603e+00 2.342336e-01 3.310218e+00 1.028113e+00 9.746663e+00 2.573316e-01 3.359633e+00
39627787694249048 1.419840e+00 1.100360e+01 3.143235e-01 -1.536000e+00 1.549341e+00 1.105039e+01 3.346584e-01 -1.100685e-01
39627781784470528 1.277143e+00 1.085636e+01 3.213712e-01 2.053153e+00 1.358886e+00 1.091376e+01 3.361000e-01 1.701323e+00
39627758258622040 1.275243e+00 1.065481e+01 2.499932e-01 1.121077e+00 1.340038e+00 1.044684e+01 2.503246e-01 6.701251e-01
39627817205372456 1.244901e+00 1.031513e+01 1.970425e-01 2.009317e+00 1.260427e+00 1.009593e+01 1.834763e-01 2.438028e+00
39627769579048680 1.712812e+00 1.066601e+01 1.533391e-01 -2.247653e-01 1.799609e+00 1.065970e+01 1.418816e-01 -9.508913e-01
39627847324667120 1.616409e+00 1.105773e+01 3.353716e-01 8.264673e-01 1.619777e+00 1.098668e+01 3.475899e-01 -4.969347e-01
39633118415555016 1.665923e+00 1.107005e+01 3.938765e-01 -1.583481e+00 1.621042e+00 1.099335e+01 3.922051e-01 -1.307316e+00
39627830597781960 1.539305e+00 1.067953e+01 2.611429e-01 -1.225702e+00 1.533056e+00 1.069580e+01 2.820346e-01 -4.442611e-01
39627786939272240 1.818677e+00 1.036689e+01 1.777881e-01 -1.456345e+00 1.728609e+00 1.050424e+01 1.727969e-01 -1.484133e+00
39627793062954216 1.483656e+00 1.083164e+01 2.040389e-01 1.100864e+00 1.447106e+00 1.096067e+01 2.377649e-01 9.313525e-01
39627812541304112 1.352391e+00 1.051685e+01 2.403254e-01 1.045831e+00 1.299921e+00 1.038772e+01 2.374111e-01 2.149163e+00
39627757495257072 1.242178e+00 9.470749e+00 7.787921e-02 3.098737e+00 1.233967e+00 9.317353e+00 5.342580e-02 3.010051e+00
39627724964236776 1.753879e+00 1.078348e+01 3.790722e-01 1.221709e+00 1.547193e+00 1.094010e+01 3.889681e-01 -1.684560e+00
39627802386894056 1.146758e+00 9.580818e+00 1.109674e-01 5.335413e+00 1.122267e+00 9.343879e+00 8.517952e-02 4.955473e+00
39627776390595864 1.704416e+00 1.030849e+01 7.825875e-02 5.388555e-03 1.560654e+00 1.053377e+01 1.044740e-01 1.962502e-01
39627751438684296 1.055778e+00 8.707545e+00 7.810725e-02 4.316716e+00 1.072220e+00 9.096693e+00 6.257521e-02 4.211906e+00
39627835312181776 1.399689e+00 1.011257e+01 2.192164e-01 3.918239e+00 1.316393e+00 1.038898e+01 2.481698e-01 5.075264e+00
39627805989803344 1.219593e+00 9.991519e+00 1.515146e-01 3.060789e-01 1.251775e+00 9.644555e+00 1.253131e-01 1.507100e+00
39627830685861472 1.336201e+00 1.014233e+01 1.387208e-01 2.992576e-01 1.301966e+00 9.896968e+00 1.206527e-01 8.228074e-01
39627775648206400 1.755019e+00 1.059003e+01 1.304028e-01 -1.414852e+00 1.801739e+00 1.057192e+01 1.268354e-01 -2.021752e+00
39627817977119320 1.531485e+00 1.065279e+01 2.518616e-01 5.618546e-03 1.707093e+00 1.075202e+01 2.790519e-01 -1.471871e+00
39627781063051400 1.136437e+00 1.037619e+01 2.083477e-01 3.496526e+00 1.140742e+00 1.053347e+01 2.659859e-01 4.109445e+00
39627739346507416 1.041482e+00 8.667014e+00 1.076616e-01 1.950928e+00 1.063905e+00 8.507591e+00 9.527963e-02 3.870641e+00
39627793914398400 1.621680e+00 1.074563e+01 1.642192e-01 -4.778932e-01 1.485442e+00 1.078120e+01 1.554714e-01 5.007522e-01
39627762897519704 1.807365e+00 1.094092e+01 2.819720e-01 -7.940676e-01 1.759464e+00 1.084465e+01 2.840437e-01 -9.222983e-01
39627823312276312 1.401333e+00 1.099250e+01 3.349889e-01 -4.143192e-01 1.181674e+00 1.086853e+01 3.723861e-01 4.044557e+00
39627757478478488 1.233923e+00 1.015352e+01 1.509154e-01 -1.862942e-01 1.257564e+00 1.025131e+01 1.928115e-01 9.195420e-01
39627796451953040 1.102361e+00 1.001923e+01 1.493962e-01 -9.456170e-01 1.111367e+00 9.820954e+00 1.278731e-01 -8.619690e-01
39627836817933904 1.764331e+00 1.145010e+01 6.124550e-01 -5.737412e-01 1.627439e+00 1.160476e+01 6.808560e-01 -7.974505e-04
39627776323487440 1.343505e+00 1.138922e+01 5.491614e-01 3.171531e+00 1.332738e+00 1.123390e+01 6.092105e-01 3.953824e+00
39627812541303568 1.158192e+00 1.032469e+01 2.414683e-01 1.760940e+00 1.189907e+00 1.018323e+01 2.456858e-01 7.773068e-01
39627787174152784 2.019271e+00 1.059565e+01 1.278573e-01 -2.170880e+00 1.857511e+00 1.083159e+01 1.280479e-01 -1.953485e+00
39627850860467648 1.727040e+00 1.104101e+01 4.271062e-01 -5.741733e-01 1.664031e+00 1.126643e+01 4.617383e-01 -2.171751e+00
39627818581102200 1.262781e+00 1.017192e+01 2.194586e-01 1.782672e+00 1.205380e+00 1.034008e+01 2.429989e-01 3.356006e+00
39627847433717792 1.343588e+00 1.059555e+01 1.449758e-01 2.852752e+00 1.368189e+00 1.040774e+01 1.160916e-01 1.457084e+00
39627755020623064 1.359913e+00 1.098115e+01 4.890206e-01 -3.676853e-01 1.383301e+00 1.104789e+01 4.847579e-01 -2.762619e-01
39627812004430448 1.137982e+00 1.015321e+01 2.463182e-01 4.528045e+00 1.134727e+00 9.937281e+00 2.281675e-01 4.286732e+00
39627758208292840 1.024410e+00 9.373860e+00 1.081008e-01 2.729114e+00 1.122749e+00 8.589846e+00 7.245749e-02 3.075748e+00
39627836629192512 1.239108e+00 1.044250e+01 3.047992e-01 9.755507e-01 1.219200e+00 1.076645e+01 3.415883e-01 3.084171e+00
39627776273156000 1.764177e+00 1.109857e+01 5.017996e-01 -2.204837e+00 1.696876e+00 1.140763e+01 5.417354e-01 -4.730060e-01
39627757512035384 1.080537e+00 8.997877e+00 1.368569e-01 5.236043e+00 1.109049e+00 9.346278e+00 1.515193e-01 4.633810e+00
39627812449029248 1.272129e+00 1.013238e+01 1.459870e-01 3.208423e+00 1.268281e+00 1.008203e+01 1.232947e-01 2.717597e+00
39627763589582352 1.739712e+00 1.111674e+01 2.632564e-01 -9.591208e-01 1.804798e+00 1.112964e+01 2.673267e-01 -1.998791e+00
39627847479855872 1.619980e+00 9.680068e+00 8.650829e-02 -4.066850e-01 1.458538e+00 9.551732e+00 6.488468e-02 -2.260731e-01
39627805129969552 1.165624e+00 8.797712e+00 7.159541e-02 4.957920e+00 1.184209e+00 8.888434e+00 5.806461e-02 4.094813e+00
39627794535156824 1.645789e+00 1.118302e+01 5.373744e-01 2.640194e-01 1.643690e+00 1.142276e+01 6.036413e-01 1.261489e-01
39627778991065856 1.249236e+00 1.120045e+01 4.516971e-01 -1.885053e+00 1.350777e+00 1.115276e+01 4.666548e-01 8.644881e-01
39627778500332064 1.208766e+00 1.009545e+01 2.995453e-01 3.088486e+00 1.191930e+00 1.010518e+01 3.071440e-01 3.548920e+00
39627818484631200 1.623046e+00 1.083014e+01 3.179105e-01 1.688618e+00 1.478686e+00 1.096148e+01 3.233622e-01 4.003260e-01
39627769583244384 1.259149e+00 1.005502e+01 1.621982e-01 1.288722e-02 1.296754e+00 9.928270e+00 1.544216e-01 1.391105e+00
39627796732975416 1.169643e+00 9.454907e+00 8.235016e-02 1.724715e+00 1.160263e+00 1.029275e+01 1.634552e-01 -2.735386e-01
39627780974971344 1.274455e+00 9.066561e+00 1.006084e-01 2.302489e+00 1.190357e+00 9.328577e+00 1.087038e-01 2.748002e+00
39633290046475096 1.464947e+00 1.097008e+01 3.693854e-01 2.760051e+00 1.590122e+00 1.086066e+01 3.291026e-01 1.124710e-01
39627820632121176 1.214751e+00 9.930124e+00 1.421827e-01 3.223892e+00 1.232983e+00 9.974086e+00 1.545642e-01 2.979201e+00
39627768878596864 1.679815e+00 1.084399e+01 2.541851e-01 -3.255669e+00 1.662951e+00 1.081552e+01 2.814582e-01 -1.555490e+00
39627746128691528 1.683416e+00 1.084607e+01 2.408535e-01 -1.213065e+00 1.712305e+00 1.080914e+01 2.427395e-01 -1.636649e-01
39627745440829024 1.123228e+00 9.627202e+00 1.364541e-01 2.741226e+00 1.129656e+00 9.226986e+00 1.204898e-01 3.790883e+00
39627764210336304 1.591245e+00 1.089100e+01 2.630326e-01 -2.729878e+00 1.626497e+00 1.077197e+01 2.708081e-01 -2.280161e+00
39627776369625576 1.323710e+00 1.052074e+01 3.467821e-01 3.182338e+00 1.285944e+00 1.062638e+01 3.612083e-01 1.223850e+00
39627824587345976 1.559983e+00 1.130154e+01 4.701829e-01 6.682795e-01 1.436586e+00 1.137850e+01 4.757687e-01 -2.418651e-01
39627824012724416 1.220534e+00 9.980529e+00 8.348210e-02 -5.691159e-01 1.285510e+00 9.950733e+00 7.012643e-02 2.226931e+00
39627775019060016 1.789181e+00 1.110890e+01 3.609438e-01 -5.033324e-01 1.789330e+00 1.129627e+01 3.797944e-01 -7.311641e-01
39627835404455168 1.120273e+00 9.274394e+00 9.087511e-02 -1.825549e+00 1.160164e+00 8.740196e+00 5.269817e-02 1.222843e+00
39627763543447312 1.185341e+00 1.071072e+01 3.981605e-01 7.828040e+00 1.163248e+00 1.073447e+01 4.030444e-01 6.519995e+00
39627800524621960 1.165705e+00 9.596544e+00 1.165542e-01 6.498883e-01 1.147169e+00 9.520729e+00 9.836870e-02 5.421592e-01
39627752080413104 1.535237e+00 1.132431e+01 4.081109e-01 6.297885e-02 1.636142e+00 1.145510e+01 4.557907e-01 -2.012924e+00
39627652654438144 1.837104e+00 1.130936e+01 4.399157e-01 -1.018600e+00 1.665895e+00 1.130887e+01 4.636963e-01 -1.355465e+00
39627847475662232 1.812805e+00 1.102807e+01 2.107925e-01 -8.691873e-01 1.836716e+00 1.093410e+01 1.995373e-01 -2.247740e+00
39627766617872568 1.199168e+00 1.029292e+01 2.471825e-01 4.097441e+00 1.161548e+00 1.023031e+01 2.205649e-01 4.102165e+00
39627752176880536 1.455358e+00 1.073775e+01 3.233877e-01 -4.198383e-01 1.584674e+00 1.088792e+01 3.351685e-01 -8.915466e-01
39627808653181360 1.656769e+00 1.048929e+01 4.049534e-01 -1.412978e+00 1.603051e+00 1.099085e+01 4.283475e-01 -2.150775e+00
39627733323481304 1.383140e+00 1.068994e+01 1.329502e-01 1.177106e+00 1.381273e+00 1.056686e+01 1.209978e-01 1.563983e+00
39627793100703360 1.183593e+00 9.725120e+00 9.184497e-02 4.970860e+00 1.180560e+00 9.567591e+00 8.182827e-02 4.212774e+00
39627800432347968 1.129795e+00 9.881506e+00 1.133138e-01 4.217259e+00 1.171926e+00 9.629044e+00 9.696266e-02 4.320661e+00
39627820770526256 1.558145e+00 1.108838e+01 3.312541e-01 -1.092554e+00 1.636092e+00 1.108554e+01 3.553591e-01 -9.125445e-01
39627793742430496 1.350204e+00 1.030927e+01 1.619828e-01 3.177296e-01 1.302916e+00 1.032853e+01 1.648314e-01 2.352017e+00
39627818589491936 1.526845e+00 1.114571e+01 2.874374e-01 3.744074e-01 1.543233e+00 1.103855e+01 2.790376e-01 6.144181e-01
39633162434775624 1.746484e+00 1.090374e+01 2.450579e-01 2.858028e-01 1.755119e+00 1.097583e+01 2.770799e-01 -1.335016e+00
39627740088897072 1.614388e+00 9.897353e+00 8.878830e-02 2.345425e-01 1.545437e+00 9.841004e+00 5.601561e-02 2.002177e-01
39627805197078568 1.280056e+00 1.001865e+01 1.968130e-01 2.785894e+00 1.246692e+00 1.011090e+01 1.905672e-01 2.472681e+00
39627824599930040 1.509542e+00 1.091577e+01 3.250421e-01 1.997874e+00 1.477728e+00 1.069841e+01 3.464466e-01 3.539728e+00
39627784485609480 1.849348e+00 1.103098e+01 3.123331e-01 -2.143536e+00 1.806888e+00 1.111019e+01 3.164721e-01 -1.811002e+00
39627841305843104 1.341666e+00 1.056665e+01 2.699256e-01 4.913435e+00 1.319205e+00 1.056349e+01 2.636358e-01 3.294870e+00
39627796347103088 1.150230e+00 9.934233e+00 1.615444e-01 3.461353e+00 1.175056e+00 9.717727e+00 1.515975e-01 3.994885e+00
39627814894310264 1.670262e+00 1.110451e+01 4.161360e-01 -1.138905e+00 1.694243e+00 1.117032e+01 4.085481e-01 -2.961874e-02
39627762889132528 1.592630e+00 1.132712e+01 5.833337e-01 1.120187e-01 1.574079e+00 1.146475e+01 6.549395e-01 5.205839e-01
39627823979170312 1.673285e+00 9.929858e+00 7.818931e-02 1.363504e+00 1.532323e+00 1.003860e+01 7.186751e-02 -1.562029e-02
39627796552621576 1.623049e+00 1.015219e+01 1.094269e-01 -2.987851e+00 1.621707e+00 1.038497e+01 1.189123e-01 -7.240692e-01
39627788449221072 1.090763e+00 1.067713e+01 2.892580e-01 3.425640e+00 1.163343e+00 1.042024e+01 2.251461e-01 4.101091e+00
39627768958287992 1.520515e+00 1.084470e+01 3.136210e-01 -3.045773e-01 1.426263e+00 1.089425e+01 3.545362e-01 9.933635e-01
39633122991541112 1.805959e+00 1.052591e+01 2.165471e-01 -1.157560e+00 1.742497e+00 1.065779e+01 2.015357e-01 -6.996905e-01
39627766420738032 1.767244e+00 1.116269e+01 3.829767e-01 -2.433831e+00 1.685443e+00 1.103385e+01 4.165876e-01 -1.339951e+00
39627752231403912 1.779406e+00 1.046732e+01 2.855627e-01 -6.332739e-01 1.728760e+00 1.077422e+01 2.876087e-01 -2.762548e-01
39627859504928296 1.211009e+00 1.003994e+01 1.542019e-01 3.784969e+00 1.229684e+00 9.792610e+00 1.567556e-01 2.396448e+00
39627763488916912 1.583213e+00 1.052592e+01 1.731449e-01 6.421732e-01 1.494668e+00 1.047742e+01 1.660984e-01 -2.903820e-01
39627781725753816 1.850322e+00 1.056714e+01 1.307339e-01 -1.822532e+00 1.841940e+00 1.062225e+01 1.306218e-01 -2.082328e+00
39627815208879680 1.612520e+00 1.127358e+01 4.219314e-01 -1.706912e+00 1.767206e+00 1.124774e+01 4.342355e-01 -1.235639e+00
39627745596017392 1.396377e+00 1.112496e+01 5.106782e-01 -3.971210e+00 1.436175e+00 1.119502e+01 5.546073e-01 6.051975e-02
39627757709166768 1.542612e+00 1.056650e+01 1.529635e-01 -7.678672e-03 1.456392e+00 1.065925e+01 1.530629e-01 6.656212e-01
39627772192104800 1.471964e+00 1.001058e+01 7.174470e-02 1.609957e+00 1.554133e+00 1.020375e+01 5.302890e-02 3.294668e-01
39627786922492120 1.486898e+00 1.029679e+01 1.646321e-01 -4.678017e-01 1.627013e+00 1.028335e+01 1.597320e-01 -1.636619e+00
39627793675322192 1.412911e+00 1.074088e+01 1.974740e-01 2.400114e+00 1.391833e+00 1.075097e+01 1.920123e-01 1.231843e+00
39627811937321600 1.025365e+00 7.484730e+00 2.127948e-02 -8.684798e-01 1.024414e+00 7.015772e+00 0.000000e+00 2.688918e-01
39627770371770320 1.514837e+00 1.032187e+01 1.005170e-01 1.631118e+00 1.455777e+00 1.049706e+01 9.476921e-02 1.334320e+00
39633149390488544 1.588608e+00 1.056703e+01 1.835927e-01 1.833974e+00 1.670539e+00 1.046947e+01 1.624586e-01 1.163375e-01
39627859383292872 1.277470e+00 1.029009e+01 1.938918e-01 2.242834e+00 1.323974e+00 1.028612e+01 1.719421e-01 1.124936e+00
39627898969132992 1.749039e+00 1.119120e+01 4.127376e-01 -5.629016e-01 1.694884e+00 1.125377e+01 4.500584e-01 -1.321324e+00
39627781818024272 1.696285e+00 1.030209e+01 7.940245e-02 -7.239462e-01 1.594562e+00 1.025586e+01 4.454848e-02 -2.152455e-02
39627796523258800 1.376580e+00 1.082116e+01 2.256746e-01 7.943457e-01 1.759187e+00 1.096833e+01 2.198029e-01 -2.375051e+00
39627805859776080 1.726069e+00 1.079640e+01 3.321962e-01 5.733166e-01 1.778838e+00 1.104127e+01 3.323035e-01 -3.598450e-01
39627824654456384 1.086500e+00 9.178282e+00 1.905015e-01 2.148190e+00 1.136171e+00 9.385662e+00 1.913613e-01 2.800231e+00
39627769021203824 1.475156e+00 1.125991e+01 5.271350e-01 -1.254010e+00 1.471259e+00 1.144693e+01 5.906984e-01 1.285770e+00
39627853339301704 1.725345e+00 1.048682e+01 3.090986e-01 -3.923591e-01 1.684886e+00 1.096108e+01 3.175937e-01 -7.346939e-01
39627775551735992 1.944975e+00 1.063578e+01 1.323576e-01 -9.811265e-01 1.856915e+00 1.068235e+01 1.150706e-01 -2.038836e+00
39627793738238752 1.221474e+00 9.951637e+00 2.222728e-01 4.938065e+00 1.179157e+00 1.023761e+01 2.453925e-01 4.248029e+00
39627682584986472 1.548795e+00 1.007263e+01 1.308592e-01 -4.669560e-01 1.613099e+00 9.977233e+00 1.202670e-01 -7.726352e-01
39627776235406696 1.739419e+00 1.052134e+01 1.434574e-01 -1.565432e+00 1.814032e+00 1.061354e+01 1.346405e-01 -2.285096e+00
39627794379965136 1.457837e+00 1.017519e+01 1.954134e-01 -3.311495e-01 1.375629e+00 1.023514e+01 2.101077e-01 1.769477e-02
39627796581974264 1.532377e+00 9.645593e+00 7.459407e-02 1.350948e+00 1.578031e+00 9.763809e+00 3.934793e-02 7.979211e-01
39627847446300072 1.874735e+00 1.101979e+01 2.431062e-01 -1.017413e+00 1.858611e+00 1.114139e+01 2.599011e-01 -1.073584e+00
39627836037796960 1.257308e+00 1.067133e+01 2.607418e-01 2.919091e+00 1.305461e+00 1.056993e+01 2.300745e-01 2.645075e+00
39627824067250496 1.717323e+00 1.046370e+01 1.879696e-01 -1.114863e+00 1.743837e+00 1.049633e+01 1.911076e-01 -1.406390e+00
39627794338024192 1.154282e+00 8.967559e+00 5.295604e-02 2.482548e+00 1.209421e+00 8.286077e+00 2.269417e-03 3.515090e+00
39627758149570456 1.765051e+00 1.033054e+01 1.373987e-01 -1.627455e+00 1.652758e+00 1.038239e+01 1.450588e-01 -1.558888e+00
39627814588127536 1.843686e+00 1.114997e+01 2.786125e-01 -1.906472e+00 1.909558e+00 1.121657e+01 2.685324e-01 -1.990993e+00
39627787715216800 1.381594e+00 8.838136e+00 5.948500e-02 -6.680121e-01 1.384188e+00 8.621572e+00 2.673669e-02 -6.644124e-02
39627824729954248 1.413534e+00 9.254313e+00 4.401402e-02 6.712167e-01 1.387225e+00 9.714193e+00 5.140263e-02 1.296391e+00
39627776231215304 2.034579e+00 1.049411e+01 1.380644e-01 -1.489339e+00 1.792224e+00 1.058081e+01 1.305270e-01 -2.076685e+00
39627796342904768 1.776421e+00 1.074675e+01 1.742972e-01 -7.663906e-01 1.766991e+00 1.077191e+01 1.546032e-01 -2.585257e+00
39627769511940544 1.089818e+00 9.288196e+00 7.750057e-02 4.132023e+00 1.115882e+00 9.259429e+00 5.466360e-02 4.862536e+00
39633154041975080 1.859044e+00 1.125131e+01 4.765972e-01 -1.069256e+00 1.764908e+00 1.139281e+01 5.021646e-01 -7.618542e-01
39627770132699136 1.564514e+00 1.127835e+01 4.181741e-01 3.648858e-01 1.560341e+00 1.123522e+01 4.567497e-01 -5.481592e-01
39627754093675992 1.785755e+00 1.038653e+01 9.903994e-02 -1.404094e+00 1.873493e+00 1.068320e+01 9.495740e-02 -2.282643e+00
39627805259992344 1.576100e+00 1.128489e+01 3.604285e-01 -1.900597e+00 1.642604e+00 1.131167e+01 3.704708e-01 -2.171381e+00
39627871781651968 1.870655e+00 1.071526e+01 1.254042e-01 -1.546830e+00 1.650671e+00 1.076297e+01 1.221438e-01 -1.937332e+00
39627781708976552 1.868317e+00 1.098273e+01 4.961502e-01 -1.712998e+00 1.735025e+00 1.137496e+01 5.260031e-01 -1.808681e+00
39627733457699808 1.794268e+00 1.108694e+01 3.673809e-01 -8.953375e-01 1.702433e+00 1.103781e+01 3.932013e-01 -8.164630e-01
39627740059535888 1.080772e+00 7.547894e+00 3.025657e-02 2.720573e+00 1.100217e+00 8.058802e+00 4.186726e-02 3.078115e+00
39627772447954192 1.606913e+00 1.097536e+01 3.818803e-01 -3.337011e+00 1.654829e+00 1.096085e+01 4.131360e-01 -1.999822e+00
39627830111243648 1.731427e+00 9.911188e+00 6.849748e-02 1.186556e+00 1.444386e+00 1.021978e+01 9.216139e-02 1.860806e+00
39627670555726608 1.671127e+00 1.089907e+01 4.347998e-01 4.658896e-01 1.581680e+00 1.114028e+01 4.950394e-01 2.554320e-01
39627844631925512 1.146483e+00 1.030099e+01 1.960714e-01 3.801525e+00 1.124375e+00 1.026034e+01 1.808197e-01 3.532364e+00
39633149461793376 1.731349e+00 1.086804e+01 2.416494e-01 8.874680e-01 1.764005e+00 1.087455e+01 2.424255e-01 -4.710176e-01
39627746174831472 1.717916e+00 1.112154e+01 5.543991e-01 8.980007e-01 1.685837e+00 1.150744e+01 6.043250e-01 -2.171196e-01
39627794321246760 1.225359e+00 9.026527e+00 1.061301e-01 8.955104e-01 1.097226e+00 8.981565e+00 7.902209e-02 6.726611e-01
39627764197753840 1.146130e+00 9.076745e+00 1.008102e-01 3.284506e-01 1.143951e+00 8.696739e+00 6.897961e-02 1.975451e+00
39627820837641552 1.761533e+00 1.114680e+01 4.413033e-01 -3.501473e+00 1.663094e+00 1.119544e+01 4.761867e-01 -1.810979e+00
39627764252279816 1.498296e+00 1.091757e+01 3.590733e-01 -3.175807e+00 1.411826e+00 1.084871e+01 3.763088e-01 1.856928e-01
39627913816967792 1.792160e+00 1.113388e+01 2.162977e-01 -9.552767e-01 1.884315e+00 1.103771e+01 1.973103e-01 -2.114038e+00
39627812084122456 1.632367e+00 1.015271e+01 8.969089e-02 -7.579623e-01 1.712651e+00 1.001935e+01 6.255914e-02 -6.206645e-01
39627829263994536 1.068181e+00 9.418110e+00 1.648598e-01 6.261080e+00 1.113921e+00 8.964251e+00 4.422551e-02 5.212125e+00
39627766903085520 1.137552e+00 1.001296e+01 1.535030e-01 3.606497e+00 1.152223e+00 9.775144e+00 1.398525e-01 4.228160e+00
39627812495167464 1.739291e+00 1.040707e+01 1.693141e-01 3.550054e-01 1.802467e+00 1.055408e+01 1.605876e-01 -1.998334e+00
39633118742708984 1.667819e+00 1.108587e+01 4.759183e-01 4.069941e-01 1.680620e+00 1.124865e+01 5.059671e-01 -2.795184e-01
39627805767504024 1.114880e+00 9.411773e+00 7.276246e-02 5.550676e+00 1.146905e+00 9.583994e+00 5.754580e-02 4.623987e+00
39627734082652728 1.971371e+00 1.076600e+01 1.439448e-01 -2.245984e+00 1.699356e+00 1.077715e+01 1.588200e-01 -2.623005e+00
39627824520234280 1.220493e+00 1.067521e+01 1.992797e-01 3.354883e+00 1.169654e+00 1.066067e+01 1.934254e-01 3.764938e+00
39627781641863656 1.182097e+00 1.060189e+01 1.379826e-01 2.478264e+00 1.183863e+00 1.055880e+01 1.589563e-01 3.575137e+00
39627820850224784 1.814492e+00 1.114648e+01 4.865035e-01 1.619977e-01 1.711128e+00 1.140883e+01 5.104374e-01 -1.829497e+00
39627799803203984 1.743390e+00 1.095188e+01 2.648468e-01 -7.763730e-01 1.663356e+00 1.093740e+01 2.907766e-01 3.953117e-02
39627929080040288 1.769825e+00 1.103859e+01 2.516439e-01 -2.235264e+00 1.782828e+00 1.109530e+01 2.697495e-01 -2.134853e+00
39627829561787768 1.582999e+00 1.103072e+01 4.720752e-01 -8.583901e-01 1.574676e+00 1.133593e+01 4.876584e-01 -1.931129e+00
39627818438494128 1.404453e+00 1.151630e+01 5.631419e-01 -1.385072e+00 1.648849e+00 1.153989e+01 6.441068e-01 -5.192649e-02
39627775211999984 1.491840e+00 1.105725e+01 4.377591e-01 -1.025657e+00 1.597856e+00 1.110916e+01 4.752122e-01 -7.421192e-01
39627847433717544 1.619197e+00 1.068153e+01 2.104819e-01 -3.655060e+00 1.600777e+00 1.082394e+01 2.174872e-01 -1.228860e+00
39627780857529160 1.610698e+00 1.109250e+01 2.818736e-01 -2.318599e-01 1.678810e+00 1.090187e+01 2.850829e-01 -1.421276e+00
39627818513990952 1.301616e+00 9.899806e+00 6.908611e-02 2.864122e+00 1.279477e+00 9.929002e+00 5.125073e-02 2.896880e+00
39627815242436416 1.164979e+00 9.596530e+00 1.224037e-01 3.539467e+00 1.141880e+00 9.569173e+00 1.356562e-01 4.378677e+00
39627774872258216 1.514830e+00 1.131769e+01 4.004419e-01 1.297587e+00 1.474599e+00 1.113109e+01 3.800029e-01 -7.903224e-02
39627776214436904 1.332273e+00 9.918799e+00 2.086468e-01 1.965779e+00 1.238379e+00 1.067657e+01 2.488104e-01 3.596379e+00
39627811299791456 1.685195e+00 1.022604e+01 6.076267e-02 -4.129911e-02 1.583415e+00 1.030711e+01 4.015015e-02 1.150814e-01
39627812029597864 1.227789e+00 9.038897e+00 2.319530e-02 3.808475e+00 1.217924e+00 8.569159e+00 0.000000e+00 3.734345e+00
39627740034371504 1.567228e+00 1.062067e+01 1.740382e-01 -1.110201e-01 1.544018e+00 1.079734e+01 1.491409e-01 1.762651e-01
39627764189368552 1.674354e+00 1.046683e+01 1.020999e-01 -1.240893e+00 1.669002e+00 1.033428e+01 6.562172e-02 -6.240551e-01
39627830115436272 1.643415e+00 1.093882e+01 2.670907e-01 -2.860914e+00 1.657050e+00 1.079715e+01 2.892326e-01 2.212407e-01
39627775639818168 1.864793e+00 1.136810e+01 6.128115e-01 -1.983062e+00 1.578354e+00 1.147394e+01 6.501865e-01 -1.386766e-01
39627772603138688 1.038462e+00 8.877180e+00 9.239812e-02 -1.194382e+00 1.055668e+00 8.636786e+00 8.900915e-02 8.335636e-01
39627799799009072 1.664128e+00 1.122550e+01 5.037749e-01 -3.600530e+00 1.624974e+00 1.138651e+01 5.455065e-01 -1.427683e-01
39627784414306848 1.169918e+00 1.005835e+01 1.714618e-01 -1.806515e+00 1.247780e+00 9.827431e+00 1.635162e-01 2.390190e+00
39627799144695944 1.746457e+00 1.091421e+01 3.028705e-01 -3.414674e-02 1.738932e+00 1.089623e+01 3.067696e-01 -1.211976e+00
39627805352269152 1.142227e+00 1.006611e+01 6.433983e-02 -3.272961e+00 1.343060e+00 9.896001e+00 6.228602e-02 -7.027686e-01
39627796321934216 1.046891e+00 9.688580e+00 1.436445e-01 3.330963e+00 1.198486e+00 9.533364e+00 1.293588e-01 3.332178e+00
39627770279496080 1.314399e+00 1.057658e+01 2.561325e-01 1.749984e-01 1.347205e+00 1.071700e+01 2.745977e-01 5.380854e-01
39627844816472096 1.532162e+00 1.098368e+01 4.410702e-01 -2.809530e+00 1.583432e+00 1.114566e+01 5.002263e-01 -2.926963e+00
39627752260766096 1.137246e+00 9.649509e+00 9.866802e-02 5.588738e+00 1.146457e+00 9.369707e+00 7.628793e-02 4.505878e+00
39627787845240080 1.231524e+00 9.503887e+00 1.155449e-01 3.545759e+00 1.203191e+00 9.428073e+00 1.008544e-01 3.148787e+00
39627823891091904 1.056205e+00 9.745485e+00 1.349091e-01 3.246911e+00 1.131573e+00 9.594380e+00 1.234095e-01 4.580672e+00
39627778466779520 1.730092e+00 1.074608e+01 3.457751e-01 -3.890379e-02 1.672001e+00 1.094623e+01 3.683011e-01 -5.826931e-01
39627799840954144 1.166975e+00 9.948796e+00 2.099740e-01 4.747067e+00 1.173964e+00 1.010498e+01 2.076838e-01 3.739773e+00
39627793775985088 1.310829e+00 1.032474e+01 1.291782e-01 -1.571334e+00 1.345342e+00 1.035519e+01 1.475579e-01 -2.079302e-02
39633145368153568 1.608469e+00 1.116835e+01 3.811585e-01 3.915936e-01 1.722954e+00 1.125256e+01 4.378917e-01 -7.995466e-01
39627859479757056 1.151502e+00 1.006478e+01 2.869972e-01 4.753463e+00 1.151037e+00 1.012179e+01 2.696946e-01 4.647656e+00
39627758195707264 1.458668e+00 1.061834e+01 2.872148e-01 1.285140e+00 1.328995e+00 1.058810e+01 2.606795e-01 2.272523e+00
39627746116113776 1.621596e+00 1.121053e+01 3.256604e-01 -4.181702e-01 1.701110e+00 1.119844e+01 3.290769e-01 -2.295544e+00
39627823136115280 1.789443e+00 1.079677e+01 3.469640e-01 -6.521330e-01 1.669106e+00 1.108300e+01 3.754447e-01 -8.848296e-01
39627758153764448 1.615775e+00 1.058120e+01 2.513798e-01 -6.011736e-01 1.678424e+00 1.063467e+01 2.544785e-01 -4.770216e-01
39627758308953872 1.024859e+00 1.052623e+01 2.298477e-01 2.575528e+00 1.077991e+00 1.012835e+01 1.880720e-01 3.146567e+00
39633123218033520 1.765747e+00 1.046423e+01 1.370235e-01 -9.268390e-01 1.747229e+00 1.042453e+01 1.165268e-01 -1.777526e+00
39627752109771128 1.639317e+00 1.098604e+01 3.567416e-01 -5.837037e-01 1.668592e+00 1.107310e+01 3.615737e-01 -9.337476e-01
39627616503733032 1.605764e+00 1.161223e+01 6.070606e-01 -6.249757e-01 1.632911e+00 1.162448e+01 6.539622e-01 3.362477e-03
39627781927079000 1.444317e+00 1.039424e+01 8.965765e-02 -2.345258e-01 1.439950e+00 1.027886e+01 7.240218e-02 8.397667e-01
39627812625191656 1.878781e+00 1.046359e+01 1.194082e-01 -1.758361e+00 1.820502e+00 1.059177e+01 1.211080e-01 -1.942097e+00
39627823974978248 1.729816e+00 1.088705e+01 2.118512e-01 -1.161088e+00 1.741532e+00 1.089006e+01 1.852915e-01 -2.016779e+00
39627829263992176 1.623039e+00 1.041700e+01 2.621071e-01 -1.983066e+00 1.519548e+00 1.074320e+01 2.826232e-01 -1.972490e-01
39633140917994016 1.603155e+00 1.008877e+01 8.472840e-02 6.120417e-02 1.547122e+00 1.008085e+01 5.573782e-02 2.732934e-01
39627788415669328 1.516912e+00 9.946848e+00 2.028265e-01 -1.593953e+00 1.332490e+00 1.035350e+01 1.811345e-01 1.465430e+00
39627814625877272 1.442536e+00 1.056991e+01 1.642123e-01 3.203630e-01 1.642569e+00 1.062538e+01 1.359849e-01 -1.445958e+00
39627836620804200 1.527864e+00 1.035562e+01 9.348850e-02 5.416039e-01 1.486288e+00 1.001670e+01 4.118317e-02 1.100773e+00
39627806480536168 1.986825e+00 1.063929e+01 1.239277e-01 -2.383018e+00 1.767778e+00 1.057731e+01 1.394967e-01 -7.368687e-01
39633162627713744 1.663180e+00 1.120939e+01 4.137149e-01 -2.427120e+00 1.691085e+00 1.118559e+01 4.626297e-01 -1.008724e+00
39627823886896736 1.292741e+00 1.040115e+01 1.969812e-01 1.155345e+00 1.224508e+00 1.036799e+01 1.842883e-01 2.332346e+00
39633158332744688 1.455163e+00 1.171084e+01 6.805350e-01 1.549314e+00 1.435821e+00 1.143739e+01 6.834363e-01 2.958508e+00
39627752189466080 1.585817e+00 1.094312e+01 3.073019e-01 7.338516e-01 1.556554e+00 1.106139e+01 3.089599e-01 4.178523e-01
39627817989706152 1.734129e+00 1.093242e+01 2.954009e-01 -3.298510e-01 1.630039e+00 1.092296e+01 3.029342e-01 -1.521501e+00
39627752227212216 1.769998e+00 1.002122e+01 2.208557e-01 1.506948e+00 1.539643e+00 1.039879e+01 2.096113e-01 1.261265e+00
39627778219312216 1.732123e+00 1.015255e+01 9.670338e-02 -1.831867e-01 1.636661e+00 1.033502e+01 1.015287e-01 -1.723565e+00
39627859530089784 1.615377e+00 1.057670e+01 1.608928e-01 2.811004e-01 1.680260e+00 1.043249e+01 1.702434e-01 -3.175112e-01
39627770346605616 1.301060e+00 1.038111e+01 2.894506e-01 -2.855750e-01 1.332383e+00 1.056526e+01 3.008326e-01 4.630533e-01
39627746166440104 1.212336e+00 1.057257e+01 1.870556e-01 3.230976e+00 1.252537e+00 1.031209e+01 1.565003e-01 3.072644e+00
39627760590653264 1.962684e+00 1.097602e+01 3.990578e-01 -3.030981e+00 1.692129e+00 1.121535e+01 4.412942e-01 -1.140955e+00
39627812520334328 1.800123e+00 1.101482e+01 2.819380e-01 2.812668e-01 1.829961e+00 1.101419e+01 2.695701e-01 -1.024307e+00
39627740147614576 1.167852e+00 1.086060e+01 4.035441e-01 1.510809e+00 1.237334e+00 1.094399e+01 3.582658e-01 1.818836e+00
39633136191015504 1.649024e+00 1.011635e+01 9.662384e-02 -6.352648e-01 1.547148e+00 9.850591e+00 6.510496e-02 1.911631e-01
39627811127824160 1.797705e+00 1.087316e+01 3.215205e-01 -2.770586e+00 1.682919e+00 1.098175e+01 3.373819e-01 -1.248526e+00
39627817905819008 1.830088e+00 1.101259e+01 2.906474e-01 -2.674065e+00 1.841560e+00 1.102316e+01 3.024963e-01 -1.228452e+00
39627758006960872 1.288998e+00 9.910781e+00 1.274243e-01 2.159249e+00 1.259712e+00 1.005082e+01 1.235616e-01 2.280659e+00
39627853427376720 1.744002e+00 1.068714e+01 3.050099e-01 1.310165e+00 1.829440e+00 1.094286e+01 2.938574e-01 -1.152189e+00
39627752113964288 1.607386e+00 1.132686e+01 5.614480e-01 5.671188e-01 1.628125e+00 1.149898e+01 6.193206e-01 -8.419412e-02
39627865578279256 1.165931e+00 9.259517e+00 5.682828e-02 3.657185e+00 1.214142e+00 8.809735e+00 1.275146e-02 3.620456e+00
39627812537107904 1.399731e+00 1.026842e+01 1.626656e-01 9.585332e-01 1.407463e+00 1.027540e+01 1.596758e-01 9.867798e-01
39627766592700856 1.083979e+00 8.883832e+00 1.423261e-01 1.704417e+00 1.133891e+00 9.316872e+00 1.637489e-01 2.869427e+00
39627736951562384 1.630587e+00 1.109947e+01 6.069673e-01 7.677608e-01 1.649721e+00 1.152448e+01 6.548934e-01 4.869607e-01
39627841351979880 1.545277e+00 1.073399e+01 2.004520e-01 8.701188e-01 1.470688e+00 1.084504e+01 2.092671e-01 1.465468e+00
39627775748867360 1.795277e+00 1.069206e+01 5.046455e-01 3.430922e-01 1.623058e+00 1.109147e+01 5.447161e-01 -1.452039e-01
39627739984040688 1.537024e+00 1.013052e+01 2.043629e-01 1.027765e-01 1.455989e+00 1.035642e+01 2.029325e-01 -1.597859e+00
39627775052612032 1.557815e+00 1.108369e+01 2.792456e-01 -2.899591e+00 1.745460e+00 1.109599e+01 2.973792e-01 -1.862259e+00
39627670702523608 1.545110e+00 1.117109e+01 3.956538e-01 -1.727031e+00 1.611301e+00 1.120350e+01 4.384656e-01 -9.907153e-01
39627751409323424 1.877357e+00 1.055996e+01 1.807975e-01 -6.434352e-01 1.844837e+00 1.086684e+01 1.808254e-01 -1.274871e+00
39627775866310040 1.575118e+00 9.881862e+00 8.353821e-02 1.994785e-01 1.343330e+00 9.865552e+00 7.472502e-02 2.229882e+00
39627787786520704 1.855004e+00 1.061800e+01 2.046830e-01 -1.640072e+00 1.775577e+00 1.081981e+01 2.166404e-01 -7.370750e-01
39627664599811760 1.236170e+00 1.040773e+01 5.533722e-01 4.474543e+00 1.170566e+00 1.067524e+01 6.234251e-01 3.494269e+00
39627634484709440 1.796138e+00 1.107133e+01 3.362141e-01 -9.549730e-01 1.751376e+00 1.110687e+01 3.358243e-01 -6.766837e-01
39627758212481416 1.387671e+00 1.029590e+01 1.202807e-01 -1.109004e+00 1.377001e+00 1.020237e+01 1.240403e-01 3.657144e-02
39627799190835288 1.589678e+00 1.038347e+01 1.351103e-01 1.363705e+00 1.426644e+00 1.049242e+01 1.215258e-01 9.128548e-01
39627782409425568 1.558646e+00 9.677115e+00 1.385304e-01 1.577513e+00 1.507832e+00 9.816469e+00 1.246947e-01 1.169127e+00
39627799056617944 1.431533e+00 1.058538e+01 2.770193e-01 9.064619e-01 1.421951e+00 1.066267e+01 2.622037e-01 8.450899e-01
39627776243795496 1.189675e+00 8.145873e+00 3.650741e-02 4.052293e+00 1.140443e+00 7.432533e+00 0.000000e+00 4.190394e+00
39627764210336368 1.282679e+00 1.049281e+01 2.639900e-01 6.653401e-01 1.300155e+00 1.041464e+01 2.772530e-01 1.220045e+00
39627782354900096 1.293355e+00 9.678932e+00 1.296408e-01 4.815919e+00 1.235419e+00 9.733859e+00 1.488181e-01 4.248178e+00
39627778433229344 1.504937e+00 1.029147e+01 1.779050e-01 3.118863e+00 1.446346e+00 1.021759e+01 1.365245e-01 -2.976761e-01
39627792949709248 1.130252e+00 9.558311e+00 1.586142e-01 5.263014e+00 1.152160e+00 9.669327e+00 1.615741e-01 4.298543e+00
39627892912556224 1.538720e+00 1.133981e+01 5.210366e-01 -2.436702e+00 1.626971e+00 1.137714e+01 5.669389e-01 -1.370271e+00
39627782346508704 1.553658e+00 1.021779e+01 1.368432e-01 -4.858617e-02 1.517458e+00 1.015740e+01 1.269785e-01 -9.885651e-02
39627775664981408 1.937180e+00 1.078485e+01 2.279718e-01 -4.942424e+00 1.652752e+00 1.084614e+01 2.646697e-01 -7.892047e-01
39627901724789560 1.888152e+00 1.082637e+01 2.053640e-01 -1.964166e+00 1.849224e+00 1.087484e+01 1.995460e-01 -1.431289e+00
39627784389138744 1.516550e+00 1.112647e+01 4.397351e-01 -1.867093e+00 1.647974e+00 1.121308e+01 4.711933e-01 -1.277208e+00
39627774951950672 1.785128e+00 1.087514e+01 2.194206e-01 -5.118828e-01 1.861599e+00 1.106215e+01 2.164789e-01 -1.024754e+00
39627824599926848 1.592584e+00 1.137093e+01 4.783779e-01 9.552601e-01 1.704137e+00 1.140468e+01 4.803479e-01 -2.415042e+00
39627751463850248 1.319548e+00 1.035031e+01 1.755941e-01 2.198356e+00 1.313234e+00 1.028913e+01 1.739538e-01 1.792352e+00
39627836012631816 1.125547e+00 1.017399e+01 2.643221e-01 3.695599e+00 1.136955e+00 9.861737e+00 2.558735e-01 4.169633e+00
39627646534950936 1.628049e+00 1.104669e+01 4.279721e-01 -1.410556e+00 1.617116e+00 1.107124e+01 4.372781e-01 -1.951802e+00
39627764046759832 1.698316e+00 1.119121e+01 5.167018e-01 -2.477056e+00 1.694848e+00 1.145234e+01 5.665517e-01 -8.700984e-01
39627788361138496 1.752506e+00 1.065097e+01 1.916903e-01 -2.084231e+00 1.750921e+00 1.059719e+01 1.940691e-01 -1.172439e+00
39627778479366824 1.828454e+00 1.037914e+01 1.214599e-01 -1.957547e+00 1.798700e+00 1.044602e+01 1.048317e-01 -1.609933e+00
39627794388354912 1.753395e+00 1.054375e+01 1.434772e-01 -2.135700e+00 1.732643e+00 1.062181e+01 1.423427e-01 -2.379941e+00
39633136228762456 1.756125e+00 1.028279e+01 8.374611e-02 2.112976e-01 1.777509e+00 1.019907e+01 5.352469e-02 -1.302630e+00
39627793868262872 1.610251e+00 1.095032e+01 2.590397e-01 -2.342512e-01 1.639358e+00 1.083094e+01 2.760652e-01 -8.092288e-01
39627784531745368 1.335420e+00 9.205405e+00 2.815302e-02 2.409405e+00 1.295532e+00 9.780796e+00 3.283243e-02 2.981771e+00
39627817985509920 1.250620e+00 1.053822e+01 2.727972e-01 5.100350e+00 1.226466e+00 1.053743e+01 2.569803e-01 3.702868e+00
39627814676204840 1.543269e+00 1.091285e+01 4.446258e-01 -1.124161e+00 1.634188e+00 1.114896e+01 4.684971e-01 -2.515942e+00
39627658560017560 1.787924e+00 1.112313e+01 3.543756e-01 -1.030196e+00 1.752078e+00 1.115939e+01 3.706446e-01 -1.598613e-01
39627772351488880 1.671751e+00 1.123729e+01 3.509057e-01 -9.399533e-01 1.766133e+00 1.132911e+01 3.808760e-01 -1.430846e+00
39627823916258360 1.153265e+00 9.733661e+00 1.267758e-01 2.776019e+00 1.164738e+00 9.632369e+00 1.112885e-01 3.528287e+00
39627889708108704 1.820219e+00 1.123170e+01 5.733992e-01 -1.872736e+00 1.659057e+00 1.162463e+01 6.378696e-01 -1.064122e-01
39633140955746512 1.763101e+00 1.063748e+01 4.431019e-01 1.153076e+00 1.682808e+00 1.114576e+01 4.251576e-01 -8.277202e-01
39627746040611432 1.197730e+00 8.728189e+00 7.883243e-02 3.906384e+00 1.098631e+00 8.603941e+00 6.533423e-02 1.522974e+00
39627776348653672 1.255402e+00 1.013367e+01 1.483166e-01 3.322473e+00 1.258704e+00 1.009635e+01 1.432714e-01 2.357926e+00
39627788499550632 1.715801e+00 1.124590e+01 2.344808e-01 -1.843080e+00 1.892615e+00 1.111522e+01 2.288970e-01 -1.566045e+00
39627745445023856 1.326939e+00 1.040660e+01 1.380847e-01 2.227366e+00 1.288672e+00 1.063570e+01 1.607654e-01 2.813086e+00
39627740114060656 1.294730e+00 1.021857e+01 1.184130e-01 6.365188e-01 1.375413e+00 1.008024e+01 1.061656e-01 9.199271e-01
39627778483552960 1.107737e+00 9.106087e+00 1.115643e-01 2.807799e+00 1.136717e+00 9.148888e+00 1.289748e-01 3.231388e+00
39627830098661264 1.628985e+00 1.031130e+01 1.859078e-01 -4.494914e-01 1.599560e+00 1.030656e+01 1.727338e-01 -1.953189e-01
39627774943561968 1.708811e+00 1.103052e+01 2.208843e-01 6.322383e-01 1.679120e+00 1.096560e+01 2.131575e-01 -1.334811e+00
39627787845243664 1.260450e+00 1.026879e+01 2.135456e-01 3.810710e-01 1.255874e+00 1.024784e+01 2.183489e-01 2.607138e+00
39627700813436488 1.509620e+00 1.104890e+01 3.159152e-01 -3.548593e+00 1.523132e+00 1.104183e+01 3.207559e-01 -1.002111e+00
39627805390015592 1.289948e+00 8.818797e+00 2.124752e-02 4.416120e+00 1.308027e+00 9.383366e+00 1.693901e-02 2.649625e+00
39627818639818888 1.102353e+00 8.874421e+00 1.820662e-01 4.350098e+00 1.159377e+00 9.611265e+00 1.844316e-01 3.984213e+00
39627757549785400 1.069744e+00 8.158063e+00 2.096746e-02 5.513322e+00 1.099594e+00 7.725813e+00 0.000000e+00 5.092364e+00
39627778647132408 9.430677e-01 8.770116e+00 9.165889e-02 3.404138e+00 1.056085e+00 8.254648e+00 5.206275e-02 3.415415e+00
39627800000331912 1.796287e+00 1.124620e+01 3.748474e-01 -1.412118e+00 1.800956e+00 1.131709e+01 4.137878e-01 -1.106063e+00
39627823501021080 1.074560e+00 9.522177e+00 9.382755e-02 3.018368e+00 1.159408e+00 9.437783e+00 9.023000e-02 3.136149e+00
39627823190640832 1.320305e+00 1.076295e+01 2.593947e-01 4.076795e-01 1.619221e+00 1.060304e+01 2.714380e-01 -8.572580e-01
39627736905417856 1.788084e+00 1.066589e+01 1.368912e-01 -1.752829e+00 1.730226e+00 1.053235e+01 1.321352e-01 -1.760088e+00
39627782304567672 1.189399e+00 9.968837e+00 3.063561e-01 4.499458e+00 1.134972e+00 1.023553e+01 3.431937e-01 4.433487e+00
39627835219904792 1.635296e+00 1.085566e+01 3.452516e-01 2.884041e-01 1.629978e+00 1.088916e+01 3.601000e-01 -8.983858e-01
39627788424055248 1.266764e+00 1.017982e+01 1.404022e-01 1.043028e+00 1.333316e+00 1.019798e+01 1.743324e-01 5.763625e-01
39633132009294768 1.403858e+00 1.066505e+01 1.431924e-01 1.815768e+00 1.420107e+00 1.042855e+01 1.136463e-01 1.106042e+00
39633293708101040 1.227596e+00 1.031723e+01 2.978096e-01 4.019022e+00 1.161076e+00 1.020709e+01 3.291725e-01 4.282131e+00
39627808602849536 1.894372e+00 1.092323e+01 1.524502e-01 -1.680355e+00 1.902941e+00 1.095946e+01 1.425501e-01 -2.133286e+00
39627760284472112 1.208970e+00 9.453355e+00 6.730481e-02 3.407125e+00 1.251431e+00 9.540621e+00 5.343001e-02 3.004319e+00
39627794312856760 1.514554e+00 1.114161e+01 4.467951e-01 -9.450372e-01 1.506054e+00 1.109706e+01 4.751644e-01 -2.137448e+00
39627851036624576 1.547796e+00 1.123900e+01 4.611827e-01 -2.921999e-02 1.551559e+00 1.120954e+01 5.282366e-01 4.416933e-01
39627758237648200 1.770863e+00 1.075748e+01 3.060392e-01 -5.968407e-01 1.706119e+00 1.085860e+01 3.029661e-01 -8.457769e-01
39627770292078992 1.559339e+00 1.013937e+01 1.397972e-01 -1.339905e+00 1.652366e+00 1.011680e+01 1.212137e-01 -4.264996e-01
39627799060808720 1.203177e+00 9.802648e+00 1.764552e-01 3.378614e+00 1.226084e+00 9.844545e+00 1.624263e-01 2.178608e+00
39627770174637184 1.248990e+00 1.060090e+01 2.636451e-01 4.096262e+00 1.328040e+00 1.016424e+01 2.095810e-01 3.026909e+00
39627757533006392 1.658784e+00 1.033107e+01 1.703309e-01 -8.375233e-01 1.536808e+00 1.031229e+01 1.403709e-01 -2.708077e-03
39627788361142736 1.542880e+00 1.085648e+01 3.816345e-01 -3.413843e-01 1.552659e+00 1.089366e+01 3.684681e-01 -9.058629e-01
39627754458587352 1.644227e+00 1.100062e+01 2.810098e-01 -1.918610e+00 1.813655e+00 1.101648e+01 3.019566e-01 -2.198947e+00
39627893076136128 1.696743e+00 1.109852e+01 4.116393e-01 -1.271769e+00 1.598551e+00 1.101701e+01 4.151450e-01 -1.984609e+00
39627774855483032 1.321606e+00 1.017483e+01 1.547589e-01 2.064814e+00 1.265249e+00 1.020369e+01 1.828122e-01 2.495568e+00
39627763564417392 1.471480e+00 9.642091e+00 6.375689e-02 7.704344e-01 1.479393e+00 9.495130e+00 3.747927e-02 7.286273e-01
39627805012525728 1.385038e+00 1.057091e+01 2.004967e-01 2.843529e+00 1.550376e+00 1.044697e+01 2.450036e-01 7.516741e-01
39627793809539448 1.283243e+00 1.028316e+01 1.594740e-01 -8.920417e-02 1.283503e+00 1.037545e+01 1.862048e-01 2.155488e+00
39627814567155296 1.270087e+00 9.765473e+00 1.475068e-01 8.877584e-01 1.297564e+00 9.969830e+00 1.535264e-01 8.351560e-01
39627792928740128 1.568819e+00 1.143409e+01 5.749883e-01 -7.859740e-01 1.615290e+00 1.155457e+01 6.514838e-01 1.479418e-01
39627745520520064 1.702857e+00 1.066533e+01 3.252897e-01 -5.250483e-01 1.529534e+00 1.099503e+01 3.292717e-01 7.393190e-01
39633158064311640 1.619061e+00 1.104992e+01 2.950085e-01 -2.718575e-01 1.548300e+00 1.125721e+01 3.236017e-01 -5.355480e-01
39633131803773544 1.261430e+00 1.041352e+01 8.784208e-02 2.394853e+00 1.265091e+00 1.040574e+01 8.845685e-02 2.480598e+00
39627781658644184 1.184732e+00 9.671289e+00 1.547053e-01 -2.583823e+00 1.213733e+00 9.613338e+00 1.468667e-01 8.416806e-01
39627778219316232 1.819599e+00 1.073373e+01 1.964158e-01 -8.309052e-01 1.831183e+00 1.074892e+01 1.842409e-01 -1.943681e+00
39627780949805608 1.713051e+00 9.941409e+00 1.740955e-01 -1.079485e+00 1.559008e+00 1.024343e+01 1.731151e-01 -1.974903e+00
39627782321345472 1.557908e+00 1.024658e+01 1.574836e-01 4.797608e-01 1.596677e+00 1.019559e+01 1.384633e-01 4.449570e-02
39627776268963048 1.692869e+00 1.029070e+01 8.477560e-02 1.666194e-01 1.705858e+00 1.033421e+01 6.221716e-02 -7.930626e-01
39627756828361816 1.634904e+00 1.107968e+01 5.128506e-01 -7.859610e-01 1.428895e+00 1.134703e+01 5.705160e-01 5.212876e-01
39627839359700536 1.785360e+00 1.092131e+01 3.867386e-01 9.797441e-01 1.749276e+00 1.120997e+01 4.231521e-01 -1.651748e-01
39627775023253632 1.788836e+00 1.124038e+01 3.416840e-01 -2.260132e+00 1.751225e+00 1.128821e+01 3.751214e-01 -1.093898e+00
39627764273254968 1.419258e+00 9.123762e+00 4.438547e-02 4.198987e-01 1.466916e+00 9.536175e+00 3.861625e-02 7.444721e-01
39627805893330336 1.158833e+00 8.784666e+00 8.171812e-02 2.528611e+00 1.142710e+00 8.661599e+00 6.951861e-02 3.681093e+00
39627793138451736 1.140172e+00 9.247414e+00 7.362660e-02 4.901203e+00 1.130153e+00 9.225153e+00 5.031420e-02 4.883470e+00
39627794379965408 1.176583e+00 9.731146e+00 1.267148e-01 3.180752e+00 1.181731e+00 9.718095e+00 1.375957e-01 3.894873e+00
39627788252090144 1.776117e+00 1.136162e+01 5.739092e-01 -2.269755e+00 1.649697e+00 1.153740e+01 6.616178e-01 6.781834e-02
39627787664885952 1.544627e+00 1.139878e+01 4.857567e-01 -2.457311e+00 1.605849e+00 1.107713e+01 4.616123e-01 -3.581451e-01
39627799161471040 1.399635e+00 1.037583e+01 1.750415e-01 -6.578286e-02 1.596894e+00 1.064789e+01 1.745068e-01 -4.204125e-01
39627794493210944 1.146511e+00 9.920032e+00 2.718955e-01 1.693467e+00 1.150785e+00 9.831628e+00 2.482395e-01 3.349816e+00
39627830581008368 1.589331e+00 1.078467e+01 2.883719e-01 -3.291498e-01 1.725090e+00 1.073942e+01 2.672338e-01 -2.048608e+00
39627740000815872 1.525464e+00 1.120757e+01 4.653275e-01 -2.234183e+00 1.548076e+00 1.119998e+01 4.952852e-01 -1.265907e+00
39627817356363792 1.718172e+00 1.046884e+01 1.590560e-01 -2.305652e-01 1.823280e+00 1.073428e+01 1.530788e-01 -1.613628e+00
39633158227889000 1.807508e+00 1.095877e+01 3.953002e-01 -7.004935e-01 1.741713e+00 1.116045e+01 4.000936e-01 -3.170592e-01
39627811945715176 1.782914e+00 1.114674e+01 2.849055e-01 -1.020663e+00 1.816458e+00 1.114628e+01 3.055649e-01 -6.364770e-01
39627812612604856 1.423785e+00 1.060032e+01 1.684885e-01 1.528930e+00 1.517940e+00 1.038903e+01 1.090859e-01 7.314265e-01
39627818061009968 1.824554e+00 1.072174e+01 1.824945e-01 -1.114817e+00 1.834197e+00 1.084727e+01 1.845341e-01 -1.299108e+00
39627871571940032 1.156413e+00 8.022813e+00 2.712537e-02 1.570508e+00 1.153289e+00 7.316476e+00 0.000000e+00 3.109041e+00
39627782245844072 1.491991e+00 1.072611e+01 3.145034e-01 1.471853e+00 1.317389e+00 1.087630e+01 3.312939e-01 3.100536e+00
39633162468328176 1.667642e+00 1.127959e+01 3.800111e-01 1.116783e+00 1.805562e+00 1.138808e+01 3.959947e-01 -7.738066e-01
39627784510771296 1.245036e+00 1.143087e+01 3.913534e-01 3.643782e+00 1.275316e+00 1.104051e+01 3.664264e-01 3.944249e+00
39627746120304968 1.630724e+00 1.026565e+01 2.852905e-01 4.027535e-01 1.620203e+00 1.065693e+01 2.878411e-01 5.682197e-01
39627802646940560 1.620173e+00 1.115140e+01 3.226037e-01 -2.420986e+00 1.509084e+00 1.123609e+01 3.175873e-01 7.729089e-02
39627811022966536 1.779207e+00 1.094245e+01 2.149048e-01 -2.910869e-01 1.720049e+00 1.087221e+01 2.195112e-01 -5.546986e-01
39627886897925360 1.522073e+00 1.131983e+01 4.550033e-01 9.030423e-01 1.595028e+00 1.137381e+01 4.131405e-01 -8.819606e-01
39627790324072848 1.762653e+00 1.054966e+01 1.251911e-01 -9.476052e-01 1.735488e+00 1.065795e+01 1.166326e-01 -2.087522e+00
39627841599441304 1.774038e+00 1.105817e+01 3.713317e-01 -4.786930e-01 1.719222e+00 1.102387e+01 3.849527e-01 -4.947774e-01
39627830769751352 1.373131e+00 9.882648e+00 1.120257e-01 1.268147e+00 1.262155e+00 1.003720e+01 1.123930e-01 2.711875e+00
39627757545590672 1.383936e+00 1.050013e+01 3.239413e-01 5.763298e+00 1.299461e+00 1.057747e+01 3.486807e-01 6.022287e+00
39627818476245896 1.233893e+00 1.022344e+01 1.676381e-01 -2.968348e+00 1.283548e+00 1.021799e+01 1.916595e-01 1.237031e+00
39627793885038656 1.707475e+00 1.104433e+01 4.572331e-01 -3.240777e+00 1.659098e+00 1.122658e+01 4.881213e-01 -2.051671e+00
39627770329826344 1.235509e+00 9.739226e+00 1.432572e-01 4.194408e+00 1.189502e+00 9.883581e+00 1.738014e-01 3.999204e+00
39627782271010112 1.880232e+00 1.039358e+01 1.357274e-01 -1.308296e-01 1.786006e+00 1.056332e+01 1.189926e-01 -2.248792e+00
39627788377916256 1.705335e+00 1.086578e+01 2.360461e-01 -2.060957e+00 1.561540e+00 1.088857e+01 2.557880e-01 2.780974e-02
39627824729950088 1.763996e+00 9.788968e+00 6.358700e-02 2.780567e-02 1.719772e+00 9.824422e+00 5.012409e-02 -7.034618e-01
39627788512138400 1.747187e+00 1.101101e+01 3.374452e-01 4.035105e-01 1.776631e+00 1.126455e+01 3.566102e-01 -5.921468e-01
39627634530849320 1.590358e+00 1.102940e+01 3.908541e-01 -1.587713e-01 1.400678e+00 1.101949e+01 3.915192e-01 6.791967e-02
39627782350704744 1.207242e+00 1.123938e+01 5.484178e-01 1.967866e-01 1.255959e+00 1.105144e+01 6.193511e-01 2.692253e+00
39627775744672704 1.183476e+00 1.010611e+01 1.331166e-01 -1.882025e+00 1.257278e+00 9.917138e+00 1.212530e-01 2.176102e+00
39627752210433592 1.652364e+00 1.012107e+01 1.510400e-01 -7.105623e-02 1.708067e+00 1.032817e+01 1.364022e-01 -1.768125e+00
39627805033502552 1.226355e+00 1.017407e+01 2.063570e-01 4.192823e+00 1.255907e+00 1.001869e+01 1.990710e-01 2.295306e+00
39627836650163376 1.433110e+00 1.000721e+01 7.905958e-02 3.247802e+00 1.449320e+00 1.010896e+01 5.620734e-02 1.199245e+00
39627799769648048 1.110731e+00 1.037829e+01 2.542255e-01 5.067000e+00 1.162048e+00 1.034648e+01 2.280157e-01 3.734022e+00
39627782367483336 1.230389e+00 1.019266e+01 2.549962e-01 2.968558e+00 1.190158e+00 1.039105e+01 2.260514e-01 1.545557e+00
39627823954003096 1.524919e+00 1.024941e+01 2.634646e-01 8.914065e-01 1.575521e+00 1.051956e+01 2.721166e-01 2.958486e-01
39627794455464080 1.319742e+00 1.052403e+01 2.572169e-01 2.201217e+00 1.346681e+00 1.066692e+01 2.609453e-01 1.460163e+00
39627812520331200 1.248548e+00 9.576582e+00 8.542772e-02 -2.168561e+00 1.254978e+00 9.086693e+00 4.617557e-02 2.169062e+00
39627763723800424 1.741783e+00 1.003281e+01 7.202084e-02 -4.687247e-01 1.802879e+00 1.016790e+01 5.361573e-02 -1.409026e+00
39627774968727328 1.246948e+00 1.016970e+01 1.612339e-01 -4.040420e+00 1.393581e+00 1.018899e+01 1.588154e-01 -2.789727e+00
39627769188976464 1.159627e+00 1.009326e+01 9.968751e-02 4.796685e+00 1.148289e+00 1.000515e+01 8.486685e-02 4.248688e+00
39627823312275512 1.316784e+00 1.068931e+01 2.852793e-01 1.472410e+00 1.405802e+00 1.057578e+01 2.683970e-01 4.498284e-01
39633114074450080 1.676054e+00 1.101540e+01 3.360251e-01 -1.031718e+00 1.603798e+00 1.093016e+01 3.717875e-01 1.321098e+00
39627811073299584 1.645607e+00 1.064890e+01 2.954524e-01 -3.268678e+00 1.579732e+00 1.084436e+01 3.119490e-01 4.016733e-02
39633145355570032 1.773856e+00 1.105667e+01 3.019043e-01 -1.172527e+00 1.728456e+00 1.104570e+01 3.081829e-01 -1.757494e+00
39627811173961408 1.313719e+00 1.071951e+01 2.806169e-01 2.924353e+00 1.310042e+00 1.067079e+01 2.655365e-01 3.097659e+00
39627766441707728 1.204078e+00 1.069874e+01 1.868549e-01 3.395717e+00 1.277033e+00 1.063081e+01 1.497633e-01 2.003334e+00
39627794447074448 1.175782e+00 9.550891e+00 1.384128e-01 2.454872e+00 1.181222e+00 9.611240e+00 1.421610e-01 3.808141e+00
39627796309351144 1.740404e+00 1.020718e+01 9.830607e-02 -1.906027e+00 1.689961e+00 1.027568e+01 8.383738e-02 -1.174181e+00
39627802688885320 1.359942e+00 9.908847e+00 9.007094e-02 2.941697e+00 1.318460e+00 9.972519e+00 6.403926e-02 2.440137e+00
39627785081198144 1.652550e+00 1.113127e+01 3.536839e-01 -1.182086e+00 1.750462e+00 1.105975e+01 3.752095e-01 -8.630787e-01
39627823224197936 1.187479e+00 1.041191e+01 1.767405e-01 2.493706e+00 1.213976e+00 1.025877e+01 1.750882e-01 3.028090e+00
39627766659812416 1.376824e+00 1.085754e+01 2.260769e-01 1.057366e+00 1.494673e+00 1.070691e+01 1.819984e-01 6.855932e-01
39627829335297504 1.806420e+00 1.083884e+01 2.259159e-01 -2.314947e+00 1.747061e+00 1.075518e+01 2.230012e-01 -1.100381e+00
39627824180495328 1.320782e+00 1.103855e+01 5.943419e-01 5.067190e+00 1.372064e+00 1.107417e+01 5.986336e-01 3.655519e+00
39627763056906272 1.627512e+00 1.000456e+01 8.974949e-02 -5.227394e-01 1.655289e+00 9.958705e+00 6.727707e-02 -5.614617e-01
39627826705465728 9.852255e-01 1.079222e+01 2.838748e-01 -5.826016e-01 1.339631e+00 1.121035e+01 3.589897e-01 -6.712825e-01
39627787069294016 1.480196e+00 1.033212e+01 2.210368e-01 7.984228e-01 1.542544e+00 1.043463e+01 2.144630e-01 1.633358e+00
39627793021014880 1.180501e+00 9.950324e+00 2.112387e-01 1.737363e+00 1.197597e+00 9.825512e+00 1.924367e-01 2.820238e+00
39627929080041272 1.643118e+00 1.103746e+01 3.626424e-01 -1.982046e-01 1.610765e+00 1.104770e+01 3.894315e-01 -8.011656e-01
39627800482677128 1.200653e+00 1.045519e+01 4.332623e-01 3.638072e+00 1.205317e+00 1.072032e+01 4.875402e-01 3.687879e+00
39627838730537496 1.760846e+00 1.125737e+01 4.664179e-01 6.557870e-01 1.672693e+00 1.139636e+01 5.150155e-01 -1.341830e+00
39627784775008704 1.648974e+00 1.112044e+01 3.776658e-01 1.715369e-01 1.737036e+00 1.108410e+01 3.779962e-01 -8.240175e-02
39627805792671376 1.463917e+00 1.069766e+01 2.334261e-01 -1.374154e+00 1.463316e+00 1.071013e+01 2.432807e-01 5.248433e-01
39627800549786824 1.776850e+00 1.067700e+01 1.917988e-01 -1.455517e+00 1.843367e+00 1.085316e+01 1.826121e-01 -1.679630e+00
39627841263897808 1.380446e+00 1.085606e+01 5.028801e-01 -1.468529e+00 1.487650e+00 1.137233e+01 5.650218e-01 -5.482247e-01
39627799123723168 1.474032e+00 1.052913e+01 1.623902e-01 -6.363753e-02 1.465459e+00 1.050692e+01 1.665246e-01 -1.854293e+00
39627874914796208 1.640938e+00 1.093161e+01 4.723783e-01 2.225431e+00 1.611341e+00 1.137711e+01 4.631636e-01 -7.439392e-01
39633153819673120 1.700774e+00 1.092566e+01 2.966399e-01 1.192571e+00 1.753720e+00 1.094597e+01 3.015415e-01 -6.239702e-01
39627763690245192 1.532236e+00 1.101950e+01 3.661684e-01 2.139921e-01 1.539490e+00 1.091521e+01 4.028039e-01 -1.248664e+00
39627751593870872 1.839596e+00 1.048697e+01 1.531517e-01 -1.680152e+00 1.841490e+00 1.066109e+01 1.508864e-01 -1.697576e+00
39627640620977200 1.762553e+00 1.130110e+01 3.543309e-01 -7.442715e-01 1.767022e+00 1.119169e+01 3.792591e-01 -2.509010e-01
39627634551821536 1.825060e+00 1.105466e+01 3.558311e-01 -8.204876e-01 1.842952e+00 1.128651e+01 3.625425e-01 -5.718672e-01
39627790722539456 1.857672e+00 1.118442e+01 4.188940e-01 -1.392781e+00 1.837048e+00 1.142647e+01 4.443473e-01 -8.995501e-01
39627805893331128 1.612204e+00 1.128444e+01 3.944981e-01 -2.558597e+00 1.768152e+00 1.129294e+01 4.220221e-01 -1.228903e+00
39627776273156992 1.741761e+00 1.021307e+01 1.500314e-01 -4.651655e-02 1.694429e+00 1.023615e+01 1.314827e-01 -1.630808e+00
39627756920637424 1.548982e+00 1.148703e+01 5.567516e-01 -9.459133e-01 1.626494e+00 1.150191e+01 6.132649e-01 -3.720297e-01
39627799786423064 1.026346e+00 1.015205e+01 1.395736e-01 6.644306e-01 1.234363e+00 1.003636e+01 1.273044e-01 -1.038841e+00
39627814806233464 1.181097e+00 1.015882e+01 3.518856e-01 6.806604e+00 1.096999e+00 1.042620e+01 3.742734e-01 4.869201e+00
39627829926692576 1.767175e+00 1.034346e+01 2.140611e-01 -4.606214e-01 1.609077e+00 1.052273e+01 2.053939e-01 -1.455227e+00
39627732744668904 1.453845e+00 1.124643e+01 5.244503e-01 -3.180369e+00 1.454910e+00 1.109232e+01 5.634442e-01 3.637768e-01
39627764139037960 1.485506e+00 1.002716e+01 1.813987e-01 -2.258837e-01 1.476171e+00 9.983875e+00 1.511197e-01 -1.947279e+00
39627808623823784 1.738769e+00 1.089042e+01 1.562246e-01 -1.040223e+00 1.872203e+00 1.088124e+01 1.553767e-01 -1.634555e+00
39627817431863360 1.696483e+00 1.046109e+01 4.326336e-01 1.033679e+00 1.657431e+00 1.102294e+01 4.208754e-01 -6.118335e-01
39633145225545088 1.609958e+00 1.092060e+01 4.438046e-01 -3.469836e-01 1.708789e+00 1.122580e+01 4.788333e-01 -1.057226e+00
39633131896049536 1.743720e+00 1.088397e+01 3.537241e-01 4.187969e-01 1.811129e+00 1.120338e+01 3.723486e-01 -5.705116e-01
39633136572695632 1.635152e+00 1.055455e+01 3.144701e-01 6.458627e-02 1.562806e+00 1.073843e+01 3.394117e-01 1.938437e+00
39627764235504744 1.852277e+00 1.046761e+01 2.186630e-01 -2.960182e+00 1.722641e+00 1.059724e+01 2.116514e-01 -1.411857e+00
39633145229739328 1.609046e+00 1.070773e+01 1.444277e-01 2.023275e-02 1.794379e+00 1.076415e+01 1.174869e-01 -2.489747e+00
39627782245848768 1.701660e+00 1.077300e+01 2.590547e-01 -3.119198e-01 1.733746e+00 1.082664e+01 2.606654e-01 -2.732766e-02
39627775711121048 1.723265e+00 1.046631e+01 1.820366e-01 -1.283177e+00 1.733141e+00 1.038381e+01 1.552650e-01 -1.947725e+00
39627760938781312 1.109064e+00 9.244575e+00 1.640220e-01 4.211212e+00 1.117262e+00 9.149128e+00 1.296269e-01 4.446606e+00
39627778227702496 1.452035e+00 1.138282e+01 4.959696e-01 2.930025e+00 1.672937e+00 1.127696e+01 4.685523e-01 -1.290172e+00
39627835228296864 1.220692e+00 1.013013e+01 7.353775e-02 2.855367e+00 1.195551e+00 1.013407e+01 6.456831e-02 2.464248e+00
39627761127530224 1.238781e+00 1.014754e+01 2.113466e-01 2.062617e+00 1.298368e+00 1.016326e+01 2.030305e-01 5.917128e-01
39627805947859648 1.298987e+00 8.540931e+00 4.171958e-02 2.898226e+00 1.189050e+00 8.160570e+00 2.185032e-02 3.970653e+00
39633136459451224 1.147075e+00 9.608299e+00 9.597584e-02 4.283444e+00 1.144255e+00 9.612790e+00 7.968558e-02 4.596926e+00
39627688687702312 1.717218e+00 1.005693e+01 1.364912e-01 -3.117960e+00 1.509211e+00 1.010081e+01 1.369585e-01 -1.430625e-01
39627812558078176 1.126579e+00 9.245712e+00 1.251886e-01 5.908770e+00 1.135043e+00 9.222226e+00 1.172085e-01 4.490792e+00
39627794325440648 1.717818e+00 1.014415e+01 1.053367e-01 -8.611258e-01 1.679996e+00 1.004744e+01 9.065089e-02 -7.748162e-01
39633118407166696 1.737404e+00 1.108055e+01 2.846740e-01 -2.420195e+00 1.619623e+00 1.108118e+01 2.922325e-01 -1.723190e+00
39627751547734400 1.566655e+00 1.113990e+01 4.003386e-01 -1.372909e+00 1.668389e+00 1.098256e+01 4.093260e-01 -4.757241e-01
39627772548612840 1.541175e+00 1.081499e+01 2.766580e-01 -1.987791e+00 1.585772e+00 1.084971e+01 3.061711e-01 -2.791403e+00
39627812499361704 1.671813e+00 1.032526e+01 1.695810e-01 -5.463064e-01 1.657397e+00 1.026829e+01 1.566692e-01 -1.747717e+00
39627802495944472 1.229875e+00 1.015366e+01 1.430795e-01 2.957373e+00 1.269083e+00 1.028319e+01 1.431848e-01 2.501611e+00
39627830576808680 1.596583e+00 1.053253e+01 1.783658e-01 -7.829785e-01 1.697397e+00 1.042972e+01 1.563597e-01 -1.563351e+00
39627802701465960 1.106600e+00 8.932681e+00 8.065400e-02 4.911482e+00 1.075796e+00 8.378770e+00 6.125842e-02 3.676843e+00
39627781675420760 1.266228e+00 9.399857e+00 1.272569e-01 3.230603e+00 1.202421e+00 9.664835e+00 1.620514e-01 3.171745e+00
39627751426100576 1.916069e+00 1.039715e+01 1.536227e-01 -5.925085e-01 1.743167e+00 1.046038e+01 1.463983e-01 -1.662779e+00
39627682761152368 1.918171e+00 1.069078e+01 1.399301e-01 -1.692304e+00 1.783831e+00 1.063801e+01 1.308669e-01 -2.091259e+00
39627790479265096 1.723073e+00 1.114056e+01 2.497104e-01 -1.294349e+00 1.891232e+00 1.115122e+01 2.545895e-01 -2.073143e+00
39627733961017728 1.682322e+00 1.113032e+01 3.341778e-01 -8.764337e-02 1.713295e+00 1.109162e+01 3.541342e-01 -7.671515e-01
39627830492923640 1.663356e+00 1.052107e+01 9.544089e-02 -7.004899e-01 1.489360e+00 1.066745e+01 9.200592e-02 9.526373e-01
39627865599250040 1.197074e+00 1.079951e+01 1.740548e-01 5.948608e+00 1.279238e+00 1.055218e+01 1.566550e-01 3.052298e+00
39627782417809792 1.139686e+00 9.379112e+00 8.591495e-02 5.866554e+00 1.148563e+00 9.107883e+00 6.132597e-02 4.672546e+00
39627763560222568 1.895615e+00 1.049253e+01 1.323635e-01 -1.374063e+00 1.806275e+00 1.061604e+01 1.303507e-01 -1.429375e+00
39627899090765976 1.589839e+00 1.098822e+01 2.870336e-01 -5.472034e-01 1.838169e+00 1.096979e+01 2.660755e-01 -2.103249e+00
39627778705853248 1.087263e+00 8.847059e+00 1.534711e-01 3.430898e+00 1.060150e+00 9.231042e+00 1.836587e-01 4.085768e+00
39627751547735560 1.350893e+00 1.046586e+01 2.023550e-01 2.357121e+00 1.178203e+00 1.045697e+01 2.031911e-01 -2.256145e+00
39627917205967728 1.632616e+00 1.065052e+01 4.361309e-01 -2.172949e+00 1.633359e+00 1.111684e+01 4.513371e-01 -8.189774e-01
39627818593681984 1.114193e+00 9.192747e+00 1.113469e-01 3.532375e+00 1.165097e+00 9.139159e+00 7.877493e-02 2.636587e+00
39627856854126008 1.524876e+00 1.101706e+01 3.134467e-01 9.046391e-01 1.657316e+00 1.103454e+01 3.397592e-01 -8.613050e-01
39627811408838976 1.205828e+00 1.027004e+01 9.752675e-02 3.663143e+00 1.204174e+00 1.047136e+01 1.055275e-01 3.240194e+00
39627811966684288 1.640708e+00 9.815306e+00 1.539746e-01 5.351675e-01 1.512119e+00 1.002993e+01 1.463487e-01 -1.385183e+00
39627781763501432 1.281648e+00 9.843348e+00 1.189970e-01 2.641510e+00 1.304266e+00 9.856893e+00 1.286235e-01 2.216707e+00
39627824163719704 1.597429e+00 1.094175e+01 3.425732e-01 -4.547888e-01 1.715455e+00 1.096974e+01 3.641880e-01 -4.951903e-01
39627770224974088 1.330914e+00 1.073819e+01 2.627963e-01 -8.785214e-01 1.365379e+00 1.059989e+01 2.677538e-01 3.856272e-01
39627794010869656 1.717564e+00 1.098498e+01 4.168774e-01 -1.556587e+00 1.707149e+00 1.118058e+01 4.360162e-01 -8.539357e-01
39627805910111432 1.816361e+00 1.094539e+01 2.691159e-01 -2.002505e+00 1.742603e+00 1.089541e+01 2.850913e-01 -1.794030e+00
39627790558954472 1.918843e+00 1.108735e+01 3.409390e-01 -1.698224e+00 1.772779e+00 1.121032e+01 3.608338e-01 -5.007645e-01
39627664637562560 1.650584e+00 1.082442e+01 4.873477e-01 7.103008e-01 1.422124e+00 1.099281e+01 5.265746e-01 9.087652e-02
39627823291304752 1.325147e+00 1.085456e+01 3.899159e-01 1.043604e+00 1.340191e+00 1.087517e+01 3.533134e-01 2.128609e+00
39627775648204584 1.666886e+00 1.085245e+01 2.466661e-01 -1.799924e+00 1.805789e+00 1.087590e+01 2.549787e-01 -1.288634e+00
39627782304564248 1.818427e+00 1.095178e+01 3.209402e-01 -8.197168e-01 1.675508e+00 1.093147e+01 3.307290e-01 -9.325281e-01
39627751606454936 1.227389e+00 9.648710e+00 1.207685e-01 3.626179e+00 1.193195e+00 9.399265e+00 1.163768e-01 3.543081e+00
39627796867192248 1.749342e+00 1.132131e+01 5.683140e-01 -1.421646e-01 1.605518e+00 1.154782e+01 6.544043e-01 1.164626e-01
39627770191413832 1.504884e+00 1.078878e+01 5.119582e-01 -3.625036e+00 1.675394e+00 1.133728e+01 5.537075e-01 -1.513247e+00
39627758212484048 1.147650e+00 9.914932e+00 1.226439e-01 4.142195e+00 1.160372e+00 1.019526e+01 1.086034e-01 3.578092e+00
39627802625967336 1.586919e+00 1.107506e+01 3.832234e-01 -3.349628e-02 1.565525e+00 1.108955e+01 3.923216e-01 -1.255639e-01
39627770329830416 1.340239e+00 1.005173e+01 1.236895e-01 8.362989e-01 1.426715e+00 1.005516e+01 1.148175e-01 2.011949e-02
39627740147616960 1.229471e+00 9.926562e+00 2.011610e-01 2.118467e+00 1.232909e+00 1.006096e+01 2.129189e-01 6.105655e-01
39627877653679144 1.649730e+00 1.099396e+01 2.265986e-01 -2.115173e-01 1.580955e+00 1.109476e+01 2.525131e-01 1.373111e-01
39627758208289424 1.746559e+00 1.082028e+01 2.866269e-01 -2.095221e+00 1.808103e+00 1.093424e+01 2.953826e-01 -1.384945e+00
39627775635620720 1.624896e+00 1.103800e+01 3.409785e-01 1.420547e+00 1.643874e+00 1.111641e+01 3.537875e-01 1.298250e+00
39627814772678360 1.184402e+00 1.006628e+01 2.160937e-01 1.497019e+00 1.161096e+00 9.820719e+00 2.094726e-01 3.275192e+00
39627794283499808 1.751226e+00 1.051308e+01 1.517738e-01 -2.304878e-01 1.769519e+00 1.063747e+01 1.485193e-01 -6.407510e-01
39627814617484240 1.146260e+00 8.836428e+00 5.817261e-02 4.403529e+00 1.207599e+00 8.509770e+00 2.814482e-02 3.382302e+00
39627794484827160 1.756513e+00 1.070614e+01 1.721256e-01 -1.284303e+00 1.796927e+00 1.068863e+01 1.580450e-01 -2.149558e+00
39627774876451712 1.593556e+00 1.107465e+01 2.689687e-01 -4.428754e-02 1.607605e+00 1.089967e+01 2.853231e-01 -4.890219e-01
39627758204096176 1.141229e+00 1.050341e+01 2.838670e-01 4.648729e+00 1.201689e+00 9.997049e+00 2.284421e-01 3.566843e+00
39627778441611296 1.505394e+00 1.060954e+01 3.043788e-01 -2.420070e-01 1.579394e+00 1.081882e+01 3.157917e-01 -2.161637e+00
39633132139316720 1.586473e+00 1.033807e+01 1.274634e-01 3.379720e-01 1.553244e+00 1.016993e+01 8.757168e-02 8.036083e-01
39633145082938288 1.126530e+00 1.040958e+01 1.697199e-01 2.891834e+00 1.102024e+00 1.053793e+01 2.128392e-01 4.637513e+00
39627782275204648 1.177680e+00 1.001368e+01 1.249843e-01 3.977429e+00 1.195170e+00 9.844701e+00 1.078527e-01 3.870335e+00
39627793771794480 1.204750e+00 1.072400e+01 2.417520e-01 2.718538e+00 1.217358e+00 1.064545e+01 2.610328e-01 3.626369e+00
39627775606260272 1.869995e+00 1.088181e+01 2.566473e-01 -5.679684e-01 1.819482e+00 1.098016e+01 2.761546e-01 -9.244373e-01
39627752013300576 1.315287e+00 9.705112e+00 1.148552e-01 1.695507e+00 1.193300e+00 9.735893e+00 9.522589e-02 6.662405e-01
39627791037110160 1.328157e+00 1.081510e+01 2.931710e-01 2.221922e+00 1.309613e+00 1.073632e+01 2.833606e-01 2.358801e+00
39627787102850304 1.577175e+00 1.100949e+01 3.291383e-01 -1.457477e+00 1.665879e+00 1.094603e+01 3.642492e-01 -1.057317e+00
39627767112796824 1.627748e+00 1.076541e+01 3.769846e-01 -1.510417e+00 1.581186e+00 1.084937e+01 4.105891e-01 -3.616474e-01
39627823299693016 1.319820e+00 1.069756e+01 3.605193e-01 5.641719e+00 1.196700e+00 1.086292e+01 3.699827e-01 4.686742e+00
39627770304666024 1.105987e+00 8.948022e+00 1.108306e-01 3.779137e+00 1.137470e+00 8.885447e+00 9.549385e-02 3.778848e+00
39627830585196592 1.342335e+00 1.047676e+01 3.655670e-01 3.518173e+00 1.296677e+00 1.078543e+01 3.542465e-01 2.261616e+00
39633158320164456 1.516281e+00 1.104624e+01 5.519793e-01 2.836762e+00 1.413034e+00 1.110592e+01 6.181239e-01 3.813356e+00
39627779192391056 1.591260e+00 9.997837e+00 1.251217e-01 1.029893e+00 1.496744e+00 1.001378e+01 1.204224e-01 6.581064e-01
39627780891084152 1.588274e+00 1.061041e+01 1.652129e-01 -4.105102e+00 1.495911e+00 1.057138e+01 1.611315e-01 -2.235587e+00
39627788344367048 1.509179e+00 1.103367e+01 3.191282e-01 2.443334e-02 1.519284e+00 1.102526e+01 3.258556e-01 4.059702e-01
39627794417717480 1.341886e+00 1.029508e+01 1.735009e-01 -1.502874e+00 1.450154e+00 1.012495e+01 1.741212e-01 -3.854358e-01
39627847370804288 1.630641e+00 1.108804e+01 2.810544e-01 -7.007903e-01 1.553205e+00 1.120430e+01 2.759570e-01 -3.027630e-01
39627787203513728 1.823108e+00 1.080668e+01 3.270828e-01 -8.371080e-01 1.818032e+00 1.126641e+01 3.409768e-01 -6.931951e-01
39627818564324880 1.258967e+00 1.047779e+01 2.890782e-01 1.244772e+00 1.328395e+00 1.044404e+01 2.475002e-01 1.321778e+00
39627745482768688 1.313848e+00 1.054781e+01 2.436869e-01 5.796798e-01 1.417778e+00 1.045836e+01 2.462269e-01 1.451249e-01
39627739350699848 1.126022e+00 9.352739e+00 1.062336e-01 5.221848e+00 1.135938e+00 9.061651e+00 9.644599e-02 4.983719e+00
39633127668190528 1.197605e+00 9.164358e+00 6.068487e-02 3.618802e+00 1.221561e+00 8.938402e+00 1.993683e-02 3.780113e+00
39627802802127728 1.823531e+00 1.021197e+01 7.135582e-02 -1.371963e+00 1.841578e+00 1.035756e+01 4.228263e-02 -2.222024e+00
39627788281449912 1.803733e+00 1.075486e+01 1.651535e-01 -1.537872e+00 1.866719e+00 1.083542e+01 1.735146e-01 -1.709035e+00
39627806476338856 1.280302e+00 1.092566e+01 3.430835e-01 5.897708e-01 1.296984e+00 1.076971e+01 3.835694e-01 1.338421e+00
39627766617867528 1.121588e+00 8.639629e+00 7.605992e-02 -6.884971e-01 1.090677e+00 8.296870e+00 3.265634e-02 1.050622e+00
39627784271694288 1.932058e+00 1.059996e+01 1.804914e-01 -1.097411e+00 1.800267e+00 1.072637e+01 1.808157e-01 -2.069599e+00
39627764273254408 1.714167e+00 1.111534e+01 5.612726e-01 5.141843e-01 1.629453e+00 1.149325e+01 6.208086e-01 -3.570539e-02
39627763912544736 1.437356e+00 9.779646e+00 8.340560e-02 6.300502e-01 1.381001e+00 9.741615e+00 6.502913e-02 1.522921e+00
39627803221565192 1.805877e+00 1.104499e+01 2.704362e-01 -4.216240e-01 1.828888e+00 1.095052e+01 2.710855e-01 -9.022593e-01
39627779188197064 1.142628e+00 8.293866e+00 4.051222e-02 4.833186e+00 1.112632e+00 7.643469e+00 4.479036e-03 4.914582e+00
39627794354804392 1.343516e+00 1.023315e+01 1.326138e-01 1.185685e+00 1.354790e+00 1.029040e+01 1.380914e-01 1.486514e+00
39633145355567912 1.424771e+00 9.410662e+00 8.284578e-02 1.260962e+00 1.305863e+00 9.341765e+00 5.684772e-02 1.377655e+00
39627774897425720 1.287402e+00 1.037356e+01 2.129134e-01 3.146267e+00 1.328087e+00 1.063461e+01 2.423055e-01 1.233580e+00
39627745524716496 1.148702e+00 9.713120e+00 1.626289e-01 4.028945e+00 1.177026e+00 9.364552e+00 1.243597e-01 3.901835e+00
39627847312083520 1.629208e+00 1.065745e+01 1.814510e-01 -1.273501e+00 1.688273e+00 1.065474e+01 1.687688e-01 -1.513293e+00
39627811136212240 1.233665e+00 1.072009e+01 2.237130e-01 2.514796e+00 1.365277e+00 1.054665e+01 2.125085e-01 2.157838e+00
39627769063148152 1.914348e+00 1.068478e+01 2.713437e-01 -1.137179e+00 1.887169e+00 1.117084e+01 2.879373e-01 -1.762573e+00
39627812436445992 1.399991e+00 1.089949e+01 3.587785e-01 4.033900e+00 1.324850e+00 1.080058e+01 3.651953e-01 1.085895e+00
39627768903762776 1.367240e+00 9.901942e+00 1.322750e-01 2.750805e-01 1.278721e+00 9.874528e+00 1.239630e-01 2.241147e+00
39627805952051392 1.732596e+00 1.039048e+01 1.109590e-01 -1.415890e+00 1.734239e+00 1.045045e+01 9.923346e-02 -1.990621e+00
39627762796860992 1.105054e+00 9.547631e+00 9.793562e-02 5.463363e+00 1.137985e+00 9.284684e+00 8.595836e-02 4.581124e+00
39627752218825472 1.399520e+00 9.681636e+00 1.087114e-01 -6.024178e-01 1.402660e+00 9.749988e+00 1.106439e-01 -5.693767e-01
39627775664984968 1.224368e+00 1.009653e+01 1.514002e-01 5.102399e+00 1.204769e+00 1.025305e+01 1.587000e-01 3.361807e+00
39627787090265216 1.376227e+00 1.076509e+01 2.837516e-01 2.554699e+00 1.394352e+00 1.067900e+01 2.618306e-01 1.601218e+00
39627782384257248 1.276891e+00 1.000595e+01 1.786441e-01 4.014104e+00 1.250655e+00 9.930996e+00 1.806967e-01 1.898698e+00
39627664591427128 1.551895e+00 1.122126e+01 5.042211e-01 7.190984e-02 1.563004e+00 1.145792e+01 5.547954e-01 -4.088374e-01
39627805859777728 1.045631e+00 8.764760e+00 6.120256e-02 8.039509e-01 1.093780e+00 8.403268e+00 4.930139e-02 1.147180e+00
39627751430295768 1.759586e+00 1.103752e+01 4.591284e-01 -1.387908e+00 1.664181e+00 1.115852e+01 4.907069e-01 -1.012920e+00
39627823287110160 1.053024e+00 1.028662e+01 2.952353e-01 4.180028e+00 1.096485e+00 1.027761e+01 3.439961e-01 5.252246e+00
39627817125675984 1.683750e+00 1.084474e+01 2.844429e-01 3.781759e-01 1.801227e+00 1.097178e+01 2.852278e-01 -1.839702e+00
39627751497404704 1.400653e+00 1.047978e+01 1.654581e-01 -4.027965e-01 1.373687e+00 1.036938e+01 1.468658e-01 1.247566e+00
39627788243700512 1.750258e+00 1.089471e+01 3.590870e-01 -1.271072e-03 1.682357e+00 1.105093e+01 3.748274e-01 -6.439823e-01
39633131921213848 1.380929e+00 1.121683e+01 3.545178e-01 4.981387e-01 1.485559e+00 1.134457e+01 3.485997e-01 -6.561310e-01
39627806459562800 1.853580e+00 1.087270e+01 1.699516e-01 -1.829509e+00 1.843594e+00 1.080722e+01 1.755788e-01 -1.901297e+00
39627818430107232 1.470348e+00 1.038501e+01 1.285813e-01 7.220109e-01 1.538613e+00 1.031548e+01 1.115196e-01 -2.259614e-01
39627784389139648 1.206101e+00 9.197563e+00 8.644496e-02 1.361282e+00 1.202025e+00 9.183073e+00 7.453433e-02 1.382532e+00
39627764310999080 1.862921e+00 1.106034e+01 2.859285e-01 -9.384306e-01 1.813262e+00 1.114759e+01 2.835259e-01 -1.852621e+00
39627835215711424 1.131777e+00 1.081246e+01 2.438873e-01 4.248573e+00 1.171948e+00 1.070515e+01 2.411985e-01 3.530622e+00
39627746170635488 1.072984e+00 8.679383e+00 7.618452e-02 4.734742e+00 1.157568e+00 8.843574e+00 5.940263e-02 4.072515e+00
39627776247990256 1.680654e+00 1.019585e+01 1.775002e-01 -3.802046e-01 1.609650e+00 1.031544e+01 1.707239e-01 -2.468428e+00
39627811056520608 1.152152e+00 7.863178e+00 3.041048e-02 4.941264e+00 1.109503e+00 7.413388e+00 4.366040e-05 4.935170e+00
39633162325723464 1.776030e+00 1.030845e+01 9.051940e-02 -1.973022e+00 1.743969e+00 1.019132e+01 5.478637e-02 -1.073847e+00
39627760884259312 1.263438e+00 1.017530e+01 7.281759e-02 3.929268e+00 1.277305e+00 1.006668e+01 5.388328e-02 2.408863e+00
39627779179810872 1.542183e+00 1.072013e+01 3.807285e-01 -1.214221e-01 1.560605e+00 1.100567e+01 4.738635e-01 -2.198143e+00
39627817377333728 1.134532e+00 1.047417e+01 1.631766e-01 3.950256e+00 1.208068e+00 1.042006e+01 1.380837e-01 3.344173e+00
39627758246040840 1.103906e+00 1.014405e+01 1.449977e-01 -2.724575e+00 1.217995e+00 9.879812e+00 1.379497e-01 1.821977e-01
39627824532817800 1.668453e+00 1.054949e+01 2.946148e-01 1.078289e+00 1.735899e+00 1.079028e+01 2.947612e-01 -7.233350e-01
39627799341829968 1.422737e+00 8.841102e+00 4.629830e-02 3.079535e+00 1.261024e+00 9.617356e+00 5.727181e-02 3.665216e+00
39627740143423488 1.374195e+00 1.009942e+01 1.476100e-01 -3.018717e+00 1.262107e+00 1.028636e+01 1.753927e-01 1.221407e+00
39627768920544824 1.243713e+00 9.493512e+00 7.011825e-02 3.056441e+00 1.182458e+00 9.559839e+00 4.476093e-02 4.202955e+00
39627841435863168 1.253509e+00 9.832595e+00 8.588863e-02 2.205140e+00 1.245792e+00 1.006493e+01 7.272986e-02 2.780441e+00
39627772192101880 1.627863e+00 1.115568e+01 3.965811e-01 -4.091873e-01 1.684777e+00 1.115951e+01 4.098700e-01 -2.099656e+00
39627755041589264 1.517745e+00 8.866478e+00 4.177825e-02 1.817590e+00 1.392381e+00 8.598282e+00 2.808386e-02 -2.815070e-01
39627757528811184 1.756313e+00 1.080305e+01 2.033838e-01 -1.249275e+00 1.660229e+00 1.085736e+01 2.101754e-01 -3.379250e-01
39627610593958624 1.650508e+00 1.054222e+01 2.117779e-01 2.336053e-02 1.734774e+00 1.067673e+01 2.183002e-01 -1.388277e+00
39627824650260568 1.207461e+00 1.024642e+01 2.002082e-01 1.410586e+00 1.209194e+00 1.008067e+01 1.896286e-01 1.527219e-01
39627811337539584 1.896642e+00 1.097327e+01 4.285673e-01 -7.934429e-01 1.763131e+00 1.135613e+01 4.857511e-01 -1.440914e+00
39627766236190304 1.440897e+00 1.117951e+01 5.437367e-01 -3.290888e+00 1.511642e+00 1.139552e+01 5.654377e-01 -1.190773e+00
39633153983253488 1.350819e+00 1.158564e+01 4.954979e-01 -2.225875e+00 1.801230e+00 1.149391e+01 5.119169e-01 -8.895779e-01
39627802797938344 1.635643e+00 1.083651e+01 1.801922e-01 -9.620424e-01 1.618833e+00 1.081644e+01 1.688759e-01 -1.955380e+00
39627774943561552 1.751030e+00 1.084806e+01 2.201817e-01 -2.516605e+00 1.775875e+00 1.073619e+01 2.016181e-01 -1.815280e+00
39627768907958128 1.531529e+00 1.071109e+01 2.188877e-01 -2.982322e-01 1.406313e+00 1.082679e+01 2.556329e-01 2.001636e+00
39627910998397360 1.658503e+00 1.091537e+01 3.196513e-01 -3.951670e-01 1.720827e+00 1.103978e+01 3.329328e-01 -1.018605e+00
39627817951953968 1.839737e+00 1.051679e+01 1.398739e-01 -2.241693e+00 1.721947e+00 1.051211e+01 1.357712e-01 -1.635456e+00
39627770329825872 9.924628e-01 8.233058e+00 4.182036e-02 3.021319e+00 1.040378e+00 7.733481e+00 1.243281e-02 9.353557e-01
39627764160008760 1.114589e+00 9.761087e+00 1.874168e-01 2.377736e+00 1.120320e+00 9.467534e+00 1.843636e-01 9.048303e-01
39627877565596632 1.763514e+00 1.105588e+01 4.678515e-01 -2.492071e+00 1.519730e+00 1.139233e+01 4.870301e-01 -4.329252e-01
39627853473515240 1.644701e+00 1.112880e+01 4.480157e-01 8.693970e-01 1.680620e+00 1.120242e+01 4.680730e-01 -3.899186e-01
39627746216775776 1.688535e+00 1.112224e+01 4.236576e-01 1.866909e-01 1.710247e+00 1.131459e+01 4.776255e-01 -6.976361e-01
39627814600711520 1.135522e+00 1.045443e+01 2.815627e-01 3.393309e+00 1.212054e+00 1.034043e+01 2.214745e-01 3.907078e+00
39627786985411328 1.721540e+00 1.091330e+01 2.660612e-01 -1.300797e+00 1.652445e+00 1.109680e+01 2.839665e-01 -7.423986e-01
39627839028331696 1.371263e+00 1.158364e+01 5.863222e-01 -4.236839e+00 1.517300e+00 1.155737e+01 6.724305e-01 1.267195e+00
39627760284467280 1.520702e+00 1.102742e+01 3.774526e-01 -1.255285e+00 1.694977e+00 1.113117e+01 4.416420e-01 -4.265448e-01
39627766550762384 1.696533e+00 1.116650e+01 5.043656e-01 -1.205409e+00 1.624798e+00 1.124744e+01 5.496596e-01 4.387358e-01
39627764218726448 1.826266e+00 1.094105e+01 2.197106e-01 -1.639041e+00 1.823162e+00 1.090791e+01 2.061831e-01 -1.346793e+00
39627788298224704 1.306417e+00 1.035035e+01 1.365683e-01 2.748895e+00 1.324667e+00 1.020913e+01 1.182873e-01 2.346126e+00
39627812356756496 1.518709e+00 1.114938e+01 4.191727e-01 2.628817e+00 1.482060e+00 1.122843e+01 4.402701e-01 1.135768e-01
39627923124126144 1.847294e+00 1.113153e+01 4.739102e-01 -6.167634e-01 1.704219e+00 1.141068e+01 5.203874e-01 -1.610859e+00
39627824612508416 1.215992e+00 1.019898e+01 1.516556e-01 6.755105e-01 1.208265e+00 9.824385e+00 1.076863e-01 3.785077e-01
39627740156005616 1.109980e+00 1.007375e+01 9.923883e-02 3.790605e+00 1.168527e+00 9.942907e+00 6.699549e-02 3.752119e+00
39627781000137312 1.749614e+00 1.097982e+01 2.459276e-01 -1.218552e+00 1.833460e+00 1.098911e+01 2.474009e-01 -9.603937e-01
39627775623040552 1.530491e+00 1.108092e+01 5.723037e-01 4.212513e+00 1.423077e+00 1.131551e+01 6.298226e-01 4.065789e+00
39627752193655328 1.690869e+00 1.063259e+01 2.044227e-01 -2.434214e+00 1.673389e+00 1.071247e+01 2.019902e-01 -2.755908e+00
39627781931270448 1.339729e+00 1.009321e+01 8.436606e-02 4.190756e+00 1.243323e+00 1.041922e+01 1.050719e-01 2.955084e+00
39627746065779008 1.109450e+00 8.785283e+00 8.207607e-02 5.430390e+00 1.072281e+00 8.452569e+00 6.721367e-02 1.723863e+00
39627812469998336 1.603636e+00 1.072261e+01 1.797333e-01 -1.720219e+00 1.625145e+00 1.058378e+01 1.641888e-01 -7.952892e-01
39627808669963792 1.741047e+00 1.095460e+01 3.340692e-01 1.865230e+00 1.658901e+00 1.092016e+01 3.225330e-01 -1.361624e+00
39627774893228464 1.308814e+00 1.038447e+01 1.769913e-01 9.058212e-01 1.340728e+00 1.031235e+01 1.800505e-01 2.633708e-01
39627835303790056 1.654158e+00 1.050653e+01 1.925372e-01 -1.923528e+00 1.737972e+00 1.051308e+01 1.838845e-01 -1.497398e+00
39633149721840144 1.763127e+00 1.105921e+01 4.417974e-01 -1.344014e+00 1.666691e+00 1.121949e+01 4.884811e-01 -1.074588e-01
39627812549692600 1.128629e+00 9.578712e+00 1.556437e-01 3.340296e+00 1.136504e+00 1.003393e+01 1.672611e-01 4.326190e+00
39627764298417056 1.111818e+00 8.569423e+00 2.758183e-02 3.209961e+00 1.223659e+00 8.293447e+00 0.000000e+00 3.270001e+00
39633149692480120 1.833119e+00 1.080859e+01 2.142251e-01 -1.569617e+00 1.802761e+00 1.086743e+01 2.190517e-01 -8.181326e-01
39633293691324976 1.544801e+00 9.526042e+00 7.396630e-02 1.030580e+00 1.545537e+00 9.538386e+00 3.280011e-02 1.111974e+00
39627812570661232 1.605697e+00 1.035271e+01 1.346207e-01 -5.795743e-01 1.710307e+00 1.029989e+01 1.189196e-01 -6.644325e-01
39627865599246400 1.642881e+00 1.119224e+01 4.688049e-01 4.712625e-01 1.647074e+00 1.123910e+01 4.977775e-01 -2.143773e-01
39627794367385384 1.165141e+00 9.744174e+00 5.309063e-02 4.031004e+00 1.201805e+00 9.620472e+00 3.250663e-02 4.169911e+00
39627746116113544 1.239599e+00 1.033640e+01 2.901624e-01 2.563214e-01 1.305699e+00 1.079057e+01 3.022567e-01 1.278520e+00
39633140951549288 1.772749e+00 1.078622e+01 1.874059e-01 -1.113304e+00 1.794712e+00 1.077108e+01 1.821107e-01 -1.048391e+00
39627839368078104 1.741452e+00 9.893381e+00 4.754856e-02 -6.093882e-01 1.725332e+00 9.708290e+00 3.186776e-02 -4.795767e-01
39627823899478896 1.223715e+00 9.232382e+00 7.618381e-02 4.188229e+00 1.199441e+00 8.604919e+00 1.950425e-02 3.799715e+00
39627799828367368 1.085794e+00 8.781948e+00 6.208095e-02 3.362199e+00 1.137815e+00 8.441763e+00 5.375926e-02 2.155866e+00
39627778424840624 1.678541e+00 1.071592e+01 3.528989e-01 -1.172014e+00 1.690131e+00 1.096535e+01 3.325043e-01 -1.893335e+00
39627805855580728 1.206969e+00 9.220930e+00 1.093179e-01 3.779621e+00 1.143957e+00 9.386504e+00 1.168567e-01 3.832677e+00
39627830593587096 1.388535e+00 1.010691e+01 1.858825e-01 1.925308e+00 1.372491e+00 1.013230e+01 2.027289e-01 4.649659e-01
39633118419749568 1.426751e+00 1.126452e+01 4.787039e-01 2.796937e+00 1.701613e+00 1.113367e+01 4.401698e-01 -4.340947e-02
39627757625282208 1.627304e+00 9.746256e+00 7.057619e-02 -1.467569e+00 1.495831e+00 9.744081e+00 8.393022e-02 8.278784e-01
39627780937222832 1.304970e+00 1.018189e+01 1.546248e-01 -2.881845e+00 1.437489e+00 9.924562e+00 1.882112e-01 1.705433e+00
39627812516137872 1.282988e+00 1.066663e+01 2.812809e-01 1.665695e+00 1.579628e+00 1.062117e+01 2.737548e-01 -2.309945e-01
39627868883388680 1.778425e+00 1.056778e+01 8.583841e-02 4.648580e-01 1.798633e+00 1.064383e+01 6.220052e-02 -1.888201e+00
39627760578069240 1.426368e+00 1.050463e+01 2.477387e-01 2.049232e+00 1.374586e+00 1.041815e+01 2.368712e-01 4.456383e-01
39627776390595584 1.577763e+00 1.052705e+01 1.228511e-01 -7.224828e-01 1.709700e+00 1.050243e+01 1.122731e-01 -1.162514e+00
39627781906105848 1.228113e+00 1.055128e+01 1.261348e-01 3.514812e+00 1.225521e+00 1.051555e+01 1.348056e-01 3.178401e+00
39627824566375648 1.670462e+00 1.072414e+01 3.121851e-01 -1.911240e+00 1.629481e+00 1.082674e+01 3.086270e-01 -8.183366e-01
39627751468043840 1.753264e+00 1.030276e+01 1.546781e-01 -1.700878e-01 1.635654e+00 1.026795e+01 1.455730e-01 -1.349426e+00
39627787786520304 1.581657e+00 1.034928e+01 1.782389e-01 6.454667e-01 1.554646e+00 1.038049e+01 1.909709e-01 -4.764860e-01
39627786901524664 1.664741e+00 1.055043e+01 2.419219e-01 -9.623006e-01 1.745427e+00 1.074086e+01 2.525575e-01 -9.105902e-01
39627769021205512 1.238318e+00 9.905282e+00 1.027106e-01 5.413767e+00 1.196139e+00 9.857778e+00 8.931050e-02 3.488717e+00
39627770283689232 1.257336e+00 1.040211e+01 3.345702e-01 2.673307e+00 1.183093e+00 1.064490e+01 3.150537e-01 3.216608e+00
39627787773939456 1.277870e+00 1.025795e+01 1.156247e-01 3.146067e+00 1.298432e+00 1.029023e+01 1.075488e-01 2.614631e+00
39627818534965200 1.417385e+00 1.037107e+01 3.292017e-01 2.192636e+00 1.350347e+00 1.078977e+01 3.489127e-01 1.601146e+00
39627740135030976 1.790162e+00 1.034638e+01 2.611456e-01 -9.484335e-01 1.771023e+00 1.082104e+01 2.608604e-01 -1.517841e+00
39627844669674368 1.903230e+00 1.119444e+01 2.340424e-01 -1.331280e+00 1.902975e+00 1.127349e+01 2.509323e-01 -1.509548e+00
39627836771798544 1.152528e+00 1.024093e+01 1.960039e-01 -3.678567e+00 1.161452e+00 1.005814e+01 1.912711e-01 5.443363e-01
39627788361141536 1.308435e+00 1.104645e+01 5.586255e-01 1.858193e+00 1.308014e+00 1.124227e+01 6.128467e-01 2.489592e+00
39627794358998752 1.194863e+00 9.918066e+00 2.299485e-01 3.385112e+00 1.180997e+00 1.008611e+01 2.520212e-01 3.734719e+00
39627883668313248 1.678031e+00 1.102507e+01 4.082694e-01 -3.716528e-02 1.615088e+00 1.105516e+01 4.226348e-01 -9.958135e-01
39627775119722152 1.163858e+00 1.020430e+01 1.253880e-01 4.085040e+00 1.201747e+00 1.028003e+01 1.376113e-01 3.643747e+00
39627796858799640 1.135800e+00 8.699354e+00 6.490766e-02 4.478633e+00 1.141342e+00 8.477001e+00 4.048002e-02 4.382809e+00
39627760225754688 1.231365e+00 9.478059e+00 5.873797e-02 4.296585e+00 1.210667e+00 9.055977e+00 1.565789e-02 3.945652e+00
39627799773842408 1.146141e+00 8.787026e+00 7.745244e-02 1.559963e+00 1.142677e+00 8.642933e+00 7.807426e-02 3.346501e+00
39627830706836448 1.069903e+00 9.881453e+00 1.571914e-01 2.090691e+00 1.173737e+00 9.415733e+00 1.391313e-01 2.527453e+00
39633145208767344 1.520189e+00 1.089392e+01 2.601165e-01 -2.374683e+00 1.578569e+00 1.113358e+01 2.909254e-01 -2.796354e+00
39627694748468592 1.539409e+00 1.109542e+01 4.374028e-01 -1.216552e+00 1.605979e+00 1.120868e+01 4.333220e-01 -1.242410e+00
39627877636903192 1.646855e+00 1.112186e+01 3.999464e-01 -3.384128e-01 1.670856e+00 1.099267e+01 3.851724e-01 -7.779695e-01
39627788390498688 1.468988e+00 1.086902e+01 3.311363e-01 1.792963e+00 1.431902e+00 1.094407e+01 3.359229e-01 1.366427e+00
39627803162844264 1.803355e+00 1.077509e+01 4.332157e-01 -1.325299e+00 1.695014e+00 1.124208e+01 4.532911e-01 -8.909286e-01
39627812507748960 1.308427e+00 1.080822e+01 2.222956e-01 4.974505e+00 1.472664e+00 1.055653e+01 1.700121e-01 8.867336e-01
39633131807965432 1.665651e+00 1.102918e+01 3.848226e-01 -5.970517e-01 1.645238e+00 1.109578e+01 4.156961e-01 -1.307150e+00
39627799803199904 1.247258e+00 9.148792e+00 1.066663e-01 3.893869e+00 1.151120e+00 9.260182e+00 1.183125e-01 4.344979e+00
39627746090947784 1.638777e+00 1.062551e+01 2.337937e-01 -7.638006e-01 1.585758e+00 1.069149e+01 2.239971e-01 -4.733000e-01
39627740072122664 2.045825e+00 1.098475e+01 4.048446e-01 -1.455660e+00 1.839236e+00 1.135310e+01 4.133382e-01 -1.087228e+00
39627798993705768 1.471198e+00 1.058148e+01 2.683693e-01 1.756174e+00 1.415211e+00 1.059132e+01 2.777906e-01 2.101843e-01
39627740084701152 1.650936e+00 1.019377e+01 1.467861e-01 -4.648849e-01 1.523436e+00 1.037972e+01 1.547181e-01 2.619106e-02
39627766269744360 1.195075e+00 1.053517e+01 2.777059e-01 2.023827e+00 1.204518e+00 1.029678e+01 2.173005e-01 2.866308e+00
39627761077190952 1.461209e+00 1.113527e+01 3.610438e-01 5.256560e-02 1.475700e+00 1.101596e+01 3.484709e-01 2.436977e-01
39627775644010960 1.710914e+00 1.068210e+01 2.394998e-01 -1.206529e-01 1.707187e+00 1.063971e+01 2.121380e-01 -1.474664e+00
39627790793836432 1.655272e+00 1.095469e+01 2.798931e-01 1.712618e-01 1.624610e+00 1.110025e+01 2.977305e-01 -1.748020e+00
39627746049002888 1.555528e+00 1.048857e+01 1.876314e-01 -5.038380e-02 1.703051e+00 1.042964e+01 1.699005e-01 -8.460097e-01
39627812570661944 1.515444e+00 1.078289e+01 2.571126e-01 3.793414e-01 1.500023e+00 1.075444e+01 2.651162e-01 4.478703e-01
39633136220375424 1.697980e+00 1.087833e+01 2.477501e-01 -3.153780e+00 1.844248e+00 1.101500e+01 2.756286e-01 -1.392940e+00
39627758166344672 1.770893e+00 1.057066e+01 2.557199e-01 -8.240080e-01 1.657137e+00 1.069386e+01 2.629248e-01 -1.995724e+00
39627782338122040 1.695085e+00 1.069670e+01 2.903499e-01 -1.049668e+00 1.529729e+00 1.082664e+01 3.093558e-01 -2.543776e+00
39627880958791272 1.835744e+00 1.083115e+01 1.645296e-01 -1.882621e+00 1.806069e+00 1.094860e+01 1.650434e-01 -2.245601e+00
39627820812476168 1.693478e+00 1.097484e+01 2.165644e-01 -4.572928e-01 1.736780e+00 1.099810e+01 2.103719e-01 -1.377449e+00
39633154046168472 1.534334e+00 1.112370e+01 3.373261e-01 4.663121e-01 1.520966e+00 1.129426e+01 3.660373e-01 6.916488e-01
39627764243891288 1.277677e+00 1.017975e+01 1.953324e-01 -3.033125e-01 1.276157e+00 1.016992e+01 1.651720e-01 -2.044273e+00
39627769654545320 1.536786e+00 1.050214e+01 2.348123e-01 1.790535e+00 1.625406e+00 1.069088e+01 2.313740e-01 8.916900e-01
39627763782518320 1.598849e+00 1.120980e+01 4.879836e-01 -1.873489e-01 1.655354e+00 1.126340e+01 5.153475e-01 -5.944004e-01
39627805914300632 1.214502e+00 1.039475e+01 2.430847e-01 8.668680e-01 1.336713e+00 1.028269e+01 2.423475e-01 8.573580e-01
39627782367481984 1.540238e+00 9.918765e+00 1.420751e-01 -1.946991e+00 1.438664e+00 9.977147e+00 1.387990e-01 -1.436007e+00
39627823148700000 1.698745e+00 1.138472e+01 4.529446e-01 -3.372844e+00 1.708985e+00 1.130325e+01 4.816561e-01 -1.983505e+00
39627805096414848 1.441093e+00 1.112115e+01 3.208118e-01 5.634850e-01 1.623286e+00 1.094976e+01 3.168170e-01 -2.270070e+00
39627814592322672 1.948052e+00 1.082498e+01 1.881618e-01 -1.080852e+00 1.866863e+00 1.095590e+01 1.788635e-01 -2.225896e+00
39633136329428584 1.729709e+00 1.125684e+01 4.279373e-01 -1.232492e+00 1.683806e+00 1.105641e+01 4.837491e-01 -2.861459e-01
39627824616706456 1.717146e+00 1.037847e+01 2.119564e-01 -1.144131e+00 1.667998e+00 1.052073e+01 2.091794e-01 -6.324950e-01
39627788298225616 1.258299e+00 9.833010e+00 1.281432e-01 2.416338e+00 1.227516e+00 1.003079e+01 1.423246e-01 3.115015e+00
39627763568610672 1.750113e+00 1.101675e+01 3.393003e-01 -5.680137e-01 1.773570e+00 1.109592e+01 3.347089e-01 -8.183299e-01
39627799283107112 1.435486e+00 9.976727e+00 7.179686e-02 2.088963e+00 1.338431e+00 1.037942e+01 7.718204e-02 2.205025e+00
39627871764874752 1.902305e+00 1.118988e+01 4.206972e-01 -8.769740e-01 1.830831e+00 1.142025e+01 4.312941e-01 -1.019963e+00
39627762859770248 1.312559e+00 1.051535e+01 1.992180e-01 3.746037e+00 1.332433e+00 1.062802e+01 2.260131e-01 3.445162e+00
39627752113965696 1.700992e+00 1.090414e+01 2.505190e-01 -3.822961e-01 1.791158e+00 1.089178e+01 2.555168e-01 -9.461644e-01
39627793104897968 1.194577e+00 9.955280e+00 5.406983e-02 2.948291e+00 1.207875e+00 9.515118e+00 2.621800e-02 3.856016e+00
39627823152891576 1.424101e+00 1.119110e+01 4.070931e-01 1.064842e-01 1.504082e+00 1.127861e+01 4.075161e-01 -5.701383e-01
39633158274025808 1.429293e+00 1.040658e+01 1.302280e-01 1.382796e+00 1.353517e+00 1.044105e+01 1.483790e-01 2.276401e+00
39627761131725408 1.190313e+00 9.957868e+00 1.779352e-01 3.681235e+00 1.239482e+00 9.994723e+00 1.385756e-01 3.062012e+00
39627768777936456 1.259595e+00 1.091675e+01 2.104338e-01 6.086989e-01 1.304348e+00 1.074151e+01 2.379433e-01 2.348325e+00
39627788440835008 1.211765e+00 1.091712e+01 3.414705e-01 2.792359e+00 1.284032e+00 1.087663e+01 3.654078e-01 1.585280e+00
39633162619322864 1.611882e+00 1.055307e+01 1.317027e-01 -1.074946e+00 1.477636e+00 1.062933e+01 1.217891e-01 5.330344e-01
39633140678921232 1.667745e+00 1.168111e+01 6.719638e-01 1.274525e+00 1.684685e+00 1.167718e+01 6.967559e-01 2.216638e-01
39627847404358640 1.757785e+00 1.070296e+01 2.249053e-01 -3.181576e+00 1.661840e+00 1.083776e+01 2.196473e-01 -2.399025e+00
39627836742438368 1.258753e+00 1.016069e+01 1.572660e-01 2.179775e+00 1.300153e+00 1.000352e+01 1.145647e-01 1.957949e+00
39627800260381872 1.089085e+00 9.747622e+00 1.014101e-01 5.149552e+00 1.097400e+00 9.447004e+00 7.167542e-02 4.906363e+00
39627808867097272 1.300482e+00 1.056150e+01 1.513120e-01 2.258479e+00 1.349624e+00 1.032902e+01 1.171118e-01 1.498126e+00
39627835316374704 1.318404e+00 1.020856e+01 2.058840e-01 3.756680e+00 1.304610e+00 1.028723e+01 1.795499e-01 2.289298e+00
39627802693079088 1.388169e+00 1.004685e+01 1.184839e-01 5.416405e-01 1.432631e+00 1.003326e+01 1.004227e-01 1.514273e-01
39627857198058120 1.777546e+00 1.095605e+01 2.622703e-01 1.228334e-01 1.572663e+00 1.117744e+01 3.010643e-01 -2.523478e-01
39627829259800696 1.526815e+00 1.088467e+01 2.549102e-01 -1.444498e+00 1.585744e+00 1.085501e+01 2.745990e-01 -1.119899e+00
39627769620993544 1.781655e+00 1.104016e+01 3.810195e-01 1.655320e-01 1.811875e+00 1.127161e+01 3.974768e-01 -6.730745e-01
39627806501506672 1.251936e+00 9.493238e+00 9.529982e-02 4.345371e+00 1.245696e+00 9.465267e+00 7.840540e-02 2.780943e+00
39633149692478928 1.862446e+00 1.076002e+01 2.120436e-01 -1.550848e+00 1.836964e+00 1.091137e+01 2.156536e-01 -1.198852e+00
39627806526673464 1.630358e+00 1.017010e+01 1.306012e-01 1.763156e-01 1.470181e+00 1.036003e+01 1.072437e-01 2.151337e-01
39627745415663464 1.383997e+00 9.669181e+00 1.221124e-01 -5.969357e-01 1.288798e+00 9.979992e+00 1.460251e-01 2.020669e+00
39636574471724144 1.402782e+00 1.087545e+01 2.014895e-01 8.936822e-02 1.476236e+00 1.088707e+01 1.930933e-01 -2.809511e+00
39627806509896816 1.723600e+00 1.016691e+01 1.153935e-01 -1.775949e-01 1.775862e+00 1.027290e+01 7.772656e-02 -1.188486e+00
39627832711713936 1.840393e+00 1.071867e+01 2.411316e-01 -2.416709e-01 1.827713e+00 1.095504e+01 2.158843e-01 -2.368388e+00
39627794350609424 1.834572e+00 1.016436e+01 1.237215e-01 -1.068279e+00 1.651119e+00 1.017774e+01 1.167453e-01 -6.803699e-01
39627745994477576 1.280626e+00 1.028564e+01 1.077720e-01 2.641075e+00 1.251753e+00 1.042626e+01 1.175949e-01 2.774941e+00
39627788436638072 1.381286e+00 1.067130e+01 2.858539e-01 2.812055e+00 1.484349e+00 1.087895e+01 2.627975e-01 5.578898e-01
39627775648207384 1.598932e+00 1.052921e+01 1.293608e-01 2.146150e-01 1.546165e+00 1.038873e+01 1.162355e-01 1.356399e-01
39627853507073248 1.646698e+00 1.065893e+01 1.972467e-01 -1.362865e+00 1.738191e+00 1.064617e+01 1.887290e-01 -1.653928e+00
39627781037883432 1.628109e+00 1.046014e+01 2.152693e-01 1.054132e+00 1.659707e+00 1.058171e+01 2.083278e-01 5.655327e-01
39627772359872928 1.872187e+00 1.074707e+01 1.691006e-01 -2.463323e+00 1.854225e+00 1.087702e+01 1.683173e-01 -2.271481e+00
39627812499360872 1.174645e+00 9.707725e+00 1.825276e-01 5.297516e+00 1.153350e+00 9.681752e+00 2.074490e-01 4.334144e+00
39627805805250280 1.239874e+00 9.903204e+00 2.441338e-01 4.890014e+00 1.188070e+00 1.011425e+01 2.436939e-01 3.683629e+00
39627823937228304 1.278842e+00 9.717973e+00 1.589843e-01 3.608367e+00 1.180235e+00 9.571737e+00 1.536936e-01 3.715527e+00
39627752231408904 1.284873e+00 1.078306e+01 3.162604e-01 -3.311602e+00 1.432825e+00 1.088784e+01 3.625280e-01 -3.921663e-01
39627628491050712 1.675814e+00 1.100449e+01 4.118690e-01 -2.131387e+00 1.514904e+00 1.085178e+01 4.430520e-01 -5.003474e-01
39627788419860448 1.734991e+00 1.120080e+01 4.010980e-01 -1.756429e+00 1.603362e+00 1.121264e+01 4.164325e-01 -1.743625e+00
39627724880350392 1.439186e+00 1.090459e+01 4.652000e-01 -3.071822e-01 1.455351e+00 1.128468e+01 5.531515e-01 1.363163e+00
39633127408144040 1.793571e+00 1.084452e+01 2.633901e-01 -1.620629e+00 1.775983e+00 1.086550e+01 2.791253e-01 -9.633704e-01
39627769604215904 1.753482e+00 1.103450e+01 3.095685e-01 -2.291190e+00 1.731804e+00 1.126251e+01 3.057490e-01 -1.941297e+00
39627817150844960 1.130751e+00 8.776241e+00 5.120542e-02 8.967053e-01 1.152892e+00 8.325736e+00 2.640834e-02 3.567037e+00
39627780924641656 1.725679e+00 1.047111e+01 1.915606e-01 -9.617720e-01 1.739939e+00 1.050483e+01 1.782757e-01 -9.961083e-01
39627796401625360 1.820593e+00 1.061369e+01 1.117059e-01 -1.819707e+00 1.858964e+00 1.074750e+01 1.144799e-01 -2.412952e+00
39627781671227264 1.636416e+00 9.520213e+00 9.497116e-02 1.383899e+00 1.400247e+00 9.806436e+00 1.103278e-01 1.319705e+00
39627817993899136 1.261247e+00 1.028454e+01 2.693318e-01 1.212762e+00 1.263976e+00 1.022215e+01 2.938680e-01 1.139374e+00
39627740151810864 1.447872e+00 1.039169e+01 1.812992e-01 8.912119e-02 1.357311e+00 1.025140e+01 1.520091e-01 7.599055e-01
39627775761453528 1.653078e+00 1.096672e+01 2.931927e-01 -1.285305e+00 1.585900e+00 1.091591e+01 3.081321e-01 -2.444803e-01
39633118486857504 1.649525e+00 1.116969e+01 3.495884e-01 -1.083092e+00 1.774861e+00 1.113630e+01 3.803592e-01 -8.934411e-01
39627841272287336 1.221323e+00 1.026039e+01 1.592835e-01 3.566276e+00 1.268581e+00 9.885261e+00 1.401794e-01 2.646614e+00
39627841389727816 1.470544e+00 1.051053e+01 2.692837e-01 3.158691e+00 1.535221e+00 1.073466e+01 2.631467e-01 7.769412e-01
39627746007057472 1.642196e+00 1.023691e+01 1.338971e-01 -2.473890e+00 1.685837e+00 1.012456e+01 1.155148e-01 -1.700757e+00
39627766328466304 1.882125e+00 1.073845e+01 3.439440e-01 -2.068760e+00 1.790668e+00 1.126681e+01 3.904402e-01 -1.194749e+00
39627877641096760 1.663460e+00 1.054992e+01 1.034631e-01 -8.216890e-01 1.669844e+00 1.045558e+01 8.083442e-02 -1.368106e+00
39627805209662200 1.048970e+00 7.318246e+00 1.693741e-02 3.685434e-01 1.025952e+00 7.067625e+00 0.000000e+00 1.164925e+00
39627806577006264 1.143614e+00 9.606500e+00 1.400902e-01 4.736014e+00 1.152373e+00 9.057567e+00 1.051046e-01 3.310016e+00
39627758153764464 2.036509e+00 1.066718e+01 2.499507e-01 -5.428889e-01 1.755832e+00 1.081400e+01 2.691018e-01 -9.118443e-01
39627763061098912 1.832988e+00 1.117493e+01 3.582777e-01 -4.838130e-01 1.837622e+00 1.143634e+01 3.618442e-01 -3.984601e-01
39627778236093480 1.219896e+00 1.018021e+01 1.828218e-01 1.270624e+00 1.255457e+00 1.018880e+01 2.028120e-01 8.788549e-01
39627752105577520 1.214948e+00 1.100527e+01 6.620426e-01 7.540375e+00 1.364718e+00 1.113455e+01 6.492921e-01 4.331450e+00
39633118600102144 1.761708e+00 9.922006e+00 6.721205e-02 1.259829e+00 1.691833e+00 1.009515e+01 7.518007e-02 -8.463609e-01
39627758090850904 1.245745e+00 1.024461e+01 1.746228e-01 1.466134e+00 1.262696e+00 9.955009e+00 1.498889e-01 6.271175e-01
39627811928935200 1.787320e+00 1.031098e+01 8.597218e-02 -1.275991e+00 1.792667e+00 1.016591e+01 6.354123e-02 -1.089370e+00
39627823958200552 1.193235e+00 1.015659e+01 2.465553e-01 1.766351e+00 1.148511e+00 1.053392e+01 2.860715e-01 4.171074e+00
39627824646067072 1.249432e+00 1.007738e+01 1.377429e-01 -3.201055e+00 1.198108e+00 9.970840e+00 1.392497e-01 -3.266617e-01
39627829394018752 1.552746e+00 1.004789e+01 1.213126e-01 5.218588e-01 1.389016e+00 1.006974e+01 1.318769e-01 1.054699e+00
39627823891088240 1.711676e+00 1.064627e+01 2.314809e-01 -5.334407e-01 1.670838e+00 1.064266e+01 2.122984e-01 -3.178245e-02
39627836239121904 1.565550e+00 1.107018e+01 4.247410e-01 -1.934904e+00 1.555048e+00 1.095868e+01 4.418980e-01 -2.619419e+00
39627775711117928 1.224586e+00 1.009326e+01 1.822625e-01 2.531034e+00 1.261723e+00 1.030655e+01 1.970199e-01 2.972883e+00
39627757113575952 1.180302e+00 1.077684e+01 1.721092e-01 3.510893e+00 1.254519e+00 1.056073e+01 1.329495e-01 2.321910e+00
39627829377237912 1.867458e+00 1.096486e+01 1.761937e-01 -1.015205e+00 1.876901e+00 1.096439e+01 1.800368e-01 -1.770633e+00
39627847471466632 1.147428e+00 8.462676e+00 5.622409e-02 1.979229e+00 1.177610e+00 8.384567e+00 1.593828e-02 3.801006e+00
39627746166441984 1.237456e+00 1.089467e+01 3.476785e-01 4.061953e+00 1.274624e+00 1.083752e+01 3.506802e-01 3.507922e+00
39627853339298856 1.296749e+00 1.057869e+01 1.952290e-01 4.213054e+00 1.359539e+00 1.039516e+01 1.798535e-01 1.245924e+00
39627812042179184 1.278600e+00 1.036530e+01 9.368631e-02 4.125649e+00 1.302692e+00 1.017994e+01 7.390021e-02 2.260159e+00
39627757071635424 1.666607e+00 1.136909e+01 4.705938e-01 1.109383e+00 1.731633e+00 1.138563e+01 4.792936e-01 -8.094435e-01
39627758254426968 1.916991e+00 1.080027e+01 1.472514e-01 -1.388410e+00 1.881684e+00 1.089597e+01 1.409260e-01 -2.068757e+00
39627742982968816 1.771618e+00 1.087062e+01 2.980173e-01 -7.570360e-01 1.647458e+00 1.102231e+01 3.120306e-01 -6.872619e-01
39627817855485768 1.385698e+00 1.089647e+01 2.313958e-01 2.716119e+00 1.355620e+00 1.064717e+01 2.029461e-01 1.547197e+00
39627830715222800 1.158398e+00 1.033649e+01 2.515080e-01 4.819936e+00 1.186180e+00 1.001760e+01 2.524920e-01 3.085246e+00
39627892950308248 1.915200e+00 1.109802e+01 2.588692e-01 -8.761375e-01 1.857799e+00 1.107314e+01 2.579995e-01 -1.519805e+00
39627802491750576 1.410041e+00 1.022572e+01 1.505288e-01 1.176214e+00 1.322549e+00 1.019053e+01 1.306041e-01 1.571456e+00
39627818555934136 1.241055e+00 1.029807e+01 2.667027e-01 2.143770e+00 1.137094e+00 1.031239e+01 3.609553e-01 2.909166e+00
39627780945609376 1.639032e+00 1.112770e+01 5.634040e-01 5.225520e-01 1.538821e+00 1.120251e+01 6.098413e-01 2.639818e+00
39627830069302608 1.197389e+00 1.052538e+01 2.968431e-01 4.274315e+00 1.198909e+00 1.016824e+01 2.769125e-01 3.964990e+00
39627775748870928 1.581353e+00 1.080269e+01 1.551636e-01 -2.335625e+00 1.689614e+00 1.076587e+01 1.776323e-01 -2.689839e+00
39627790466680600 1.587384e+00 1.015835e+01 8.437801e-02 -2.759040e+00 1.564197e+00 1.042740e+01 9.390326e-02 -4.494483e-01
39627712909808272 1.785226e+00 1.147160e+01 3.370485e-01 -1.327992e-01 1.845316e+00 1.129644e+01 3.309655e-01 -9.871213e-01
39627818597879848 1.595294e+00 1.085020e+01 2.891273e-01 8.252576e-01 1.542735e+00 1.104738e+01 2.782347e-01 2.956647e-01
39633153945504952 1.217456e+00 1.098884e+01 6.076472e-01 3.273003e+00 1.212970e+00 1.095809e+01 6.798590e-01 4.908758e+00
39633149390489240 1.520960e+00 1.118825e+01 4.841312e-01 -3.826873e-01 1.666898e+00 1.128026e+01 5.186404e-01 -2.110901e+00
39627811878602640 1.568129e+00 1.039944e+01 1.979831e-01 -1.635234e-01 1.636222e+00 1.045903e+01 2.020407e-01 9.613425e-02
39627745432438112 1.797975e+00 1.103220e+01 3.399269e-01 -2.311197e+00 1.766548e+00 1.106583e+01 3.602593e-01 -4.034928e-01
39627724934876800 1.727652e+00 1.101299e+01 2.613221e-01 -8.065868e-01 1.757844e+00 1.107513e+01 2.719217e-01 -1.080051e+00
39627830060911296 1.561780e+00 1.003474e+01 1.600434e-01 9.002858e-01 1.492592e+00 1.024480e+01 1.755947e-01 5.573059e-01
39627799744481696 1.141836e+00 7.993363e+00 4.050664e-02 2.497711e+00 1.076659e+00 7.925745e+00 2.763933e-02 1.524410e+00
39627757629473880 1.679467e+00 1.080957e+01 1.766548e-01 -1.597342e+00 1.712097e+00 1.072287e+01 1.720569e-01 -2.510629e+00
39627751501597168 1.118043e+00 9.499156e+00 1.402151e-01 3.418552e+00 1.122676e+00 9.219465e+00 1.470876e-01 4.213135e+00
39627781625087264 1.502825e+00 1.090272e+01 2.640170e-01 -1.763827e+00 1.557804e+00 1.077918e+01 2.679476e-01 -1.196000e-01
39627844816475872 1.695320e+00 1.076391e+01 1.535111e-01 -4.494703e-01 1.680290e+00 1.075785e+01 1.305432e-01 -2.166182e+00
39627812549690448 1.787845e+00 1.063907e+01 2.944235e-01 -1.219644e+00 1.671124e+00 1.070586e+01 2.885120e-01 -3.192044e-01
39627823907866192 1.518792e+00 1.123799e+01 4.727764e-01 -1.193552e+00 1.650831e+00 1.127502e+01 5.233801e-01 5.547547e-02
39627746124497272 1.463264e+00 1.076918e+01 3.031838e-01 2.064795e+00 1.594346e+00 1.071636e+01 2.922441e-01 6.965068e-01
39627782245846936 1.209117e+00 9.293128e+00 7.664257e-02 2.810451e+00 1.242013e+00 8.977541e+00 2.950807e-02 3.150728e+00
39627829184301208 1.142441e+00 8.854294e+00 1.110188e-01 2.916190e+00 1.073152e+00 8.431299e+00 7.285611e-02 2.092575e+00
39627796321935088 1.782393e+00 1.068519e+01 1.090825e-01 -2.402343e+00 1.840404e+00 1.068818e+01 8.773959e-02 -2.324952e+00
39627829427571544 1.779065e+00 1.111535e+01 4.353997e-01 -3.066881e+00 1.747152e+00 1.139683e+01 4.455403e-01 -1.852355e+00
39627811874407888 1.753057e+00 1.126989e+01 4.903668e-01 3.333623e-01 1.706810e+00 1.141988e+01 5.408884e-01 -1.893481e-01
39627782434587512 1.864239e+00 1.091304e+01 2.281639e-01 -1.331922e+00 1.827253e+00 1.093845e+01 2.109910e-01 -2.042234e+00
39627802655329280 1.815547e+00 1.143504e+01 3.700035e-01 -1.614350e+00 1.863322e+00 1.140017e+01 3.935428e-01 -7.125988e-01
39627836109100736 1.558065e+00 1.036427e+01 1.909793e-01 -9.924709e-01 1.443536e+00 1.046022e+01 1.853197e-01 3.826533e-01
39627745398884856 1.594452e+00 1.028056e+01 1.021186e-01 -1.504390e+00 1.625666e+00 1.020011e+01 1.110410e-01 -2.669041e-01
39627740135032328 1.462319e+00 1.032242e+01 1.728755e-01 -9.301630e-02 1.339680e+00 1.017019e+01 1.429573e-01 4.334968e-01
39627787660690200 1.641987e+00 1.072237e+01 2.746857e-01 8.550479e-01 1.666168e+00 1.082316e+01 2.662250e-01 1.012883e-01
39627808909039960 1.005854e+00 9.788268e+00 1.107937e-01 -6.945775e-01 1.130323e+00 9.410961e+00 8.489671e-02 2.472562e-01
39627802403673600 1.446313e+00 1.062782e+01 3.526674e-01 1.807900e+00 1.363084e+00 1.087440e+01 3.463057e-01 1.834925e+00
39627809160698616 1.972024e+00 1.082357e+01 3.366569e-01 -2.517318e+00 1.614156e+00 1.089132e+01 3.523529e-01 -1.418056e+00
39627782363285584 1.422584e+00 1.053988e+01 3.015459e-01 2.036482e+00 1.394116e+00 1.061390e+01 2.443746e-01 1.203826e+00
39627794333831792 1.612279e+00 1.069150e+01 2.357550e-01 -1.533790e+00 1.645632e+00 1.053288e+01 2.350668e-01 -1.077382e+00
39627787006379592 1.379364e+00 1.049473e+01 1.968116e-01 -1.101831e+00 1.453621e+00 1.063368e+01 1.907131e-01 -1.161476e+00
39627758082458080 1.084395e+00 9.545856e+00 1.164681e-01 3.479790e+00 1.168501e+00 9.094603e+00 1.026288e-01 3.940171e+00
39627757491061648 1.228174e+00 1.041120e+01 1.186020e-01 1.644082e+00 1.241693e+00 1.023343e+01 1.143775e-01 2.228958e+00
39627757621084496 1.166523e+00 9.839450e+00 2.025220e-01 9.545955e-01 1.168470e+00 9.512761e+00 1.965742e-01 3.234900e+00
39627757503644904 1.600327e+00 9.884990e+00 8.056302e-02 8.615200e-02 1.658578e+00 9.748697e+00 6.309474e-02 -7.420683e-01
39633118541385512 1.367869e+00 8.982206e+00 5.038970e-02 2.790184e+00 1.257288e+00 8.953763e+00 1.899931e-02 3.042448e+00
39627824088220464 1.623411e+00 9.890515e+00 7.629669e-02 1.316792e-01 1.647469e+00 9.786569e+00 5.639806e-02 -2.370369e-01
39627775673371936 1.469113e+00 1.114699e+01 5.895541e-01 3.165998e+00 1.529637e+00 1.141647e+01 6.293590e-01 1.529731e+00
39627776319297320 1.585304e+00 1.059498e+01 2.096686e-01 3.683324e-02 1.537425e+00 1.053071e+01 2.054525e-01 1.154554e+00
39627775656592848 1.253294e+00 9.660434e+00 1.241468e-01 3.567811e+00 1.251409e+00 9.579023e+00 1.237498e-01 1.732218e+00
39627745440829040 1.149153e+00 1.005571e+01 8.666489e-02 2.739531e+00 1.173027e+00 1.009920e+01 7.664455e-02 3.817867e+00
39627769537102496 1.734281e+00 1.088559e+01 3.248227e-01 -1.564385e+00 1.699409e+00 1.108000e+01 3.162822e-01 -1.009811e+00
39627805822028576 1.250086e+00 1.127281e+01 6.935675e-01 5.373953e+00 1.184360e+00 1.155371e+01 7.397513e-01 3.424379e+00
39627815250823896 9.850383e-01 9.267950e+00 2.188390e-01 4.461644e+00 1.041534e+00 9.272450e+00 2.136460e-01 3.775522e+00
39627781620896032 1.748082e+00 1.095823e+01 3.265504e-01 -1.131990e+00 1.617763e+00 1.082993e+01 3.494740e-01 6.566361e-01
39627758086654456 1.775708e+00 1.059323e+01 2.109683e-01 -2.194039e+00 1.686368e+00 1.070708e+01 2.035701e-01 -2.722022e+00
39627847354025480 1.383822e+00 1.121003e+01 5.416676e-01 4.205299e+00 1.438464e+00 1.132951e+01 5.662127e-01 1.533964e+00
39627794216388960 1.839120e+00 1.119745e+01 4.827711e-01 -8.365098e-01 1.663826e+00 1.145763e+01 5.292754e-01 -2.230622e-01
39627763501503224 1.604948e+00 1.078021e+01 2.288226e-01 -1.829968e+00 1.615517e+00 1.076935e+01 2.182045e-01 -3.864408e-01
39627877808868616 1.898948e+00 1.060172e+01 1.669327e-01 -1.055255e+00 1.838475e+00 1.074392e+01 1.590573e-01 -1.867379e+00
39627836654354512 1.197842e+00 1.048589e+01 2.566463e-01 2.426688e+00 1.213277e+00 9.836430e+00 1.378441e-01 3.045405e+00
39627805939470264 1.176741e+00 9.563494e+00 8.237410e-02 2.146671e+00 1.156116e+00 9.496856e+00 9.272172e-02 3.262539e+00
39627823496823512 1.442721e+00 1.006302e+01 1.658233e-01 8.622147e-01 1.497749e+00 1.006076e+01 1.489327e-01 -2.174488e+00
39627859496537936 1.318340e+00 1.116162e+01 5.028588e-01 -1.740431e+00 1.345749e+00 1.119155e+01 5.335884e-01 3.128639e-01
39627806405039592 1.138696e+00 9.470421e+00 1.788233e-01 2.506673e+00 1.147695e+00 9.424374e+00 1.765192e-01 3.791485e+00
39627658551626136 1.620605e+00 1.124251e+01 5.130641e-01 -1.604722e-01 1.572703e+00 1.114988e+01 5.536209e-01 1.547924e-01
39627824067248736 1.145482e+00 9.958983e+00 1.137310e-01 4.143837e+00 1.126520e+00 9.888268e+00 9.976412e-02 3.991557e+00
39627772351489624 1.838107e+00 1.113780e+01 4.837345e-01 -1.506301e+00 1.758685e+00 1.145538e+01 5.097214e-01 -1.462951e+00
39627829364656432 1.213152e+00 9.371944e+00 8.611602e-02 3.990106e+00 1.312862e+00 1.070398e+01 1.853539e-01 4.916328e-01
39627778491944920 1.086686e+00 1.058004e+01 3.450596e-01 1.571967e-01 1.251876e+00 1.053323e+01 3.781649e-01 1.339223e+00
39627682639519664 1.148955e+00 1.074845e+01 4.872203e-01 3.297140e+00 1.167888e+00 1.066285e+01 5.133784e-01 2.589885e+00
39627818560130504 1.266499e+00 1.067821e+01 3.459089e-01 1.323592e+00 1.288532e+00 1.062336e+01 3.542448e-01 1.567454e+00
39627812570665864 1.211374e+00 9.855734e+00 2.577539e-01 -1.797353e+00 1.186556e+00 9.759500e+00 2.437727e-01 3.334864e+00
39627767142155320 1.142909e+00 1.055581e+01 2.127211e-01 2.697016e+00 1.185905e+00 1.018803e+01 1.587611e-01 3.234160e+00
39627788390500016 1.446511e+00 1.064970e+01 3.412758e-01 4.257151e-01 1.370633e+00 1.085150e+01 3.795789e-01 7.038285e-01
39627757570753480 1.386883e+00 1.027491e+01 9.637843e-02 3.698946e+00 1.357084e+00 1.005268e+01 5.599564e-02 1.983513e+00
39627809269743864 9.955732e-01 9.475242e+00 1.609037e-01 1.188595e+00 1.087813e+00 8.763033e+00 1.191149e-01 4.511053e+00
39627758074072032 1.797826e+00 1.069083e+01 1.154736e-01 -1.392325e+00 1.881796e+00 1.071025e+01 1.175415e-01 -2.044013e+00
39627758321537904 1.367177e+00 1.024643e+01 1.126523e-01 1.111267e+00 1.300620e+00 1.019183e+01 1.020183e-01 -1.984344e-01
39627790537991056 1.686920e+00 1.089539e+01 3.747140e-01 -3.251739e-01 1.698383e+00 1.101852e+01 3.992876e-01 -9.665176e-01
39627739522667488 1.463868e+00 1.097668e+01 2.816564e-01 -1.917083e+00 1.586105e+00 1.100352e+01 3.005816e-01 -2.578519e+00
39627793742434944 1.388447e+00 9.954288e+00 7.830220e-02 3.669539e+00 1.348223e+00 1.021583e+01 7.611240e-02 1.883871e+00
39627793910205608 1.114624e+00 8.537151e+00 2.309063e-02 4.849130e+00 1.135112e+00 8.334638e+00 5.232975e-03 4.921379e+00
39627778353532320 1.473764e+00 1.024159e+01 1.291360e-01 1.501300e+00 1.391705e+00 1.031629e+01 1.029416e-01 1.505351e+00
39627817171815072 1.578963e+00 1.113066e+01 4.563680e-01 -7.322765e-01 1.630279e+00 1.121498e+01 4.805415e-01 -2.010588e+00
39627761064614104 1.569287e+00 1.066171e+01 2.103016e-01 2.432919e-01 1.579399e+00 1.057643e+01 1.846456e-01 -1.777291e-02
39627812478390288 1.819819e+00 1.083346e+01 1.742645e-01 -1.536265e+00 1.740396e+00 1.079252e+01 1.777551e-01 -2.421997e+00
39633136220375984 1.755206e+00 1.028317e+01 7.150968e-02 -4.217542e-01 1.700455e+00 1.040554e+01 6.730737e-02 -1.476984e+00
39627763526665648 1.231868e+00 1.020268e+01 2.023941e-01 1.969343e-01 1.249335e+00 9.960490e+00 2.106615e-01 1.537546e+00
39627811324954632 1.257594e+00 1.053031e+01 1.675239e-01 9.382391e-01 1.426902e+00 1.055631e+01 1.485966e-01 1.465418e+00
39627808804180856 1.911829e+00 1.118653e+01 4.585345e-01 -1.459504e+00 1.734484e+00 1.135770e+01 4.923188e-01 -1.684380e+00
39627764164198976 1.753048e+00 1.057540e+01 2.274820e-01 -1.004540e+00 1.651067e+00 1.067461e+01 2.390509e-01 -1.582547e+00
39627805192885312 1.220511e+00 8.998778e+00 1.022106e-01 2.279638e+00 1.145243e+00 9.008992e+00 1.000235e-01 1.583487e+00
39627796531642648 1.682463e+00 1.089521e+01 3.907484e-01 -2.363549e+00 1.651559e+00 1.107182e+01 4.285399e-01 -1.942692e+00
39627811299787752 1.425188e+00 1.045047e+01 1.227210e-01 9.195532e-01 1.451806e+00 1.035189e+01 1.048658e-01 2.622482e+00
39627784326220944 1.346743e+00 1.015146e+01 9.608893e-02 9.042516e-01 1.303994e+00 1.010989e+01 7.415488e-02 1.657448e+00
39627782388451312 1.730210e+00 1.101254e+01 3.453629e-01 -2.894331e-01 1.758748e+00 1.107814e+01 3.545358e-01 -6.480018e-01
39627859723029992 1.375061e+00 9.471232e+00 6.862659e-02 5.639259e-01 1.372287e+00 9.580415e+00 3.986734e-02 9.646052e-01
39627772997408880 1.804582e+00 1.092056e+01 2.687515e-01 1.555982e-01 1.830670e+00 1.094320e+01 2.612279e-01 -9.938956e-01
39627799065002272 1.177816e+00 9.566012e+00 1.029715e-01 3.176623e+00 1.172983e+00 9.521686e+00 9.754898e-02 3.910328e+00
39627776285740592 1.149053e+00 9.257419e+00 7.335619e-02 4.573436e+00 1.136819e+00 9.255456e+00 6.143251e-02 4.968632e+00
39627770279494896 1.652424e+00 1.071382e+01 3.400106e-01 -7.937058e-02 1.612936e+00 1.088724e+01 3.237689e-01 -6.945167e-01
39627805108995616 1.834147e+00 1.098598e+01 1.889171e-01 -1.060839e+00 1.903011e+00 1.108929e+01 1.937939e-01 -1.681700e+00
39627818660791976 1.617033e+00 1.021220e+01 1.747947e-01 -4.782215e-01 1.509015e+00 1.004051e+01 1.234863e-01 -1.726206e+00
39627808678347880 1.398385e+00 9.771201e+00 1.179340e-01 2.544188e+00 1.449982e+00 1.008660e+01 7.203513e-02 1.072023e+00
39627755079338016 1.589408e+00 1.095415e+01 3.834518e-01 -1.739571e+00 1.596861e+00 1.095557e+01 4.084412e-01 -1.342892e+00
39627800533008560 1.621084e+00 1.062087e+01 1.476519e-01 -4.222095e+00 1.785223e+00 1.055025e+01 1.465861e-01 -2.249481e+00
39627817180205016 1.188155e+00 9.991122e+00 2.023689e-01 5.500398e+00 1.184903e+00 1.013106e+01 1.976444e-01 3.791249e+00
39627782359093960 1.738865e+00 1.076347e+01 2.858687e-01 -5.384883e-01 1.703256e+00 1.080861e+01 2.895970e-01 -9.595659e-01
39627812440639240 1.205135e+00 9.219501e+00 1.054284e-01 4.181410e+00 1.173896e+00 8.782949e+00 6.084482e-02 3.988304e+00
39627806358897648 1.745477e+00 1.087102e+01 4.767464e-01 3.250556e-01 1.535891e+00 1.131380e+01 5.056090e-01 1.079170e+00
39627829272380240 1.241941e+00 9.128298e+00 9.376480e-02 4.350474e+00 1.159279e+00 9.269555e+00 8.993019e-02 4.396621e+00
39627775656594144 1.694591e+00 1.068546e+01 2.610248e-01 1.006629e+00 1.714161e+00 1.068950e+01 2.392246e-01 -3.584330e-01
39627824696397648 1.170226e+00 9.370747e+00 1.115393e-01 8.338515e-02 1.144241e+00 9.429700e+00 1.584927e-01 1.189330e+00
39627806413426040 1.839435e+00 1.077462e+01 1.491367e-01 -1.231204e+00 1.815612e+00 1.075548e+01 1.627228e-01 -1.718394e+00
39627830639727848 1.641525e+00 9.897299e+00 1.917111e-01 1.558645e+00 1.554502e+00 1.014443e+01 1.700478e-01 1.873929e-01
39627788361141456 1.735066e+00 1.084526e+01 2.827842e-01 -1.862245e+00 1.730800e+00 1.084976e+01 2.779133e-01 -2.104674e+00
39627805947857768 1.630897e+00 9.941789e+00 9.915864e-02 1.179865e+00 1.608980e+00 9.732848e+00 7.884121e-02 6.885082e-02
39627787933322960 1.582170e+00 1.117915e+01 3.710026e-01 -1.497889e+00 1.478853e+00 1.124562e+01 4.022235e-01 1.926272e-01
39627640541288720 1.549311e+00 1.124808e+01 5.679626e-01 2.542481e+00 1.481975e+00 1.125998e+01 6.152380e-01 8.880287e-01
39627806480537808 1.630746e+00 1.073497e+01 2.001163e-01 -5.704207e-01 1.757096e+00 1.065088e+01 1.913285e-01 -1.020901e+00
39627746044809448 1.653934e+00 1.080838e+01 2.916903e-01 1.440737e+00 1.661485e+00 1.058986e+01 2.475010e-01 -1.362114e+00
39627799375384632 1.704462e+00 1.115941e+01 4.495261e-01 -6.252007e-01 1.681288e+00 1.125181e+01 4.728732e-01 -1.562977e+00
39627775610457728 1.677955e+00 1.130335e+01 3.689787e-01 -1.086542e+00 1.779690e+00 1.117097e+01 3.785620e-01 -3.486481e-01
39627757570756616 1.157620e+00 1.042915e+01 2.687636e-01 4.298979e+00 1.189850e+00 1.051481e+01 2.388067e-01 4.163984e+00
39627796724588656 1.229233e+00 8.703701e+00 5.969064e-02 3.739325e+00 1.201675e+00 8.710895e+00 4.035912e-02 3.096043e+00
39627770254333640 1.208045e+00 1.004187e+01 1.862156e-01 3.028313e+00 1.219945e+00 9.761995e+00 1.778181e-01 2.153956e+00
39627800457513424 1.630086e+00 1.025673e+01 1.482113e-01 -3.328256e+00 1.616948e+00 1.018513e+01 1.336472e-01 -2.412358e+00
39633136530752496 1.567865e+00 1.100834e+01 2.279165e-01 1.434650e+00 1.787221e+00 1.091409e+01 2.092239e-01 -1.550476e+00
39627754550858880 1.728420e+00 1.105009e+01 2.438552e-01 -8.751400e-01 1.640434e+00 1.114634e+01 2.742437e-01 -3.193316e-01
39627745939951688 1.337417e+00 1.081802e+01 2.057403e-01 4.498879e+00 1.361576e+00 1.070474e+01 2.069528e-01 3.680965e+00
39627706857427752 1.661183e+00 1.117707e+01 3.677011e-01 -1.073167e+00 1.758058e+00 1.121409e+01 4.014922e-01 -8.056337e-01
39627832678160216 1.482157e+00 1.117797e+01 3.575870e-01 5.668144e-01 1.518788e+00 1.123816e+01 3.670645e-01 6.975025e-02
39627874956741088 1.688758e+00 1.075636e+01 2.840189e-01 -1.585630e+00 1.738562e+00 1.098826e+01 3.022433e-01 -2.447937e+00
39627797190149240 1.091621e+00 9.713829e+00 1.522983e-01 3.742969e+00 1.111312e+00 7.598433e+00 2.549002e-02 4.423129e+00
39627788428251432 1.276925e+00 1.035136e+01 1.486847e-01 -1.160118e+00 1.388348e+00 1.026125e+01 1.453646e-01 -4.144138e-02
39627762947854736 1.912165e+00 1.080405e+01 3.304476e-01 -4.147635e+00 1.609618e+00 1.105356e+01 3.745817e-01 -2.033079e-01
39627812574858424 1.584035e+00 1.123099e+01 3.128119e-01 7.805228e-01 1.740907e+00 1.111240e+01 3.270388e-01 -6.953826e-01
39627688788364000 1.576928e+00 1.125868e+01 3.722032e-01 -8.416284e-01 1.747555e+00 1.119016e+01 3.689379e-01 -5.632764e-01
39627853393822928 1.342666e+00 1.005264e+01 1.880026e-01 2.469629e+00 1.272972e+00 1.032719e+01 1.976450e-01 2.488547e+00
39627796439375760 1.139503e+00 1.025487e+01 1.268624e-01 2.851135e+00 1.189505e+00 1.034317e+01 1.052861e-01 3.253011e+00
39627763681857152 1.819066e+00 1.109223e+01 2.944973e-01 -1.349074e+00 1.907030e+00 1.122516e+01 2.904311e-01 -1.682802e+00
39627800344266168 1.701896e+00 1.122087e+01 5.166065e-01 -7.647961e-02 1.662374e+00 1.142118e+01 5.646216e-01 3.258287e-01
39627787782328856 1.720057e+00 9.949024e+00 1.535787e-01 4.660568e-03 1.584342e+00 1.012049e+01 1.448239e-01 -8.978654e-01
39627764139038008 1.740768e+00 1.110636e+01 3.522153e-01 -4.684522e-01 1.828577e+00 1.115246e+01 3.504623e-01 -1.029982e+00
39633158341133984 1.841861e+00 1.090942e+01 2.516090e-01 -6.802593e-01 1.824727e+00 1.102107e+01 2.647236e-01 -6.277539e-01
39627775010669008 1.132047e+00 8.114623e+00 5.481200e-02 3.423697e+00 1.058252e+00 7.779089e+00 2.185588e-02 1.658104e+00
39627772909329464 1.658034e+00 1.106004e+01 3.402151e-01 4.550455e-01 1.729846e+00 1.113778e+01 3.726462e-01 -2.546018e-01
39627817981316400 1.702626e+00 1.068607e+01 2.038792e-01 -2.789763e-01 1.720547e+00 1.073344e+01 2.090530e-01 -2.168332e-01
39627818568518504 1.451608e+00 1.088796e+01 2.993138e-01 1.905687e+00 1.503441e+00 1.088710e+01 2.888185e-01 4.320848e-01
39627752067829080 1.435957e+00 1.034884e+01 2.045241e-01 -1.782099e+00 1.408833e+00 1.061437e+01 2.344221e-01 6.853204e-01
39627763610552864 1.324747e+00 9.699035e+00 1.149918e-01 2.380219e+00 1.242419e+00 9.583319e+00 9.349616e-02 2.755301e+00
39627806530867520 1.779408e+00 1.074782e+01 2.807834e-01 -1.011947e+00 1.832706e+00 1.101902e+01 2.816414e-01 -1.307832e+00
39627812394500368 1.677545e+00 1.125204e+01 4.304840e-01 -9.178023e-01 1.676924e+00 1.114959e+01 4.491680e-01 -3.195649e-01
39627799140503480 1.679525e+00 1.112891e+01 3.603556e-01 -2.011904e+00 1.716978e+00 1.106571e+01 3.830779e-01 -8.415334e-01
39627835291207408 1.048913e+00 9.647060e+00 1.965951e-01 3.949507e+00 1.098834e+00 9.384266e+00 1.945125e-01 3.879879e+00
39627817406697400 1.721594e+00 1.010205e+01 8.799813e-02 -2.296530e+00 1.452118e+00 1.012738e+01 9.773947e-02 9.241372e-01
39627792995845312 1.119776e+00 7.897132e+00 2.508812e-02 3.934651e+00 1.065398e+00 7.018105e+00 0.000000e+00 4.557173e+00
39627756836749800 1.732728e+00 1.062746e+01 1.633117e-01 -2.031108e+00 1.750966e+00 1.061768e+01 1.649910e-01 -2.074668e+00
39627752231410008 1.123260e+00 9.834461e+00 1.511549e-01 5.366948e-01 1.244607e+00 9.958153e+00 1.715491e-01 1.295333e+00
39627706748375384 1.821913e+00 1.078009e+01 2.432635e-01 -1.366540e+00 1.843558e+00 1.093325e+01 2.277674e-01 -1.433438e+00
39627769751014000 1.883150e+00 1.069840e+01 1.440948e-01 -1.249751e+00 1.565926e+00 1.069343e+01 1.633601e-01 4.409755e-01
39627824650262824 1.113058e+00 9.741648e+00 2.998065e-01 4.416427e+00 1.144974e+00 1.004929e+01 3.305266e-01 3.843997e+00
39627830471952512 1.853753e+00 1.117484e+01 4.220990e-01 -1.909395e+00 1.724813e+00 1.120523e+01 4.397143e-01 -2.956328e-01
39627764151618200 1.399643e+00 9.935242e+00 1.374500e-01 1.403567e+00 1.260587e+00 9.945999e+00 1.251938e-01 2.162541e+00
39627751413516656 1.835722e+00 1.073038e+01 3.392057e-01 -2.656970e+00 1.461339e+00 1.144816e+01 4.239434e-01 1.138242e-01
39627757646252648 1.568281e+00 1.065451e+01 2.092557e-01 -5.614627e-01 1.603858e+00 1.071445e+01 2.142222e-01 -3.129972e-01
39627770187221824 1.739855e+00 1.034918e+01 1.172190e-01 -4.479386e-01 1.793941e+00 1.048080e+01 1.019722e-01 -1.754797e+00
39627790600896632 1.113919e+00 8.061803e+00 3.159307e-02 1.638368e+00 1.126294e+00 7.552739e+00 0.000000e+00 6.142354e-01
39627811324953624 1.796816e+00 1.063104e+01 4.461764e-01 -2.705081e-01 1.671938e+00 1.129313e+01 4.793612e-01 -2.326182e+00
39627788294033752 1.652557e+00 1.035892e+01 1.790355e-01 6.477954e-01 1.588838e+00 1.022329e+01 1.553361e-01 -2.408184e+00
39627670551534776 1.698105e+00 1.110176e+01 3.513863e-01 -3.119968e-01 1.671349e+00 1.111530e+01 3.495339e-01 7.014295e-01
39627835228291664 1.891732e+00 1.071550e+01 3.597451e-01 -1.079661e+00 1.814004e+00 1.120492e+01 4.067625e-01 -1.134976e+00
39627752160100696 1.220573e+00 9.661636e+00 1.463151e-01 3.608206e-01 1.226959e+00 9.708107e+00 1.578309e-01 1.233602e+00
39627806371482320 1.162959e+00 9.131113e+00 7.883525e-02 4.375923e+00 1.172869e+00 9.270146e+00 5.855347e-02 4.280617e+00
39627760590657032 1.561353e+00 1.122980e+01 4.023274e-01 -1.882920e+00 1.685879e+00 1.111262e+01 4.445971e-01 -8.331200e-01
39627751027641344 1.511436e+00 1.093627e+01 3.771594e-01 -4.153137e+00 1.633715e+00 1.111164e+01 4.132407e-01 -1.836759e+00
39627746074169280 1.838370e+00 1.063096e+01 2.641386e-01 -1.299396e+00 1.666535e+00 1.067392e+01 2.804205e-01 -1.040755e+00
39627758241844720 1.375619e+00 9.405635e+00 4.168438e-02 1.460960e+00 1.326646e+00 9.322682e+00 1.631068e-02 2.227959e+00
39633118663020216 2.005465e+00 1.031532e+01 7.646934e-02 -2.752963e+00 1.773953e+00 1.044528e+01 6.192999e-02 -1.758457e+00
39627751598068304 1.119848e+00 1.001408e+01 1.759345e-01 2.489499e+00 1.162394e+00 9.574585e+00 1.531922e-01 8.909600e-01
39627785051834600 1.269642e+00 1.079638e+01 3.442332e-01 9.004499e-01 1.283694e+00 1.069485e+01 3.479351e-01 2.240757e+00
39627796363878440 1.727726e+00 1.109861e+01 4.644251e-01 -1.961331e-01 1.580754e+00 1.139828e+01 4.949769e-01 -9.659884e-01
39627760200584856 1.282678e+00 9.598807e+00 9.008751e-02 -3.828590e+00 1.296591e+00 9.619857e+00 7.875995e-02 9.777192e-01
39627812616799088 1.275636e+00 9.537891e+00 7.509933e-02 2.587080e+00 1.275385e+00 9.502594e+00 4.721169e-02 2.705249e+00
39627853486100232 1.345403e+00 1.028787e+01 1.547645e-01 -3.383929e+00 1.313090e+00 1.032977e+01 1.768099e-01 1.640466e+00
39633158374687160 1.433225e+00 1.024194e+01 1.645763e-01 2.454729e+00 1.413267e+00 1.048492e+01 1.587747e-01 8.486624e-01
39627794459657152 1.267021e+00 1.032436e+01 1.877910e-01 3.993928e-01 1.347817e+00 9.903436e+00 1.725940e-01 8.025390e-02
39627812037988488 1.615674e+00 1.121411e+01 4.064962e-01 -2.193475e-01 1.660501e+00 1.112519e+01 4.141661e-01 -9.455173e-01
39627836683718472 1.717165e+00 1.080180e+01 2.843484e-01 -1.076884e+00 1.720690e+00 1.095047e+01 2.677156e-01 -6.036539e-01
39627763551832120 1.583895e+00 1.014631e+01 2.675536e-01 2.146898e+00 1.510291e+00 1.043414e+01 2.165706e-01 1.844379e+00
39627763635717136 1.900126e+00 1.099452e+01 1.798277e-01 -9.906753e-01 1.893336e+00 1.110928e+01 1.850949e-01 -1.520065e+00
39627820711811296 1.481759e+00 1.079661e+01 3.845184e-01 5.838501e-01 1.456621e+00 1.118656e+01 4.223828e-01 -4.683673e-03
39627646534949472 1.684471e+00 1.129961e+01 4.897036e-01 -2.621526e-01 1.676442e+00 1.134761e+01 5.164535e-01 -2.012718e-01
39627808799982832 1.186091e+00 9.728259e+00 1.405179e-01 9.921638e-01 1.230299e+00 9.882850e+00 1.737105e-01 7.820370e-01
39627895756294640 1.812962e+00 1.106937e+01 2.101074e-01 -8.117468e-01 1.896097e+00 1.109074e+01 2.083898e-01 -1.570124e+00
39627841431668976 1.224699e+00 9.957948e+00 2.005381e-01 8.385117e-01 1.238277e+00 9.959403e+00 1.908559e-01 1.821013e+00
39633145250710104 1.754843e+00 1.107446e+01 2.183396e-01 -4.462353e-01 1.858599e+00 1.110044e+01 2.352156e-01 -9.998120e-01
39627824566375328 1.275357e+00 1.000264e+01 2.271127e-01 4.524936e+00 1.276457e+00 1.021657e+01 1.905780e-01 1.725064e+00
39627817884847320 1.792617e+00 1.088466e+01 4.828721e-01 1.777553e-02 1.715475e+00 1.136395e+01 5.107991e-01 -8.639337e-01
39627838856369232 1.813722e+00 1.123227e+01 4.659916e-01 2.321673e-01 1.797576e+00 1.144829e+01 4.972280e-01 -8.387059e-01
39627751451267296 1.497378e+00 1.001353e+01 1.064805e-01 -1.090324e-01 1.595818e+00 9.925327e+00 7.825650e-02 4.931033e-03
39627758212483208 1.777810e+00 1.115898e+01 3.147204e-01 -2.022051e+00 1.726309e+00 1.116845e+01 3.121603e-01 -2.055537e+00
39627739933708352 1.806787e+00 1.096668e+01 5.610497e-01 4.942327e-01 1.655386e+00 1.150675e+01 6.250911e-01 6.436485e-02
39627752172684376 1.155933e+00 1.003421e+01 1.361222e-01 3.601586e+00 1.185229e+00 9.907391e+00 1.167820e-01 3.517344e+00
39627739405224768 1.323452e+00 1.060357e+01 1.652141e-01 -4.634709e-01 1.466649e+00 1.051939e+01 1.548806e-01 7.737660e-01
39627818639819488 1.262775e+00 1.065919e+01 3.648615e-01 1.697941e+00 1.251061e+00 1.075367e+01 3.496298e-01 3.022088e+00
39627811807298512 1.158962e+00 9.466119e+00 1.002813e-01 6.223413e+00 1.149045e+00 9.804681e+00 8.066230e-02 4.252433e+00
39627751497401928 1.828820e+00 1.091159e+01 2.728315e-01 -2.782023e+00 1.687424e+00 1.084986e+01 2.801968e-01 -1.525921e+00
39627818543350552 1.419356e+00 9.479532e+00 5.495911e-02 1.564257e+00 1.409448e+00 9.439432e+00 4.285629e-02 1.187875e+00
39627794312857576 1.681241e+00 1.145880e+01 4.619999e-01 -1.293454e+00 1.799705e+00 1.143923e+01 4.911415e-01 -9.128563e-01
39627820787304664 1.154447e+00 9.791636e+00 1.292324e-01 2.905206e+00 1.179931e+00 9.670524e+00 1.379078e-01 3.263463e+00
39633136237150696 1.711084e+00 1.104304e+01 2.859963e-01 -1.078025e+00 1.796776e+00 1.092482e+01 2.932128e-01 -3.775940e-01
39627757595918808 1.715629e+00 1.072588e+01 2.921029e-01 -1.983710e-01 1.611463e+00 1.094062e+01 2.970301e-01 1.282316e+00
39627835274429464 1.138492e+00 1.104925e+01 4.132639e-01 -1.341281e+00 1.333273e+00 1.104316e+01 3.825141e-01 1.364752e+00
39627775635625776 1.196372e+00 9.556389e+00 1.384425e-01 4.891660e+00 1.175907e+00 9.481447e+00 1.291796e-01 3.010440e+00
39627746074170464 1.559706e+00 1.083148e+01 3.004154e-01 2.260615e-02 1.613830e+00 1.096989e+01 3.121131e-01 -1.876329e-01
39627812486778528 1.853173e+00 1.109333e+01 3.445617e-01 -1.616478e+00 1.748772e+00 1.125877e+01 3.570139e-01 -6.115996e-01
39627818493021968 1.408141e+00 1.021320e+01 1.457448e-01 2.454139e+00 1.400632e+00 1.021166e+01 1.396394e-01 4.480951e-01
39627800390403496 1.410276e+00 1.081829e+01 2.949306e-01 2.909169e+00 1.531020e+00 1.055413e+01 2.813511e-01 2.148334e+00
39627768903763800 1.941133e+00 1.118428e+01 3.130493e-01 -1.916792e+00 1.812135e+00 1.121238e+01 3.464622e-01 -5.963045e-01
39627799002089216 1.783059e+00 1.107448e+01 2.610233e-01 -2.232137e+00 1.887651e+00 1.111195e+01 2.708386e-01 -1.399340e+00
39627788277253848 1.269568e+00 9.730625e+00 9.271375e-02 4.305887e+00 1.232900e+00 9.370988e+00 7.904501e-02 1.847044e+00
39627785043447528 1.645697e+00 9.659659e+00 4.240574e-02 -1.084674e+00 1.786608e+00 9.993891e+00 3.889634e-02 -9.040223e-01
39627758250231696 1.568289e+00 1.041615e+01 2.076372e-01 2.073811e+00 1.514878e+00 1.044880e+01 2.140640e-01 2.136949e+00
39627853523846760 1.565884e+00 1.077451e+01 2.820048e-01 -1.931792e+00 1.500229e+00 1.075094e+01 2.926956e-01 -2.856530e+00
39627794417718120 1.522140e+00 1.003225e+01 1.321343e-01 3.430025e-01 1.467157e+00 9.988370e+00 1.082089e-01 3.126128e-01
39627752105575432 1.554095e+00 1.105287e+01 2.783510e-01 4.453396e-01 1.594448e+00 1.099426e+01 2.801188e-01 -1.895801e-01
39627826810329832 1.390811e+00 1.106688e+01 1.865825e-01 -4.940577e+00 1.495315e+00 1.092160e+01 1.880171e-01 -2.352934e+00
39627772653473520 1.446426e+00 1.148436e+01 5.737004e-01 -2.705532e+00 1.633971e+00 1.149436e+01 6.452641e-01 -1.183317e-01
39633157988813896 1.775871e+00 1.050609e+01 1.064919e-01 -2.247110e+00 1.596773e+00 1.054173e+01 1.037135e-01 2.886099e-02
39627712733649824 1.604543e+00 1.113818e+01 4.728673e-01 -6.674990e-01 1.705569e+00 1.131347e+01 5.023342e-01 -1.668012e+00
39627793239115376 1.526015e+00 1.099226e+01 3.222694e-01 -8.546004e-01 1.766127e+00 1.104800e+01 3.347041e-01 -4.061666e-01
39627764264864968 1.576908e+00 1.047224e+01 1.544514e-01 -3.181358e-01 1.550657e+00 1.052189e+01 1.508667e-01 -1.717312e+00
39627788298224968 1.648708e+00 1.042901e+01 1.684171e-01 3.925810e-02 1.604422e+00 1.030941e+01 1.475768e-01 -1.787386e+00
39627788298224872 1.677529e+00 1.037211e+01 1.679886e-01 -6.737772e-01 1.747657e+00 1.043496e+01 1.515883e-01 -1.615919e+00
39633158223695440 1.579723e+00 1.083024e+01 3.533946e-01 1.534339e+00 1.616293e+00 1.101404e+01 3.680849e-01 -5.364974e-01
39633140783778384 1.592846e+00 1.094106e+01 5.547776e-01 1.017343e+00 1.580821e+00 1.134402e+01 6.101551e-01 1.601082e-02
39627806484732168 1.290254e+00 9.465698e+00 1.147125e-01 6.498109e-01 1.228384e+00 9.233241e+00 1.043034e-01 1.146192e+00
39633118532996464 1.687788e+00 1.114656e+01 5.538285e-01 1.587963e-01 1.577358e+00 1.124891e+01 5.945675e-01 -2.227275e-01
39627865448255312 1.486193e+00 1.107021e+01 5.293996e-01 -1.327282e-01 1.415555e+00 1.148763e+01 5.771561e-01 4.377398e-01
39627812507746560 1.447170e+00 1.057401e+01 2.541206e-01 2.744492e+00 1.417125e+00 1.069607e+01 2.747122e-01 8.046334e-01
39627772678639728 1.210383e+00 1.033348e+01 3.901207e-01 1.833280e+00 1.246954e+00 1.053885e+01 3.562337e-01 1.755078e+00
39627802659521000 1.724067e+00 1.091054e+01 3.852607e-01 -1.037116e+00 1.580363e+00 1.091110e+01 3.960559e-01 -1.973801e+00
39627811144601024 1.494553e+00 1.127213e+01 4.713518e-01 -1.873738e+00 1.440334e+00 1.128224e+01 5.166959e-01 1.168597e-02
39627799778039664 1.474534e+00 1.029403e+01 1.011811e-01 8.555000e-02 1.480002e+00 1.029015e+01 9.774485e-02 3.489357e-01
39627782266819024 1.192023e+00 8.883633e+00 1.292084e-01 5.179262e+00 1.195723e+00 9.745882e+00 1.544733e-01 5.084888e+00
39633127441695616 1.756608e+00 1.021855e+01 9.298495e-02 -3.312115e-01 1.683626e+00 9.981014e+00 7.077952e-02 -1.670058e-01
39627758246037944 1.761891e+00 1.084570e+01 4.545547e-01 -2.634471e-01 1.697660e+00 1.119939e+01 4.726937e-01 -1.386302e+00
39627907781363704 1.896556e+00 1.080534e+01 3.552744e-01 -5.631214e-01 1.690830e+00 1.101917e+01 3.824702e-01 -6.863593e-01
39627830027355680 1.164417e+00 9.320498e+00 1.462791e-01 2.448963e+00 1.148409e+00 9.389273e+00 1.203351e-01 3.863243e+00
39627830086078976 1.228139e+00 9.093797e+00 1.084482e-01 4.547489e-01 1.135489e+00 8.918228e+00 7.429728e-02 9.568924e-01
39627746128695336 1.123284e+00 9.384316e+00 1.523535e-01 1.596130e+00 1.125346e+00 9.240626e+00 1.564204e-01 3.341059e+00
39633131870880728 1.739544e+00 1.049761e+01 1.911016e-01 1.194726e+00 1.712489e+00 1.055120e+01 1.851605e-01 -3.178537e-03
39627824620900512 1.665678e+00 1.039342e+01 2.776892e-01 2.897199e+00 1.616488e+00 1.077816e+01 2.861426e-01 -1.286249e+00
39627799790618080 1.058474e+00 8.427135e+00 8.276237e-02 3.115895e+00 1.118393e+00 8.412050e+00 6.193486e-02 3.945623e+00
39627769662933896 1.415680e+00 9.700097e+00 8.201095e-02 2.486552e+00 1.278235e+00 9.706038e+00 6.214793e-02 2.132906e+00
39627818530771128 1.283658e+00 1.076768e+01 2.428316e-01 1.950965e+00 1.276287e+00 1.075138e+01 2.535372e-01 2.029013e+00
39627751530957560 1.389801e+00 1.034318e+01 1.721476e-01 2.292864e+00 1.356694e+00 1.054248e+01 2.009480e-01 1.892230e+00
39627787736189152 1.167236e+00 9.466486e+00 1.071581e-01 4.195662e+00 1.187165e+00 9.642413e+00 1.083606e-01 3.962765e+00
39627796389041824 1.387964e+00 1.049445e+01 2.296863e-01 3.259987e+00 1.258810e+00 1.060953e+01 2.147760e-01 2.957877e+00
39627829935081192 1.170764e+00 1.018517e+01 2.461701e-01 4.178608e+00 1.187415e+00 1.035700e+01 2.299888e-01 3.644540e+00
39627622493194880 1.646237e+00 1.105404e+01 3.139314e-01 -2.020454e-01 1.536906e+00 1.124118e+01 3.348077e-01 -4.092987e-01
39627745625375320 1.671942e+00 1.008709e+01 8.172043e-02 -2.212629e-03 1.519806e+00 1.003301e+01 5.994259e-02 4.689284e-01
39627760234139824 1.803969e+00 1.091866e+01 1.895410e-01 -1.193797e+00 1.841609e+00 1.081636e+01 1.785102e-01 -2.197247e+00
39627830526476984 1.603761e+00 1.015452e+01 8.037805e-02 2.792622e-01 1.482357e+00 1.024848e+01 7.858013e-02 8.215176e-01
39627768811491760 1.148019e+00 9.646257e+00 1.563067e-01 2.677239e+00 1.171824e+00 9.434118e+00 1.416773e-01 2.944328e+00
39627871815206048 1.185205e+00 9.384565e+00 4.347642e-02 3.393954e+00 1.229272e+00 9.025422e+00 1.980156e-02 3.412762e+00
39627768840850856 1.294909e+00 1.081229e+01 1.850500e-01 2.671445e+00 1.303058e+00 1.069402e+01 1.871759e-01 2.825710e+00
39627817339585152 1.637735e+00 1.150953e+01 6.188032e-01 1.330575e+00 1.670882e+00 1.163331e+01 6.436071e-01 7.427275e-02
39627811937322632 1.577740e+00 1.139205e+01 4.239112e-01 7.212528e-01 1.623589e+00 1.138549e+01 4.689554e-01 2.874036e-01
39627782396838808 1.776052e+00 1.036090e+01 2.944718e-01 -8.381302e-02 1.685386e+00 1.081865e+01 3.109730e-01 -3.260736e-01
39627740118258880 1.656056e+00 1.068717e+01 2.835970e-01 -5.638246e-01 1.695150e+00 1.078895e+01 2.927049e-01 -1.200213e+00
39627871811013640 1.287904e+00 1.014953e+01 1.230445e-01 2.925509e+00 1.253091e+00 9.994522e+00 1.297982e-01 3.170579e+00
39633136228763544 1.749175e+00 1.107001e+01 2.663170e-01 -9.639750e-01 1.809380e+00 1.105546e+01 2.642391e-01 -4.514350e-01
39627817289254040 1.025198e+00 9.765615e+00 1.512468e-01 -2.604592e+00 1.153613e+00 9.581339e+00 1.499735e-01 6.583089e-01
39627776227017992 1.197177e+00 1.025124e+01 2.834384e-01 1.833307e+00 1.206570e+00 1.016787e+01 2.968392e-01 1.057786e+00
39627745998668720 1.150472e+00 1.000804e+01 2.707955e-01 3.423939e+00 1.150633e+00 9.777292e+00 2.641430e-01 3.015051e+00
39627799849337336 1.096008e+00 9.744016e+00 8.914666e-02 3.127304e+00 1.178918e+00 9.652429e+00 6.204182e-02 4.097236e+00
39627769847483440 1.125098e+00 9.541701e+00 7.148056e-02 5.084885e+00 1.147069e+00 9.543757e+00 5.524929e-02 4.669582e+00
39627829310132760 1.200998e+00 8.167171e+00 2.398657e-02 5.478373e+00 1.210441e+00 8.988373e+00 2.126312e-02 3.857322e+00
39627793872458336 1.826826e+00 1.062458e+01 1.709306e-01 -4.606827e-01 1.670353e+00 1.070117e+01 1.717436e-01 -1.300376e+00
39627800000336064 1.504461e+00 9.504407e+00 4.632308e-02 -1.903641e-01 1.456028e+00 9.808408e+00 4.089127e-02 8.348359e-01
39627746124497344 1.268363e+00 1.058998e+01 3.922274e-01 1.176915e+00 1.263714e+00 1.070725e+01 3.844137e-01 1.089073e+00
39627776281546648 1.169496e+00 1.105348e+01 2.531604e-01 3.417466e+00 1.198652e+00 1.066784e+01 2.031002e-01 3.777570e+00
39627775006477984 1.335011e+00 9.720838e+00 5.550536e-02 2.043989e+00 1.357933e+00 9.321056e+00 2.518231e-02 1.796963e+00
39633114028312000 1.834545e+00 1.034331e+01 3.135521e-01 5.315060e-01 1.642287e+00 1.089992e+01 3.498387e-01 1.451903e+00
39627818509800624 1.578145e+00 1.053470e+01 1.804587e-01 -7.524222e-01 1.599247e+00 1.055877e+01 1.877814e-01 -5.297202e-01
39627758199902816 1.758705e+00 1.069168e+01 2.879600e-01 -4.729804e-01 1.738979e+00 1.086610e+01 2.869625e-01 -1.912095e+00
39627796586175072 1.585410e+00 1.113470e+01 3.838708e-01 -1.036184e+00 1.615599e+00 1.106280e+01 4.437687e-01 -9.608736e-01
39627700784077104 1.364701e+00 1.124893e+01 4.318534e-01 -2.656954e-01 1.409680e+00 1.118351e+01 4.588867e-01 7.679349e-01
39627793755016696 1.578418e+00 9.850055e+00 1.347526e-01 -7.090265e-01 1.512964e+00 9.882245e+00 1.280448e-01 3.644796e-01
39627853343491840 1.687066e+00 1.008190e+01 1.125833e-01 9.516798e-02 1.342534e+00 1.034720e+01 1.283916e-01 1.969782e+00
39633131950573280 1.661216e+00 1.123601e+01 3.904376e-01 -2.093667e+00 1.730085e+00 1.123409e+01 4.465724e-01 -1.356571e+00
39627740000813992 1.829731e+00 1.111482e+01 2.898788e-01 -1.886901e+00 1.895448e+00 1.136855e+01 3.059109e-01 -1.297858e+00
39627752168493360 1.802899e+00 1.014423e+01 1.349580e-01 -3.367865e-01 1.772597e+00 1.052997e+01 1.288098e-01 -1.191246e+00
39627820795697608 1.444328e+00 1.114757e+01 3.757599e-01 1.567465e+00 1.484399e+00 1.124992e+01 4.131218e-01 -2.199122e-01
39627778395476432 1.567147e+00 1.084322e+01 1.626292e-01 4.476523e-01 1.682118e+00 1.078034e+01 1.254429e-01 -1.362435e+00
39627800457512184 1.473225e+00 1.041303e+01 2.060639e-01 -6.526051e-01 1.462052e+00 1.035711e+01 2.066016e-01 -2.216221e+00
39627853498681808 1.290369e+00 1.036693e+01 1.667165e-01 1.406362e+00 1.326187e+00 9.900233e+00 1.085078e-01 1.702340e+00
39627889653581656 1.777599e+00 1.088935e+01 2.314762e-01 2.433679e-01 1.754253e+00 1.084981e+01 2.155649e-01 -2.184885e+00
39627770271110808 1.663779e+00 1.095117e+01 2.483197e-01 -4.782180e-01 1.784333e+00 1.091190e+01 2.412526e-01 -1.259106e+00
39627769641961960 1.508749e+00 1.059517e+01 2.305312e-01 1.647043e+00 1.554669e+00 1.056360e+01 2.155896e-01 -3.232475e-01
39627757507839944 1.247071e+00 9.336540e+00 1.307528e-01 1.273181e-01 1.251349e+00 9.567320e+00 1.294369e-01 1.047202e+00
39627746120305096 1.011512e+00 9.096360e+00 1.342807e-01 -3.023226e-01 1.088362e+00 9.142178e+00 1.412547e-01 1.031221e+00
39627787799102592 1.230945e+00 9.497001e+00 1.161679e-01 3.387456e+00 1.169302e+00 9.806556e+00 1.572269e-01 3.972833e+00
39627793721461640 1.811674e+00 1.038857e+01 9.384935e-02 -3.561057e-01 1.548268e+00 1.015189e+01 6.765696e-02 -1.087641e+00
39627776289934128 1.601369e+00 1.109082e+01 3.133564e-01 -2.829222e+00 1.510592e+00 1.132721e+01 3.538677e-01 1.474636e-01
39627746158055528 1.855139e+00 1.048251e+01 1.857019e-01 -2.634769e-01 1.761914e+00 1.074238e+01 1.864840e-01 -1.723752e+00
39627764210341376 1.261096e+00 1.015593e+01 2.049955e-01 1.670353e+00 1.261445e+00 1.003141e+01 1.955033e-01 1.016054e+00
39633149709257432 1.867048e+00 1.060550e+01 1.331223e-01 -2.107659e+00 1.681593e+00 1.057064e+01 1.471547e-01 -2.550472e-01
39627788403082848 1.416184e+00 1.087611e+01 2.858061e-01 -6.617191e-02 1.440184e+00 1.078495e+01 2.813063e-01 5.157058e-01
39627751572902640 1.556437e+00 1.009054e+01 1.233828e-01 -1.165468e+00 1.635577e+00 1.015787e+01 1.212714e-01 -8.611256e-01
39627770296275080 1.342565e+00 9.767497e+00 1.158580e-01 3.062489e+00 1.316458e+00 9.806235e+00 1.263610e-01 4.721834e-01
39627769579047024 1.235536e+00 9.627640e+00 8.375069e-02 3.220343e+00 1.220996e+00 9.501325e+00 6.919877e-02 3.443841e+00
39627781667034192 1.347518e+00 9.315974e+00 4.255490e-02 1.579974e-01 1.371334e+00 8.988944e+00 1.222716e-02 1.563990e+00
39627805054471664 1.347261e+00 1.059586e+01 1.322920e-01 4.031303e+00 1.273360e+00 1.083157e+01 1.657316e-01 1.740441e+00
39627800419764664 1.754000e+00 1.065478e+01 2.366812e-01 -5.056652e-01 1.673024e+00 1.056001e+01 2.349862e-01 -1.171574e+00
39633140565674344 1.581116e+00 1.134031e+01 4.453520e-01 -5.190514e-01 1.684555e+00 1.118528e+01 4.686745e-01 -5.772227e-01
39633297336173376 1.818565e+00 1.093129e+01 2.367874e-01 -5.121203e-01 1.818773e+00 1.095356e+01 2.270856e-01 -1.009458e+00
39627776348657056 1.517922e+00 1.037029e+01 1.397902e-01 1.099257e+00 1.410843e+00 1.042592e+01 1.550469e-01 1.348681e+00
39627818539158096 1.302604e+00 1.049531e+01 1.889192e-01 -2.802101e+00 1.421158e+00 1.053300e+01 2.177227e-01 9.783639e-01
39627839036723064 1.428271e+00 1.039790e+01 9.299240e-02 -6.059076e-01 1.535645e+00 1.033288e+01 6.900522e-02 -6.076980e-02
39627820841830008 1.811917e+00 1.045267e+01 1.242118e-01 -2.226444e+00 1.833834e+00 1.048589e+01 1.089848e-01 -2.067690e+00
39627847320472520 1.579997e+00 1.038538e+01 2.189333e-01 -1.510842e+00 1.636399e+00 1.051909e+01 2.082173e-01 4.239103e-01
39627768874404120 1.255628e+00 1.026590e+01 1.769687e-01 1.078112e+00 1.285151e+00 1.031015e+01 1.853666e-01 7.188283e-01
39627782333928320 1.934562e+00 1.093569e+01 3.208710e-01 -1.041088e+00 1.647838e+00 1.096138e+01 3.277988e-01 -4.376252e-01
39627812633578688 1.093187e+00 9.070140e+00 2.178267e-01 3.321611e+00 1.131182e+00 9.270708e+00 1.758633e-01 3.197569e+00
39627739933706752 1.164201e+00 1.136642e+01 7.378663e-01 1.692744e+00 1.391413e+00 1.140452e+01 6.695917e-01 1.798473e+00
39627772317929088 1.534710e+00 1.148912e+01 6.536201e-01 3.254752e+00 1.557859e+00 1.150027e+01 6.806711e-01 1.800472e+00
39627763669274544 1.340373e+00 1.063722e+01 2.032227e-01 3.902618e-01 1.479282e+00 1.063432e+01 1.845453e-01 9.223146e-01
39627818115533904 1.737538e+00 1.028558e+01 1.458462e-01 -1.732151e+00 1.728618e+00 1.052542e+01 1.595056e-01 -6.073651e-01
39627812000237088 1.089100e+00 9.259222e+00 1.138286e-01 3.886013e+00 1.179899e+00 9.068857e+00 1.023492e-01 2.459328e+00
39627794530964360 1.678389e+00 1.147493e+01 5.744613e-01 -4.845753e-01 1.588568e+00 1.145357e+01 5.992336e-01 1.285986e-01
39627817897431904 1.170900e+00 9.753722e+00 1.260314e-01 7.638988e-01 1.222363e+00 9.768040e+00 1.136889e-01 2.286469e+00
39627739367473992 1.282896e+00 9.737538e+00 1.214348e-01 5.303621e+00 1.218447e+00 1.001210e+01 1.438357e-01 3.482466e+00
39627776340267536 1.721419e+00 1.085905e+01 2.877419e-01 -4.479663e-01 1.745503e+00 1.092443e+01 2.945403e-01 -1.109976e+00
39627830476148752 1.672644e+00 1.093059e+01 3.870522e-01 5.029281e-01 1.714626e+00 1.110469e+01 4.140179e-01 -2.376962e-01
39627782271010048 1.735042e+00 1.007544e+01 1.398320e-01 -2.084468e+00 1.705733e+00 1.029844e+01 1.254300e-01 -2.029640e+00
39627826709665560 1.837814e+00 1.096863e+01 3.570232e-01 -1.377864e+00 1.738326e+00 1.111651e+01 3.859738e-01 -1.438525e+00
39627865511171448 1.628126e+00 1.105210e+01 1.936600e-01 -3.663925e-02 1.735458e+00 1.089556e+01 1.705150e-01 -1.657308e+00
39627751048611264 1.255326e+00 1.110878e+01 4.372382e-01 1.648377e+00 1.355842e+00 1.095535e+01 4.929371e-01 9.886355e-01
39627774964531744 1.864389e+00 1.100458e+01 4.130544e-01 1.705029e+00 1.603284e+00 1.116899e+01 4.282219e-01 -1.401630e+00
39627812528721720 1.798283e+00 1.019613e+01 1.611982e-01 -3.141998e+00 1.676794e+00 1.045901e+01 1.518320e-01 -1.904209e+00
39627814919477168 1.161863e+00 1.073899e+01 2.692861e-01 2.780390e+00 1.178523e+00 1.054680e+01 2.234608e-01 3.600898e+00
39627775136498360 1.865430e+00 1.111080e+01 4.208776e-01 -1.199934e+00 1.784889e+00 1.131033e+01 4.524011e-01 -9.469587e-01
39627818576906408 1.592259e+00 1.083426e+01 3.133945e-01 -4.432156e-02 1.620652e+00 1.081113e+01 3.208482e-01 -6.564388e-01
39633127391364192 1.467012e+00 9.394424e+00 4.040501e-02 1.816614e+00 1.553603e+00 8.798632e+00 1.844347e-02 4.344362e-01
39627775581094968 1.373606e+00 1.026767e+01 1.338700e-01 2.706863e-01 1.403810e+00 1.010850e+01 1.100374e-01 -1.470519e+00
39627800264576848 1.705928e+00 1.078500e+01 1.448665e-01 -8.247982e-01 1.740438e+00 1.063900e+01 1.238346e-01 -1.944291e+00
39627752223016352 1.725058e+00 1.026545e+01 1.472639e-01 -3.361764e+00 1.665029e+00 1.021883e+01 1.293854e-01 -1.467312e+00
39627791137775408 1.358064e+00 1.133968e+01 4.173599e-01 1.244953e+00 1.438149e+00 1.128399e+01 4.723671e-01 -8.481395e-01
39627818140700216 1.632298e+00 1.045861e+01 1.294424e-01 -6.907563e-01 1.588870e+00 1.042722e+01 1.188610e-01 3.207110e-01
39627835475759072 1.561064e+00 1.113217e+01 5.036958e-01 -8.227082e-01 1.434883e+00 1.148799e+01 5.558744e-01 2.703386e-01
39627752176878096 1.192628e+00 1.068265e+01 2.759571e-01 3.018859e+00 1.266887e+00 1.055066e+01 2.594514e-01 2.027859e+00
39627868958887256 1.613221e+00 1.090583e+01 1.858313e-01 -9.302026e-01 1.573402e+00 1.091612e+01 2.039409e-01 -1.343852e+00
39627740067922640 1.198953e+00 9.611649e+00 5.626537e-02 4.854992e+00 1.191098e+00 9.410593e+00 2.394179e-02 4.141086e+00
39627772196297192 1.087896e+00 8.981417e+00 1.296737e-01 4.659172e+00 1.149367e+00 9.138549e+00 1.199798e-01 3.516344e+00
39627782149374616 1.755925e+00 1.010614e+01 8.692541e-02 -9.484916e-01 1.648692e+00 1.004434e+01 6.787406e-02 -2.612594e-01
39627752223021688 1.455246e+00 1.024362e+01 2.400709e-01 3.868113e-01 1.594513e+00 1.040958e+01 2.063424e-01 -1.410605e+00
39627745554074128 1.461087e+00 9.250398e+00 6.873418e-02 1.764047e+00 1.377440e+00 9.587886e+00 1.077638e-01 1.276290e+00
39627776386402184 1.521128e+00 9.746028e+00 4.339514e-02 1.353307e+00 1.495364e+00 1.022287e+01 5.845809e-02 1.222291e+00
39627823916257600 1.033892e+00 8.822985e+00 6.437331e-02 9.686585e-01 1.136276e+00 8.717462e+00 7.001109e-02 4.224619e+00
39627817150846368 1.351647e+00 9.518757e+00 3.465864e-02 -1.745756e+00 1.417639e+00 9.789249e+00 3.368856e-02 2.292166e-01
39627764239698392 1.399861e+00 1.073222e+01 2.839615e-01 3.522342e+00 1.432081e+00 1.071447e+01 2.637440e-01 1.909907e+00
39627778462585840 1.450242e+00 1.134424e+01 5.354245e-01 6.293116e-01 1.612995e+00 1.139406e+01 5.556254e-01 -2.453238e+00
39627806488922968 1.117096e+00 9.345847e+00 1.254349e-01 5.992498e+00 1.151298e+00 9.113167e+00 1.079457e-01 4.373518e+00
39627769700682752 1.395888e+00 1.055376e+01 1.964233e-01 2.613862e-01 1.401831e+00 1.041425e+01 1.872269e-01 5.422742e-01
39627770308853960 1.639926e+00 1.008009e+01 1.453155e-01 -1.280357e+00 1.516250e+00 1.013996e+01 1.559872e-01 -2.359820e+00
39633158013978016 1.713154e+00 1.040127e+01 6.984552e-02 -1.501530e+00 1.860632e+00 1.030538e+01 3.741921e-02 -2.227787e+00
39627780928835864 1.147625e+00 9.992074e+00 1.976058e-01 4.764158e+00 1.085733e+00 9.664509e+00 2.081579e-01 4.314970e+00
39627772930302224 1.726448e+00 1.108549e+01 3.674503e-01 -6.198364e-01 1.773283e+00 1.121145e+01 3.948542e-01 -3.966361e-01
39627782312953984 1.446013e+00 1.037973e+01 1.348598e-01 7.860960e-01 1.459258e+00 1.028022e+01 1.196106e-01 -8.964616e-02
39627808917429888 1.100095e+00 9.745163e+00 2.023700e-01 5.254977e+00 1.075347e+00 9.909228e+00 2.049561e-01 4.499460e+00
39627796464534096 1.662356e+00 1.068899e+01 2.113513e-01 -2.493160e+00 1.669817e+00 1.083911e+01 2.076896e-01 -2.051461e+00
39627757507841248 1.148754e+00 8.874105e+00 8.277307e-02 6.826006e+00 1.115524e+00 8.509394e+00 5.677348e-02 5.053847e+00
39627799144694560 1.386061e+00 1.117828e+01 5.090687e-01 -3.312937e+00 1.563214e+00 1.138701e+01 4.823663e-01 -4.151206e-01
39627762763307440 1.623456e+00 1.048676e+01 2.042350e-01 -1.455931e+00 1.741129e+00 1.056580e+01 1.898309e-01 -6.874055e-01
39627811970879056 1.254795e+00 9.842325e+00 1.844608e-01 4.788441e+00 1.196343e+00 9.465637e+00 1.507262e-01 6.643490e-01
39627749014372480 1.676177e+00 1.113727e+01 3.641006e-01 -1.165289e+00 1.658006e+00 1.115184e+01 4.054198e-01 -1.227661e+00
39633131862494296 1.671328e+00 1.025868e+01 1.170128e-01 -1.836446e+00 1.771089e+00 1.026522e+01 1.054835e-01 -1.526759e+00
39627761110753432 1.245287e+00 1.161103e+01 7.505854e-01 7.099545e+00 1.329957e+00 1.148124e+01 7.168691e-01 4.204473e+00
39627763501498528 1.612045e+00 1.002480e+01 7.943692e-02 -4.483939e-01 1.662683e+00 1.012118e+01 4.998554e-02 -3.208238e-02
39627796787504512 1.104648e+00 9.374932e+00 1.496184e-01 2.465219e+00 1.138884e+00 9.168121e+00 1.149855e-01 2.556396e+00
39627817280865552 1.654330e+00 1.060346e+01 1.651269e-01 -2.986147e-01 1.738407e+00 1.055149e+01 1.456324e-01 -1.443335e+00
39627784565294056 1.423479e+00 1.087837e+01 2.515237e-01 4.359435e+00 1.387909e+00 1.067408e+01 2.498179e-01 3.911840e+00
39627817142453600 1.447921e+00 1.054928e+01 2.106943e-01 5.982472e-01 1.339105e+00 1.076799e+01 2.429934e-01 2.464579e+00
39627883626368144 1.789051e+00 1.045732e+01 1.233287e-01 1.131675e-01 1.599378e+00 1.050504e+01 1.353514e-01 1.765090e-02
39627814651039792 1.275279e+00 8.179679e+00 2.622503e-02 2.975345e+00 1.280465e+00 8.454654e+00 6.476238e-03 2.011645e+00
39627756979357168 1.634738e+00 1.112538e+01 3.506496e-01 4.097361e-01 1.819440e+00 1.127569e+01 3.585988e-01 -3.115721e-01
39627847479854848 1.776564e+00 1.090220e+01 3.406128e-01 -6.308279e-01 1.764858e+00 1.099613e+01 3.357179e-01 -2.096813e-01
39627824432158320 1.716657e+00 1.105372e+01 2.260699e-01 -1.253124e+00 1.822578e+00 1.097786e+01 2.090962e-01 -1.936552e+00
39627769637768800 1.207152e+00 1.024195e+01 1.639866e-01 2.525188e+00 1.212739e+00 9.972909e+00 1.480232e-01 3.373554e+00
39627806589587648 1.281765e+00 1.017433e+01 1.757657e-01 2.755747e+00 1.452565e+00 9.458900e+00 7.503486e-02 1.338000e+00
39627775732094832 1.699695e+00 1.112732e+01 3.828524e-01 1.409435e-01 1.744435e+00 1.114429e+01 3.820494e-01 -7.896590e-02
39627766508815136 1.632457e+00 1.102105e+01 3.109966e-01 -3.127229e-01 1.548270e+00 1.116190e+01 3.337661e-01 2.862799e-02
39627830782332752 1.899488e+00 1.036679e+01 1.074812e-01 -1.753250e+00 1.819528e+00 1.043363e+01 9.852570e-02 -1.865863e+00
39627829209467776 1.240675e+00 1.068270e+01 2.588202e-01 2.839898e+00 1.298475e+00 1.067777e+01 2.580650e-01 3.484815e+00
39627770350797160 1.167038e+00 9.731659e+00 3.123201e-01 5.068044e+00 1.148271e+00 1.009464e+01 3.452468e-01 3.827910e+00
39627746120307440 1.142223e+00 9.294052e+00 1.335739e-01 2.848022e+00 1.160754e+00 9.123428e+00 1.170743e-01 3.789193e+00
39633127588499248 1.993870e+00 1.071317e+01 3.019293e-01 -1.264544e+00 1.741373e+00 1.090861e+01 3.104469e-01 -1.637512e+00
39627826499944624 1.571768e+00 1.120496e+01 4.376935e-01 1.930431e+00 1.725278e+00 1.123280e+01 4.653100e-01 -9.335587e-01
39627780983361000 1.252833e+00 8.997068e+00 5.392814e-02 3.613806e+00 1.193597e+00 8.769255e+00 2.426156e-02 4.030915e+00
39627739971454856 1.784890e+00 1.089614e+01 2.722594e-01 -1.859539e+00 1.752185e+00 1.082588e+01 2.824211e-01 -1.335184e+00
39633127567523896 1.605337e+00 1.113290e+01 3.456277e-01 4.888158e-01 1.758971e+00 1.109994e+01 3.649109e-01 -6.558834e-01
39627782363285032 1.568667e+00 1.057647e+01 2.158397e-01 -8.597101e-02 1.625323e+00 1.057167e+01 2.033457e-01 -2.498013e+00
39627793750822488 1.407460e+00 1.071877e+01 2.553629e-01 -3.888748e+00 1.443244e+00 1.057540e+01 2.616720e-01 3.653194e-01
39627805058665968 1.768055e+00 1.071979e+01 2.538388e-01 2.846084e-01 1.626894e+00 1.086241e+01 2.462428e-01 -2.254281e+00
39627770283689144 1.139211e+00 9.129735e+00 1.060073e-01 4.462708e+00 1.156735e+00 8.847444e+00 8.504644e-02 4.001290e+00
39627808854512992 1.839653e+00 1.094339e+01 1.745313e-01 -1.089505e+00 1.870288e+00 1.089806e+01 1.779810e-01 -1.612086e+00
39627824562178176 1.819094e+00 1.099736e+01 2.751504e-01 -2.327371e+00 1.731247e+00 1.099052e+01 2.913079e-01 -1.801969e+00
39627818140700184 1.773657e+00 1.039082e+01 1.295241e-01 -8.054364e-01 1.681331e+00 1.033427e+01 1.146779e-01 -3.231438e-01
39627847307889936 1.301187e+00 1.085279e+01 2.728742e-01 9.852820e-01 1.332554e+00 1.071950e+01 2.574877e-01 2.080148e+00
39627782417812600 1.668477e+00 1.013380e+01 2.529811e-01 -1.989673e+00 1.201279e+00 1.035135e+01 1.962073e-01 2.233952e+00
39627774842897160 1.679127e+00 1.061034e+01 2.092613e-01 6.600839e-01 1.691432e+00 1.057714e+01 1.990146e-01 -5.597835e-01
39627794367387440 1.279201e+00 9.833603e+00 1.686094e-01 6.303492e+00 1.270725e+00 9.977084e+00 1.700309e-01 5.456782e+00
39627793016816216 1.499691e+00 1.115771e+01 3.178989e-01 -1.407229e+00 1.507254e+00 1.119492e+01 3.260497e-01 4.681110e-01
39627751946192424 1.724882e+00 1.120735e+01 3.927155e-01 1.373310e-01 1.686255e+00 1.098154e+01 4.080717e-01 -1.631315e-01
39627829243019776 1.143274e+00 9.135242e+00 1.129541e-01 3.230092e+00 1.178933e+00 9.121234e+00 9.830606e-02 2.470534e+00
39627818576906424 1.629239e+00 1.048421e+01 1.134953e-01 -4.917052e-01 1.650834e+00 1.051730e+01 1.127839e-01 -3.951793e-01
39627770245941760 1.759112e+00 1.059461e+01 3.035114e-01 -1.345659e+00 1.707239e+00 1.088052e+01 3.186364e-01 -1.319185e+00
39627787107041456 1.239529e+00 1.103972e+01 3.292812e-01 -2.609786e+00 1.428545e+00 1.104574e+01 3.715040e-01 -4.873842e-01
39627751560317304 1.469373e+00 1.122884e+01 4.038565e-01 -4.714886e+00 1.660455e+00 1.123908e+01 4.336451e-01 -1.191939e+00
39627778613581816 1.595616e+00 1.060661e+01 4.145189e-01 -2.027626e+00 1.647298e+00 1.102484e+01 4.442809e-01 -1.092276e+00
39627764126450456 1.641054e+00 1.001201e+01 8.767708e-02 -2.271761e+00 1.527455e+00 1.004582e+01 8.044884e-02 3.106577e-01
39627830606169816 1.268422e+00 9.241539e+00 5.541658e-02 1.119039e+00 1.264018e+00 9.686274e+00 7.503118e-02 2.630578e+00
39627796485514472 1.318616e+00 9.678055e+00 5.716422e-02 3.473698e+00 1.304645e+00 1.003206e+01 6.658716e-02 2.567925e+00
39627815213074592 1.381041e+00 1.107976e+01 3.227594e-01 4.154183e+00 1.470259e+00 1.088437e+01 3.273686e-01 1.399441e+00
39627763606356256 1.138283e+00 1.010150e+01 2.294427e-01 4.329600e+00 1.227653e+00 9.965946e+00 2.112691e-01 2.344819e+00
39627784678541056 1.700861e+00 1.149647e+01 5.358796e-01 -2.860544e+00 1.703955e+00 1.154730e+01 5.945902e-01 -2.629875e-01
39627746015447952 1.327727e+00 9.909054e+00 1.477908e-01 7.688853e-01 1.367172e+00 1.001102e+01 1.259850e-01 4.157841e-01
39627770141081920 1.465798e+00 1.139306e+01 4.428729e-01 -3.199516e+00 1.517586e+00 1.144939e+01 5.032327e-01 -1.456187e+00
39627817918401752 1.081786e+00 9.688369e+00 1.511359e-01 5.707999e+00 1.084417e+00 9.625072e+00 1.935430e-01 4.383054e+00
39627799077586472 1.910910e+00 1.106691e+01 2.532368e-01 -2.134435e+00 1.899592e+00 1.116333e+01 2.755187e-01 -1.620097e+00
39627836641773264 1.156328e+00 9.746998e+00 1.744146e-01 2.640319e+00 1.184388e+00 9.489364e+00 1.335945e-01 2.180874e+00
39627733516419112 1.236773e+00 9.865294e+00 7.173567e-02 3.092626e+00 1.372105e+00 9.810814e+00 4.999135e-02 1.784569e+00
39627856740876856 2.092292e+00 1.091374e+01 4.597452e-01 -3.222333e+00 1.616885e+00 1.120384e+01 5.363376e-01 -2.018943e-01
39627788310808312 1.950611e+00 1.049831e+01 1.236752e-01 -9.188080e-01 1.814045e+00 1.055780e+01 1.171089e-01 -1.890367e+00
39627853360268248 1.468989e+00 1.086044e+01 2.935632e-01 -9.769226e-01 1.456899e+00 1.076935e+01 2.821751e-01 2.389219e-01
39627805956245872 1.746330e+00 1.005769e+01 1.875186e-01 1.161232e+00 1.600298e+00 1.039224e+01 1.799558e-01 8.492655e-01
39627718899276800 1.577279e+00 1.123616e+01 4.903574e-01 -1.024106e-01 1.650432e+00 1.140492e+01 5.006192e-01 -8.389033e-01
39627829486290352 1.766800e+00 1.108971e+01 4.634079e-01 -6.817149e-01 1.611854e+00 1.117047e+01 5.046341e-01 -3.058295e-01
39627823937226320 1.485028e+00 1.123904e+01 3.361607e-01 6.175336e-01 1.671090e+00 1.115968e+01 3.385144e-01 1.893625e-01
39633145187798632 1.457816e+00 1.060820e+01 1.310913e-01 -3.120052e+00 1.537517e+00 1.057086e+01 1.265798e-01 -6.797827e-01
39627784523357672 1.583310e+00 1.075788e+01 3.471845e-01 3.166742e-01 1.682521e+00 1.098294e+01 3.973258e-01 -2.424291e-01
39627772938689640 1.400831e+00 9.553747e+00 7.536989e-02 8.701796e-01 1.212669e+00 9.420230e+00 6.047498e-02 3.547178e+00
39633127529776512 1.497577e+00 1.084549e+01 1.950247e-01 5.036556e-01 1.415143e+00 1.082164e+01 2.097011e-01 1.500188e+00
39627841326814096 1.286759e+00 1.045129e+01 1.893597e-01 -9.569473e-01 1.297941e+00 1.043886e+01 1.863313e-01 -4.375242e-01
39627839397432000 1.862509e+00 1.083149e+01 3.010960e-01 -9.627607e-01 1.833093e+00 1.115715e+01 3.190358e-01 -1.349618e+00
39627806413426680 1.747468e+00 1.012707e+01 1.056772e-01 -2.809815e+00 1.676679e+00 1.007563e+01 1.008231e-01 -6.638200e-01
39627871769069544 1.488787e+00 1.046055e+01 9.198246e-02 6.791595e-01 1.715031e+00 1.021723e+01 5.984148e-02 -9.305557e-01
39627824708978120 1.440136e+00 1.084401e+01 2.816495e-01 5.414027e-01 1.441673e+00 1.083506e+01 2.750579e-01 9.097518e-01
39627781792860624 1.841876e+00 1.066370e+01 1.229696e-01 -1.175433e-01 1.823039e+00 1.055757e+01 8.491960e-02 -2.468862e+00
39627745386299832 1.727232e+00 1.091462e+01 2.807539e-01 -9.227084e-01 1.711639e+00 1.071895e+01 2.859033e-01 -8.928258e-01
39627745424048520 1.301144e+00 9.688727e+00 1.228900e-01 2.629688e+00 1.212850e+00 9.719001e+00 1.158167e-01 3.947942e-01
39627770262718224 1.352638e+00 1.102225e+01 5.244108e-01 3.745537e-01 1.333114e+00 1.098001e+01 5.321470e-01 -9.134762e-01
39627824063054928 1.120039e+00 1.071803e+01 2.707511e-01 -2.395477e-01 1.184718e+00 1.092169e+01 5.179778e-01 4.337604e-01
39627847442109520 1.581829e+00 1.089016e+01 1.574074e-01 -1.034415e+00 1.691150e+00 1.088357e+01 1.463867e-01 -3.988123e-01
39627790718343072 1.359933e+00 1.021203e+01 2.635580e-01 1.379013e+00 1.322561e+00 1.051019e+01 2.735291e-01 7.744555e-01
39633127647218264 1.307117e+00 9.988787e+00 1.313927e-01 1.076402e+00 1.248083e+00 1.014690e+01 1.387281e-01 2.838004e+00
39627788520524352 1.849941e+00 1.095072e+01 3.397196e-01 5.630309e-01 1.737977e+00 1.104502e+01 3.546088e-01 -8.303585e-01
39627800495262304 1.159233e+00 1.037972e+01 1.971497e-01 3.694785e+00 1.218713e+00 1.001745e+01 1.906839e-01 2.664866e+00
39627794333832248 1.095505e+00 8.182454e+00 5.275709e-02 6.215829e+00 1.116206e+00 7.574551e+00 4.296020e-03 4.634975e+00
39627787752966832 1.553539e+00 1.030976e+01 1.648809e-01 -3.422853e+00 1.522343e+00 1.019991e+01 1.528907e-01 -4.502658e-01
39627782271014112 1.722036e+00 1.057828e+01 2.614737e-01 -3.827906e-01 1.744797e+00 1.078693e+01 2.646105e-01 -6.366373e-01
39627764151615584 1.226550e+00 9.956300e+00 1.359734e-01 3.642447e+00 1.234687e+00 9.777741e+00 1.120223e-01 3.214711e+00
39627790366022096 1.845702e+00 1.105549e+01 4.516634e-01 -1.426493e+00 1.648882e+00 1.134724e+01 4.982801e-01 -5.148591e-01
39627799073392272 1.456538e+00 1.086887e+01 3.093588e-01 1.312497e+00 1.462764e+00 1.088768e+01 3.130457e-01 3.274501e-01
39627770216584432 1.181217e+00 9.758422e+00 1.408055e-01 2.520985e+00 1.207462e+00 9.741614e+00 1.072410e-01 2.873070e+00
39627676704575824 1.334970e+00 1.149025e+01 5.481810e-01 3.429109e-01 1.556100e+00 1.142097e+01 6.020583e-01 3.464860e-02
39627764315196312 1.188923e+00 9.606409e+00 2.225618e-01 5.712162e+00 1.180078e+00 9.877718e+00 2.064049e-01 4.173889e+00
39627835245071344 1.712494e+00 1.084032e+01 2.757396e-01 1.002104e+00 1.772522e+00 1.091146e+01 2.822637e-01 -2.131595e+00
39627746132889792 1.648612e+00 1.022908e+01 1.478820e-01 -2.991792e+00 1.556970e+00 1.022503e+01 1.501515e-01 -2.780080e+00
39627796451951984 1.573197e+00 1.076107e+01 1.509315e-01 -7.810650e-01 1.693115e+00 1.071487e+01 1.311976e-01 -2.132218e+00
39627718916047560 1.326072e+00 1.103087e+01 4.954534e-01 -1.181521e+00 1.412101e+00 1.142785e+01 5.495116e-01 1.122197e+00
39633114040894896 1.453309e+00 1.101476e+01 3.011185e-01 -6.000590e-01 1.807829e+00 1.106655e+01 3.135737e-01 -8.586285e-01
39627784754044816 1.854276e+00 1.091903e+01 3.040943e-01 -1.099593e+00 1.870372e+00 1.122997e+01 3.101085e-01 -1.625300e+00
39633136568503664 1.813386e+00 1.074589e+01 1.387150e-01 -1.056159e+00 1.789508e+00 1.058503e+01 9.640060e-02 -2.397198e+00
39627871584519520 1.715511e+00 1.060193e+01 1.683030e-01 -5.556573e-01 1.699715e+00 1.057693e+01 1.557640e-01 -3.576407e-01
39627772192097704 1.108364e+00 9.772415e+00 1.318049e-01 5.086592e+00 1.156645e+00 9.381794e+00 1.262071e-01 3.886267e+00
39627794442884464 1.267798e+00 9.998316e+00 1.371880e-01 1.313079e+00 1.266804e+00 1.000737e+01 1.430803e-01 2.506196e+00
39627793025207656 1.466298e+00 1.085526e+01 2.665609e-01 -4.463674e-01 1.552258e+00 1.098348e+01 2.805471e-01 -7.694510e-01
39627800583342896 1.486708e+00 1.121569e+01 4.462360e-01 5.355725e-01 1.641610e+00 1.111038e+01 4.730210e-01 -2.106613e+00
39627806446983408 1.631622e+00 1.046934e+01 1.728873e-01 -3.352400e+00 1.718112e+00 1.042089e+01 1.730026e-01 -1.873209e+00
39627718928637424 1.600754e+00 1.102497e+01 3.329985e-01 1.875807e-01 1.724107e+00 1.095635e+01 3.239165e-01 -1.692026e+00
39627775010673248 9.970877e-01 7.730055e+00 5.445823e-02 -8.652874e-01 1.071286e+00 7.727183e+00 2.211604e-02 2.458344e+00
39627808913234992 1.241304e+00 1.090041e+01 3.618406e-01 4.278908e+00 1.270656e+00 1.064955e+01 3.574437e-01 3.873652e+00
39627770321437872 1.604849e+00 1.021772e+01 1.458597e-01 -2.251987e+00 1.612099e+00 1.024535e+01 1.592294e-01 -1.419283e+00
39627763568610728 1.853377e+00 1.083809e+01 2.272505e-01 -9.099884e-01 1.806467e+00 1.089616e+01 2.318735e-01 -1.265782e+00
39627830618755128 1.371710e+00 1.037077e+01 1.943673e-01 -9.139121e-02 1.314576e+00 1.033175e+01 2.048779e-01 1.833546e+00
39627823945617144 1.218169e+00 1.084826e+01 2.890437e-01 3.138427e-01 1.381644e+00 1.063305e+01 3.042790e-01 5.481695e-01
39627808556712520 1.065152e+00 1.029307e+01 2.837333e-01 2.875415e+00 1.168263e+00 9.988423e+00 2.489199e-01 4.122016e+00
39627798976923240 1.050156e+00 8.876039e+00 5.174561e-02 5.046911e+00 1.124690e+00 7.914336e+00 1.049198e-02 4.848332e+00
39627760854900832 1.204946e+00 1.032100e+01 3.071574e-01 2.580694e+00 1.212306e+00 1.068577e+01 3.271051e-01 3.412048e+00
39627770187225448 1.703100e+00 1.063711e+01 1.205182e-01 -2.766165e+00 1.738406e+00 1.062343e+01 1.119773e-01 -1.910682e+00
39627746049001248 1.181674e+00 1.026954e+01 3.061317e-01 3.550638e+00 1.175762e+00 1.004751e+01 3.083125e-01 2.880607e+00
39627830576810496 1.545494e+00 1.034858e+01 1.782734e-01 -2.002637e+00 1.616956e+00 1.021316e+01 1.572115e-01 -2.304763e+00
39627829259797232 1.232285e+00 9.838295e+00 1.301049e-01 3.181042e+00 1.199046e+00 9.896580e+00 1.403001e-01 2.894019e+00
39627745562463184 1.537707e+00 1.090958e+01 2.836033e-01 -1.020419e-01 1.479183e+00 1.085446e+01 2.871658e-01 7.545197e-02
39627800004531664 1.766795e+00 1.034571e+01 8.098619e-02 -2.362542e+00 1.846573e+00 1.039165e+01 5.566849e-02 -1.931804e+00
39627752055242840 1.733299e+00 1.042558e+01 1.147353e-01 -3.260529e-01 1.772377e+00 1.043079e+01 9.717220e-02 -2.069970e+00
39627793826318608 1.158999e+00 8.936621e+00 9.807052e-02 3.493606e+00 1.120037e+00 8.918744e+00 8.594389e-02 2.384056e+00
39627806556030768 1.131171e+00 9.993411e+00 1.574120e-01 1.949682e+00 1.185745e+00 9.706198e+00 1.524350e-01 2.348552e+00
39627772951271240 1.194307e+00 7.645174e+00 1.745195e-02 3.343019e+00 1.217846e+00 7.482855e+00 0.000000e+00 2.152980e+00
39627818564322880 1.801689e+00 1.094895e+01 3.563209e-01 -5.514548e-01 1.755770e+00 1.107563e+01 3.664379e-01 -6.175709e-01
39627770174641080 1.786191e+00 1.031353e+01 3.206669e-01 -1.458213e-01 1.668205e+00 1.092604e+01 3.221457e-01 -3.894893e-01
39627751522570840 1.083971e+00 1.000599e+01 1.086875e-01 1.134069e+00 1.207002e+00 9.758101e+00 7.045297e-02 3.390070e+00
39627746132885704 1.322044e+00 1.040187e+01 2.013696e-01 1.033938e+00 1.354893e+00 1.030796e+01 2.023736e-01 6.061279e-01
39627746116110872 1.553640e+00 9.517040e+00 5.367251e-02 2.774889e-01 1.543843e+00 9.553291e+00 4.371558e-02 2.788163e-01
39627776155719120 1.784871e+00 1.078717e+01 1.545337e-01 -1.821272e+00 1.867706e+00 1.082756e+01 1.516722e-01 -1.628723e+00
39627790345051088 9.501096e-01 1.008166e+01 2.306484e-01 8.330953e-01 9.939845e-01 1.039425e+01 2.258402e-01 1.656752e+00
39627812562274336 1.508393e+00 1.090859e+01 3.408605e-01 1.827425e+00 1.412952e+00 1.110293e+01 3.599823e-01 1.385872e+00
39627788373724800 1.135287e+00 1.049997e+01 5.926135e-01 5.337811e+00 1.130102e+00 1.046022e+01 6.948122e-01 4.201558e+00
39627740122454064 1.708138e+00 1.122681e+01 3.982346e-01 -1.362656e+00 1.757611e+00 1.128860e+01 4.426271e-01 -4.825717e-01
39627763627329856 1.756669e+00 1.051099e+01 1.301420e-01 -1.180449e+00 1.702647e+00 1.054420e+01 1.310257e-01 -9.063646e-01
39627775719510320 1.647071e+00 1.020269e+01 1.072161e-01 5.026007e-01 1.603861e+00 9.902676e+00 7.867169e-02 -5.154347e-02
39627805197078600 1.488309e+00 1.062571e+01 2.619601e-01 1.605923e+00 1.480247e+00 1.076764e+01 2.460416e-01 6.754102e-01
39633162577382136 1.355869e+00 9.713845e+00 9.377006e-02 2.374591e+00 1.300997e+00 9.901394e+00 8.855389e-02 2.486943e+00
39627782430395896 1.187639e+00 9.702167e+00 9.882019e-02 3.344071e+00 1.208663e+00 9.406818e+00 7.147568e-02 3.252003e+00
39627712905613328 1.479403e+00 1.092825e+01 3.681596e-01 -1.597851e+00 1.584352e+00 1.104608e+01 3.970549e-01 -1.384996e+00
39627745549881384 1.784649e+00 1.080404e+01 2.796263e-01 -4.541002e-01 1.764099e+00 1.083986e+01 2.930832e-01 -6.045331e-01
39627812574855288 1.652037e+00 1.064740e+01 2.108663e-01 -2.368204e+00 1.759026e+00 1.073859e+01 1.912453e-01 -2.132168e+00
39627706714820504 1.937581e+00 1.081674e+01 1.759927e-01 -1.444459e+00 1.832264e+00 1.081149e+01 1.751209e-01 -1.407455e+00
39627770313052384 1.537124e+00 9.932319e+00 1.465642e-01 -3.968415e+00 1.574330e+00 1.013554e+01 1.435364e-01 -2.306921e+00
39627763002380704 1.372489e+00 1.026461e+01 1.185805e-01 2.281129e+00 1.327794e+00 1.028517e+01 1.154027e-01 2.448744e+00
39627770275303024 1.561315e+00 1.041576e+01 2.553359e-01 2.897049e-01 1.519517e+00 1.043048e+01 2.450052e-01 -2.059276e+00
39633158060113960 1.661440e+00 1.082385e+01 2.220896e-01 3.115366e-01 1.673069e+00 1.067506e+01 1.955697e-01 2.277792e-03
39627817201172536 1.200500e+00 1.002480e+01 1.919894e-01 4.705275e+00 1.263579e+00 9.919515e+00 1.657494e-01 1.612467e+00
39627806509892248 1.152954e+00 1.032610e+01 2.461330e-01 3.610727e+00 1.136595e+00 1.016259e+01 2.311785e-01 3.888789e+00
39627788382112160 1.595084e+00 1.036410e+01 2.189005e-01 -1.653982e+00 1.816426e+00 1.091110e+01 2.476343e-01 -1.550940e+00
39627784577883376 1.248901e+00 1.150387e+01 5.982125e-01 3.834376e+00 1.321050e+00 1.126011e+01 5.984051e-01 2.163261e+00
39627775828561384 1.129031e+00 9.719512e+00 8.147606e-02 3.568100e+00 1.190535e+00 9.798605e+00 6.704770e-02 3.428614e+00
39627761098171160 1.613105e+00 1.090979e+01 1.957505e-01 -4.056448e+00 1.528475e+00 1.094755e+01 2.155005e-01 -8.907051e-01
39627847303696112 1.319888e+00 1.008836e+01 2.079466e-01 -1.174402e-01 1.269588e+00 1.029889e+01 2.418086e-01 1.533326e+00
39627881034287952 1.864036e+00 1.085933e+01 2.621150e-01 -6.229495e-01 1.702286e+00 1.090431e+01 2.654865e-01 -1.398883e+00
39627845126851440 1.460327e+00 1.074225e+01 4.264503e-01 -4.069364e+00 1.602663e+00 1.107013e+01 4.612966e-01 -1.588813e+00
39627787778133664 1.200527e+00 9.757998e+00 1.168161e-01 5.418591e-01 1.158396e+00 9.782307e+00 1.321755e-01 -3.434128e-01
39627811081688816 1.325952e+00 1.006508e+01 2.088457e-01 1.444278e+00 1.257122e+00 1.011686e+01 1.947633e-01 2.272967e+00
39627769956533696 1.347572e+00 1.110550e+01 3.971052e-01 2.556615e+00 1.391863e+00 1.121830e+01 4.705818e-01 -2.805428e-01
39627901754147200 1.901227e+00 1.106503e+01 4.147356e-01 -1.350515e+00 1.735540e+00 1.114712e+01 4.382961e-01 -1.203822e+00
39627800444931824 1.108414e+00 1.005158e+01 1.977286e-01 -4.926988e-01 1.115294e+00 9.883334e+00 1.970120e-01 1.379985e+00
39627760565491968 1.285047e+00 1.107285e+01 5.762851e-01 5.072103e+00 1.366917e+00 1.116191e+01 5.972582e-01 2.301299e+00
39627784363973824 1.782272e+00 1.100703e+01 3.980811e-01 1.860461e-01 1.782636e+00 1.117951e+01 4.113958e-01 -9.187815e-01
39627745549878776 1.558731e+00 1.076652e+01 2.658996e-01 -5.017791e-01 1.556510e+00 1.075986e+01 2.712347e-01 -1.590019e-02
39627746036417632 1.786690e+00 1.081816e+01 2.656839e-01 -1.748162e+00 1.762720e+00 1.081650e+01 2.754645e-01 -1.856917e+00
39627794325439480 1.223334e+00 1.019528e+01 2.788401e-01 3.243554e+00 1.232677e+00 1.044575e+01 2.533844e-01 2.585432e+00
39633282656110448 1.754464e+00 1.025484e+01 2.821494e-01 -2.351071e+00 1.552700e+00 1.046801e+01 2.724965e-01 -1.060403e+00
39627788453416064 1.750147e+00 1.084598e+01 3.345643e-01 -1.727369e+00 1.641915e+00 1.095630e+01 3.442673e-01 -4.597743e-01
39627776231214784 1.060648e+00 1.020335e+01 2.273172e-01 3.206325e+00 1.097462e+00 9.923512e+00 1.958972e-01 4.251461e+00
39627788348555600 1.176296e+00 9.072616e+00 1.174299e-01 3.959286e+00 1.163380e+00 9.085628e+00 1.161359e-01 3.457743e+00
39627781713167080 1.864193e+00 1.048312e+01 1.812503e-01 -2.047915e+00 1.737018e+00 1.050493e+01 1.767596e-01 -1.004364e+00
39627757524619352 1.125060e+00 1.011174e+01 1.265077e-01 1.319384e+00 1.219534e+00 9.756884e+00 8.553660e-02 -3.873271e-02
39627800407181536 1.749685e+00 1.103126e+01 3.504573e-01 -1.551442e-01 1.799025e+00 1.127499e+01 3.629311e-01 -2.838371e-01
39633145225544280 1.090361e+00 9.288111e+00 3.738527e-02 -3.559654e+00 1.263511e+00 9.110059e+00 2.782029e-02 2.610672e+00
39627770313050320 1.882117e+00 1.063011e+01 1.503614e-01 -1.870454e+00 1.789344e+00 1.066795e+01 1.430661e-01 -1.935436e+00
39627758157957064 1.538337e+00 1.072638e+01 1.715442e-01 1.206586e+00 1.492870e+00 1.065303e+01 1.649592e-01 7.874769e-01
39627818539158520 1.179233e+00 9.731823e+00 1.220626e-01 3.810748e+00 1.158244e+00 9.938842e+00 1.267508e-01 3.649182e+00
39627824583148352 1.486386e+00 1.070137e+01 2.950078e-01 1.623822e+00 1.442203e+00 1.076411e+01 3.004339e-01 6.361759e-01
39627788394695568 1.490676e+00 9.921941e+00 1.297813e-01 3.934764e-01 1.504846e+00 9.748390e+00 9.908967e-02 1.934768e-01
39633114225444224 1.578330e+00 1.063382e+01 1.178419e-01 -4.577888e+00 1.585221e+00 1.061426e+01 1.330156e-01 -5.539839e-01
39627811077494296 1.291670e+00 8.738839e+00 4.513510e-02 4.512633e+00 1.228190e+00 9.205219e+00 3.268352e-02 3.584406e+00
39627766152306912 1.389219e+00 1.124755e+01 5.933177e-01 5.152713e+00 1.511968e+00 1.121316e+01 5.891099e-01 2.728884e+00
39633158383079752 1.547330e+00 1.059063e+01 1.329664e-01 -6.903669e-01 1.515098e+00 1.062023e+01 1.529039e-01 2.744721e-01
39627812507750112 1.166235e+00 1.034416e+01 2.693127e-01 5.361465e+00 1.158204e+00 1.006476e+01 2.694496e-01 4.169398e+00
39627793885039608 1.188786e+00 1.085892e+01 3.529630e-01 5.629213e+00 1.160335e+00 1.080263e+01 3.577668e-01 4.420482e+00
39627738763495448 1.787814e+00 1.119737e+01 4.713831e-01 -8.743516e-02 1.678726e+00 1.117788e+01 4.860198e-01 -1.740220e+00
39627859517507232 1.244145e+00 1.037146e+01 1.780659e-01 2.698181e+00 1.279668e+00 1.042891e+01 1.785437e-01 2.572985e+00
39627793889232568 1.550188e+00 1.113427e+01 3.652729e-01 -1.389300e+00 1.685626e+00 1.105532e+01 3.689789e-01 -8.988146e-01
39627790567344792 1.831234e+00 1.113790e+01 2.791179e-01 7.742043e-01 1.872243e+00 1.112425e+01 2.987091e-01 -1.289748e+00
39627794518377872 1.297460e+00 1.054734e+01 1.162070e-01 2.405946e+00 1.321555e+00 1.037187e+01 1.041438e-01 2.596201e+00
39627769625186152 1.695557e+00 1.063949e+01 1.658387e-01 -7.489092e-01 1.765113e+00 1.063870e+01 1.517419e-01 -1.842835e+00
39627811241067568 1.234709e+00 9.612877e+00 1.403301e-01 3.563774e+00 1.165264e+00 9.465523e+00 1.565954e-01 1.478000e+00
39627774939368008 1.791055e+00 1.126812e+01 4.501196e-01 -4.687329e-01 1.827292e+00 1.137838e+01 4.661906e-01 -1.118314e+00
39627786997989432 1.212508e+00 1.048440e+01 2.561892e-01 2.927121e+00 1.212709e+00 1.052865e+01 2.495075e-01 3.355228e+00
39627764147421984 1.560912e+00 1.052233e+01 1.986568e-01 -3.823193e+00 1.561759e+00 1.030644e+01 1.817761e-01 -2.482851e+00
39627808720295040 1.102837e+00 8.814979e+00 6.794745e-02 2.510174e+00 1.112956e+00 8.707596e+00 6.459196e-02 4.419242e+00
39627752084603272 1.425914e+00 1.040832e+01 2.083533e-01 2.479871e+00 1.368879e+00 1.044493e+01 2.220871e-01 2.380587e+00
39627832619440912 1.659960e+00 1.120908e+01 5.638050e-01 8.532118e-01 1.546225e+00 1.149425e+01 6.304315e-01 3.366632e-01
39627859538480504 1.798479e+00 1.056861e+01 8.762521e-02 2.573135e-01 1.734516e+00 1.045498e+01 5.006419e-02 -6.822904e-01
39633123146729024 1.819928e+00 1.092487e+01 3.633799e-01 -7.662495e-01 1.767994e+00 1.105763e+01 3.739253e-01 -5.011632e-01
39627794350610192 1.653718e+00 1.011887e+01 1.305509e-01 -2.233996e+00 1.626845e+00 1.007798e+01 1.171762e-01 -8.212868e-01
39627799132114888 1.159980e+00 1.065766e+01 2.130534e-01 8.528110e-01 1.549082e+00 1.053692e+01 2.242728e-01 -1.569983e+00
39627929080038608 1.749183e+00 1.080615e+01 2.803898e-01 -3.892941e-01 1.771494e+00 1.108199e+01 2.922473e-01 -2.502607e+00
39627770254330016 1.808156e+00 1.077371e+01 2.891543e-01 1.000036e+00 1.743092e+00 1.082485e+01 2.892325e-01 -1.380594e+00
39627781868359232 1.022473e+00 1.014110e+01 2.045953e-01 2.490165e+00 9.812363e-01 1.008960e+01 1.803545e-01 2.227425e-01
39627775010672648 1.063500e+00 8.316151e+00 5.350520e-02 1.243591e+00 1.196672e+00 9.139622e+00 8.806327e-02 2.197226e+00
39627788428248160 1.815801e+00 1.016726e+01 1.210127e-01 -6.342536e-01 1.686826e+00 1.027215e+01 1.159132e-01 -1.471598e+00
39627790571539240 1.760166e+00 1.105540e+01 2.026475e-01 -9.378182e-01 1.600263e+00 1.113609e+01 2.167085e-01 -2.179152e+00
39627791074854248 1.121635e+00 9.408678e+00 1.573933e-01 2.077518e+00 1.209618e+00 9.739070e+00 1.843412e-01 1.299220e+00
39627790697371792 1.104654e+00 9.346099e+00 3.667357e-02 4.579591e+00 1.176789e+00 9.278326e+00 1.417474e-02 4.263964e+00
39627739904348864 1.268273e+00 9.346110e+00 7.581951e-02 2.074753e+00 1.292004e+00 9.297248e+00 5.772212e-02 1.298400e+00
39627796779109448 1.156115e+00 9.995479e+00 1.849789e-01 2.823582e+00 1.182775e+00 9.911045e+00 2.107151e-01 2.829668e+00
39627811060712576 1.486449e+00 1.056047e+01 2.010676e-01 1.253709e+00 1.409587e+00 1.053793e+01 2.137284e-01 7.720428e-01
39627806073686472 1.585820e+00 1.100882e+01 3.523225e-01 -6.347383e-01 1.593740e+00 1.084889e+01 3.686848e-01 -7.052594e-01
39627780899472984 1.836148e+00 1.118106e+01 3.106843e-01 -1.567826e+00 1.766874e+00 1.121484e+01 3.329355e-01 -2.625608e-01
39627836784382248 1.473242e+00 1.006093e+01 1.474540e-01 3.867134e+00 1.370471e+00 9.801168e+00 1.716234e-01 4.238585e+00
39627767112794704 1.743284e+00 1.094799e+01 3.769103e-01 -6.105502e-01 1.688627e+00 1.106030e+01 3.896757e-01 -5.090141e-01
39627788453413472 1.517849e+00 1.078258e+01 2.645397e-01 -4.163114e-01 1.572289e+00 1.074464e+01 2.667983e-01 2.272274e-01
39627757990184048 1.657136e+00 1.108869e+01 4.884749e-01 -2.459950e+00 1.648417e+00 1.131742e+01 5.381982e-01 -2.224676e+00
39627758208289128 1.485234e+00 1.054109e+01 2.841606e-01 1.285756e+00 1.475059e+00 1.081360e+01 2.781726e-01 5.427829e-01
39627892950306752 1.727281e+00 1.103525e+01 3.469927e-01 3.089924e-01 1.752121e+00 1.114105e+01 3.514651e-01 -5.770996e-01
39627802533695064 1.356501e+00 9.349443e+00 6.907360e-02 2.503219e+00 1.382929e+00 9.963576e+00 8.997643e-02 1.407940e+00
39627763618942688 2.022416e+00 1.061371e+01 1.829950e-01 -1.569107e+00 1.804008e+00 1.074415e+01 1.876686e-01 -1.339762e+00
39633132160288512 1.317965e+00 9.338302e+00 3.529034e-02 1.555771e+00 1.267976e+00 9.432559e+00 1.778021e-02 3.403897e+00
39627780916250576 1.631693e+00 1.087549e+01 2.125638e-01 -2.007656e+00 1.648941e+00 1.085682e+01 2.107657e-01 -2.426052e-01
39627812583245368 1.394047e+00 1.048764e+01 2.623427e-01 4.202730e-01 1.523998e+00 1.055123e+01 2.518272e-01 -1.139773e+00
39627646476224400 1.579315e+00 1.112856e+01 5.122762e-01 -3.434624e-01 1.458327e+00 1.132135e+01 5.693938e-01 -3.361076e-02
39627800512039664 1.423701e+00 1.062253e+01 2.438693e-01 3.304001e+00 1.436581e+00 1.077632e+01 2.605048e-01 1.855354e+00
39627812537108720 1.245049e+00 9.849572e+00 1.243095e-01 -3.535515e+00 1.441718e+00 9.671444e+00 1.134444e-01 -1.372393e+00
39627776235405920 1.699926e+00 1.046845e+01 1.373294e-01 -1.076241e+00 1.713190e+00 1.058055e+01 1.282014e-01 -1.080315e+00
39627758166348696 1.571224e+00 1.035348e+01 2.619360e-01 9.675903e-01 1.563788e+00 1.043499e+01 2.498543e-01 1.852627e-01
39627740009204808 1.474011e+00 9.582680e+00 1.202616e-01 3.377838e+00 1.497673e+00 9.096309e+00 6.121372e-02 7.326201e-01
39627818673376112 1.862870e+00 1.068997e+01 1.472770e-01 -1.326620e+00 1.856401e+00 1.073979e+01 1.314172e-01 -1.944087e+00
39627830153184576 1.104952e+00 9.523561e+00 7.512026e-02 4.972129e+00 1.126199e+00 9.475968e+00 6.333885e-02 4.506184e+00
39627829238830664 1.791469e+00 1.091770e+01 3.495950e-01 -3.195679e-01 1.779862e+00 1.120518e+01 3.733023e-01 -3.194599e-01
39627815292768096 1.121623e+00 1.098664e+01 3.733343e-01 4.975249e+00 1.097708e+00 1.080629e+01 3.571768e-01 4.471537e+00
39627868870807616 1.580921e+00 1.118805e+01 5.910808e-01 7.482146e-02 1.594017e+00 1.161760e+01 6.501383e-01 -6.223406e-01
39627811073298680 1.732246e+00 1.087829e+01 2.852838e-01 -1.175358e+00 1.821002e+00 1.093221e+01 2.922457e-01 -1.326898e+00
39627830174154944 1.862526e+00 1.016049e+01 8.242035e-02 -1.971907e+00 1.734658e+00 1.018112e+01 7.513370e-02 -8.895049e-01
39627817318613320 1.333233e+00 1.104629e+01 5.365058e-01 2.580792e+00 1.394942e+00 1.119609e+01 5.464265e-01 7.431164e-01
39627761135915624 1.173071e+00 9.692544e+00 1.765111e-01 2.757603e+00 1.167350e+00 9.687997e+00 1.668375e-01 4.056752e+00
39627802495950624 1.553176e+00 1.111866e+01 3.498325e-01 -4.204194e-01 1.601523e+00 1.120149e+01 4.068897e-01 -3.097471e-01
39627746132886224 1.737839e+00 1.100273e+01 3.010370e-01 -2.558703e+00 1.687660e+00 1.099848e+01 3.143061e-01 -6.945690e-01
39627782409424128 1.347056e+00 1.041409e+01 1.754844e-01 1.476743e+00 1.398870e+00 1.042255e+01 1.610257e-01 1.330880e+00
39633140624395432 1.674992e+00 1.083449e+01 4.125730e-01 -2.267554e+00 1.547740e+00 1.096362e+01 4.124125e-01 -1.875085e+00
39627764302615592 1.098163e+00 7.667806e+00 2.670445e-02 4.833501e+00 1.116359e+00 7.415149e+00 3.761306e-03 4.795851e+00
39627841255508992 1.206792e+00 9.234806e+00 1.095541e-01 5.643043e+00 1.153716e+00 8.687222e+00 7.336076e-02 2.516221e+00
39627802768573504 1.089269e+00 9.754015e+00 1.340570e-01 3.230764e+00 1.139156e+00 9.561949e+00 1.135581e-01 3.895250e+00
39627781906108944 1.719497e+00 1.023035e+01 8.959617e-02 3.989901e-02 1.760379e+00 1.014697e+01 6.815192e-02 -6.428597e-01
39627718882496136 1.399383e+00 1.156861e+01 5.996896e-01 3.702102e+00 1.564676e+00 1.149183e+01 5.937432e-01 4.814415e-01
39627820640509480 1.290088e+00 9.145672e+00 7.501715e-02 4.545196e+00 1.274711e+00 9.341907e+00 6.709287e-02 2.169868e+00
39627788277253552 1.718357e+00 1.054801e+01 2.630872e-01 3.401740e-01 1.654509e+00 1.054608e+01 2.452586e-01 -5.493228e-01
39627787950098512 1.250391e+00 9.619548e+00 7.100152e-02 3.617771e+00 1.255820e+00 9.722107e+00 6.355064e-02 2.619656e+00
39627743096212272 1.826546e+00 1.095067e+01 5.058079e-01 -1.113508e+00 1.594326e+00 1.106185e+01 5.540166e-01 3.617226e-01
39627694698141528 1.840132e+00 1.119090e+01 2.975385e-01 -1.253956e+00 1.850560e+00 1.121703e+01 3.213466e-01 -6.966084e-01
39627787270621888 1.635463e+00 1.099211e+01 4.662251e-01 -9.075329e-01 1.438584e+00 1.121571e+01 4.980567e-01 -1.536137e+00
39627865544723584 1.314827e+00 1.116925e+01 4.749146e-01 3.348816e+00 1.324859e+00 1.109862e+01 4.813281e-01 8.569747e-01
39627800486876224 1.166136e+00 9.915640e+00 2.053407e-01 3.115721e+00 1.167726e+00 9.903555e+00 2.059564e-01 4.110883e+00
39627895735323736 1.373740e+00 1.097157e+01 3.626260e-01 7.531927e-01 1.650929e+00 1.092759e+01 3.753849e-01 -5.376056e-01
39627794480632592 1.677038e+00 1.106173e+01 4.093721e-01 8.838836e-01 1.515580e+00 1.113364e+01 4.219113e-01 2.094692e-02
39627788268866872 1.478746e+00 1.080378e+01 5.639380e-01 1.546362e+00 1.400410e+00 1.134950e+01 6.112053e-01 4.633253e-01
39627799098560552 1.204597e+00 9.607688e+00 1.005458e-01 2.116838e+00 1.194143e+00 9.270803e+00 7.108939e-02 3.312354e+00
39627764143227312 1.569196e+00 1.049345e+01 1.836112e-01 -1.989779e+00 1.631270e+00 1.038564e+01 1.755752e-01 -2.478656e+00
39627812545497536 1.720129e+00 1.088437e+01 2.781049e-01 -2.351429e-01 1.703672e+00 1.093414e+01 2.833064e-01 -6.165509e-01
39627793788572304 1.868142e+00 1.092987e+01 2.504607e-01 -1.743604e+00 1.763108e+00 1.088728e+01 2.786710e-01 -4.837707e-01
39633149394683440 2.117059e+00 1.072780e+01 1.581476e-01 -3.024695e+00 1.864429e+00 1.076187e+01 1.538763e-01 -1.930340e+00
39627712809146008 1.992498e+00 1.049212e+01 1.406202e-01 -2.034982e+00 1.789945e+00 1.054286e+01 1.331872e-01 -1.670667e+00
39627788344361616 1.428698e+00 9.108783e+00 5.438597e-02 1.187519e+00 1.395623e+00 9.494095e+00 5.596967e-02 1.059551e+00
39627814890116936 1.127739e+00 9.755719e+00 1.719534e-01 4.967098e+00 1.132158e+00 9.807223e+00 1.756203e-01 3.969330e+00
39627805016723888 1.231407e+00 8.990813e+00 7.343910e-02 2.293696e+00 1.194036e+00 8.942312e+00 7.617584e-02 2.235933e+00
39627793109094520 1.172190e+00 1.068500e+01 2.561384e-01 3.862041e+00 1.199862e+00 1.038049e+01 2.269441e-01 3.658864e+00
39627814558766160 1.317479e+00 1.096229e+01 3.055919e-01 -1.568383e+00 1.437660e+00 1.114645e+01 3.051731e-01 -1.964545e-01
39627769541301032 1.158321e+00 8.983877e+00 6.049466e-02 2.279224e+00 1.211388e+00 8.496457e+00 1.869662e-02 3.598839e+00
39627782359094032 1.360909e+00 1.037297e+01 1.808602e-01 1.422764e+00 1.330495e+00 1.034927e+01 1.904752e-01 1.264488e+00
39627814659431624 1.522070e+00 1.045770e+01 1.597886e-01 6.881715e-01 1.424362e+00 1.038846e+01 1.408858e-01 3.256250e-01
39627806472145000 1.214893e+00 9.957460e+00 1.581785e-01 4.257017e+00 1.260545e+00 9.814596e+00 1.569496e-01 1.561764e+00
39627798997896960 1.841156e+00 1.047790e+01 2.858247e-01 -2.673061e+00 1.672787e+00 1.086805e+01 2.971054e-01 -9.105995e-01
39627824016919088 1.226721e+00 9.084526e+00 4.873172e-02 4.680860e+00 1.274212e+00 9.038798e+00 2.951775e-02 3.126693e+00
39627892937720080 1.756609e+00 1.118100e+01 3.677498e-01 -6.914876e-02 1.723593e+00 1.115762e+01 3.783698e-01 -5.711583e-01
39627664553676816 1.898704e+00 1.095833e+01 2.879608e-01 -1.119685e+00 1.805632e+00 1.100556e+01 3.125316e-01 -9.914490e-01
39627782375866536 1.376490e+00 1.036843e+01 2.582916e-01 1.905600e+00 1.315906e+00 1.052822e+01 2.437037e-01 2.641659e+00
39627769629381856 1.725808e+00 1.070080e+01 1.983549e-01 -2.015276e+00 1.712652e+00 1.072053e+01 1.952230e-01 -8.021812e-01
39627935174364816 1.687769e+00 1.123225e+01 2.857945e-01 -2.632535e+00 1.805760e+00 1.135963e+01 3.953610e-01 -2.066626e+00
39627752059439528 1.262377e+00 1.041916e+01 1.850009e-01 -9.685901e-01 1.261336e+00 1.060653e+01 2.640813e-01 2.094396e+00
39627781629281840 1.207813e+00 9.965152e+00 1.559539e-01 -4.974937e-01 1.233697e+00 9.844117e+00 1.632739e-01 3.128501e+00
39627788415668392 1.217356e+00 1.001672e+01 1.963216e-01 4.851606e+00 1.236559e+00 9.757540e+00 1.603726e-01 2.324269e+00
39627811123628896 1.215580e+00 1.011290e+01 1.563426e-01 3.611929e+00 1.221953e+00 9.683777e+00 1.337969e-01 3.217371e+00
39633118608491120 1.382068e+00 1.069902e+01 2.702378e-01 -9.816262e-01 1.397164e+00 1.088327e+01 3.315940e-01 7.021963e-01
39627758195707072 1.179641e+00 8.390203e+00 5.656189e-02 -1.101057e+00 1.150939e+00 8.586358e+00 7.009120e-02 2.502217e+00
39627766139720048 1.386746e+00 9.671818e+00 9.371278e-02 -5.255651e-01 1.338830e+00 9.701135e+00 7.982421e-02 6.300825e-01
39627836151039384 1.640781e+00 1.051125e+01 1.841883e-01 -8.112522e-01 1.727161e+00 1.058667e+01 1.797795e-01 -6.761858e-01
39627775765648568 1.614241e+00 1.043106e+01 1.604937e-01 3.679332e-01 1.575519e+00 1.027726e+01 1.416195e-01 -1.801000e+00
39627764193563608 1.360580e+00 1.015755e+01 1.754521e-01 1.327007e+00 1.325136e+00 1.010047e+01 1.501529e-01 -5.091876e-02
39627853666453512 1.702286e+00 1.099446e+01 3.448481e-01 -1.762354e+00 1.672827e+00 1.096870e+01 3.666298e-01 -5.774628e-01
39627770166247872 1.017286e+00 9.293560e+00 1.386893e-01 3.142733e+00 1.037895e+00 9.057617e+00 1.332113e-01 4.256875e+00
39627766609478232 1.752313e+00 1.065118e+01 4.320518e-01 1.996812e-01 1.661359e+00 1.113980e+01 4.782083e-01 -1.440879e+00
39627824620897720 1.109218e+00 9.481757e+00 1.587502e-01 1.569495e+00 1.118448e+00 9.240267e+00 1.328014e-01 2.145333e+00
39633136203598552 1.271216e+00 9.887942e+00 9.721407e-02 -1.848351e+00 1.339686e+00 9.906629e+00 1.037893e-01 1.193831e+00
39627847421137136 1.177338e+00 9.530656e+00 1.184568e-01 5.425790e+00 1.184128e+00 9.685616e+00 1.317214e-01 4.136449e+00
39627859500731624 1.217043e+00 9.506348e+00 1.436381e-01 3.776813e+00 1.205924e+00 9.707320e+00 1.468312e-01 3.367597e+00
39627800386212240 1.650897e+00 9.959421e+00 1.427880e-01 2.721004e-01 1.694515e+00 1.035941e+01 1.242607e-01 4.077554e-03
39627877607539032 1.861630e+00 1.035672e+01 8.843082e-02 -1.112869e+00 1.808757e+00 1.037451e+01 6.708349e-02 -1.565057e+00
39627841289062928 1.722798e+00 1.098951e+01 3.353477e-01 -1.053561e+00 1.828524e+00 1.118844e+01 3.414805e-01 -1.031595e+00
39627785060225768 1.430708e+00 1.038970e+01 1.045092e-01 4.250654e+00 1.419308e+00 1.067780e+01 1.250409e-01 1.637817e+00
39627770073974208 1.756638e+00 1.100779e+01 4.449567e-01 -7.839137e-01 1.703769e+00 1.124967e+01 4.729216e-01 -8.616112e-01
39627700788271992 1.686035e+00 1.125528e+01 4.317669e-01 -6.866223e-01 1.609208e+00 1.126099e+01 4.536203e-01 -6.284151e-01
39627805796860936 1.317894e+00 1.063276e+01 2.965601e-01 3.641002e+00 1.308538e+00 1.052318e+01 2.701804e-01 1.864849e+00
39627811899576176 1.196381e+00 9.344988e+00 6.392088e-02 3.268246e+00 1.184351e+00 9.344435e+00 6.231138e-02 4.121155e+00
39627793104898456 1.660790e+00 1.057226e+01 2.217880e-01 -2.724551e-01 1.676306e+00 1.059393e+01 2.325946e-01 -2.571787e-01
39627778206736552 1.213692e+00 9.568249e+00 1.764685e-01 2.054176e+00 1.165090e+00 9.549890e+00 1.831016e-01 2.281938e+00
39633122907655232 1.578502e+00 9.905964e+00 8.735000e-02 3.096595e-01 1.548398e+00 9.609885e+00 6.235203e-02 6.994214e-01
39627764151617808 1.740010e+00 1.076713e+01 2.901679e-01 -7.675110e-01 1.673236e+00 1.071591e+01 2.959100e-01 -4.070014e-01
39627847437912976 1.108781e+00 8.999290e+00 1.234283e-01 5.004831e+00 1.116155e+00 9.260884e+00 1.144477e-01 4.350656e+00
39627800587537968 1.761468e+00 1.135257e+01 4.503144e-01 -6.572873e-01 1.787405e+00 1.144286e+01 5.024561e-01 -1.074410e+00
39627806522476032 1.663176e+00 1.076446e+01 2.928683e-01 1.740594e-02 1.661313e+00 1.058235e+01 2.789093e-01 5.039111e-01
39627758271201992 1.651688e+00 1.034381e+01 2.318823e-01 -5.310117e-01 1.504250e+00 1.049980e+01 2.194803e-01 -1.241843e-01
39627764260669888 1.904740e+00 1.104905e+01 3.235490e-01 -1.380341e+00 1.791407e+00 1.125825e+01 3.420397e-01 -9.232467e-01
39627805956248864 1.682899e+00 1.081311e+01 2.680845e-01 -8.531412e-01 1.791688e+00 1.087368e+01 2.849670e-01 -8.420639e-01
39627799845148000 1.376183e+00 1.115093e+01 5.743124e-01 1.991505e+00 1.299885e+00 1.148512e+01 6.502391e-01 3.118404e+00
39627778319979704 1.599993e+00 1.111389e+01 4.140380e-01 -2.386574e+00 1.579491e+00 1.131084e+01 4.584439e-01 -1.933995e+00
39627764264866288 1.285686e+00 1.098563e+01 4.077162e-01 3.732772e+00 1.272820e+00 1.098398e+01 3.738065e-01 1.868325e+00
39627745516327416 1.124662e+00 9.214863e+00 7.123134e-02 3.831034e+00 1.185838e+00 8.967311e+00 4.989396e-02 4.259923e+00
39627769629380416 1.689707e+00 1.107522e+01 3.704107e-01 -4.928463e-01 1.744148e+00 1.103650e+01 3.751202e-01 -4.788574e-01
39627829540818904 1.576972e+00 1.113537e+01 3.159945e-01 -2.668331e+00 1.718031e+00 1.099657e+01 3.202257e-01 -1.248380e+00
39627812390309248 1.433956e+00 1.044065e+01 1.183910e-01 1.776208e+00 1.437661e+00 1.050414e+01 1.113208e-01 1.029658e+00
39627746032225904 1.187263e+00 1.052464e+01 2.893656e-01 1.051672e+00 1.256600e+00 1.041538e+01 2.701155e-01 7.951820e-01
39627835307985936 1.650115e+00 1.080831e+01 2.011926e-01 -1.990048e+00 1.657991e+00 1.086925e+01 2.069433e-01 -1.559853e+00
39627806539252776 1.731141e+00 1.102469e+01 2.589773e-01 -1.022525e+00 1.879963e+00 1.101714e+01 2.660094e-01 -1.749021e+00
39633114338691880 1.414365e+00 9.983248e+00 1.068907e-01 -3.576237e-01 1.401723e+00 1.002237e+01 1.021257e-01 9.597459e-01
39627824545402216 1.584346e+00 1.010421e+01 9.308054e-02 1.353439e+00 1.759438e+00 1.007095e+01 5.578269e-02 -9.427350e-01
39627781864163072 1.684345e+00 1.068747e+01 2.018371e-01 -1.120889e+00 1.589290e+00 1.080086e+01 1.957484e-01 9.725499e-02
39633153937117096 1.309509e+00 1.033765e+01 1.200102e-01 2.786181e+00 1.343140e+00 9.711489e+00 8.014351e-02 2.490077e+00
39627739879182408 1.677250e+00 1.040085e+01 8.800761e-02 -1.240488e-01 1.475502e+00 1.056446e+01 9.857722e-02 1.446646e+00
39627784607242416 1.172757e+00 1.060264e+01 5.460029e-01 3.694900e+00 1.126646e+00 1.064907e+01 4.019308e-01 1.372704e+00
39627700846992208 1.811214e+00 1.154018e+01 6.035181e-01 6.593046e-01 1.705931e+00 1.166622e+01 6.730275e-01 -7.956719e-02
39627824562180200 1.669809e+00 1.057145e+01 1.470864e-01 -4.857925e-01 1.738369e+00 1.058514e+01 1.444393e-01 -1.793703e+00
39627784368168168 1.417064e+00 1.122371e+01 5.003977e-01 -2.022357e+00 1.496466e+00 1.138922e+01 5.395991e-01 -2.534729e-01
39627793092318624 1.694968e+00 1.130995e+01 5.329955e-01 -6.914347e-01 1.654494e+00 1.145756e+01 5.664262e-01 -1.533434e+00
39627830102852584 1.585097e+00 1.060946e+01 1.941971e-01 -1.418509e+00 1.600021e+00 1.064207e+01 2.117621e-01 -6.379092e-01
39627766118751816 1.596591e+00 1.125324e+01 4.061689e-01 -2.795284e+00 1.671157e+00 1.126697e+01 4.373007e-01 -1.575339e+00
39633122886683752 1.535789e+00 1.114508e+01 5.339094e-01 1.723805e+00 1.661128e+00 1.133610e+01 5.500762e-01 -4.919004e-02
39627775111333840 1.146161e+00 9.819020e+00 6.510098e-02 3.434880e+00 1.303957e+00 9.965860e+00 6.292742e-02 2.352961e+00
39627806426007224 1.671296e+00 1.111663e+01 4.614387e-01 -2.608899e+00 1.621066e+00 1.102022e+01 4.650027e-01 -6.889839e-01
39627790642844584 1.386279e+00 1.119157e+01 4.830113e-01 -1.923115e+00 1.498525e+00 1.147466e+01 5.230668e-01 1.108449e-01
39627811190738512 1.467322e+00 1.020788e+01 1.547403e-01 -1.296212e+00 1.324882e+00 1.022841e+01 1.709968e-01 1.576212e+00
39627799081780248 1.657007e+00 1.077288e+01 1.702634e-01 -1.100726e+00 1.770735e+00 1.081080e+01 1.728264e-01 -2.226198e+00
39627757604309888 1.254164e+00 1.006001e+01 1.996696e-01 3.758586e+00 1.348433e+00 9.562390e+00 1.154161e-01 8.476096e-01
39627832623628816 1.825498e+00 1.107626e+01 3.576882e-01 -9.380596e-01 1.664134e+00 1.134895e+01 4.313347e-01 -1.121992e+00
39627770346603600 1.414609e+00 1.065811e+01 2.234868e-01 2.454881e+00 1.468616e+00 1.058855e+01 2.016427e-01 5.712392e-01
39627830664894520 1.430614e+00 1.001325e+01 1.108744e-01 2.756561e-01 1.408022e+00 1.004702e+01 1.129614e-01 -3.611875e-02
39627814474880408 1.372481e+00 9.991659e+00 7.780027e-02 1.050577e+00 1.415416e+00 9.953113e+00 6.298548e-02 1.142661e+00
39627835408650208 1.416512e+00 9.031856e+00 5.251597e-02 1.688038e+00 1.358296e+00 8.704136e+00 1.047957e-02 1.574354e+00
39627757533007344 1.175669e+00 7.930855e+00 1.828710e-02 3.790788e+00 1.279255e+00 8.690407e+00 9.068131e-03 2.793731e+00
39627782258427448 1.754792e+00 1.064143e+01 1.802373e-01 -1.386411e+00 1.769695e+00 1.055956e+01 1.694156e-01 -1.740668e+00
39627811975073304 1.774831e+00 1.049874e+01 1.837315e-01 -1.029148e+00 1.696421e+00 1.039927e+01 1.746587e-01 -1.634941e+00
39627818438496480 1.818121e+00 1.114627e+01 2.882767e-01 -1.649123e+00 1.871875e+00 1.127843e+01 3.029817e-01 -1.283166e+00
39627769771984376 1.692617e+00 1.122471e+01 2.483491e-01 -1.424091e+00 1.871196e+00 1.114622e+01 2.595521e-01 -1.081595e+00
39627794497408608 1.162716e+00 7.916394e+00 4.377460e-02 4.369425e+00 1.143688e+00 7.849184e+00 6.568193e-03 3.449294e+00
39627830023162560 1.283741e+00 9.852202e+00 1.416328e-01 2.201065e+00 1.302139e+00 9.652408e+00 1.406490e-01 2.039799e+00
39627793872455232 1.515018e+00 1.049182e+01 2.418052e-01 9.812788e-01 1.539583e+00 1.065256e+01 2.549016e-01 2.838516e-01
39627739526860128 1.140605e+00 7.811545e+00 2.520883e-02 6.257412e+00 1.101496e+00 7.105277e+00 0.000000e+00 4.962932e+00
39627775602069904 1.353980e+00 1.093827e+01 6.730724e-01 3.205044e+00 1.269498e+00 1.132169e+01 7.093207e-01 2.724299e+00
39627761161077864 1.233642e+00 1.034887e+01 1.816520e-01 2.999266e+00 1.289893e+00 1.006856e+01 1.511023e-01 1.970630e+00
39627745398883128 1.091609e+00 7.900970e+00 4.328306e-02 2.713932e+00 1.127725e+00 7.615562e+00 2.314672e-03 3.261436e+00
39627640549678024 1.622530e+00 1.143811e+01 5.093129e-01 -2.282073e-02 1.713808e+00 1.147251e+01 5.420017e-01 -8.081683e-01
39627800256188368 1.659237e+00 1.071771e+01 4.084253e-01 -2.848977e-01 1.593115e+00 1.126790e+01 4.287815e-01 -3.458555e-01
39627829960245560 1.693512e+00 1.103212e+01 3.632973e-01 -1.191918e+00 1.740722e+00 1.105167e+01 3.777600e-01 -1.388103e-01
39627706769347816 1.764526e+00 1.105357e+01 2.146152e-01 -1.522145e+00 1.784980e+00 1.094747e+01 2.048485e-01 -2.176441e+00
39627718848946368 1.637604e+00 1.106699e+01 3.533806e-01 -5.341534e-01 1.606866e+00 1.111509e+01 3.594435e-01 -3.011805e-02
39627787694246240 1.126800e+00 1.028005e+01 1.530892e-01 9.603363e-01 1.135778e+00 1.002356e+01 1.337662e-01 -2.660929e+00
39627830077690264 1.281061e+00 1.030568e+01 1.949507e-01 1.801257e+00 1.311200e+00 1.030863e+01 1.780789e-01 2.600968e-01
39627814730728088 1.422125e+00 9.969028e+00 1.225221e-01 -1.341744e-01 1.415386e+00 9.829671e+00 9.480822e-02 1.766437e-02
39627859475563120 1.479154e+00 1.048095e+01 1.169377e-01 1.015626e+00 1.491459e+00 1.035532e+01 7.051083e-02 1.080470e+00
39627776315099024 1.682646e+00 1.049403e+01 2.207274e-01 1.316355e+00 1.672300e+00 1.072286e+01 2.125825e-01 6.397216e-01
39627757604308872 1.408611e+00 1.028833e+01 1.044561e-01 1.835668e+00 1.420681e+00 1.050583e+01 1.347191e-01 1.071485e+00
39627752160101376 1.335410e+00 1.064481e+01 2.491416e-01 -1.529057e+00 1.369977e+00 1.061215e+01 2.748684e-01 7.135803e-01
39627823295497936 1.721017e+00 1.090988e+01 2.159539e-01 4.153580e-02 1.860495e+00 1.097462e+01 2.043499e-01 -1.286061e+00
39627770187222432 1.250531e+00 1.044625e+01 1.264353e-01 1.562168e+00 1.287043e+00 1.034994e+01 1.290133e-01 2.455368e+00
39627763660882904 1.812906e+00 1.054253e+01 1.198689e-01 -1.328563e+00 1.848740e+00 1.065118e+01 1.106210e-01 -1.763829e+00
39627805792666328 1.139522e+00 9.860221e+00 1.110065e-01 4.920340e+00 1.155280e+00 9.740067e+00 9.080492e-02 4.095833e+00
39627752080408984 1.723000e+00 1.082408e+01 2.113587e-01 -1.213632e+00 1.804608e+00 1.075986e+01 2.036977e-01 -1.368392e+00
39627746044810408 9.947401e-01 8.398014e+00 1.243707e-01 1.884214e+00 1.084076e+00 8.691741e+00 9.654546e-02 3.011074e+00
39627796510674920 1.613657e+00 1.113377e+01 4.304731e-01 -1.067438e+00 1.715953e+00 1.130043e+01 4.690689e-01 -2.224920e+00
39627841423283616 1.484057e+00 1.080691e+01 2.194770e-01 4.786812e-01 1.458034e+00 1.077111e+01 2.287369e-01 1.393523e+00
39627752084604224 1.712288e+00 1.051829e+01 9.499393e-02 -1.500103e+00 1.683247e+00 1.064682e+01 1.043745e-01 -1.504086e+00
39627745486963704 1.089094e+00 8.644584e+00 8.079524e-02 8.155163e-01 1.136077e+00 8.561800e+00 6.705163e-02 2.835436e+00
39627746166441056 1.330467e+00 1.035385e+01 2.923098e-01 2.853554e+00 1.316860e+00 1.043987e+01 2.822409e-01 1.844718e+00
39627830027357936 1.445422e+00 1.000318e+01 1.262108e-01 1.532480e-01 1.422817e+00 9.880599e+00 1.231071e-01 1.754332e-01
39627865548917296 1.711246e+00 1.099758e+01 4.469010e-01 -3.447291e+00 1.600061e+00 1.128909e+01 4.686657e-01 -2.728080e+00
39627775652397376 1.782754e+00 1.070527e+01 2.554947e-01 -2.104447e-01 1.813181e+00 1.091035e+01 2.679179e-01 -1.065982e+00
39627817125679408 1.344371e+00 1.056854e+01 2.884600e-01 1.893194e+00 1.314184e+00 1.053655e+01 2.963035e-01 1.754552e+00
39627811945710168 1.131601e+00 8.448325e+00 2.517590e-02 4.697652e+00 1.148419e+00 8.186734e+00 0.000000e+00 4.794797e+00
39633132160286928 1.731613e+00 1.105107e+01 2.247732e-01 -9.012390e-01 1.852592e+00 1.100854e+01 2.283276e-01 -1.238205e+00
39627841356172856 1.322005e+00 9.888933e+00 1.020372e-01 1.172677e+00 1.339436e+00 9.449387e+00 5.271731e-02 1.721962e+00
39627829452739856 1.932032e+00 1.090862e+01 4.856932e-01 -1.739819e+00 1.687857e+00 1.143248e+01 5.239190e-01 -2.446767e+00
39627727447265040 1.747419e+00 1.079511e+01 4.578280e-01 -1.000515e+00 1.566998e+00 1.105298e+01 4.762251e-01 -1.875135e+00
39627772997409936 1.133647e+00 8.536811e+00 7.782933e-02 -3.833866e+00 1.065559e+00 8.373995e+00 5.375385e-02 1.084727e+00
39627782271010336 1.694601e+00 1.008280e+01 1.406315e-01 -8.646035e-01 1.702049e+00 1.021204e+01 1.344471e-01 -1.974272e+00
39627935115642992 1.816166e+00 1.081537e+01 1.925772e-01 -1.677715e+00 1.762276e+00 1.088118e+01 1.942367e-01 -2.070247e+00
39627803133479200 1.202091e+00 9.902191e+00 1.543284e-01 4.143903e+00 1.207650e+00 9.748689e+00 1.409878e-01 3.054783e+00
39627787740382120 1.649029e+00 1.076743e+01 2.511650e-01 1.189046e+00 1.625593e+00 1.071028e+01 2.521203e-01 -7.307760e-01
39627799908062048 1.514475e+00 1.023765e+01 1.101202e-01 -2.262783e-01 1.809860e+00 1.038931e+01 1.130620e-01 -1.828011e+00
39627800449123696 1.782816e+00 1.057540e+01 1.352781e-01 -1.323124e+00 1.816453e+00 1.058056e+01 1.218921e-01 -1.621636e+00
39627785030864136 1.575673e+00 1.117638e+01 5.149169e-01 -7.569253e-01 1.658669e+00 1.129208e+01 5.448653e-01 -1.015294e+00
39627787824268896 1.930028e+00 1.104066e+01 3.067587e-01 -7.534062e-01 1.806869e+00 1.125012e+01 3.280217e-01 -7.748393e-01
39627770191419264 1.597040e+00 9.932248e+00 1.160784e-01 1.107789e+00 1.611413e+00 9.802728e+00 9.234452e-02 -1.122805e+00
39627775811784304 1.334445e+00 1.104393e+01 4.672940e-01 3.022785e+00 1.294240e+00 1.114966e+01 5.313752e-01 1.363181e+00
39627739447169480 1.216839e+00 9.562552e+00 1.785898e-01 3.606530e+00 1.229879e+00 9.679549e+00 1.493849e-01 1.943932e+00
39633136379757032 1.235565e+00 1.010035e+01 1.357749e-01 1.865860e+00 1.267975e+00 1.002865e+01 1.448217e-01 2.240503e+00
39627800268772016 1.631252e+00 1.107914e+01 3.280767e-01 -7.327422e-01 1.710718e+00 1.099394e+01 3.375413e-01 -3.913840e-01
39627763614747024 1.127994e+00 1.010495e+01 1.935817e-01 2.265024e+00 1.205740e+00 9.998268e+00 2.119542e-01 1.324786e+00
39627794224777088 1.738999e+00 1.052460e+01 8.851075e-02 2.673019e-01 1.612198e+00 1.062546e+01 1.111738e-01 7.413578e-02
39627802768575504 1.204116e+00 8.813767e+00 8.439241e-02 2.482864e+00 1.199439e+00 8.739012e+00 4.900159e-02 2.294686e+00
39627797089487376 1.445704e+00 1.119143e+01 4.308196e-01 -1.978630e+00 1.576472e+00 1.098768e+01 4.768524e-01 -4.332405e-01
39627818518184088 9.924746e-01 8.075817e+00 6.893179e-02 -2.371318e+00 1.003821e+00 8.120443e+00 4.224432e-02 9.570678e-01
39633149663118320 1.911678e+00 1.089559e+01 3.239928e-01 -1.041515e+00 1.666142e+00 1.098302e+01 3.432907e-01 -5.374545e-01
39627766605285248 1.770010e+00 1.073766e+01 1.950768e-01 -8.305744e-01 1.731129e+00 1.087381e+01 2.029444e-01 -1.480353e+00
39627836692105584 1.223398e+00 1.001717e+01 1.295357e-01 4.016950e+00 1.184049e+00 1.004738e+01 1.099751e-01 3.747959e+00
39627794375773560 1.203521e+00 9.635421e+00 1.561861e-01 4.537395e+00 1.183503e+00 9.760387e+00 1.739475e-01 3.740725e+00
39627808925816264 1.071157e+00 8.527565e+00 5.196985e-02 4.067107e+00 1.104839e+00 7.970932e+00 2.618967e-02 5.083416e+00
39627788403085752 1.507863e+00 1.141336e+01 4.614750e-01 -8.672134e-01 1.678948e+00 1.123421e+01 4.907086e-01 -9.825268e-01
39633136434285640 1.624861e+00 1.122773e+01 3.568381e-01 -1.248603e+00 1.704575e+00 1.109762e+01 3.385576e-01 -5.608028e-01
39627800474288616 1.229864e+00 9.385405e+00 1.334635e-01 1.570845e+00 1.194801e+00 9.604514e+00 1.458686e-01 3.033790e+00
39627768874405592 1.382229e+00 1.046092e+01 2.254702e-01 8.620507e-01 1.309974e+00 1.061804e+01 2.580953e-01 2.102364e+00
39633290038085456 1.445613e+00 1.026932e+01 8.038787e-02 1.005965e+00 1.399215e+00 1.005435e+01 4.389115e-02 1.840490e+00
39627767133769008 1.662267e+00 1.107002e+01 3.346362e-01 -1.203853e+00 1.680179e+00 1.103552e+01 3.817345e-01 -8.729293e-01
39627805956248624 1.750062e+00 1.106764e+01 2.590443e-01 -8.820630e-01 1.812036e+00 1.097349e+01 2.886706e-01 -6.862857e-01
39627817926788448 1.536808e+00 1.089793e+01 3.020067e-01 -1.127278e+00 1.433887e+00 1.102749e+01 3.337325e-01 8.628578e-01
39627739979843992 1.391520e+00 1.100806e+01 3.248847e-01 -1.849870e+00 1.641581e+00 1.099569e+01 3.269757e-01 -1.132897e+00
39627778483557528 1.783780e+00 1.099871e+01 3.169893e-01 -8.791462e-01 1.702907e+00 1.113641e+01 3.226143e-01 -1.148260e+00
39627757621084328 1.837921e+00 1.107089e+01 2.507122e-01 -1.485486e+00 1.846594e+00 1.097946e+01 2.515092e-01 -1.044965e+00
39627757470091680 1.831083e+00 1.067893e+01 1.855035e-01 -1.436533e+00 1.781265e+00 1.073932e+01 1.873183e-01 -8.296323e-01
39627847387579544 1.135409e+00 9.353340e+00 9.470488e-02 3.434419e+00 1.172820e+00 9.072119e+00 6.410922e-02 4.010621e+00
39633153765150112 1.497356e+00 1.062541e+01 1.173979e-01 2.243126e-01 1.741514e+00 1.037662e+01 1.089003e-01 -3.133323e-01
39627818610462872 1.085956e+00 1.057588e+01 2.646402e-01 7.604151e-01 1.174507e+00 1.019988e+01 2.487665e-01 3.302227e+00
39627775597875656 1.272265e+00 9.627387e+00 1.144186e-01 2.575777e+00 1.209197e+00 9.959064e+00 1.597980e-01 3.415719e+00
39627766554957184 1.244659e+00 8.513792e+00 3.680088e-02 1.905319e+00 1.217453e+00 8.029661e+00 0.000000e+00 3.303022e+00
39627776222824008 1.067906e+00 7.366918e+00 2.508072e-02 3.231843e+00 1.043272e+00 6.995641e+00 0.000000e+00 1.455294e+00
39627787069297736 1.479974e+00 1.060808e+01 3.344499e-01 -7.142583e-01 1.390788e+00 1.084474e+01 3.559570e-01 1.978650e+00
39627835295402320 1.307186e+00 1.043725e+01 2.581420e-01 5.296702e-01 1.274981e+00 1.032078e+01 2.430083e-01 2.379083e+00
39627797185955816 1.555580e+00 1.130696e+01 4.912494e-01 2.430210e+00 1.455611e+00 1.131878e+01 5.322207e-01 4.538057e-01
39627817184400208 1.218093e+00 8.810019e+00 5.231636e-02 3.682295e+00 1.247397e+00 8.904196e+00 2.040152e-02 3.219125e+00
39627812591633896 1.191125e+00 1.006982e+01 1.921665e-01 2.969934e+00 1.205078e+00 9.689906e+00 1.508930e-01 1.917331e+00
39627785060221280 1.375819e+00 1.042191e+01 1.322992e-01 2.528219e+00 1.398333e+00 1.024898e+01 9.303258e-02 1.532186e+00
39627775602068976 1.666172e+00 1.127836e+01 4.101464e-01 -3.772252e-01 1.706081e+00 1.127895e+01 4.480355e-01 -1.433104e+00
39627809265549584 1.026235e+00 1.021794e+01 2.784120e-01 3.564262e+00 1.050629e+00 9.888382e+00 2.425202e-01 3.802234e+00
39627775664982560 1.216751e+00 1.059008e+01 1.644963e-01 3.001289e+00 1.236066e+00 1.038229e+01 1.607052e-01 3.591243e+00
39627830719415024 1.131273e+00 1.042799e+01 1.736322e-01 -2.360815e+00 1.270430e+00 1.034233e+01 1.602631e-01 -3.014960e+00
39627856824765320 1.672071e+00 1.087988e+01 5.103312e-01 -2.512408e-01 1.671162e+00 1.149127e+01 5.410110e-01 -1.074610e+00
39627775111333480 1.455468e+00 1.144237e+01 4.540219e-01 -8.691342e-01 1.620545e+00 1.162785e+01 6.050166e-01 -3.783089e-02
39627799161472304 1.263069e+00 1.047208e+01 1.405565e-01 3.119228e+00 1.263787e+00 1.030814e+01 1.220737e-01 2.926925e+00
39627793864069328 1.730491e+00 1.033609e+01 2.439528e-01 -1.263543e-01 1.622224e+00 1.068221e+01 2.592289e-01 7.506310e-01
39627739493303968 1.475416e+00 1.041576e+01 1.271200e-01 -1.619394e+00 1.465575e+00 1.032459e+01 1.187130e-01 2.296881e-01
39633136551724704 1.282789e+00 9.898356e+00 9.105352e-02 2.787255e+00 1.206469e+00 1.005523e+01 1.073838e-01 3.573538e+00
39627764248086256 1.583911e+00 1.079254e+01 2.941137e-01 -9.019085e-01 1.632537e+00 1.075260e+01 2.880664e-01 -1.201887e+00
39627760599045832 1.420052e+00 9.977756e+00 1.143718e-01 9.757922e-01 1.438229e+00 1.011171e+01 1.186980e-01 5.556550e-01
39627774817731816 1.817940e+00 1.026457e+01 1.082999e-01 -1.054312e+00 1.756779e+00 1.035168e+01 1.052348e-01 -1.185768e+00
39627841263897368 1.751872e+00 1.088666e+01 2.611035e-01 -5.295843e-01 1.775599e+00 1.085178e+01 2.846634e-01 -3.956032e-01
39627817251505936 1.446470e+00 1.115270e+01 4.274063e-01 -9.893090e-01 1.507603e+00 1.086768e+01 4.301691e-01 -6.515628e-02
39627812620996832 1.724914e+00 1.095970e+01 3.370140e-01 -5.330177e-02 1.658107e+00 1.092822e+01 3.648486e-01 -4.279302e-01
39627805851389104 1.531023e+00 1.096436e+01 2.672690e-01 -9.099884e-01 1.560426e+00 1.098967e+01 2.884724e-01 -3.512216e-01
39627782275203112 1.612543e+00 1.056191e+01 1.415198e-01 -2.270559e+00 1.676168e+00 1.048425e+01 1.276444e-01 -1.716373e+00
39627818140697168 1.189528e+00 1.122282e+01 5.736231e-01 -2.854664e+00 1.369544e+00 1.120388e+01 6.203932e-01 1.304159e-01
39627752051051920 1.497574e+00 1.046666e+01 1.852234e-01 4.288543e-01 1.354694e+00 1.059379e+01 1.852710e-01 -2.502595e-01
39627782296180904 1.518311e+00 1.050886e+01 1.489833e-01 1.534483e+00 1.509406e+00 1.039043e+01 1.103371e-01 3.933114e-02
39627796464537080 1.231467e+00 9.425423e+00 8.689430e-02 2.189898e+00 1.236357e+00 9.438921e+00 7.143997e-02 2.891406e+00
39627764197753992 1.350638e+00 1.054831e+01 1.699105e-01 2.074260e+00 1.387309e+00 1.052350e+01 1.420384e-01 1.840211e+00
39627836654358528 1.723736e+00 1.079628e+01 3.143853e-01 -4.986860e-01 1.685432e+00 1.096936e+01 3.094072e-01 -1.190984e+00
39627744992038856 1.643744e+00 1.117354e+01 4.612348e-01 -1.906608e+00 1.627312e+00 1.127838e+01 5.148121e-01 -1.731584e+00
39627780928837064 1.394348e+00 1.074944e+01 2.387976e-01 -1.239758e+00 1.465747e+00 1.073808e+01 2.227026e-01 6.157588e-01
39627790483458848 1.665473e+00 1.013201e+01 1.118898e-01 -8.227715e-01 1.717987e+00 1.032147e+01 1.122338e-01 -1.980408e+00
39627811387870736 1.966103e+00 1.064842e+01 1.257500e-01 -1.666902e+00 1.736758e+00 1.069630e+01 1.324955e-01 -1.840317e+00
39627797177568528 1.339331e+00 1.001014e+01 1.430574e-01 5.522402e-01 1.323927e+00 9.942874e+00 1.301750e-01 1.200715e+00
39633145288458560 1.585284e+00 9.640656e+00 6.334227e-02 1.445711e+00 1.592221e+00 9.869551e+00 5.034739e-02 2.977907e-01
39627830643917160 1.351716e+00 1.069442e+01 2.918373e-01 1.869500e+00 1.353614e+00 1.038104e+01 2.316985e-01 6.484553e-01
39627775677564536 1.616699e+00 1.015284e+01 1.685777e-01 9.482844e-01 1.571029e+00 1.034248e+01 1.602487e-01 1.120920e+00
39627829251411728 1.349450e+00 1.053014e+01 5.005111e-01 1.824325e+00 1.299423e+00 1.120858e+01 5.523410e-01 1.600113e+00
39627847328860592 1.661690e+00 9.880076e+00 7.647921e-02 -1.697053e+00 1.731061e+00 9.826180e+00 6.084332e-02 -7.840340e-01
39627820527256352 1.105096e+00 1.014883e+01 1.747267e-01 2.586215e+00 1.173671e+00 1.029157e+01 2.199095e-01 2.648813e+00
39627792979073176 1.525174e+00 1.095790e+01 2.769242e-01 5.456392e-01 1.609171e+00 1.081989e+01 2.630692e-01 2.928081e-01
39627739967260448 9.961684e-01 9.159816e+00 8.354121e-02 2.064008e+00 1.098876e+00 8.363252e+00 5.793437e-02 4.643263e+00
39633118679796920 1.681853e+00 1.062206e+01 3.930259e-01 -5.032565e-01 1.565616e+00 1.092080e+01 4.195987e-01 -8.656919e-01
39627802781157216 1.611553e+00 1.099824e+01 4.209632e-01 3.706390e-01 1.645920e+00 1.103209e+01 3.804784e-01 -7.064654e-01
39627811417229864 1.624709e+00 1.064977e+01 1.735654e-01 -5.784444e-01 1.767453e+00 1.067386e+01 1.694613e-01 -1.066582e+00
39627776252186216 1.150486e+00 9.139274e+00 8.377623e-02 3.294670e+00 1.164425e+00 9.250797e+00 6.009616e-02 3.512774e+00
39627774851286072 1.802424e+00 1.118180e+01 3.104033e-01 -2.823396e-01 1.870561e+00 1.125168e+01 3.115751e-01 -1.048862e+00
39627823886896616 1.248011e+00 9.209579e+00 7.408968e-02 5.378003e+00 1.193114e+00 9.428005e+00 8.246525e-02 3.599521e+00
39627826902599480 1.735858e+00 1.053762e+01 1.341115e-01 -1.006641e+00 1.736330e+00 1.065403e+01 1.352142e-01 -2.039790e+00
39627781633475264 1.687476e+00 1.067536e+01 1.635106e-01 -2.603840e+00 1.756308e+00 1.049612e+01 1.535872e-01 -1.512608e+00
39627808854513032 1.503681e+00 1.081010e+01 5.053695e-01 2.250780e+00 1.485381e+00 1.101245e+01 5.421089e-01 2.661020e+00
39627752046858248 1.700822e+00 1.117951e+01 4.703209e-01 -2.103189e-01 1.736903e+00 1.139789e+01 5.030990e-01 -4.227904e-01
39627781075635208 1.392366e+00 1.003211e+01 7.145575e-02 1.392735e+00 1.248312e+00 1.018003e+01 7.024151e-02 3.061995e+00
39627754156591856 1.641223e+00 1.110520e+01 4.321744e-01 -3.209795e+00 1.610035e+00 1.105173e+01 4.989873e-01 -2.654524e-01
39627780899474232 1.398593e+00 1.034602e+01 2.224901e-01 2.713555e+00 1.295754e+00 1.050025e+01 2.619562e-01 2.531812e+00
39627733289929296 1.807417e+00 1.095232e+01 1.892572e-01 -1.309283e+00 1.830419e+00 1.085962e+01 1.876595e-01 -1.661972e+00
39633123180285592 1.335304e+00 9.771964e+00 8.509552e-02 2.437551e-01 1.389139e+00 1.000330e+01 8.396134e-02 8.499916e-01
39627808628016896 1.253584e+00 9.602770e+00 9.779333e-02 3.916987e+00 1.271711e+00 9.866143e+00 9.471378e-02 2.656093e+00
39627797173371152 1.698713e+00 1.086229e+01 3.766524e-01 -1.768870e+00 1.670789e+00 1.094636e+01 3.847818e-01 -1.234421e+00
39627817956147568 1.319740e+00 1.003711e+01 2.275047e-01 2.392284e+00 1.257272e+00 1.033976e+01 2.257984e-01 2.720007e+00
39627814873339792 1.283165e+00 9.568105e+00 1.978210e-01 -1.286474e+00 1.215702e+00 9.917152e+00 2.044348e-01 2.054925e+00
39627787308370616 1.615090e+00 1.017250e+01 1.431724e-01 3.139457e-01 1.566566e+00 1.033158e+01 1.344341e-01 -2.144707e-01
39627752101381760 1.384545e+00 1.026101e+01 1.386134e-01 1.425265e+00 1.396200e+00 1.023587e+01 1.180116e-01 9.552131e-01
39627781029498320 1.810661e+00 1.150042e+01 4.581464e-01 -5.564889e-01 1.784303e+00 1.144655e+01 4.858371e-01 -7.400516e-01
39627812541303624 1.315513e+00 1.082738e+01 3.337239e-01 9.675273e-01 1.336535e+00 1.083371e+01 3.291693e-01 1.303860e+00
39627806438589968 1.183588e+00 9.174002e+00 1.251187e-01 2.451072e-01 1.198910e+00 9.526131e+00 1.253055e-01 2.682605e+00
39627812495166440 1.703291e+00 1.103613e+01 3.296307e-01 4.223951e-01 1.700455e+00 1.111909e+01 3.365122e-01 -8.196781e-01
39627820510486160 1.066175e+00 1.030879e+01 3.719880e-01 5.745246e+00 1.016580e+00 9.845208e+00 3.454093e-01 3.447165e+00
39633149717645376 1.574027e+00 1.038014e+01 1.333785e-01 -2.050267e+00 1.575179e+00 1.035814e+01 1.298089e-01 -1.591731e+00
39627799870308880 1.233061e+00 9.669582e+00 1.303439e-01 4.110646e+00 1.211336e+00 9.730975e+00 1.409540e-01 3.431792e+00
39627758082458952 1.228454e+00 9.767049e+00 1.463423e-01 4.635199e+00 1.207269e+00 9.600422e+00 1.399547e-01 3.438597e+00
39627746103526368 1.661330e+00 1.112408e+01 2.839822e-01 -6.288511e-01 1.777111e+00 1.100031e+01 2.808520e-01 -1.128006e+00
39627787820073632 1.688756e+00 1.037562e+01 1.163423e-01 -1.079948e+00 1.699082e+00 1.013784e+01 9.981664e-02 -6.533105e-01
39627808393138640 9.880061e-01 1.062671e+01 2.821664e-01 -3.427315e+00 1.116647e+00 9.785348e+00 2.023247e-01 4.721793e+00
39627775006474392 1.879190e+00 1.062730e+01 3.141129e-01 -7.147952e-01 1.780774e+00 1.101243e+01 3.204592e-01 -1.024493e+00
39627758254428168 1.700801e+00 1.015801e+01 1.482926e-01 1.083851e+00 1.750785e+00 1.038856e+01 1.273894e-01 -1.079457e+00
39627787018966424 1.263994e+00 1.049975e+01 2.013588e-01 1.936139e+00 1.255819e+00 1.055841e+01 2.499837e-01 2.808658e+00
39627935237280128 1.795114e+00 1.086752e+01 2.303855e-01 -4.655257e-01 1.839201e+00 1.107955e+01 2.470452e-01 -1.065794e+00
39627796816864296 1.793400e+00 1.051588e+01 1.942426e-01 -3.661647e+00 1.582734e+00 1.050950e+01 1.966022e-01 -1.611677e+00
39627788264674768 1.228504e+00 9.064423e+00 8.216127e-02 4.153518e+00 1.140211e+00 9.762715e+00 1.187394e-01 1.933521e+00
39627776331875632 1.762396e+00 1.078451e+01 1.798583e-01 -1.855780e+00 1.846564e+00 1.078811e+01 1.771027e-01 -1.841392e+00
39633136220373408 1.674660e+00 1.052070e+01 4.238136e-01 5.107547e-03 1.673573e+00 1.102327e+01 3.995424e-01 -1.093809e+00
39627782266818392 1.721163e+00 9.952544e+00 1.230951e-01 -3.889898e-01 1.735576e+00 1.031998e+01 1.098005e-01 -1.446992e+00
39627756903860336 1.659986e+00 1.142596e+01 5.327860e-01 -1.252570e+00 1.541825e+00 1.155343e+01 5.620148e-01 -3.387021e-01
39627812507748216 1.309344e+00 9.968097e+00 2.321442e-01 2.495673e+00 1.286277e+00 1.004038e+01 2.175776e-01 7.457693e-01
39627824671231384 1.596137e+00 1.105796e+01 2.955045e-01 1.463115e+00 1.636349e+00 1.115545e+01 2.832265e-01 -7.520800e-01
39627766223602352 1.655728e+00 1.094381e+01 3.305609e-01 -1.949168e+00 1.749647e+00 1.102909e+01 3.388786e-01 -1.088767e+00
39627806052714664 1.752128e+00 1.031254e+01 8.327484e-02 -8.290558e-01 1.809768e+00 1.035039e+01 6.748435e-02 -1.228014e+00
39627760347389376 1.691636e+00 1.106592e+01 3.315482e-01 1.232150e-01 1.756617e+00 1.113590e+01 3.565536e-01 -8.072126e-01
39627739371669832 1.278088e+00 1.004204e+01 1.218439e-01 1.882206e+00 1.262142e+00 9.936965e+00 1.110009e-01 2.811552e+00
39633109787872080 1.578907e+00 1.054643e+01 1.323991e-01 -1.815344e+00 1.592316e+00 1.068416e+01 1.649932e-01 -1.276291e+00
39627792941320952 1.216123e+00 1.073132e+01 2.682250e-01 3.144572e+00 1.320870e+00 1.047633e+01 2.388391e-01 1.661607e+00
39627782308759280 1.440514e+00 9.812277e+00 1.398569e-01 -1.293676e-01 1.335115e+00 9.558526e+00 1.038536e-01 -2.925988e-01
39633127584304416 1.512326e+00 1.140170e+01 5.699117e-01 1.965029e+00 1.573487e+00 1.149759e+01 6.142300e-01 7.702172e-02
39627752076216768 1.586329e+00 9.803828e+00 1.245124e-01 1.717547e-01 1.557856e+00 9.964592e+00 1.203253e-01 -1.464837e+00
39627830627141664 1.080787e+00 9.225383e+00 1.101326e-01 3.362928e+00 1.118584e+00 8.806442e+00 8.340496e-02 1.851489e+00
39627823169672200 1.098992e+00 8.224709e+00 4.852415e-02 5.227232e+00 1.132097e+00 8.300869e+00 2.679032e-02 4.323666e+00
39627658622929200 1.645791e+00 1.066962e+01 3.787287e-01 -2.880321e+00 1.652420e+00 1.102132e+01 3.862294e-01 -8.281848e-01
39627751501595632 1.458254e+00 1.044053e+01 1.405789e-01 1.057598e+00 1.436228e+00 1.028433e+01 1.248834e-01 6.924766e-02
39627800373625768 1.183978e+00 9.757655e+00 1.637425e-01 2.193223e+00 1.229323e+00 9.783441e+00 1.568788e-01 2.426134e+00
39627835232487016 1.175465e+00 1.026829e+01 2.197578e-01 2.647474e+00 1.229237e+00 1.005849e+01 1.803270e-01 1.988630e+00
39627770216583592 1.393612e+00 1.025051e+01 1.698077e-01 -4.110860e-01 1.329238e+00 1.000204e+01 1.369674e-01 4.521765e-01
39627853452544656 1.627461e+00 1.066946e+01 1.975819e-01 -7.921165e-01 1.718722e+00 1.063635e+01 1.853417e-01 -2.155677e+00
39627923027658880 1.678174e+00 1.101477e+01 2.771184e-01 -1.029644e+00 1.805224e+00 1.099824e+01 2.957162e-01 -2.092368e+00
39627806539254016 1.188558e+00 1.020062e+01 2.286641e-01 4.641456e+00 1.262107e+00 1.005882e+01 2.022305e-01 9.749470e-01
39627817419280096 1.795914e+00 9.795352e+00 5.390819e-02 -3.185237e-01 1.633031e+00 9.761019e+00 3.028472e-02 1.140094e-01
39627757449120120 1.205873e+00 1.057173e+01 1.500846e-01 -2.243327e+00 1.330513e+00 1.037994e+01 1.429472e-01 -2.710847e+00
39627847374995912 1.602340e+00 1.008534e+01 2.075774e-01 1.429099e+00 1.652473e+00 1.043827e+01 1.986993e-01 -1.343850e-01
39627782271012552 1.656420e+00 1.015272e+01 1.406306e-01 -4.936093e-01 1.642647e+00 1.019610e+01 1.178244e-01 -1.035792e+00
39627842706737896 1.075669e+00 7.464587e+00 2.616325e-02 2.197730e+00 1.072445e+00 7.398475e+00 0.000000e+00 9.544815e-01
39627794321244696 1.069276e+00 1.019986e+01 2.473082e-01 2.159361e+00 1.158013e+00 9.645597e+00 2.444001e-01 3.188684e+00
39627802634356032 1.835184e+00 1.072894e+01 3.392303e-01 -1.529757e+00 1.610435e+00 1.118175e+01 3.736248e-01 -7.185323e-01
39627853490295040 1.257563e+00 1.032541e+01 1.532129e-01 2.361540e+00 1.289874e+00 1.040832e+01 2.139745e-01 1.607219e+00
39627745017204856 1.533831e+00 1.077806e+01 5.077872e-01 2.400911e+00 1.435438e+00 1.134913e+01 5.400453e-01 -3.646826e-01
39627793004236048 1.266903e+00 1.035460e+01 3.287015e-01 7.659894e+00 1.224016e+00 1.055532e+01 3.693072e-01 6.314199e+00
39627830681667640 1.712939e+00 1.086155e+01 2.859537e-01 2.548406e-01 1.710956e+00 1.077211e+01 2.922294e-01 -1.572720e+00
39627782325536944 1.203388e+00 1.048107e+01 3.328570e-01 4.988466e-01 1.208433e+00 1.025902e+01 3.494921e-01 1.694890e+00
39627800361046784 1.625658e+00 1.116300e+01 4.264716e-01 5.131128e-01 1.678243e+00 1.113607e+01 4.337870e-01 -9.324768e-01
39627775644011872 1.559415e+00 1.032993e+01 1.315280e-01 -8.511398e-02 1.678879e+00 1.025700e+01 1.256020e-01 -2.399972e-01
39627793683710504 1.119627e+00 1.043396e+01 1.832124e-01 1.083609e+00 1.186623e+00 1.049085e+01 2.285447e-01 6.281680e-01
39633145246515840 1.789328e+00 1.109088e+01 3.620946e-01 -9.920473e-01 1.755762e+00 1.121659e+01 3.915076e-01 -1.657522e-01
39627775660787288 1.733796e+00 1.049969e+01 1.457404e-01 -9.698321e-01 1.774478e+00 1.052852e+01 1.392457e-01 -9.234712e-01
39627835417040104 1.089592e+00 9.809027e+00 2.274760e-01 1.449564e+00 1.155578e+00 1.040299e+01 4.057114e-01 2.335219e+00
39627766949222208 1.165753e+00 9.110236e+00 8.418521e-02 2.389205e-02 1.179350e+00 8.977923e+00 5.378160e-02 3.520172e+00
39633118830789104 1.732629e+00 1.099810e+01 3.265263e-01 -2.043730e+00 1.759382e+00 1.094288e+01 3.245521e-01 -1.124848e+00
39627768886986104 1.836795e+00 1.068023e+01 2.500165e-01 -7.480182e-01 1.713914e+00 1.066888e+01 2.479280e-01 -2.198412e-01
39627806446981904 1.221366e+00 9.780330e+00 1.884083e-01 2.514681e+00 1.173917e+00 9.981824e+00 2.242511e-01 4.077322e+00
39627811907961896 1.242664e+00 1.088200e+01 2.585606e-01 3.062045e+00 1.260719e+00 1.070208e+01 2.232306e-01 3.086186e+00
39633123029290904 1.862320e+00 1.087001e+01 3.118351e-01 2.272985e-01 1.753810e+00 1.101657e+01 2.973360e-01 -8.446860e-01
39627809194253712 1.178585e+00 8.029603e+00 2.349193e-02 5.125237e+00 1.108023e+00 7.817939e+00 0.000000e+00 4.791391e+00
39627770195611776 1.346053e+00 1.041018e+01 1.465676e-01 -6.134531e-01 1.355453e+00 1.027509e+01 1.288815e-01 -2.828670e+00
39627787715220488 1.734574e+00 1.060212e+01 3.101787e-01 -1.586138e+00 1.690797e+00 1.084006e+01 3.163605e-01 -6.274134e-02
39627752063635792 1.615164e+00 1.048878e+01 1.831686e-01 1.538360e-02 1.580412e+00 1.063196e+01 1.767404e-01 -2.288066e-01
39627634488901872 1.456953e+00 1.125574e+01 5.130711e-01 1.157180e+00 1.512086e+00 1.123576e+01 5.428185e-01 3.094946e-01
39627786926690416 1.153693e+00 1.044594e+01 1.190772e-01 6.320526e+00 1.185530e+00 1.048403e+01 1.487904e-01 4.264842e+00
39627770245943792 1.806415e+00 1.103880e+01 3.127491e-01 8.287064e-01 1.813739e+00 1.119305e+01 3.242426e-01 -2.876684e-01
39627829243024368 1.451404e+00 1.064191e+01 2.629763e-01 1.514193e+00 1.514068e+00 1.068537e+01 2.440009e-01 -1.275349e+00
39627877624321320 1.599314e+00 1.073415e+01 4.343230e-01 -1.785194e+00 1.490742e+00 1.095846e+01 4.609379e-01 -6.254393e-01
39627775778226768 1.842333e+00 1.079600e+01 1.674550e-01 -1.584723e+00 1.831320e+00 1.074619e+01 1.663112e-01 -1.802698e+00
39633132009293976 1.573125e+00 1.094017e+01 2.452302e-01 -5.833806e-01 1.704073e+00 1.107325e+01 2.687030e-01 -1.764068e+00
39627774893229400 1.752579e+00 1.015233e+01 1.570350e-01 -6.217429e-02 1.728631e+00 1.042874e+01 1.496048e-01 -5.852624e-01
39627793792765384 1.543306e+00 1.089279e+01 2.866073e-01 -1.988374e+00 1.562557e+00 1.090530e+01 3.001007e-01 -1.481462e+00
39627847395970584 1.583997e+00 1.087455e+01 2.740952e-01 -4.040578e+00 1.671612e+00 1.087792e+01 2.922531e-01 -2.377320e+00
39627739958871896 1.456785e+00 9.739244e+00 5.481437e-02 -2.270063e-01 1.529675e+00 9.484935e+00 3.541684e-02 4.649691e-01
39627799778036960 1.737153e+00 1.024766e+01 1.327249e-01 -1.101901e+00 1.666192e+00 1.037793e+01 1.253408e-01 -1.499641e+00
39627682685653392 1.678040e+00 1.099351e+01 3.243723e-01 -1.318534e+00 1.704304e+00 1.103383e+01 3.481102e-01 -1.252357e-01
39627758103434232 1.174145e+00 8.818376e+00 9.115320e-02 3.071916e+00 1.161322e+00 8.627037e+00 6.692539e-02 3.149876e+00
39627758250230992 1.616587e+00 1.087371e+01 3.492582e-01 -8.440663e-02 1.685893e+00 1.099518e+01 3.585036e-01 -9.053516e-01
39627800457514096 1.142754e+00 9.453545e+00 1.620000e-01 4.845251e+00 1.163504e+00 9.377198e+00 1.318313e-01 3.428466e+00
39627787824268792 1.170796e+00 9.231060e+00 1.176747e-01 4.889255e+00 1.167432e+00 9.575748e+00 1.490128e-01 4.228821e+00
39627812516140400 1.079033e+00 9.789569e+00 2.025594e-01 8.854524e-01 1.124573e+00 9.517788e+00 2.139305e-01 1.713270e+00
39627820657283632 1.174981e+00 1.116234e+01 3.667254e-01 -2.265667e+00 1.412530e+00 1.135335e+01 4.214750e-01 -2.458388e-01
39627802869244512 1.088192e+00 8.619167e+00 6.097262e-02 5.721873e+00 1.112937e+00 8.295041e+00 1.514442e-02 5.095489e+00
39627841356171528 1.343697e+00 1.003147e+01 2.139381e-01 2.911517e-01 1.256323e+00 1.010254e+01 2.246788e-01 2.528747e+00
39633293703908040 1.117580e+00 9.084351e+00 1.479663e-01 3.548162e+00 1.084565e+00 9.226525e+00 2.053122e-01 3.936118e+00
39627859391678168 1.343213e+00 1.014156e+01 1.203499e-01 2.512610e+00 1.238400e+00 9.947481e+00 7.908422e-02 3.173217e+00
39627700725351936 1.881608e+00 1.099124e+01 3.582442e-01 -5.431053e-01 1.778453e+00 1.124870e+01 3.885423e-01 -6.033921e-01
39627800444929536 1.623216e+00 1.087144e+01 2.928890e-01 -1.083971e+00 1.684982e+00 1.089751e+01 2.647480e-01 -2.268723e+00
39627779020427280 1.219770e+00 9.294089e+00 7.783871e-02 -2.178092e+00 1.264195e+00 8.935676e+00 4.405506e-02 4.666725e-01
39627850763996808 1.688724e+00 1.135288e+01 4.658331e-01 -7.337396e-01 1.691066e+00 1.142887e+01 4.955774e-01 -1.167296e+00
39627646627219904 1.630630e+00 1.110319e+01 4.613830e-01 -9.186725e-01 1.628966e+00 1.115919e+01 4.790456e-01 -2.114932e+00
39627883613784552 1.646291e+00 1.119141e+01 5.029975e-01 -3.974099e-01 1.605832e+00 1.143524e+01 5.616277e-01 6.477132e-01
39627781637672240 1.396756e+00 1.092238e+01 3.624982e-01 3.000713e+00 1.447605e+00 1.098626e+01 3.474369e-01 1.289611e+00
39627746028032616 1.473426e+00 1.062331e+01 2.227117e-01 -5.799432e-01 1.647157e+00 1.052528e+01 2.126876e-01 -5.730757e-01
39627757520422632 1.263378e+00 1.017021e+01 1.338687e-01 3.666886e+00 1.225861e+00 1.012581e+01 1.334572e-01 3.435898e+00
39627808833543584 1.704960e+00 1.085232e+01 2.480485e-01 -6.434243e-01 1.717107e+00 1.094156e+01 2.579696e-01 -1.652245e+00
39627767133767192 1.078242e+00 1.028010e+01 2.461345e-01 -2.697590e-01 1.180386e+00 1.007119e+01 2.435262e-01 2.824151e+00
39627859450398320 1.671358e+00 1.065231e+01 1.959190e-01 1.782043e-01 1.781156e+00 1.079524e+01 1.944768e-01 -2.422484e+00
39627757646250696 1.619284e+00 1.044758e+01 1.465366e-01 1.553004e-01 1.611000e+00 1.029341e+01 1.429779e-01 3.250295e-01
39627824688010192 1.081132e+00 8.956968e+00 1.126520e-01 4.365505e+00 1.100438e+00 8.780929e+00 8.292209e-02 1.916810e+00
39627752059439696 1.227809e+00 1.077098e+01 1.860353e-01 2.761380e+00 1.200580e+00 1.070868e+01 1.945792e-01 3.446219e+00
39627774935176168 1.340771e+00 1.060489e+01 1.997041e-01 -1.653313e+00 1.479900e+00 1.076383e+01 2.126619e-01 3.957626e-01
39627811345927872 1.178806e+00 9.058220e+00 8.644181e-02 3.920348e+00 1.220586e+00 9.557397e+00 1.050267e-01 2.428515e+00
39627790416353664 1.738512e+00 1.084997e+01 2.068904e-01 -3.094543e+00 1.659464e+00 1.098869e+01 2.509330e-01 -2.823126e+00
39627733856161736 1.353410e+00 9.998458e+00 7.457874e-02 1.736680e+00 1.452788e+00 1.013377e+01 6.906421e-02 7.895583e-01
39627812100900008 1.720998e+00 1.027628e+01 7.210507e-02 -1.650566e-01 1.782032e+00 1.018158e+01 5.295901e-02 -1.053607e+00
39633149356933896 1.428841e+00 1.027899e+01 1.652196e-01 1.377629e+00 1.398705e+00 1.033246e+01 1.643780e-01 8.688788e-01
39627772930300968 1.374762e+00 1.081709e+01 2.897962e-01 -1.999951e+00 1.534778e+00 1.081820e+01 2.864036e-01 -1.840938e+00
39627811241069672 1.591179e+00 1.063613e+01 2.511182e-01 7.811596e-01 1.669944e+00 1.055147e+01 2.310851e-01 -2.265668e-02
39627824650259224 1.608497e+00 1.026294e+01 1.372635e-01 -1.483383e+00 1.470761e+00 1.032269e+01 1.345313e-01 1.483848e-01
39627758178928912 1.615271e+00 1.109260e+01 3.297735e-01 7.712771e-01 1.565651e+00 1.118978e+01 3.480859e-01 2.721357e-01
39627806535058608 1.509135e+00 1.082271e+01 3.026799e-01 3.115180e-01 1.659372e+00 1.089410e+01 2.990103e-01 -1.355969e+00
39627787669078528 1.138539e+00 9.810006e+00 1.907062e-01 -7.486859e-01 1.228673e+00 9.881534e+00 2.130927e-01 1.991184e+00
39627757533005000 1.816143e+00 1.039422e+01 1.711435e-01 -3.746449e-01 1.754014e+00 1.049923e+01 1.718080e-01 -1.325394e+00
39633140737639536 1.832933e+00 1.053406e+01 1.257781e-01 -1.129787e+00 1.739923e+00 1.058252e+01 1.390812e-01 -6.562796e-01
39627751946193168 1.864698e+00 1.053225e+01 1.505125e-01 -2.215065e+00 1.818707e+00 1.065792e+01 1.434380e-01 -1.615494e+00
39627794396742048 1.756158e+00 1.045729e+01 1.969205e-01 -7.037418e-01 1.723531e+00 1.059230e+01 2.082419e-01 -2.509126e-01
39627800377819872 1.649615e+00 1.083386e+01 2.601305e-01 -2.221263e+00 1.762605e+00 1.091963e+01 2.923269e-01 -7.332534e-01
39627817289257312 1.582005e+00 1.106347e+01 5.899466e-01 3.371499e-01 1.600726e+00 1.159733e+01 6.477963e-01 -2.632149e-01
39627760183806704 1.138990e+00 9.266489e+00 1.082370e-01 2.890305e+00 1.204246e+00 9.306350e+00 1.031332e-01 1.246902e+00
39627774985504480 1.600369e+00 1.103763e+01 2.178593e-01 3.661422e-01 1.553389e+00 1.119808e+01 2.805879e-01 -8.025993e-01
39627814445515752 1.490696e+00 9.935134e+00 9.409887e-02 1.347379e+00 1.625530e+00 9.674486e+00 4.085995e-02 -5.119365e-02
39627817100511424 1.128121e+00 1.060890e+01 2.669013e-01 4.877529e+00 1.171235e+00 1.049893e+01 2.231821e-01 3.920619e+00
39627700729546208 1.864268e+00 1.073499e+01 3.627795e-01 -1.120847e+00 1.632919e+00 1.103022e+01 4.034842e-01 -1.119159e+00
39627794518378120 1.831459e+00 1.103910e+01 3.200045e-01 2.827813e-01 1.855187e+00 1.122406e+01 3.179469e-01 -7.767186e-01
39627820896359472 1.845848e+00 1.021589e+01 8.490391e-02 -1.155110e+00 1.837503e+00 1.038847e+01 6.430033e-02 -1.843026e+00
39627806602167848 1.163829e+00 8.349921e+00 4.368318e-02 1.043360e+00 1.184439e+00 8.243078e+00 2.037792e-02 3.283288e+00
39627794455465656 1.462023e+00 1.044444e+01 2.916396e-01 2.374817e+00 1.373685e+00 1.083415e+01 3.371791e-01 1.732974e+00
39627769033789264 1.332529e+00 1.014080e+01 1.250458e-01 2.109470e+00 1.330876e+00 1.010029e+01 1.069337e-01 1.558638e+00
39627838738928112 1.681862e+00 1.128100e+01 3.584813e-01 -5.159566e-01 1.670502e+00 1.132801e+01 3.548432e-01 -3.418413e-01
39627799761258464 1.338459e+00 1.123224e+01 3.713645e-01 -1.034703e-01 1.629232e+00 1.110261e+01 3.807239e-01 -5.869842e-01
39627778663907520 1.586951e+00 1.032242e+01 3.258004e-01 9.822812e-01 1.444933e+00 1.104222e+01 3.493986e-01 1.756629e+00
39627853456738872 1.132774e+00 9.145396e+00 9.344089e-02 4.680325e+00 1.154652e+00 8.811730e+00 7.152812e-02 4.464195e+00
39627911048725904 1.344034e+00 1.115441e+01 3.400282e-01 -3.917420e-01 1.515762e+00 1.147166e+01 4.854728e-01 -1.625583e+00
39627775635619968 1.691197e+00 9.997061e+00 2.066972e-01 2.694534e+00 1.571839e+00 1.027918e+01 1.903234e-01 1.153334e+00
39627800503653304 1.792722e+00 1.110586e+01 3.213406e-01 -8.810712e-02 1.785242e+00 1.115972e+01 3.224890e-01 -8.038435e-01
39627841620415656 1.244227e+00 9.568335e+00 6.461942e-02 4.792462e+00 1.240688e+00 9.300634e+00 3.514358e-02 3.292662e+00
39627775786617656 1.931309e+00 1.091615e+01 3.017531e-01 -3.260367e+00 1.796344e+00 1.099248e+01 3.177618e-01 -1.269092e+00
39627814571351736 1.515699e+00 1.074226e+01 3.091409e-01 -2.735731e+00 1.546840e+00 1.101269e+01 3.323117e-01 -9.107702e-01
39627752248182576 1.638495e+00 1.102873e+01 2.919224e-01 -3.279679e-01 1.793116e+00 1.101274e+01 3.025459e-01 -1.519389e+00
39627787161568128 1.778961e+00 1.098655e+01 3.633458e-01 -2.457255e+00 1.749366e+00 1.113277e+01 3.901270e-01 -1.123096e+00
39627790307300144 1.103549e+00 9.543923e+00 1.329531e-01 2.313601e+00 1.130666e+00 9.387703e+00 1.429344e-01 2.678505e+00
39627820892160768 1.051973e+00 1.074607e+01 3.283495e-01 4.906430e+00 1.090890e+00 1.034301e+01 3.480573e-01 4.667860e+00
39627776143131080 1.501209e+00 1.150451e+01 5.466800e-01 2.306118e+00 1.621810e+00 1.139144e+01 5.794607e-01 -1.907488e-01
39627883701864736 1.863913e+00 1.032859e+01 8.430365e-02 -1.889133e+00 1.823822e+00 1.042480e+01 5.889274e-02 -1.684183e+00
39627827053600848 1.801003e+00 1.113738e+01 4.346789e-01 -3.361637e+00 1.740838e+00 1.119698e+01 4.584490e-01 -9.846312e-01
39627782153571952 1.762506e+00 1.077906e+01 2.521060e-01 -3.070730e-01 1.856739e+00 1.109225e+01 2.538765e-01 -9.451985e-01
39627799786425520 1.719880e+00 1.095713e+01 2.542202e-01 -2.086849e+00 1.748403e+00 1.083004e+01 2.736117e-01 -1.146532e+00
39633131782802336 1.777931e+00 1.043607e+01 1.236985e-01 -1.600980e-01 1.758887e+00 1.042180e+01 1.251266e-01 -6.828923e-01
39627841591055232 1.907019e+00 1.062590e+01 1.256181e-01 -1.886079e+00 1.851081e+00 1.065893e+01 1.166961e-01 -1.908367e+00
39627758111818792 1.484647e+00 1.074319e+01 2.666101e-01 9.368390e-01 1.459713e+00 1.067305e+01 2.686460e-01 4.381512e-01
39627778575827440 1.717453e+00 1.126702e+01 3.892178e-01 -2.212448e+00 1.566450e+00 1.141125e+01 4.414421e-01 -1.216053e+00
39627793360751384 1.778659e+00 1.093458e+01 3.697073e-01 -1.046737e+00 1.768913e+00 1.111188e+01 3.922521e-01 -8.968836e-01
39627763623138360 1.437271e+00 1.077326e+01 3.609434e-01 1.485078e+00 1.350692e+00 1.080443e+01 3.526030e-01 1.704809e+00
39627833072422656 1.898128e+00 1.079136e+01 1.965867e-01 -1.257700e+00 1.835390e+00 1.090986e+01 1.957923e-01 -1.024554e+00
39627770178834032 1.260969e+00 9.455061e+00 1.390147e-01 4.322093e-02 1.198077e+00 9.679474e+00 1.588298e-01 3.188526e+00
39627782266818536 1.830059e+00 1.058724e+01 1.416660e-01 -1.495102e+00 1.809350e+00 1.060890e+01 1.358361e-01 -1.556897e+00
39627850696885800 2.000691e+00 1.080606e+01 2.278606e-01 -2.791809e+00 1.683994e+00 1.085269e+01 2.088299e-01 -2.458303e+00
39627757482673672 1.746826e+00 1.062312e+01 3.495666e-01 5.143285e-01 1.661829e+00 1.094138e+01 3.602551e-01 5.126239e-01
39627782271009312 1.175960e+00 9.520361e+00 1.428044e-01 2.006771e+00 1.197725e+00 9.498694e+00 1.504672e-01 2.734392e+00
39627811194930912 1.262265e+00 1.020440e+01 1.475172e-01 3.380605e+00 1.278747e+00 1.028950e+01 1.453140e-01 2.678370e+00
39627763602164528 1.299358e+00 9.839038e+00 1.152764e-01 -2.633523e+00 1.297897e+00 9.780212e+00 1.230041e-01 1.382565e+00
39627746090943304 1.250143e+00 1.091257e+01 3.961956e-01 1.343603e+00 1.260697e+00 1.064609e+01 3.606566e-01 2.185438e+00
39627793876652264 1.312516e+00 1.009840e+01 1.586111e-01 1.544459e+00 1.373394e+00 1.049399e+01 8.042195e-02 2.367499e+00
39627859450399472 1.378960e+00 1.066544e+01 2.813973e-01 2.830356e+00 1.496844e+00 1.082459e+01 2.692679e-01 7.093408e-01
39627746103528608 1.156537e+00 9.110270e+00 9.266599e-02 4.674428e+00 1.156496e+00 8.933509e+00 7.482216e-02 4.278706e+00
39627763551833560 1.189896e+00 9.685829e+00 1.375547e-01 3.079537e+00 1.210224e+00 9.468711e+00 1.148805e-01 3.507198e+00
39627802458199472 1.598678e+00 1.032327e+01 1.458746e-01 -3.425616e+00 1.722460e+00 1.041477e+01 1.576757e-01 -1.911736e+00
39627787148984688 1.179568e+00 9.319489e+00 6.179653e-02 4.207558e+00 1.204124e+00 8.824527e+00 9.844124e-03 3.742590e+00
39627763069488512 1.029736e+00 1.069836e+01 2.377055e-01 -7.178946e-01 1.179364e+00 1.070041e+01 2.822668e-01 1.698825e+00
39633114019925112 1.429429e+00 1.092368e+01 3.400553e-01 1.441264e+00 1.443666e+00 1.089674e+01 3.470064e-01 -6.446929e-01
39627646467840528 1.608698e+00 1.067014e+01 3.384875e-01 4.955032e-01 1.635000e+00 1.094789e+01 3.328076e-01 -1.263003e+00
39627746036418704 1.971756e+00 1.077382e+01 2.946571e-01 -1.024931e+00 1.794917e+00 1.110210e+01 2.927904e-01 -1.910227e+00
39627799920640896 1.784828e+00 1.089324e+01 2.587216e-01 6.001090e-01 1.850768e+00 1.103674e+01 2.774056e-01 -1.035946e+00
39627836134265880 1.707616e+00 1.109472e+01 2.916349e-01 -3.587449e-01 1.796444e+00 1.121317e+01 3.108514e-01 -1.505467e+00
39627823266137248 1.584002e+00 1.023482e+01 1.023607e-01 -1.659112e+00 1.745690e+00 1.023508e+01 1.009722e-01 -7.344959e-01
39627770258524928 1.609289e+00 1.132475e+01 5.586025e-01 -1.290028e+00 1.629272e+00 1.139837e+01 6.137478e-01 -6.025225e-02
39627757478479664 1.791257e+00 1.037444e+01 1.691563e-01 5.834154e-01 1.685563e+00 1.041004e+01 1.674713e-01 1.972502e-02
39627794367387400 1.062938e+00 9.067307e+00 1.512486e-01 4.931985e+00 1.126550e+00 9.105799e+00 1.405188e-01 4.059899e+00
39627818635629192 1.334234e+00 1.090897e+01 3.203998e-01 1.811390e+00 1.399337e+00 1.094091e+01 3.211364e-01 1.175301e+00
39627718836361936 1.970581e+00 1.084013e+01 2.825222e-01 -1.078752e+00 1.856035e+00 1.106789e+01 2.869460e-01 -1.532014e+00
39627818442690000 1.703797e+00 1.041069e+01 1.666601e-01 -2.837785e-01 1.765777e+00 1.059077e+01 1.591978e-01 -1.217551e+00
39627808854514800 1.656596e+00 1.128920e+01 4.362792e-01 -3.470457e+00 1.722107e+00 1.131313e+01 4.472386e-01 -4.825134e-01
39627835299596848 1.817952e+00 1.079098e+01 2.003838e-01 -8.759642e-01 1.785115e+00 1.079103e+01 1.976640e-01 -8.183753e-01
39627814512625704 1.091192e+00 1.020540e+01 3.195937e-01 3.926327e+00 1.190504e+00 9.264414e+00 1.520637e-01 2.629313e+00
39627775056810808 1.749544e+00 1.066731e+01 1.411435e-01 -1.185164e+00 1.815748e+00 1.062194e+01 1.395309e-01 -1.184714e+00
39627802877627000 1.642045e+00 1.111789e+01 3.258532e-01 -2.969325e-01 1.698208e+00 1.133844e+01 3.556023e-01 -6.733466e-01
39627808850322192 1.183551e+00 1.036921e+01 2.369836e-01 -4.318644e-02 1.258144e+00 1.057175e+01 1.946740e-01 1.956079e+00
39627839120610024 1.166565e+00 1.091854e+01 2.804346e-01 4.627438e-01 1.413557e+00 1.103441e+01 3.737028e-01 5.604691e-01
39627895722742240 1.492350e+00 1.048981e+01 1.446107e-01 1.350791e+00 1.467042e+00 1.044440e+01 1.429342e-01 2.919443e-01
39627808837732944 1.320995e+00 1.124691e+01 5.585892e-01 7.159946e+00 1.248390e+00 1.089764e+01 6.049958e-01 6.425171e+00
39627799899672152 1.894860e+00 1.069905e+01 1.714477e-01 -1.964656e+00 1.801332e+00 1.071371e+01 1.571893e-01 -2.227651e+00
39627812507751776 1.571902e+00 1.063893e+01 2.225896e-01 6.127610e-01 1.642770e+00 1.047326e+01 2.128750e-01 -1.839566e+00
39627800394597464 1.639559e+00 1.071450e+01 2.311806e-01 -1.826351e+00 1.643663e+00 1.075632e+01 2.402596e-01 -1.885867e+00
39633162447358600 1.385565e+00 9.466874e+00 8.775734e-02 -4.211013e-01 1.283471e+00 9.499163e+00 9.769714e-02 1.086788e+00
39627853398020888 1.355091e+00 1.060198e+01 2.660315e-01 -1.214078e+00 1.256662e+00 1.063129e+01 2.775984e-01 3.356943e+00
39627774813539280 1.152155e+00 9.561922e+00 1.083189e-01 5.445535e+00 1.160407e+00 9.577538e+00 1.131317e-01 4.267007e+00
39627770338217256 1.031217e+00 7.469945e+00 2.741007e-02 7.215789e+00 1.082455e+00 7.194980e+00 0.000000e+00 4.847701e+00
39627786989601984 1.670844e+00 1.077029e+01 1.661332e-01 -7.237648e-01 1.601471e+00 1.086339e+01 1.568912e-01 -4.389703e-03
39627823979169576 1.269124e+00 1.086254e+01 2.694129e-01 -1.140988e+00 1.421950e+00 1.096538e+01 2.837756e-01 -2.211058e-01
39627770292080288 1.114781e+00 9.212971e+00 1.945119e-01 4.082862e+00 1.100413e+00 9.291838e+00 1.730389e-01 4.237719e+00
39627799190835112 1.837662e+00 1.025819e+01 7.397494e-02 -7.806526e-01 1.743306e+00 1.017867e+01 5.995610e-02 -6.011337e-01
39627796439368304 1.726982e+00 1.101631e+01 3.818747e-01 -5.530797e-01 1.803409e+00 1.132141e+01 3.993928e-01 -1.250100e+00
39627826957124872 1.556654e+00 1.109699e+01 2.852683e-01 -2.122076e+00 1.622780e+00 1.104066e+01 2.789640e-01 -2.903604e+00
39633153815478720 1.150383e+00 9.148102e+00 6.395439e-02 3.965912e+00 1.226535e+00 9.186739e+00 4.137640e-02 3.610583e+00
39627755012235456 1.622495e+00 1.105194e+01 2.363916e-01 -1.417754e+00 1.773051e+00 1.099958e+01 2.393104e-01 -1.874451e+00
39627775639816312 1.352105e+00 1.047997e+01 2.579487e-01 1.090248e+00 1.383565e+00 1.049871e+01 2.582827e-01 8.971741e-01
39627799400550560 1.721169e+00 1.053910e+01 7.075471e-02 -4.466901e-01 1.636217e+00 1.053975e+01 5.134897e-02 -2.130039e-01
39627746065777296 1.562800e+00 1.131977e+01 5.686468e-01 2.483500e-01 1.549056e+00 1.150051e+01 6.504711e-01 7.361232e-01
39627775677566408 1.458906e+00 1.033797e+01 2.085752e-01 7.251113e-02 1.599014e+00 1.041903e+01 1.915666e-01 1.463088e-01
39627805335491552 1.219327e+00 1.121750e+01 6.143080e-01 3.135272e+00 1.182010e+00 1.114756e+01 6.494244e-01 3.036068e+00
39627780878506440 1.706048e+00 1.070548e+01 2.599452e-01 -1.765871e+00 1.649195e+00 1.060615e+01 2.651090e-01 -9.977155e-01
39627786909911488 1.277395e+00 1.005097e+01 1.544193e-01 2.757769e+00 1.287194e+00 1.031421e+01 1.713979e-01 2.492252e+00
39627782254234440 1.141678e+00 9.506122e+00 1.391887e-01 3.727362e+00 1.160511e+00 8.733355e+00 6.902616e-02 3.803123e+00
39627775664983600 1.713919e+00 1.067258e+01 1.748936e-01 -1.254998e+00 1.679323e+00 1.067660e+01 1.690093e-01 -1.908739e+00
39627817972928936 1.163490e+00 9.110072e+00 7.726123e-02 4.224676e+00 1.172597e+00 9.099588e+00 8.021370e-02 2.946607e+00
39627758271204408 1.350269e+00 1.062641e+01 3.158211e-01 2.187134e+00 1.363903e+00 1.064199e+01 3.176086e-01 1.805720e+00
39627794426103440 1.812908e+00 1.116131e+01 4.462925e-01 -1.492529e+00 1.741886e+00 1.126488e+01 4.749565e-01 -7.426295e-01
39627805947859040 1.085481e+00 9.704904e+00 1.104009e-01 -2.777802e+00 1.155700e+00 9.537262e+00 1.146711e-01 9.393750e-01
39627786901524120 1.280548e+00 1.010701e+01 1.315349e-01 -1.361809e+00 1.268183e+00 1.041415e+01 1.802801e-01 1.313823e+00
39627818576904744 1.283136e+00 1.030421e+01 1.602299e-01 4.657221e+00 1.251752e+00 1.049437e+01 1.776723e-01 2.944557e+00
39627745377913936 1.300633e+00 9.138229e+00 7.736868e-02 2.840809e+00 1.230366e+00 8.931932e+00 5.328007e-02 3.014811e+00
39627766462684544 1.491444e+00 1.117800e+01 4.038373e-01 -2.440410e+00 1.473482e+00 1.128529e+01 4.383180e-01 -9.060605e-01
39627776294127168 1.668453e+00 1.065906e+01 2.894566e-01 1.270386e-01 1.682774e+00 1.078306e+01 2.941764e-01 -7.304088e-01
39627780974972080 1.744663e+00 1.092048e+01 1.852922e-01 -7.198647e-01 1.869868e+00 1.090837e+01 1.830172e-01 -1.668441e+00
39627803225759560 1.136253e+00 1.047702e+01 4.252222e-01 1.881843e+00 1.105873e+00 1.079743e+01 4.543384e-01 3.763144e+00
39627818006482400 1.573591e+00 1.038873e+01 1.855077e-01 -7.797523e-01 1.676439e+00 1.035902e+01 1.773655e-01 -1.106725e+00
39627770229167344 1.075835e+00 1.010781e+01 1.916155e-01 4.107682e+00 1.096627e+00 9.842199e+00 1.896515e-01 3.239331e+00
39627871546769888 1.230179e+00 8.968238e+00 5.742396e-02 3.778387e+00 1.248301e+00 8.723610e+00 1.761694e-02 3.095047e+00
39627818564321584 1.678566e+00 1.074318e+01 2.123920e-01 -1.112909e+00 1.778155e+00 1.071718e+01 2.063476e-01 -1.098421e+00
39627935241472008 1.781987e+00 1.066944e+01 2.298651e-01 -7.948385e-01 1.813751e+00 1.096616e+01 2.587659e-01 -1.134531e+00
39627776411566984 1.901013e+00 1.097559e+01 3.204784e-01 -1.781166e+00 1.757604e+00 1.103483e+01 3.304181e-01 -1.210005e+00
39627829972830912 1.699715e+00 1.002700e+01 1.590633e-01 -3.328624e+00 1.570302e+00 1.020197e+01 1.734874e-01 5.655921e-02
39627817985509072 1.660215e+00 1.056730e+01 2.929251e-01 1.653477e+00 1.631099e+00 1.077557e+01 2.971042e-01 3.548997e-01
39627823274527272 1.471006e+00 1.064592e+01 2.126985e-01 1.072837e+00 1.467118e+00 1.081305e+01 2.195798e-01 1.261765e+00
39627751430292144 1.546496e+00 1.028712e+01 1.073181e-01 -1.325533e+00 1.524102e+00 1.042206e+01 1.185097e-01 1.702209e-01
39627806472148176 1.744899e+00 1.047257e+01 1.419355e-01 -1.687612e+00 1.733553e+00 1.041891e+01 1.469979e-01 -1.023371e+00
39633153937114000 1.446826e+00 1.089764e+01 3.586521e-01 8.790198e-01 1.356143e+00 1.097334e+01 4.377514e-01 -4.902065e-01
39627799815785704 1.737294e+00 1.054820e+01 1.294254e-01 -4.330299e-01 1.760702e+00 1.038246e+01 1.114759e-01 -5.510811e-01
39627793104897784 1.914271e+00 1.102436e+01 3.301007e-01 -1.488331e+00 1.812851e+00 1.120435e+01 3.457171e-01 -9.146737e-01
39627830224489280 1.678717e+00 1.058777e+01 1.329120e-01 -6.890203e-01 1.558784e+00 1.060480e+01 1.264656e-01 7.193047e-02
39627770187219808 1.167772e+00 9.501256e+00 1.875812e-01 4.265828e+00 1.102126e+00 9.324978e+00 1.853578e-01 3.768943e+00
39627794354803048 1.727451e+00 1.002590e+01 1.227927e-01 -3.036039e-01 1.548192e+00 9.924302e+00 1.111413e-01 -8.528064e-01
39627757465896904 1.278154e+00 9.046515e+00 5.312614e-02 3.134773e+00 1.264733e+00 8.476589e+00 5.864054e-03 2.566404e+00
39627847408555008 1.482085e+00 1.040424e+01 1.595966e-01 8.846115e-01 1.541083e+00 1.031329e+01 1.271572e-01 -2.066002e-01
39627817251504432 1.617523e+00 1.049798e+01 2.643113e-01 -6.184183e-01 1.677600e+00 1.072890e+01 2.659985e-01 -7.947452e-01
39627836604025528 1.859894e+00 1.103400e+01 3.558431e-01 -1.158530e+00 1.836976e+00 1.122872e+01 3.543299e-01 -9.212943e-01
39627794543543680 1.365803e+00 1.094922e+01 5.230680e-01 2.006176e+00 1.386417e+00 1.105914e+01 5.991399e-01 4.293895e+00
39627762838802688 1.135273e+00 8.242237e+00 4.203720e-02 2.808945e+00 1.118657e+00 7.757545e+00 3.610492e-03 4.485364e+00
39627824620898368 1.652312e+00 1.013125e+01 1.388066e-01 -5.266342e-01 1.642954e+00 1.018043e+01 1.488180e-01 -1.773866e-01
39627829263991456 1.232889e+00 9.989648e+00 1.173503e-01 4.052024e+00 1.208890e+00 1.012448e+01 9.955180e-02 3.300624e+00
39627889699717952 1.601701e+00 1.125552e+01 4.577122e-01 -1.291180e-01 1.664082e+00 1.130209e+01 4.641587e-01 -3.133187e-01
39627800423961456 1.149945e+00 9.727001e+00 2.534640e-01 2.060657e+00 1.141585e+00 9.900888e+00 2.504825e-01 4.014005e+00
39627808615433288 1.183514e+00 9.359488e+00 5.357682e-02 4.582888e+00 1.288632e+00 9.471136e+00 3.720132e-02 2.610654e+00
39627782291983216 1.479071e+00 9.865185e+00 9.662075e-02 1.653749e-02 1.526056e+00 9.746836e+00 9.739763e-02 -7.495916e-01
39627818564322800 1.179683e+00 1.034314e+01 2.897239e-01 5.296706e+00 1.176341e+00 1.009670e+01 3.307609e-01 4.165164e+00
39627824713176024 1.043666e+00 8.916930e+00 4.398901e-02 -1.289273e+00 1.190515e+00 8.686438e+00 3.209847e-02 3.107874e+00
39627745986089112 1.290701e+00 1.000347e+01 1.035611e-01 2.891007e+00 1.276622e+00 9.897339e+00 9.176669e-02 1.601306e+00
39627823190640880 1.723905e+00 1.098621e+01 3.257269e-01 -1.518176e+00 1.750309e+00 1.114421e+01 3.416933e-01 -5.799477e-01
39627847400161400 2.007131e+00 1.096073e+01 2.015274e-01 -1.527366e+00 1.865464e+00 1.093954e+01 2.021031e-01 -1.940298e+00
39627752076215680 1.659267e+00 1.038917e+01 1.501385e-01 -2.326096e+00 1.635922e+00 1.051481e+01 1.628094e-01 -1.034292e+00
39627859467177520 1.789961e+00 1.064158e+01 1.275682e-01 -1.143190e+00 1.835506e+00 1.070529e+01 1.193836e-01 -1.836851e+00
39627838717955976 1.721250e+00 1.105721e+01 3.403987e-01 -1.076017e+00 1.716802e+00 1.106582e+01 3.656387e-01 -1.131289e+00
39627802873431680 1.185682e+00 9.243835e+00 6.153581e-02 3.021213e+00 1.218049e+00 9.407614e+00 3.171402e-02 3.858133e+00
39627817142455704 1.594968e+00 1.022843e+01 2.092238e-01 7.807425e-01 1.526245e+00 1.034662e+01 2.103525e-01 1.662884e+00
39627758212481736 1.360912e+00 9.605575e+00 1.226683e-01 3.228615e+00 1.231532e+00 9.896418e+00 1.198786e-01 3.270710e+00
39627808569302816 1.610557e+00 1.114326e+01 4.402812e-01 -2.728858e+00 1.636604e+00 1.116378e+01 4.887049e-01 -2.462547e+00
39627767121191640 1.748564e+00 1.120778e+01 5.674849e-01 1.765098e+00 1.554591e+00 1.143580e+01 6.724955e-01 2.464174e+00
39627856879292136 1.312647e+00 1.139124e+01 5.394156e-01 3.471201e+00 1.422563e+00 1.144093e+01 5.666804e-01 5.945618e-01
39627758086653360 1.736267e+00 1.062714e+01 2.658317e-01 -5.762997e-01 1.629445e+00 1.065584e+01 2.667132e-01 -1.843300e+00
39627760930393192 1.763975e+00 1.093919e+01 3.003088e-01 -1.400300e+00 1.766812e+00 1.106750e+01 3.242283e-01 -1.318383e+00
39627793339778272 1.252935e+00 9.891101e+00 7.003482e-02 2.840341e+00 1.291467e+00 9.643758e+00 4.098994e-02 2.738627e+00
39627746095136992 1.170594e+00 1.030093e+01 2.082368e-01 1.154937e+00 1.210315e+00 1.008579e+01 2.076964e-01 2.758870e+00
39627823979171376 1.595833e+00 1.039470e+01 1.257522e-01 -6.427898e-01 1.731218e+00 1.028089e+01 1.023573e-01 -7.415249e-01
39627751514178320 1.550209e+00 1.029307e+01 1.503425e-01 -1.217086e+00 1.604257e+00 1.030805e+01 1.573679e-01 -3.226192e-01
39627763119817368 1.532034e+00 1.013938e+01 9.618919e-02 -2.223709e-01 1.526458e+00 1.009723e+01 7.835458e-02 -1.333256e-01
39627752172687624 1.199192e+00 1.000257e+01 1.351674e-01 1.718432e+00 1.222567e+00 9.837107e+00 1.259275e-01 3.097777e+00
39627835270239368 1.249323e+00 1.068969e+01 2.659439e-01 3.289927e+00 1.249835e+00 1.051597e+01 2.574572e-01 3.132286e+00
39627764185174056 1.697917e+00 1.057069e+01 1.916041e-01 -1.068622e+00 1.660882e+00 1.072320e+01 1.881620e-01 -1.586004e+00
39627788411472288 1.622144e+00 1.065508e+01 1.786080e-01 1.226819e-01 1.694980e+00 1.062742e+01 1.573181e-01 -2.268519e+00
39627790537983512 1.511757e+00 9.754156e+00 5.626040e-02 7.065670e-01 1.528384e+00 9.918655e+00 4.104428e-02 3.114870e-01
39627806430200832 1.716205e+00 1.046757e+01 1.894059e-01 5.023005e-02 1.734378e+00 1.054612e+01 1.888976e-01 -5.951872e-01
39627787669079704 1.457345e+00 1.091340e+01 5.226092e-01 2.215191e+00 1.392978e+00 1.127817e+01 5.984970e-01 2.787916e+00
39627806505703152 1.844428e+00 1.106644e+01 4.557104e-01 -1.392132e+00 1.745214e+00 1.137271e+01 4.949452e-01 -7.562542e-01
39627817947761224 1.531061e+00 9.959129e+00 1.389704e-01 4.961472e-01 1.422962e+00 1.003569e+01 1.429705e-01 1.158418e+00
39627835345734304 1.441541e+00 1.092050e+01 2.626935e-01 1.437580e+00 1.491579e+00 1.094027e+01 2.803330e-01 2.944164e-01
39627787736187328 1.284552e+00 9.486248e+00 1.320726e-01 3.431830e-01 1.215829e+00 9.695505e+00 1.551415e-01 6.409851e-01
39627762746528960 1.594913e+00 1.090948e+01 2.690079e-01 -2.254045e+00 1.787367e+00 1.095740e+01 2.912899e-01 -1.790477e+00
39627770367574824 1.619232e+00 1.114798e+01 4.745571e-01 -1.634354e+00 1.609955e+00 1.127195e+01 5.193517e-01 -6.236552e-01
39627778361924104 1.078069e+00 9.598475e+00 9.139916e-02 5.541584e+00 1.128994e+00 9.494502e+00 6.532034e-02 4.839493e+00
39627682706626208 1.672360e+00 1.121271e+01 3.448702e-01 -2.655754e+00 1.739407e+00 1.106057e+01 3.439577e-01 -1.056457e+00
39627805079634656 1.297255e+00 1.081240e+01 3.099153e-01 3.690113e+00 1.248848e+00 1.094201e+01 3.439089e-01 3.486569e+00
39627823257749592 1.684121e+00 1.088593e+01 2.896723e-01 6.242104e-01 1.807921e+00 1.089655e+01 2.883219e-01 -1.188621e+00
39627799899671632 1.679968e+00 1.031272e+01 1.193806e-01 -4.070009e-01 1.728750e+00 1.029378e+01 9.801358e-02 -1.545922e+00
39627781134354000 1.743254e+00 1.098194e+01 3.485944e-01 -7.984377e-01 1.658170e+00 1.099977e+01 4.050837e-01 -8.280516e-01
39627830551644224 1.641266e+00 1.117263e+01 3.275938e-01 8.873984e-02 1.684276e+00 1.115652e+01 3.265721e-01 -3.498832e-01
39627808909040504 1.367521e+00 1.098560e+01 2.772934e-01 1.450081e+00 1.396326e+00 1.074688e+01 2.504878e-01 1.683259e+00
39627811429812800 1.169599e+00 9.634995e+00 1.233462e-01 -2.879617e+00 1.144475e+00 9.472604e+00 1.262180e-01 8.666279e-01
39627835358315568 1.582708e+00 9.295324e+00 5.551042e-02 9.754351e-01 1.555511e+00 9.351959e+00 3.431343e-02 1.679379e-01
39627768857628536 1.447841e+00 1.060423e+01 1.579473e-01 7.143126e-01 1.517783e+00 1.045326e+01 1.219134e-01 4.623694e-01
39627760833926432 1.021642e+00 1.053393e+01 2.830213e-01 3.114707e+00 1.111341e+00 9.932377e+00 2.124518e-01 4.230047e+00
39627818597880552 1.907573e+00 1.074843e+01 1.507219e-01 -1.258330e+00 1.841411e+00 1.076949e+01 1.496460e-01 -1.840141e+00
39627763581191488 1.254700e+00 1.041626e+01 1.214379e-01 3.396673e+00 1.271471e+00 1.044660e+01 1.124283e-01 2.762311e+00
39627763535054640 1.072554e+00 9.894495e+00 1.565965e-01 -1.071773e+00 1.189279e+00 9.593198e+00 1.571749e-01 3.063463e+00
39627782308763056 1.185212e+00 9.211041e+00 1.445388e-01 2.363225e+00 1.107116e+00 9.120744e+00 1.545903e-01 3.581094e+00
39627768811487752 1.328121e+00 8.916290e+00 8.039657e-02 -2.424316e-01 1.182377e+00 9.379359e+00 8.535482e-02 1.168101e+00
39627774897423864 1.338692e+00 1.069246e+01 2.379833e-01 -2.278888e-01 1.400263e+00 1.084752e+01 2.772858e-01 1.076324e+00
39627814789453880 1.152167e+00 9.052027e+00 8.778466e-02 3.669707e+00 1.135820e+00 9.213833e+00 8.176070e-02 4.653181e+00
39627824532820784 1.297253e+00 1.049063e+01 1.764789e-01 1.602773e+00 1.299184e+00 1.041978e+01 1.914329e-01 1.186796e+00
39627794388359360 1.168953e+00 9.714397e+00 1.375761e-01 9.874911e-01 1.187142e+00 9.467663e+00 1.444020e-01 1.364970e+00
39627740185364368 1.219644e+00 8.420610e+00 4.125644e-02 1.773889e+00 1.239263e+00 9.793698e+00 4.346579e-02 3.594997e+00
39627853486097232 1.778773e+00 1.049216e+01 2.104530e-01 6.341892e-01 1.708617e+00 1.054929e+01 1.986090e-01 -8.196697e-01
39627853351880224 1.457608e+00 1.046139e+01 2.087034e-01 1.245051e+00 1.457202e+00 1.042052e+01 1.873907e-01 4.912938e-01
39627796577787504 1.799355e+00 1.112527e+01 3.439088e-01 -7.162908e-01 1.830776e+00 1.131094e+01 3.580752e-01 -6.606998e-01
39633127454279672 2.036644e+00 1.117122e+01 2.200198e-01 -1.560325e+00 1.882244e+00 1.111496e+01 2.304877e-01 -1.225418e+00
39627812495167944 1.297824e+00 9.785924e+00 1.703350e-01 2.433984e+00 1.290499e+00 1.005697e+01 1.560152e-01 5.317988e-01
39627811421421840 1.173028e+00 1.029274e+01 2.704996e-01 3.269752e+00 1.172956e+00 1.031515e+01 2.460778e-01 3.890664e+00
39627797085290592 1.306594e+00 1.055108e+01 2.613397e-01 1.871060e+00 1.361802e+00 1.051193e+01 2.801994e-01 6.948711e-01
39627774834508040 1.648617e+00 1.073860e+01 1.682929e-01 1.752246e-01 1.664906e+00 1.058240e+01 1.712471e-01 3.279214e-01
39627780945612856 1.678870e+00 1.119175e+01 3.840355e-01 7.152119e-02 1.765888e+00 1.123528e+01 4.047916e-01 -1.209513e+00
39627658518077176 1.676600e+00 1.108807e+01 3.289513e-01 1.453983e-01 1.768818e+00 1.110475e+01 3.185749e-01 -1.032163e+00
39633293703908704 1.764166e+00 1.046355e+01 1.148555e-01 -1.128761e+00 1.782215e+00 1.036955e+01 8.728556e-02 -1.001133e+00
39627778412255480 1.750622e+00 9.694038e+00 6.820102e-02 -1.078515e+00 1.619146e+00 9.944981e+00 8.039090e-02 -1.096005e+00
39627757583335528 1.363080e+00 1.033744e+01 1.806065e-01 7.083086e-01 1.396093e+00 1.028605e+01 1.568133e-01 -2.689919e+00
39627913804382776 1.708858e+00 1.052073e+01 1.336834e-01 -1.258223e+00 1.705103e+00 1.054721e+01 1.461180e-01 -1.367035e-01
39627796561007360 1.570802e+00 1.140234e+01 5.304239e-01 -5.697781e-01 1.625473e+00 1.145890e+01 6.050545e-01 2.508259e-01
39627818639823072 1.641382e+00 1.035630e+01 1.708181e-01 -8.280472e-01 1.717213e+00 1.040387e+01 1.633732e-01 -1.526886e+00
39627769553884056 1.840621e+00 1.099184e+01 2.645225e-01 -2.414485e+00 1.821319e+00 1.094515e+01 2.845973e-01 -1.483120e+00
39627818522380280 1.519174e+00 1.004396e+01 5.378533e-02 6.983160e-01 1.515300e+00 1.005785e+01 3.368154e-02 6.193802e-01
39633140838301832 1.729351e+00 1.099959e+01 2.943521e-01 -8.191470e-01 1.766824e+00 1.099000e+01 2.997734e-01 -8.300680e-01
39627739484919152 1.582942e+00 1.069590e+01 2.880724e-01 9.187687e-01 1.430638e+00 1.107118e+01 3.015785e-01 -1.245679e-01
39627794493216224 1.083610e+00 8.103790e+00 1.311033e-01 4.686431e+00 1.115542e+00 9.213449e+00 1.347986e-01 1.490188e+00
39627782388450720 1.819876e+00 1.074791e+01 3.463620e-01 -1.652516e+00 1.697721e+00 1.141568e+01 3.881327e-01 -8.584126e-01
39627824532817456 1.441709e+00 1.100951e+01 5.446217e-01 1.930751e+00 1.428633e+00 1.140182e+01 5.901945e-01 5.502918e-01
39627761114948072 1.142914e+00 9.517369e+00 6.101533e-02 2.689965e+00 1.098093e+00 8.999560e+00 5.438745e-02 1.108590e+00
39627817217950784 1.784293e+00 9.539355e+00 5.238073e-02 -6.053183e-01 1.623848e+00 9.798806e+00 4.451244e-02 -4.522210e-02
39627794358993456 1.539811e+00 1.010849e+01 1.242208e-01 3.235067e-02 1.482983e+00 1.021894e+01 1.156239e-01 3.082974e-01
39627775732091464 1.234357e+00 8.882795e+00 8.145628e-02 8.498331e-01 1.208797e+00 8.736118e+00 4.944408e-02 2.448181e+00
39627782195511968 1.918157e+00 1.087170e+01 1.961607e-01 -1.212631e+00 1.863389e+00 1.095482e+01 2.008310e-01 -1.349332e+00
39627785072807184 1.722975e+00 1.047021e+01 9.502771e-02 -7.408067e-01 1.503968e+00 1.036129e+01 1.010251e-01 6.203973e-01
39627776294129280 1.719520e+00 1.006865e+01 1.371886e-01 4.336612e-01 1.709805e+00 1.020399e+01 1.121553e-01 -4.792720e-01
39627724897133232 1.831141e+00 9.757149e+00 6.872788e-02 -4.595515e-01 1.747375e+00 9.711593e+00 2.901877e-02 -6.475502e-01
39627784254923184 1.168587e+00 9.783635e+00 1.753300e-01 -2.108395e+00 1.116633e+00 9.778235e+00 1.951252e-01 2.466692e+00
39627751719702320 1.678189e+00 1.140954e+01 3.721018e-01 -5.964304e-01 1.777035e+00 1.132477e+01 3.948693e-01 -3.755467e-01
39627790462485968 1.165427e+00 9.280609e+00 8.399183e-02 -1.821893e+00 1.242609e+00 9.417027e+00 8.432235e-02 3.960271e-01
39627774968727728 1.909645e+00 1.078597e+01 2.960587e-01 1.049941e-01 1.733355e+00 1.087349e+01 2.857276e-01 -1.722556e+00
39627836654357080 1.315433e+00 1.090913e+01 3.288007e-01 -2.441944e-01 1.330051e+00 1.094370e+01 3.540763e-01 1.621081e+00
39627760213169256 1.214623e+00 9.380884e+00 8.082202e-02 2.940647e+00 1.200856e+00 9.525107e+00 6.584375e-02 3.653396e+00
39627817985510240 1.486923e+00 1.039197e+01 1.588198e-01 -1.465144e-01 1.473153e+00 1.050830e+01 1.753502e-01 5.918751e-01
39627835299596624 1.009470e+00 8.439816e+00 5.800783e-02 3.860641e+00 1.085424e+00 8.001282e+00 3.647585e-02 2.733706e+00
39627766957612256 1.420851e+00 1.088895e+01 1.701588e-01 2.804488e+00 1.564858e+00 1.071419e+01 1.347027e-01 -4.799197e-01
39627782409426872 1.180116e+00 9.420686e+00 1.752480e-01 2.187615e-01 1.153960e+00 9.549654e+00 1.629612e-01 3.641627e-01
39627770275302704 1.362471e+00 1.088268e+01 5.349151e-01 1.917519e+00 1.342976e+00 1.104909e+01 5.688548e-01 2.750602e+00
39627781734139696 1.003746e+00 7.571620e+00 3.784230e-02 6.904224e-01 1.046907e+00 7.199635e+00 5.565122e-03 2.372519e+00
39627853490294664 1.294883e+00 1.063779e+01 2.112813e-01 2.454805e+00 1.337654e+00 1.056301e+01 2.068076e-01 2.241435e+00
39627688696091056 1.488507e+00 1.092552e+01 6.763389e-01 3.867928e+00 1.473711e+00 1.141328e+01 6.683617e-01 3.459460e+00
39627799119528192 1.740333e+00 1.125737e+01 3.106717e-01 -7.663242e-01 1.808541e+00 1.122819e+01 3.253295e-01 -2.225506e-01
39627740135032688 1.433678e+00 1.038963e+01 2.599505e-01 -5.690252e-01 1.349898e+00 1.061017e+01 2.424782e-01 1.332607e+00
39627734078460544 1.888538e+00 1.041059e+01 1.037719e-01 -3.079133e+00 1.733650e+00 1.054642e+01 1.153331e-01 -1.840821e+00
39627806581197200 1.393045e+00 1.028786e+01 1.694626e-01 1.169442e+00 1.320689e+00 1.021176e+01 1.406537e-01 -7.237378e-01
39627770136890104 1.633385e+00 1.057971e+01 1.314316e-01 -4.255070e-01 1.748802e+00 1.061304e+01 1.269148e-01 -1.777207e+00
39627790336660528 1.272942e+00 1.093907e+01 5.965632e-01 4.345524e+00 1.281426e+00 1.129838e+01 6.097270e-01 2.164959e+00
39627836109100712 1.387629e+00 1.023780e+01 1.907522e-01 2.735947e+00 1.313181e+00 1.045631e+01 2.393102e-01 2.323740e+00
39627682643707616 1.630677e+00 1.135571e+01 4.393345e-01 -1.522241e+00 1.709368e+00 1.132477e+01 4.610458e-01 -5.332583e-01
39633118621073816 1.070496e+00 9.606365e+00 7.239176e-02 4.917003e-01 1.209078e+00 9.401499e+00 5.535942e-02 3.330046e-01
39633153945503016 1.782389e+00 1.081992e+01 3.564616e-01 -9.841691e-01 1.576019e+00 1.091409e+01 3.908676e-01 -2.055938e+00
39627787694247184 1.759930e+00 1.058759e+01 3.126008e-01 -1.688428e+00 1.651569e+00 1.093446e+01 3.253107e-01 -1.522524e-01
39633144961304496 1.388469e+00 1.038513e+01 1.455241e-01 3.147414e+00 1.357148e+00 1.026692e+01 1.269969e-01 2.024531e+00
39627830119629744 1.218988e+00 1.013777e+01 1.086347e-01 8.388816e-01 1.263250e+00 1.030900e+01 1.633969e-01 2.674314e+00
39627818027454640 1.193626e+00 9.114842e+00 1.137163e-01 2.904534e+00 1.132831e+00 9.070807e+00 1.108415e-01 2.830626e+00
39627850852076928 1.724647e+00 1.069581e+01 3.635481e-01 -1.162358e+00 1.507130e+00 1.111988e+01 3.473932e-01 3.316476e-01
39627806535058712 1.093444e+00 9.360258e+00 1.668214e-01 1.618974e+00 1.127950e+00 9.471814e+00 1.798509e-01 4.308827e+00
39627761119139888 1.729840e+00 9.946757e+00 6.067611e-02 -4.791241e-01 1.761881e+00 1.003025e+01 4.831856e-02 -7.605662e-01
39627829956056064 1.689845e+00 1.119792e+01 3.659889e-01 -1.127185e+00 1.780537e+00 1.132234e+01 4.147508e-01 -9.358985e-01
39627757633669800 1.242877e+00 1.078341e+01 3.506217e-01 1.185529e+00 1.264774e+00 1.061082e+01 3.463743e-01 2.602326e+00
39627917008831304 1.590064e+00 1.125169e+01 3.785277e-01 3.281367e-01 1.742030e+00 1.105617e+01 4.050643e-01 -8.271328e-01
39627769675515120 1.340194e+00 9.595188e+00 7.939316e-02 3.299938e+00 1.374242e+00 9.252092e+00 2.286486e-02 2.587234e+00
39627793092317632 1.590278e+00 1.076725e+01 3.030871e-01 -3.086565e-01 1.664478e+00 1.085282e+01 2.850922e-01 -1.422822e+00
39633144990665480 1.837502e+00 1.007627e+01 7.068456e-02 -2.803544e-01 1.762172e+00 1.001284e+01 4.221605e-02 -6.643242e-01
39627776369627104 1.370752e+00 1.066210e+01 2.880488e-01 2.804031e+00 1.373440e+00 1.062811e+01 2.724899e-01 1.197511e+00
39627785051839104 1.826089e+00 1.033655e+01 1.066437e-01 -1.999221e+00 1.847762e+00 1.058328e+01 1.044181e-01 -1.775721e+00
39627764294227408 1.490714e+00 1.032534e+01 2.513693e-01 -6.607473e-01 1.442219e+00 1.074521e+01 2.754807e-01 8.137649e-01
39627800319100672 1.680789e+00 1.117979e+01 3.601362e-01 -7.707097e-01 1.769202e+00 1.113983e+01 3.788106e-01 -5.558963e-01
39627917029803984 1.744812e+00 1.059328e+01 2.810991e-01 -8.402113e-01 1.748062e+00 1.080798e+01 2.872133e-01 -2.011550e+00
39627799874503064 1.203480e+00 8.545091e+00 6.342822e-02 5.647598e+00 1.131187e+00 7.491598e+00 0.000000e+00 4.814237e+00
39627788465999984 1.281840e+00 9.736994e+00 1.000193e-01 3.085037e+00 1.250569e+00 9.597598e+00 9.940752e-02 1.224217e+00
39627758204096600 1.245997e+00 9.828770e+00 1.373584e-01 3.697140e+00 1.251759e+00 9.677696e+00 1.133713e-01 2.553967e+00
39627767129571616 1.832020e+00 1.103494e+01 3.665650e-01 -1.154561e+00 1.668532e+00 1.100846e+01 3.369446e-01 -2.382493e-01
39633131858298736 1.288773e+00 1.014818e+01 1.242765e-01 -9.893282e-02 1.252670e+00 9.929036e+00 1.073079e-01 1.895329e+00
39627817201175352 1.379294e+00 1.084155e+01 2.568636e-01 -8.858504e-01 1.476591e+00 1.088699e+01 2.694946e-01 5.593157e-01
39633118453303704 1.317699e+00 1.014331e+01 1.614913e-01 4.602232e+00 1.229350e+00 1.019126e+01 1.517015e-01 3.183055e+00
39627766622065040 1.711515e+00 1.051280e+01 1.949731e-01 -7.037624e-01 1.663103e+00 1.050995e+01 1.935290e-01 -1.702253e+00
39627841356174264 1.231249e+00 9.528046e+00 1.177694e-01 2.869694e+00 1.262009e+00 9.547979e+00 9.539713e-02 1.611967e+00
39627766269740336 1.789163e+00 9.896282e+00 5.483298e-02 -3.597378e-01 1.764758e+00 1.002909e+01 4.235671e-02 -6.399306e-01
39627772229847808 1.384987e+00 1.093777e+01 5.238509e-01 1.193947e+00 1.375343e+00 1.141298e+01 5.771660e-01 3.004313e-01
39627823287110704 1.711991e+00 1.062748e+01 1.889713e-01 -1.108154e+00 1.636775e+00 1.068166e+01 1.901283e-01 -4.909736e-01
39627800440735760 1.805589e+00 1.099522e+01 2.037628e-01 -1.188295e+00 1.883231e+00 1.099108e+01 2.000650e-01 -1.573265e+00
39633158047531368 1.942427e+00 1.022632e+01 9.811751e-02 4.630389e-01 1.763813e+00 1.014635e+01 9.405389e-02 -1.149950e+00
39627799085977672 1.622620e+00 1.126818e+01 4.003040e-01 -6.237680e-01 1.734173e+00 1.128614e+01 3.881243e-01 -1.530027e+00
39627850831105528 1.641972e+00 1.085792e+01 2.780635e-01 -1.813401e+00 1.668260e+00 1.101930e+01 2.920917e-01 -2.730900e+00
39627817880652880 1.466733e+00 1.113235e+01 5.251533e-01 1.291417e+00 1.461176e+00 1.114672e+01 5.701268e-01 -1.990498e-01
39627835584810256 1.599954e+00 1.068590e+01 1.650203e-01 5.467435e-01 1.599089e+00 1.055845e+01 1.291256e-01 -1.111669e+00
39627793759212864 1.377984e+00 1.022998e+01 1.609530e-01 1.402347e-01 1.483607e+00 1.025194e+01 1.645998e-01 7.302207e-02
39627793092313928 1.695998e+00 1.069615e+01 1.652369e-01 -9.714184e-01 1.736287e+00 1.049695e+01 1.493753e-01 -1.700013e+00
39627802600801400 1.600272e+00 1.009899e+01 1.101788e-01 -1.237443e+00 1.686996e+00 1.007068e+01 9.047712e-02 -6.376977e-01
39627751451267448 1.357619e+00 1.010419e+01 1.169774e-01 3.757526e+00 1.419456e+00 9.879898e+00 9.252776e-02 2.482014e+00
39627811899575744 1.152835e+00 8.659607e+00 6.387638e-02 4.533782e+00 1.138663e+00 8.874596e+00 7.958838e-02 4.686199e+00
39627776231214472 1.746014e+00 1.012454e+01 1.354510e-01 -9.253412e-01 1.706025e+00 1.018977e+01 1.241599e-01 -1.858878e+00
39627817092121664 1.680434e+00 1.107505e+01 2.711500e-01 6.803235e-01 1.824720e+00 1.100626e+01 2.785963e-01 -1.803895e+00
39627811228487584 1.171303e+00 7.810745e+00 2.379048e-02 3.306623e+00 1.127795e+00 7.762215e+00 7.445067e-03 4.105108e+00
39627793096513416 1.148580e+00 9.813191e+00 1.362460e-01 4.254233e+00 1.126853e+00 9.748672e+00 1.654221e-01 4.577029e+00
39627793843095272 1.651288e+00 1.036706e+01 9.560136e-02 2.534715e-01 1.694684e+00 1.031311e+01 5.906686e-02 -5.175744e-01
39627774821927640 1.777976e+00 1.068130e+01 1.787943e-01 -1.287314e+00 1.773308e+00 1.075265e+01 1.795351e-01 -2.006526e+00
39627817889042696 1.367718e+00 1.021565e+01 2.321987e-01 2.167713e+00 1.234283e+00 1.042273e+01 2.494280e-01 3.482248e+00
39627835291208352 1.739859e+00 1.063451e+01 2.412678e-01 -9.886814e-01 1.663099e+00 1.059479e+01 2.310945e-01 -1.493217e+00
39627782329734304 1.754451e+00 1.104655e+01 4.626013e-01 -3.376914e+00 1.594483e+00 1.123640e+01 4.933959e-01 -2.296000e+00
39633114007339536 1.689254e+00 1.065018e+01 1.489593e-01 6.675085e-02 1.706217e+00 1.048868e+01 1.408729e-01 -9.843593e-01
39627863145578648 1.820913e+00 1.083200e+01 1.943499e-01 -6.096286e-01 1.786791e+00 1.092455e+01 1.942692e-01 -1.969762e+00
39627808535740592 1.125313e+00 9.263079e+00 6.115921e-02 4.614887e+00 1.196614e+00 9.343370e+00 4.413146e-02 4.098427e+00
39627781906105328 1.183994e+00 9.502392e+00 8.292007e-02 3.016026e+00 1.208916e+00 9.375890e+00 6.275637e-02 3.374087e+00
39627847333055504 1.116973e+00 8.225037e+00 2.842751e-02 2.250260e+00 1.151529e+00 7.775878e+00 0.000000e+00 1.504706e+00
39627758170540224 1.141650e+00 9.436221e+00 2.196757e-01 4.277799e+00 1.112255e+00 9.433997e+00 2.386319e-01 1.823734e+00
39627788302421072 1.262259e+00 1.021795e+01 2.838855e-01 1.796435e+00 1.286331e+00 1.030399e+01 2.588460e-01 9.001689e-01
39627812503552960 1.333455e+00 1.016539e+01 2.339411e-01 2.578193e+00 1.364665e+00 1.046171e+01 2.348387e-01 9.649436e-01
39627793964731040 1.610744e+00 1.145237e+01 4.788737e-01 -1.292146e-02 1.727372e+00 1.132886e+01 5.076327e-01 -9.829133e-01
39627820665670152 1.249927e+00 1.008912e+01 2.877876e-01 1.267487e+00 1.229481e+00 1.025913e+01 2.907499e-01 1.548476e+00
39627805822026000 1.961913e+00 1.093316e+01 2.613228e-01 -2.898728e+00 1.840491e+00 1.108962e+01 2.769785e-01 -7.101078e-01
39627824583148928 1.115714e+00 9.118426e+00 1.330543e-01 5.289446e+00 1.118540e+00 8.137731e+00 6.886853e-02 5.006373e+00
39627799715123472 1.669896e+00 1.114206e+01 5.165824e-01 -7.644502e-01 1.630391e+00 1.135292e+01 5.879560e-01 2.301589e-01
39627811077491672 1.149781e+00 9.482738e+00 7.522224e-02 5.024838e+00 1.208735e+00 9.338175e+00 7.545781e-02 3.040035e+00
39633149491154064 2.130077e+00 1.076363e+01 1.621730e-01 -4.284637e+00 1.526960e+00 1.090206e+01 1.875768e-01 1.863787e-01
39627793847291192 1.551467e+00 1.062824e+01 2.465859e-01 1.406844e+00 1.397638e+00 1.067870e+01 2.743755e-01 1.427712e+00
39627829301743704 1.307617e+00 9.966189e+00 1.602294e-01 3.480618e+00 1.259586e+00 1.015280e+01 1.952829e-01 2.384274e+00
39627772657668920 1.024770e+00 8.699122e+00 8.727702e-02 1.333423e+00 1.074569e+00 8.342839e+00 6.052335e-02 1.940258e+00
39627676662631000 1.742595e+00 1.124506e+01 2.934060e-01 -1.680983e-01 1.759222e+00 1.111124e+01 2.828579e-01 -1.258850e-04
39627824620900752 1.397116e+00 1.077480e+01 2.887838e-01 -5.269154e-01 1.427325e+00 1.076588e+01 2.861819e-01 6.950492e-02
39627770187224568 1.467202e+00 1.041841e+01 1.241326e-01 1.110007e+00 1.482854e+00 1.030870e+01 9.516935e-02 8.644034e-01
39627763719604328 1.300878e+00 1.004854e+01 1.125602e-01 2.742586e+00 1.299801e+00 1.033920e+01 1.231909e-01 2.466644e+00
39627830648115416 1.810504e+00 1.041782e+01 1.199101e-01 -1.533532e+00 1.783001e+00 1.044628e+01 1.025120e-01 -1.526879e+00
39627796493901000 1.757161e+00 1.104855e+01 1.944272e-01 -1.553071e+00 1.890432e+00 1.109459e+01 1.936734e-01 -1.815393e+00
39627811144598384 1.737129e+00 1.055455e+01 1.628629e-01 -8.712844e-01 1.666277e+00 1.070133e+01 1.641067e-01 -2.398832e+00
39627782413617928 1.238447e+00 9.423987e+00 1.195365e-01 5.946729e-01 1.256241e+00 9.487146e+00 1.073690e-01 3.674763e-01
39633136350400312 1.681309e+00 1.103494e+01 2.334895e-01 -6.168177e-01 1.747873e+00 1.105652e+01 2.283420e-01 -2.211558e+00
39627811207515584 1.774679e+00 1.091236e+01 2.735753e-01 -2.206984e-01 1.799858e+00 1.097669e+01 2.715397e-01 -5.360837e-01
39627823287111792 1.817768e+00 1.112696e+01 3.894299e-01 -1.739997e+00 1.740049e+00 1.122460e+01 4.058242e-01 -8.163534e-01
39627782367481440 1.692632e+00 1.046098e+01 1.360124e-01 -2.576700e+00 1.725918e+00 1.041935e+01 1.374979e-01 -1.459265e+00
39627762893328512 1.702617e+00 1.071406e+01 4.994828e-01 8.862749e-02 1.674358e+00 1.130321e+01 5.208648e-01 -5.757784e-01
39627739879178376 1.489988e+00 1.157870e+01 6.257311e-01 1.584260e+00 1.592111e+00 1.150440e+01 6.464238e-01 4.515773e-02
39627847442106640 1.689731e+00 1.081394e+01 2.269322e-01 -1.310620e+00 1.745245e+00 1.070131e+01 2.403402e-01 -1.273345e-01
39627799874505408 1.875499e+00 1.109475e+01 3.637912e-01 9.350421e-02 1.790100e+00 1.120202e+01 3.748100e-01 -5.298193e-01
39627776298319944 1.207159e+00 1.006634e+01 2.617658e-01 2.053223e+00 1.228011e+00 1.033375e+01 2.560079e-01 2.317269e+00
39627781641864336 1.178914e+00 1.063222e+01 2.519335e-01 4.419433e+00 1.170147e+00 1.045725e+01 2.464453e-01 4.005179e+00
39627778257065944 1.420054e+00 1.120300e+01 3.686906e-01 4.507475e+00 1.484262e+00 1.130746e+01 3.974000e-01 2.805686e-02
39627628486855504 1.654333e+00 1.098049e+01 4.090601e-01 -4.491651e+00 1.610806e+00 1.101686e+01 4.300022e-01 -2.466849e+00
39627682647903496 1.122608e+00 1.071476e+01 4.725166e-01 5.267203e+00 1.138983e+00 1.064680e+01 5.062168e-01 3.501395e+00
39627769641961824 1.483917e+00 1.053156e+01 1.689261e-01 7.875518e-01 1.602630e+00 1.056344e+01 1.516556e-01 -6.912135e-01
39627836759214696 1.238083e+00 8.618177e+00 3.333367e-02 4.024599e+00 1.197096e+00 8.624883e+00 8.442387e-03 4.113660e+00
39633131996709312 1.582699e+00 1.093791e+01 2.281081e-01 -1.536878e+00 1.560374e+00 1.102442e+01 2.699889e-01 1.776792e-01
39627793083927232 1.232348e+00 9.166610e+00 5.479756e-02 3.393023e+00 1.231841e+00 8.766667e+00 3.132361e-02 3.373909e+00
39627824029504848 1.651853e+00 1.038175e+01 1.714766e-01 -1.247045e+00 1.641582e+00 1.028906e+01 1.668041e-01 -7.733719e-01
39627764319388216 1.663025e+00 1.136841e+01 3.776458e-01 7.139367e-02 1.805600e+00 1.142223e+01 4.467513e-01 -1.314601e+00
39627758275399168 1.655341e+00 1.042395e+01 1.877349e-01 -1.117954e+00 1.658693e+00 1.043075e+01 1.720779e-01 -2.618245e+00
39627793092318608 1.576896e+00 1.075699e+01 2.037454e-01 1.238160e+00 1.431567e+00 1.082790e+01 2.411331e-01 1.621801e+00
39627781625088896 1.506078e+00 1.114646e+01 4.269745e-01 1.666368e+00 1.628576e+00 1.112985e+01 3.914616e-01 1.682067e-02
39627853351882224 1.437293e+00 1.029818e+01 1.504999e-01 1.230160e+00 1.404542e+00 1.034085e+01 1.375701e-01 1.095513e+00
39633149352740376 1.633732e+00 1.093676e+01 3.861593e-01 1.109357e-02 1.732361e+00 1.112868e+01 3.891000e-01 -4.724853e-01
39627787698443192 1.204458e+00 1.018150e+01 1.778482e-01 1.722146e+00 1.214864e+00 1.031452e+01 1.664030e-01 3.078092e+00
39627770115918504 1.173572e+00 9.384255e+00 7.906538e-02 2.851105e+00 1.180746e+00 9.438615e+00 6.337184e-02 3.585632e+00
39627792991654392 1.570016e+00 9.912824e+00 1.089540e-01 4.806052e-01 1.554980e+00 9.802764e+00 1.020748e-01 -4.086794e-01
39627752206239336 1.531816e+00 1.099249e+01 2.917161e-01 -1.223257e-01 1.587702e+00 1.092927e+01 2.887438e-01 -9.178936e-01
39627757876937904 1.948443e+00 1.044472e+01 8.647531e-02 -2.590014e+00 1.833363e+00 1.036315e+01 4.465574e-02 -1.992865e+00
39627806417619616 1.136758e+00 9.761244e+00 1.140279e-01 8.761786e-01 1.283017e+00 9.734334e+00 1.084917e-01 1.908684e+00
39627805922689112 1.159688e+00 9.873734e+00 1.607665e-01 3.485142e+00 1.176535e+00 9.428977e+00 1.485765e-01 3.250414e+00
39627745495351664 1.550771e+00 1.065901e+01 2.115192e-01 -2.932255e+00 1.555449e+00 1.066503e+01 2.069997e-01 -6.106008e-01
39627757499451944 1.430591e+00 9.732732e+00 1.222590e-01 2.046548e+00 1.511909e+00 9.507293e+00 8.449966e-02 2.862868e-01
39627758019546456 1.784490e+00 1.125011e+01 4.149858e-01 -1.979709e-02 1.761620e+00 1.125910e+01 4.411391e-01 -2.991975e-01
39633123083816000 1.240663e+00 9.340463e+00 4.075046e-02 3.894344e+00 1.272770e+00 9.136767e+00 1.438148e-02 3.220462e+00
39627793209758816 1.616341e+00 1.138953e+01 5.045875e-01 -1.641466e+00 1.769005e+00 1.150668e+01 5.532144e-01 -1.719171e+00
39627812637773536 1.210479e+00 1.060595e+01 1.634451e-01 1.636940e+00 1.205570e+00 1.042624e+01 1.385647e-01 3.591251e+00
39627769046369240 1.775630e+00 1.100644e+01 3.693720e-01 -2.706538e+00 1.651205e+00 1.127798e+01 3.891513e-01 -5.301125e-01
39627758103429640 1.676724e+00 1.038262e+01 1.504277e-01 -1.290090e+00 1.686139e+00 1.041215e+01 1.518936e-01 -2.155267e+00
39627841322616496 1.253519e+00 1.069387e+01 2.763621e-01 1.173736e+00 1.398302e+00 1.066742e+01 2.860976e-01 3.284239e-01
39627794392551712 1.887263e+00 1.069066e+01 1.359226e-01 -1.643108e+00 1.843751e+00 1.074227e+01 1.492315e-01 -1.368928e+00
39627806488922896 1.904742e+00 1.071461e+01 1.257503e-01 -1.845897e+00 1.632001e+00 1.075438e+01 1.272996e-01 -6.424302e-01
39627818044229448 1.386680e+00 1.012079e+01 1.283896e-01 -1.109885e+00 1.225442e+00 1.039155e+01 1.828027e-01 2.824471e+00
39627751421903840 1.714482e+00 1.057683e+01 1.335095e-01 -1.268409e+00 1.773864e+00 1.056282e+01 1.274028e-01 -8.423088e-01
39627774951950928 1.610167e+00 1.041095e+01 1.524251e-01 -1.467345e+00 1.710027e+00 1.054765e+01 1.410710e-01 -2.327983e+00
39627760288663992 1.763380e+00 1.096500e+01 3.101727e-01 -4.680898e+00 1.644669e+00 1.102307e+01 3.579048e-01 -2.090447e+00
39627780995942216 1.134118e+00 1.036703e+01 2.443050e-01 3.351503e+00 1.197358e+00 1.017297e+01 2.462473e-01 3.661290e+00
39627788340169560 1.558828e+00 1.044277e+01 2.519450e-01 -6.626183e-01 1.307686e+00 1.039616e+01 2.679504e-01 7.456593e-01
39627781788665104 1.333821e+00 1.043511e+01 1.582334e-01 2.053531e+00 1.361909e+00 1.054585e+01 1.659916e-01 2.117937e+00
39627763606360608 1.660682e+00 9.639458e+00 8.082387e-02 -1.372056e+00 1.544456e+00 9.354589e+00 5.024584e-02 -3.687578e-02
39627812507746352 1.216248e+00 9.530074e+00 1.519164e-01 2.788444e+00 1.178615e+00 9.614866e+00 1.774677e-01 3.768472e+00
39627670614449648 1.113926e+00 1.064254e+01 3.578565e-01 4.441333e+00 1.119283e+00 1.062046e+01 3.589141e-01 4.622673e+00
39627751589679184 1.042434e+00 9.619169e+00 1.611845e-01 3.583868e+00 1.155330e+00 9.553360e+00 1.569701e-01 2.851353e+00
39627794367387776 1.761390e+00 1.075005e+01 2.621789e-01 5.907360e-01 1.776726e+00 1.097505e+01 2.663050e-01 -2.191196e+00
39627757524618920 1.779577e+00 1.029947e+01 1.264433e-01 -1.384597e+00 1.774591e+00 1.045451e+01 1.218998e-01 -1.074364e+00
39627818019064872 1.186563e+00 1.007441e+01 1.958101e-01 3.170529e+00 1.190000e+00 9.842359e+00 1.935772e-01 2.763174e+00
39627794480632024 1.231609e+00 9.951714e+00 2.087407e-01 2.450400e+00 1.218169e+00 9.994728e+00 2.105148e-01 2.588192e+00
39627863112024784 1.728568e+00 1.089867e+01 3.428203e-01 -1.186036e-01 1.713452e+00 1.099881e+01 3.484934e-01 -7.973893e-01
39627799220196216 1.560615e+00 1.060166e+01 3.505056e-01 3.020720e-01 1.632608e+00 1.092149e+01 3.575950e-01 -7.509073e-01
39627830576810984 1.147503e+00 7.737400e+00 2.520696e-02 4.595315e+00 1.132041e+00 7.169595e+00 0.000000e+00 4.124035e+00
39627788302418304 1.777011e+00 1.033156e+01 9.583760e-02 -1.401714e+00 1.798390e+00 1.042686e+01 9.556557e-02 -1.326559e+00
39627688746420856 1.499374e+00 1.046383e+01 1.778387e-01 -5.653692e-01 1.419619e+00 1.049303e+01 1.823473e-01 6.943619e-01
39627796464538712 1.611781e+00 1.014672e+01 1.630803e-01 -9.666319e-01 1.644648e+00 1.029575e+01 1.509221e-01 -2.334928e+00
39627818031647104 1.428847e+00 1.043166e+01 2.381182e-01 3.359399e+00 1.381854e+00 1.070900e+01 2.451993e-01 2.181524e+00
39627762813633952 1.489220e+00 1.074069e+01 2.413621e-01 5.214643e-01 1.481311e+00 1.067908e+01 2.397781e-01 3.213252e-01
39627802361727136 1.392836e+00 1.144200e+01 5.546716e-01 -1.810248e+00 1.579928e+00 1.154471e+01 6.253893e-01 8.152831e-02
39627805943664544 1.346824e+00 1.108580e+01 3.088788e-01 1.525416e-02 1.544722e+00 1.071766e+01 1.964476e-01 -4.055431e-01
39627700737942480 1.851578e+00 1.089738e+01 1.420546e-01 -1.470585e+00 1.851740e+00 1.086967e+01 1.451949e-01 -1.319598e+00
39627814441323416 1.478371e+00 1.137790e+01 5.544051e-01 -2.517957e+00 1.609626e+00 1.154096e+01 6.326277e-01 -1.295212e-01
39627793117483792 1.344946e+00 1.050555e+01 1.970131e-01 -9.541025e-01 1.201399e+00 1.063163e+01 2.752541e-01 1.307553e+00
39627812541305824 1.879547e+00 1.088838e+01 1.507600e-01 -2.352071e+00 1.876793e+00 1.085995e+01 1.471133e-01 -1.774232e+00
39627790596711168 1.048768e+00 9.813510e+00 2.429601e-01 2.484152e+00 1.104649e+00 9.535409e+00 2.291142e-01 3.036341e+00
39627768987652432 1.779046e+00 1.114753e+01 4.337468e-01 -1.911457e-01 1.758716e+00 1.134112e+01 4.272575e-01 -7.160692e-01
39627775165861688 1.835971e+00 1.092410e+01 1.694368e-01 -7.705172e-01 1.850314e+00 1.091903e+01 1.815505e-01 -1.303275e+00
39627832661380744 1.613253e+00 1.100891e+01 3.438001e-01 -4.586891e-01 1.769958e+00 1.107585e+01 3.543488e-01 -1.251241e+00
39627898981714888 1.688747e+00 1.089649e+01 3.672701e-01 -2.608665e+00 1.645467e+00 1.102973e+01 4.078883e-01 -2.122602e+00
39627787731993784 1.679747e+00 9.832501e+00 1.073409e-01 -8.936734e-01 1.633100e+00 9.705941e+00 7.095926e-02 -2.948019e-01
39627817855484056 1.140859e+00 8.949671e+00 5.074540e-02 2.495662e+00 1.162196e+00 8.689069e+00 4.198161e-02 1.799393e+00
39627805822029840 1.561936e+00 1.141007e+01 3.200877e-01 -8.076971e-01 1.739054e+00 1.129243e+01 2.997240e-01 -7.323132e-01
39627776365429720 1.373906e+00 1.097924e+01 3.557855e-01 1.471011e+00 1.382481e+00 1.099992e+01 3.491338e-01 1.138197e+00
39633290046474400 1.410955e+00 1.048264e+01 2.644654e-01 -1.699239e+00 1.395070e+00 1.063971e+01 2.633897e-01 -2.839979e+00
39633153979058096 1.201044e+00 1.019398e+01 1.302074e-01 3.811780e+00 1.245354e+00 1.010877e+01 1.055209e-01 3.052980e+00
39627764222922088 1.440683e+00 1.124698e+01 4.633644e-01 3.501223e+00 1.475690e+00 1.116649e+01 3.209209e-01 -3.281000e-01
39627787220290544 1.666500e+00 1.111587e+01 3.901703e-01 4.432658e-01 1.753673e+00 1.131440e+01 3.846636e-01 -5.069008e-01
39627787132211560 1.341627e+00 1.018440e+01 1.499104e-01 2.470957e+00 1.282277e+00 1.021514e+01 1.490178e-01 2.299129e+00
39627793683713632 1.642233e+00 1.107461e+01 4.685864e-01 -4.012161e-01 1.657276e+00 1.122591e+01 5.146086e-01 -1.374320e+00
39627793750822232 1.360401e+00 1.010788e+01 1.361130e-01 -1.662448e+00 1.261872e+00 1.016495e+01 1.351029e-01 9.449763e-01
39627794417716592 1.318444e+00 1.022867e+01 1.737245e-01 4.601395e+00 1.243800e+00 1.039878e+01 1.911710e-01 2.638303e+00
39627738759299232 1.713029e+00 1.133203e+01 4.946504e-01 5.055239e-01 1.653653e+00 1.130081e+01 5.127782e-01 -5.213480e-01
39627767108602160 1.542769e+00 1.049008e+01 1.628848e-01 2.198172e+00 1.668471e+00 1.037235e+01 1.358036e-01 1.706979e-01
39627818623046376 1.613089e+00 1.068740e+01 3.748912e-01 -2.209922e+00 1.368659e+00 1.091036e+01 3.777968e-01 3.044403e-01
39627802495951280 1.162224e+00 1.000720e+01 2.120333e-01 3.915844e+00 1.205644e+00 1.034981e+01 2.143070e-01 3.170429e+00
39627812352560840 1.599878e+00 1.082374e+01 1.643843e-01 -4.889907e-01 1.776355e+00 1.063922e+01 1.484109e-01 -1.045220e+00
39627806434394936 1.797766e+00 1.024088e+01 1.252414e-01 -1.026445e+00 1.743524e+00 1.041784e+01 1.222134e-01 -6.275650e-01
39627773001597640 1.501783e+00 1.003079e+01 7.786027e-02 4.689562e-01 1.431516e+00 9.979542e+00 5.613911e-02 6.191619e-01
39627688645759760 1.733789e+00 1.090214e+01 3.293898e-01 5.733081e-01 1.808800e+00 1.119766e+01 2.955093e-01 -1.474394e+00
39627836612412416 1.801630e+00 1.089093e+01 1.646850e-01 -1.086349e+00 1.880080e+00 1.090720e+01 1.577160e-01 -2.108410e+00
39627751396737192 1.720960e+00 1.102227e+01 3.217870e-01 -2.187618e+00 1.677964e+00 1.120507e+01 3.206600e-01 -1.079695e+00
39627752160103696 1.272782e+00 1.014301e+01 1.309746e-01 -9.832115e-01 1.339409e+00 1.020934e+01 1.551622e-01 -3.707010e-01
39627793167811544 1.508869e+00 1.052060e+01 1.433364e-01 6.965209e-01 1.589606e+00 1.047973e+01 1.099794e-01 -3.396786e-01
39627758279593584 1.613691e+00 1.056490e+01 1.512815e-01 -1.114244e+00 1.710000e+00 1.052088e+01 1.265802e-01 -1.232896e+00
39627776361235920 1.569618e+00 1.041655e+01 1.919336e-01 -3.703719e-01 1.507939e+00 1.048794e+01 1.912998e-01 3.515548e-02
39627763493113248 1.183781e+00 9.449284e+00 1.441624e-01 4.045283e+00 1.185279e+00 9.442993e+00 1.449239e-01 2.117823e+00
39627770212388896 1.251426e+00 1.036547e+01 1.959910e-01 3.763744e+00 1.222379e+00 1.043239e+01 1.840594e-01 3.264772e+00
39627811211707640 1.638359e+00 1.048560e+01 2.200650e-01 6.810077e-01 1.718518e+00 1.062660e+01 1.967870e-01 -5.196534e-01
39627766877913952 2.006364e+00 1.037084e+01 6.668650e-02 -8.397639e-01 1.842528e+00 1.044021e+01 7.375151e-02 -1.544783e+00
39627805184495896 1.835572e+00 1.113596e+01 1.978848e-01 -1.340346e+00 1.887951e+00 1.103176e+01 1.963438e-01 -1.778605e+00
39627898981712768 1.690828e+00 1.076032e+01 3.656664e-01 4.710402e-01 1.794466e+00 1.127309e+01 4.028737e-01 -4.436244e-01
39627682673070400 1.243903e+00 1.113736e+01 4.983566e-01 4.760918e-01 1.258034e+00 1.104035e+01 5.410269e-01 1.831137e+00
39627830606169344 1.258512e+00 8.949854e+00 8.288649e-02 2.017232e+00 1.167181e+00 8.901552e+00 5.385993e-02 1.927037e+00
39627758149568264 1.722605e+00 1.023604e+01 1.382044e-01 -7.979445e-01 1.686923e+00 1.026791e+01 1.315436e-01 -1.810661e+00
39627761135913200 1.809741e+00 1.117605e+01 4.713483e-01 -3.834215e+00 1.702911e+00 1.142963e+01 4.907293e-01 -9.341449e-02
39627794396742576 1.405200e+00 1.035538e+01 1.362575e-01 -2.244974e+00 1.432057e+00 1.054353e+01 1.821658e-01 4.892698e-01
39627835224097952 1.554050e+00 1.064029e+01 1.999627e-01 -2.082323e+00 1.559373e+00 1.052364e+01 2.014735e-01 -2.466587e+00
39627805373238320 1.773168e+00 1.045570e+01 9.259461e-02 -5.490749e-01 1.843960e+00 1.044288e+01 6.717964e-02 -1.819699e+00
39627817981315256 1.349435e+00 9.161656e+00 7.671694e-02 -1.261391e+00 1.318492e+00 9.171955e+00 7.025209e-02 2.076481e-01
39627781855773864 1.553970e+00 1.014649e+01 7.308452e-02 4.421737e-01 1.381733e+00 1.053180e+01 1.257317e-01 1.813471e+00
39627830031552096 1.578139e+00 1.088689e+01 2.702820e-01 -1.230062e+00 1.732862e+00 1.089616e+01 2.786927e-01 -1.578598e+00
39627745478578696 1.378867e+00 1.039842e+01 1.799443e-01 1.154179e+00 1.345318e+00 1.048849e+01 1.873576e-01 1.456659e+00
39627814781065888 1.366689e+00 1.040631e+01 1.409357e-01 8.746055e-01 1.385242e+00 1.007208e+01 1.095210e-01 4.839828e-01
39627811119433464 1.626276e+00 1.019704e+01 1.560622e-01 2.393675e-01 1.599683e+00 1.020752e+01 1.507056e-01 -1.743852e+00
39627757503644200 1.663069e+00 1.098101e+01 3.332457e-01 -1.669795e-01 1.610393e+00 1.116438e+01 3.556356e-01 -4.874254e-01
39627762754915136 1.262346e+00 1.052850e+01 1.761801e-01 2.624319e+00 1.225453e+00 1.055354e+01 1.782248e-01 3.103541e+00
39627829465321720 1.241120e+00 1.024434e+01 9.254480e-02 -2.003898e+00 1.432534e+00 1.042328e+01 1.015416e-01 3.363687e-01
39627772670252496 1.137331e+00 9.978243e+00 1.181499e-01 4.654428e+00 1.107724e+00 9.987762e+00 1.227475e-01 4.185003e+00
39627776285739936 1.295486e+00 1.094144e+01 2.031748e-01 4.876670e-01 1.355293e+00 1.083006e+01 2.092927e-01 7.591940e-01
39627775740480880 1.661175e+00 1.070616e+01 3.293811e-01 1.057456e+00 1.680012e+00 1.099746e+01 3.230510e-01 -1.458349e-01
39633157984617968 1.616157e+00 1.104566e+01 3.632929e-01 1.516580e+00 1.727736e+00 1.096542e+01 3.466954e-01 4.261713e-01
39627752130743360 1.319369e+00 1.069228e+01 2.983238e-01 2.393188e+00 1.429893e+00 1.072328e+01 2.666118e-01 3.035015e-01
39627794384164088 1.405656e+00 1.050412e+01 3.186754e-01 1.580264e+00 1.457083e+00 1.089711e+01 3.333594e-01 6.629296e-01
39627784737266600 1.404871e+00 1.101340e+01 2.965649e-01 -2.580882e+00 1.417535e+00 1.111418e+01 2.777527e-01 -1.018334e+00
39627841360367024 1.786526e+00 1.060767e+01 2.020385e-01 -1.459631e+00 1.753589e+00 1.069302e+01 1.973684e-01 -1.970046e+00
39627764235505520 1.672789e+00 1.067464e+01 3.875117e-01 -8.760630e-01 1.785603e+00 1.110019e+01 3.803636e-01 -7.999121e-01
39627770216582360 1.057142e+00 9.433331e+00 1.018982e-01 4.723597e+00 1.152527e+00 8.662838e+00 5.764401e-02 1.959538e+00
39627824595732640 1.326812e+00 1.008471e+01 1.184226e-01 2.368758e+00 1.355899e+00 9.922711e+00 8.106452e-02 6.162820e-01
39633286372263224 1.677465e+00 1.004002e+01 6.594273e-02 -1.636535e-01 1.780036e+00 9.890461e+00 3.194816e-02 -1.141454e+00
39627790475070680 1.375989e+00 1.087791e+01 2.493409e-01 -2.173705e+00 1.589660e+00 1.088885e+01 2.552941e-01 -2.654463e+00
39627776394793688 1.920835e+00 1.112967e+01 2.814451e-01 -1.959678e+00 1.906108e+00 1.130369e+01 2.954763e-01 -1.470021e+00
39627682660489672 1.498307e+00 1.039234e+01 2.149074e-01 1.889102e+00 1.418890e+00 1.055720e+01 1.996971e-01 1.034536e+00
39627818648208896 1.089045e+00 8.734275e+00 1.210784e-01 1.029167e+00 1.048584e+00 8.671746e+00 9.803316e-02 8.136009e-01
39627812092513904 1.815516e+00 1.105461e+01 3.880089e-01 -8.117491e-01 1.847904e+00 1.131900e+01 4.050719e-01 -7.725410e-01
39627764323583520 1.227858e+00 1.012508e+01 1.629642e-01 4.269133e+00 1.178779e+00 1.022277e+01 1.506765e-01 3.748760e+00
39627781000138712 1.647949e+00 1.050064e+01 2.004370e-01 -1.057081e+00 1.673045e+00 1.067876e+01 1.920734e-01 -2.296185e+00
39627814596514576 1.677086e+00 1.066648e+01 1.293781e-01 -2.310472e+00 1.750154e+00 1.073652e+01 1.317902e-01 -2.431435e+00
39627824662840352 1.770862e+00 1.108217e+01 2.942770e-01 -3.782661e-01 1.766655e+00 1.090879e+01 3.084764e-01 -2.021382e-01
39627812478390360 1.436517e+00 1.037252e+01 1.739567e-01 -3.425220e+00 1.502854e+00 1.080855e+01 1.791222e-01 5.334466e-01
39633123201254936 1.573269e+00 1.062865e+01 2.275601e-01 -1.600918e+00 1.500145e+00 1.064866e+01 1.949653e-01 -8.024907e-02
39627787752968144 1.164243e+00 9.648903e+00 8.299176e-02 4.401011e+00 1.111718e+00 9.798569e+00 8.465691e-02 3.727893e+00
39627768803105176 1.213345e+00 9.773667e+00 1.164365e-01 3.004778e+00 1.182986e+00 9.929905e+00 1.762267e-01 3.029501e+00
39633157980424760 1.826704e+00 1.095662e+01 3.759529e-01 7.328795e-01 1.767126e+00 1.116276e+01 3.775606e-01 -4.556485e-01
39627782392646976 1.159810e+00 1.008162e+01 2.052017e-01 2.738478e+00 1.233697e+00 1.028710e+01 2.205431e-01 2.911351e+00
39627757751111880 1.783608e+00 1.106675e+01 4.560154e-01 -2.502962e+00 1.532309e+00 1.114177e+01 4.986624e-01 -2.782323e-01
39633149470181896 1.611829e+00 1.099733e+01 2.595633e-01 -1.870624e+00 1.641044e+00 1.105597e+01 2.839729e-01 -9.191984e-01
39627770287882432 1.281460e+00 1.033770e+01 2.779710e-01 -1.004886e+00 1.237990e+00 1.058684e+01 2.678222e-01 1.007798e+00
39633158194333736 1.665052e+00 1.115648e+01 3.845133e-01 1.069475e+00 1.727348e+00 1.103459e+01 4.012409e-01 -1.770688e-01
39627763136595840 1.832798e+00 1.110840e+01 4.172063e-01 -1.260039e+00 1.531810e+00 1.130913e+01 4.374275e-01 -4.625261e-02
39627758120207952 1.671469e+00 1.088629e+01 2.944902e-01 7.078682e-01 1.817049e+00 1.099966e+01 2.890623e-01 -1.256183e+00
39627853385435248 1.557745e+00 1.076278e+01 3.229040e-01 -1.821857e-01 1.545874e+00 1.092677e+01 3.364248e-01 -1.248208e+00
39627769600017456 1.725748e+00 1.077675e+01 1.796243e-01 -1.456567e+00 1.811309e+00 1.081378e+01 1.816798e-01 -9.279430e-01
39627782359095704 1.176679e+00 9.321856e+00 1.062485e-01 6.431882e-01 1.135306e+00 8.998626e+00 9.387927e-02 1.499485e+00
39627752164295888 1.692232e+00 1.043062e+01 2.132586e-01 -3.404718e-01 1.602813e+00 1.065825e+01 2.253088e-01 8.626146e-01
39627799736092648 1.289051e+00 1.091651e+01 2.279247e-01 -2.660917e+00 1.312071e+00 1.080381e+01 2.119223e-01 -1.872939e+00
39627776130548624 1.734533e+00 1.038756e+01 1.269629e-01 1.089832e-01 1.781819e+00 1.049323e+01 1.096600e-01 -1.655378e+00
39627782384260672 1.197503e+00 1.006833e+01 2.196984e-01 3.434692e+00 1.219819e+00 1.014623e+01 2.147457e-01 3.645456e+00
39627859446206304 1.702332e+00 1.105943e+01 3.882387e-01 -1.240665e+00 1.593354e+00 1.105398e+01 3.885977e-01 -1.652666e+00
39627772934490848 1.135088e+00 8.780026e+00 7.366613e-02 3.165338e+00 1.167313e+00 8.382315e+00 3.666490e-02 3.629326e+00
39627782434592232 1.537414e+00 1.049957e+01 2.262997e-01 -2.750905e+00 1.531725e+00 1.042103e+01 2.502779e-01 -9.888750e-01
39627790785451976 1.286441e+00 1.026165e+01 3.402531e-01 1.435320e+00 1.224847e+00 1.040310e+01 3.366411e-01 1.853743e+00
39633136274900368 1.863515e+00 1.105953e+01 2.773226e-01 -1.526975e+00 1.858559e+00 1.104920e+01 2.902623e-01 -1.263520e+00
39627764315199256 1.464829e+00 1.111393e+01 3.781487e-01 1.976959e+00 1.452136e+00 1.108811e+01 3.717385e-01 1.008790e+00
39627847395969568 1.212931e+00 1.029218e+01 1.889605e-01 -3.837375e+00 1.337956e+00 1.017895e+01 1.686836e-01 7.165676e-01
39627776227019680 1.614563e+00 1.052316e+01 1.601713e-01 -4.910273e-01 1.670885e+00 1.029832e+01 1.325747e-01 -2.074671e-02
39627770262721584 1.143798e+00 1.025314e+01 1.855939e-01 3.645916e+00 1.196275e+00 9.995879e+00 1.477352e-01 4.087203e+00
39627800453317728 1.338375e+00 8.541926e+00 5.620971e-02 -6.882343e-02 1.196032e+00 8.960720e+00 6.971855e-02 2.732525e+00
39627738738332008 1.823322e+00 1.113167e+01 5.247863e-01 -3.106725e-01 1.690559e+00 1.137724e+01 5.612130e-01 -1.152925e+00
39627808921624248 1.034010e+00 8.551069e+00 6.244876e-02 -3.417334e+00 1.083744e+00 8.287596e+00 5.279224e-02 1.994030e+00
39627776201851640 1.503169e+00 1.082100e+01 2.623455e-01 1.364366e+00 1.670279e+00 1.067719e+01 2.324066e-01 -5.034467e-01
39627752080409808 1.628208e+00 1.025238e+01 1.241369e-01 -7.298416e-01 1.672893e+00 1.020635e+01 1.287104e-01 -2.026490e+00
39627803183809624 1.095275e+00 9.692686e+00 1.323844e-01 4.091846e+00 1.103261e+00 9.511709e+00 1.345561e-01 4.464128e+00
39627775652398344 1.101636e+00 9.606503e+00 1.614092e-01 2.557371e+00 1.126793e+00 9.005603e+00 1.143095e-01 4.275737e+00
39627806509896920 1.561982e+00 1.002573e+01 1.197263e-01 -4.365772e+00 1.513692e+00 9.996138e+00 1.088321e-01 -1.106181e+00
39627751505790408 1.710258e+00 1.039069e+01 1.857680e-01 1.038626e-01 1.763102e+00 1.066859e+01 1.837723e-01 -7.087485e-01
39627791129384840 9.723502e-01 8.461478e+00 1.213218e-01 5.001013e+00 1.144621e+00 9.147056e+00 1.039782e-01 3.634439e+00
39627805792670936 1.597208e+00 1.079683e+01 3.059755e-01 -1.084246e+00 1.463932e+00 1.093517e+01 3.199192e-01 2.831304e-01
39627841360368448 1.339820e+00 1.017999e+01 1.016358e-01 1.980369e+00 1.324438e+00 1.022967e+01 8.846322e-02 2.173156e+00
39627847312085664 1.750726e+00 1.032281e+01 1.964313e-01 -6.327022e-01 1.683926e+00 1.044947e+01 1.827234e-01 -9.728644e-01
39627770166249104 1.239919e+00 1.008311e+01 1.753700e-01 2.259319e+00 1.252149e+00 9.874194e+00 1.381136e-01 2.610752e+00
39627787824271152 1.333826e+00 1.057622e+01 2.708375e-01 1.504176e+00 1.497081e+00 1.061207e+01 2.771049e-01 1.377275e+00
39627776247994024 1.237338e+00 1.028016e+01 3.058677e-01 3.035613e+00 1.231058e+00 1.077293e+01 3.317585e-01 2.697849e+00
39627800440734384 1.859406e+00 1.085432e+01 3.283543e-01 -1.471995e+00 1.678236e+00 1.090395e+01 3.269895e-01 -2.367876e-01
39627794346410056 1.734404e+00 1.083027e+01 1.950000e-01 -1.016040e+00 1.640246e+00 1.078650e+01 2.014460e-01 -1.039420e+00
39627818534966176 1.644377e+00 1.074655e+01 1.663204e-01 1.212726e-01 1.579690e+00 1.076004e+01 1.701160e-01 -9.704046e-01
39627752055244120 1.093206e+00 9.573502e+00 1.509366e-01 3.507760e-01 1.135370e+00 9.280682e+00 1.223500e-01 9.432486e-01
39627769138646472 1.689302e+00 1.139958e+01 6.183200e-01 9.269491e-01 1.655071e+00 1.160423e+01 6.642919e-01 -3.250402e-02
39627823173864808 1.690183e+00 1.096673e+01 2.191144e-01 -7.920679e-01 1.745791e+00 1.067777e+01 2.090935e-01 -1.137895e+00
39627745587626472 1.567996e+00 9.349668e+00 3.266309e-02 4.385094e-01 1.463286e+00 9.011362e+00 6.660208e-03 9.436989e-01
39627792932935096 1.236476e+00 1.027731e+01 1.516309e-01 3.609427e+00 1.281543e+00 1.018517e+01 1.018741e-01 -8.607632e-01
39627800457515608 1.122212e+00 9.190685e+00 1.479612e-01 1.949803e+00 1.088004e+00 8.938535e+00 1.294793e-01 4.044543e+00
39627799815786560 1.172432e+00 9.810379e+00 1.063682e-01 4.671454e+00 1.205469e+00 9.783970e+00 1.006302e-01 2.871332e+00
39627763606360608 1.575132e+00 9.640413e+00 8.296008e-02 -3.793342e-01 1.508237e+00 9.159063e+00 3.578274e-02 8.049777e-01
39627791104215408 1.163926e+00 8.010662e+00 4.240693e-02 2.117397e+00 1.123509e+00 7.456162e+00 0.000000e+00 2.152179e+00
39627774893232264 1.577490e+00 1.088216e+01 2.699250e-01 -2.956295e+00 1.767162e+00 1.092468e+01 2.873016e-01 -1.977039e+00
39627782430396024 1.097493e+00 9.149788e+00 1.474484e-01 2.012732e-01 1.111954e+00 8.963254e+00 1.248426e-01 2.176644e+00
39627800457513192 1.169393e+00 9.547297e+00 1.355955e-01 3.852324e+00 1.134392e+00 9.549211e+00 1.313192e-01 4.556049e+00
39627824562178192 1.591944e+00 1.079458e+01 2.750610e-01 -6.487252e-01 1.635352e+00 1.085150e+01 2.824187e-01 -1.166903e+00
39627781100798960 1.824239e+00 1.081744e+01 2.324993e-01 -1.073072e+00 1.795654e+00 1.090565e+01 2.286037e-01 -8.528824e-01
39627782254235152 1.417585e+00 1.070772e+01 2.606892e-01 1.912741e+00 1.357653e+00 1.085517e+01 3.296612e-01 1.682469e+00
39627766974385872 1.135451e+00 9.435293e+00 6.727637e-02 3.648627e+00 1.163299e+00 9.081285e+00 2.963950e-02 4.697773e+00
39627682664679664 1.668154e+00 1.046468e+01 1.537160e-01 3.149092e-01 1.729264e+00 1.048847e+01 1.433234e-01 -1.679380e+00
39627899132710312 1.695840e+00 1.116141e+01 4.194656e-01 -1.212679e+00 1.814188e+00 1.131313e+01 4.359481e-01 -1.468136e+00
39627824474096480 1.858564e+00 1.061100e+01 1.711435e-01 -1.124142e+00 1.869915e+00 1.084003e+01 1.712372e-01 -1.878544e+00
39627853490294136 1.588104e+00 1.093980e+01 4.177614e-01 -1.213415e+00 1.613355e+00 1.091909e+01 4.336329e-01 -8.305815e-01
39627793016821000 1.166363e+00 1.065956e+01 1.575944e-01 3.650052e+00 1.199189e+00 1.048531e+01 1.257530e-01 3.466708e+00
39627800436543376 1.451455e+00 1.064082e+01 3.284471e-01 1.256251e+00 1.361557e+00 1.081246e+01 3.429972e-01 2.130993e+00
39627824142747184 1.210954e+00 9.511655e+00 4.763475e-02 4.565631e+00 1.264347e+00 9.175473e+00 1.961638e-02 3.222774e+00
39627818589489560 1.244801e+00 9.400218e+00 1.555155e-01 3.488926e+00 1.099214e+00 9.834529e+00 1.954426e-01 4.611334e+00
39627829276574624 1.204007e+00 1.118717e+01 5.190982e-01 -1.079884e+00 1.229141e+00 1.110501e+01 5.520438e-01 1.545539e+00
39627806568616360 1.601029e+00 1.053414e+01 1.698170e-01 -2.115650e+00 1.666642e+00 1.053889e+01 1.706340e-01 -2.942174e+00
39627745457606096 1.642422e+00 1.081611e+01 2.728910e-01 1.253034e+00 1.579120e+00 1.096656e+01 2.784925e-01 1.723480e-02
39627770178834832 1.006006e+00 9.343158e+00 1.168691e-01 2.688367e+00 1.077703e+00 8.549973e+00 9.433217e-02 2.096522e+00
39627761161082128 1.159013e+00 1.060132e+01 1.826731e-01 3.956590e+00 1.253865e+00 1.029736e+01 1.489930e-01 2.971982e+00
39627863166554288 1.699016e+00 1.088900e+01 3.506060e-01 -1.597920e-01 1.798939e+00 1.129784e+01 3.905806e-01 -9.982035e-01
39627794338025096 1.908021e+00 1.020824e+01 3.177711e-01 1.334951e+00 1.589355e+00 1.082827e+01 3.297656e-01 -7.415620e-01
39627769637769920 1.528489e+00 1.076669e+01 2.740451e-01 -4.650729e-01 1.694306e+00 1.071281e+01 2.684693e-01 -1.733064e+00
39627764302614952 1.255508e+00 9.282415e+00 7.187716e-02 -1.248988e+00 1.203012e+00 9.459018e+00 7.735044e-02 2.797679e+00
39633136555919256 1.261206e+00 8.991649e+00 7.218610e-02 3.263005e+00 1.207616e+00 8.656824e+00 4.247330e-02 3.122636e+00
39627787698441744 1.370507e+00 9.932809e+00 9.515876e-02 1.320574e+00 1.356450e+00 9.914141e+00 7.992969e-02 1.700111e+00
39627806530865512 1.784519e+00 1.026416e+01 1.269191e-01 -1.320691e+00 1.721476e+00 1.022543e+01 1.130952e-01 -1.831794e+00
39627794472240568 1.399871e+00 1.019066e+01 3.021113e-01 2.610892e+00 1.376556e+00 1.054546e+01 3.349850e-01 5.421598e-01
39627788382112944 1.285495e+00 9.626204e+00 1.472894e-01 2.512848e+00 1.218112e+00 9.664834e+00 1.257790e-01 3.363279e+00
39627811358512072 1.704378e+00 1.119985e+01 4.529118e-01 -8.332754e-04 1.554765e+00 1.137109e+01 4.801657e-01 -1.646365e+00
39627823907865984 1.631954e+00 1.069365e+01 1.331168e-01 6.591281e-01 1.696081e+00 1.064925e+01 1.011381e-01 -2.920402e-01
39627762801054168 1.600286e+00 1.030773e+01 1.735465e-01 -1.015773e+00 1.556905e+00 1.021416e+01 1.681833e-01 -1.368254e+00
39633127429115984 1.332753e+00 1.001427e+01 1.165775e-01 3.424313e+00 1.260889e+00 1.027543e+01 1.205639e-01 2.776333e+00
39627775669179952 1.618352e+00 1.057145e+01 1.511415e-01 -1.411361e+00 1.766142e+00 1.058569e+01 1.487199e-01 -9.091982e-01
39627752160102432 1.250462e+00 1.053125e+01 2.566296e-01 2.643896e+00 1.255623e+00 1.053911e+01 2.416216e-01 2.298655e+00
39627758246038760 1.089384e+00 1.063233e+01 2.872799e-01 4.678011e+00 1.188055e+00 1.022909e+01 2.475241e-01 5.262141e+00
39627775644009384 1.566618e+00 1.087569e+01 2.390994e-01 1.182575e+00 1.610410e+00 1.087798e+01 2.358212e-01 -1.814184e+00
39627799085975616 1.199711e+00 1.050612e+01 2.408213e-01 4.701582e+00 1.251008e+00 1.051474e+01 2.230575e-01 3.439874e+00
39627804991557608 1.851983e+00 1.103616e+01 3.521364e-01 -3.879753e-02 1.790135e+00 1.119810e+01 3.742383e-01 -6.936774e-01
39627778194147048 1.614382e+00 1.154585e+01 4.751408e-01 1.189547e-01 1.656106e+00 1.139029e+01 5.138944e-01 -1.786768e-01
39627774905814960 1.269734e+00 1.111879e+01 6.272824e-01 4.422688e+00 1.338103e+00 1.144788e+01 6.543397e-01 2.788882e+00
39627774964536288 1.260070e+00 1.050754e+01 2.078835e-01 2.196917e+00 1.286196e+00 1.040127e+01 1.969316e-01 3.830788e-01
39627761123335608 1.115283e+00 9.386603e+00 1.506585e-01 4.734459e-01 1.150777e+00 9.306623e+00 1.517818e-01 2.557092e+00
39627778340947136 1.306140e+00 1.059478e+01 1.883328e-01 4.042514e+00 1.298933e+00 1.039130e+01 1.660590e-01 2.820465e+00
39633149734420664 1.666378e+00 1.155980e+01 5.047545e-01 -5.490346e-01 1.745275e+00 1.150204e+01 5.410433e-01 -4.984660e-01
39627754559242624 1.277841e+00 1.057422e+01 3.017050e-01 -1.393389e+00 1.295506e+00 1.062618e+01 3.257055e-01 9.513315e-01
39627812662935824 1.619513e+00 1.040830e+01 1.086078e-01 7.228622e-01 1.660277e+00 1.056132e+01 9.597377e-02 -7.101531e-01
39627769574855440 1.174193e+00 9.551516e+00 1.166662e-01 2.931938e+00 1.207378e+00 9.612740e+00 1.170792e-01 3.101773e+00
39633158034948512 1.652493e+00 1.099873e+01 2.835232e-01 -2.226055e+00 1.750416e+00 1.092506e+01 2.932551e-01 -2.185385e+00
39627774897425912 1.831839e+00 1.075128e+01 2.123993e-01 -7.992514e-01 1.688860e+00 1.077337e+01 2.258245e-01 -1.412140e+00
39627787752966352 1.456701e+00 1.038333e+01 1.818930e-01 2.226165e+00 1.475375e+00 1.045469e+01 1.760359e-01 1.671779e+00
39627746007058984 1.625851e+00 1.072622e+01 2.585107e-01 1.175772e+00 1.686414e+00 1.060061e+01 2.456677e-01 -1.329670e+00
39627793868263536 1.131060e+00 1.058911e+01 3.833030e-01 5.338858e+00 1.155161e+00 1.067103e+01 3.657014e-01 4.739867e+00
39627758258620312 1.606492e+00 1.042250e+01 2.021604e-01 1.634510e-01 1.535800e+00 1.062373e+01 2.027871e-01 -6.609701e-01
39627786897331864 1.858049e+00 1.070521e+01 2.000477e-01 -1.147375e+00 1.737572e+00 1.089296e+01 2.088679e-01 -6.590542e-01
39627781780275840 1.703163e+00 1.012602e+01 1.859049e-01 8.529955e-01 1.592609e+00 1.020162e+01 1.716174e-01 3.373475e-01
39627764269056352 1.567667e+00 1.036411e+01 2.032859e-01 -1.293827e-01 1.521788e+00 1.058880e+01 2.331747e-01 5.705553e-02
39627788310807080 1.838558e+00 1.068992e+01 1.250809e-01 -9.578862e-01 1.855939e+00 1.065268e+01 1.249498e-01 -1.991289e+00
39627812465808080 1.559489e+00 1.033380e+01 1.788634e-01 -2.063897e+00 1.534982e+00 1.016667e+01 1.652478e-01 -2.233597e+00
39627802558861960 1.756201e+00 1.001091e+01 6.439210e-02 -5.636024e-01 1.675398e+00 1.020175e+01 6.582306e-02 -4.738349e-01
39627838898312448 1.519700e+00 1.090532e+01 4.224372e-01 -1.028862e+00 1.661036e+00 1.113122e+01 4.594589e-01 -2.367886e+00
39627859467176992 1.764622e+00 1.089716e+01 1.971042e-01 -2.846851e+00 1.858936e+00 1.091432e+01 1.984742e-01 -1.753584e+00
39627814500045992 1.504252e+00 1.029716e+01 2.492283e-01 -6.432949e-01 1.361503e+00 1.049648e+01 2.699057e-01 5.791376e-01
39627794346415256 1.727264e+00 1.046843e+01 1.268516e-01 -2.040990e+00 1.734458e+00 1.047747e+01 1.174885e-01 -7.932929e-01
39627758099237712 1.512479e+00 1.011939e+01 1.185996e-01 3.097743e-01 1.457031e+00 1.021896e+01 1.101049e-01 4.916310e-02
39627793775985616 1.585293e+00 1.009364e+01 1.302350e-01 -1.641641e-01 1.706661e+00 1.014447e+01 1.122078e-01 -7.397716e-01
39627806518282336 1.426493e+00 9.567016e+00 7.808901e-02 1.310684e+00 1.312030e+00 9.527809e+00 4.516450e-02 2.251329e+00
39627776298324568 1.456448e+00 1.105112e+01 2.984794e-01 2.130623e+00 1.618845e+00 1.096048e+01 3.120214e-01 -1.404879e+00
39627762931073864 1.745839e+00 1.048480e+01 2.197777e-01 5.819753e-02 1.719279e+00 1.061044e+01 2.112048e-01 -1.051380e+00
39633118604298064 1.550379e+00 1.029908e+01 1.557558e-01 1.774870e+00 1.362114e+00 1.037254e+01 1.600716e-01 1.865459e+00
39627830593587400 1.553920e+00 1.088308e+01 3.369392e-01 -7.187716e-01 1.639793e+00 1.106736e+01 3.960811e-01 -7.827097e-01
39633149587623184 1.210981e+00 8.333986e+00 4.016924e-02 4.799733e+00 1.186827e+00 7.980876e+00 4.055679e-03 3.725505e+00
39627664683703600 1.731183e+00 1.111427e+01 3.833571e-01 -2.611332e+00 1.614469e+00 1.096603e+01 3.988150e-01 -1.804749e+00
39627830031553552 1.628173e+00 1.032896e+01 1.629659e-01 -1.456332e+00 1.512702e+00 1.040159e+01 1.568192e-01 1.280635e-01
39627836792768512 1.695661e+00 1.060074e+01 3.811257e-01 1.208053e+00 1.576108e+00 1.086752e+01 3.873256e-01 -1.144579e+00
39627773144205928 1.332911e+00 1.045873e+01 8.022194e-02 1.411853e+00 1.265077e+00 1.020838e+01 6.365131e-02 2.979709e+00
39627769600019552 1.211503e+00 1.024751e+01 1.762382e-01 4.170057e+00 1.343114e+00 9.740880e+00 1.321788e-01 2.504662e+00
39627824629287792 1.185529e+00 9.157616e+00 1.369681e-01 5.583797e+00 1.166637e+00 9.537523e+00 1.663342e-01 3.636329e+00
39627764197756992 1.885822e+00 1.087536e+01 3.036820e-01 -8.342836e-01 1.672244e+00 1.097616e+01 3.168198e-01 -1.444027e+00
39627764294222448 1.682957e+00 1.118963e+01 4.543174e-01 -1.097796e+00 1.725084e+00 1.126262e+01 4.712421e-01 -1.350744e+00
39627853469319408 1.459771e+00 1.057661e+01 2.315705e-01 1.269053e+00 1.464755e+00 1.064022e+01 2.523108e-01 3.554103e-01
39627740046952712 1.214532e+00 9.558476e+00 1.312391e-01 3.113185e+00 1.199026e+00 9.396106e+00 1.165900e-01 3.180354e+00
39627886906315368 1.539889e+00 1.144990e+01 4.268246e-01 4.068401e-01 1.529764e+00 1.149068e+01 4.642672e-01 -9.354725e-01
39627853507073048 1.139379e+00 8.542453e+00 2.540834e-02 4.471325e+00 1.134717e+00 8.202337e+00 0.000000e+00 4.484701e+00
39627805012530504 1.193485e+00 1.081741e+01 2.844724e-01 2.991316e+00 1.297284e+00 1.051722e+01 2.175580e-01 2.075852e+00
39627752080409872 1.104703e+00 9.163300e+00 1.244102e-01 5.100173e+00 1.141872e+00 8.886765e+00 9.319948e-02 4.010145e+00
39627769587437920 1.048097e+00 1.074965e+01 3.094577e-01 4.445198e+00 1.123265e+00 1.044329e+01 3.426901e-01 4.164994e+00
39627762922689464 1.343330e+00 1.037764e+01 1.662332e-01 3.815261e+00 1.355031e+00 1.039997e+01 1.478608e-01 1.763236e+00
39627898990100576 1.748397e+00 1.109326e+01 3.159317e-01 -7.499656e-01 1.653543e+00 1.134502e+01 3.706671e-01 -8.735098e-01
39627770363380736 1.824784e+00 1.010105e+01 8.407718e-02 -6.533416e-01 1.770201e+00 1.021027e+01 7.973926e-02 -1.003324e+00
39627823903672224 1.805966e+00 1.007325e+01 7.632151e-02 -1.405765e+00 1.739796e+00 9.920706e+00 4.493684e-02 -5.135037e-01
39627712851084552 1.592063e+00 1.122944e+01 4.143363e-01 -3.050847e-01 1.646298e+00 1.108042e+01 4.362575e-01 -1.238440e+00
39627733927465384 1.525506e+00 1.106843e+01 3.726368e-01 -5.005798e-01 1.649828e+00 1.103275e+01 3.748723e-01 -1.191944e+00
39627818664984968 1.240970e+00 1.017538e+01 1.843869e-01 2.481714e+00 1.288333e+00 9.963748e+00 1.509482e-01 1.641800e+00
39627799740288640 1.670989e+00 1.079206e+01 2.348291e-01 4.255298e-01 1.754203e+00 1.072149e+01 2.250239e-01 -4.215348e-01
39627829930888416 1.812751e+00 1.078206e+01 2.165897e-01 -1.153502e+00 1.731703e+00 1.091290e+01 2.225253e-01 -9.204330e-01
39627772615724144 1.666632e+00 1.035447e+01 1.746239e-01 -5.208806e-01 1.672146e+00 1.048981e+01 1.716996e-01 -8.567579e-01
39627836113290896 1.589832e+00 1.064999e+01 2.148750e-01 3.156653e-01 1.571028e+00 1.071515e+01 2.748723e-01 8.023592e-01
39627811056519720 1.219591e+00 1.039878e+01 2.000573e-01 2.723725e+00 1.266913e+00 1.029212e+01 1.677665e-01 -1.234100e-01
39627770262719688 1.843081e+00 1.097088e+01 2.588183e-01 -1.645149e+00 1.894178e+00 1.119049e+01 2.732549e-01 -1.561197e+00
39627823303889024 1.825358e+00 1.082802e+01 3.754840e-01 1.145966e+00 1.791763e+00 1.127609e+01 3.865930e-01 -9.576917e-01
39627836650165936 1.497938e+00 1.056426e+01 1.701291e-01 2.758957e-02 1.506595e+00 1.064584e+01 1.704260e-01 -3.031609e-01
39627770275299792 1.692051e+00 1.035879e+01 1.629052e-01 -9.841624e-01 1.612485e+00 1.023409e+01 1.446129e-01 -1.683230e+00
39627787023160944 1.199012e+00 9.615427e+00 7.710016e-02 -3.517651e+00 1.155515e+00 9.760641e+00 9.113015e-02 -2.121929e+00
39627787761355416 1.101735e+00 8.322126e+00 3.660678e-02 5.456401e+00 1.103536e+00 7.538057e+00 0.000000e+00 4.957637e+00
39627812620992704 1.097787e+00 9.857682e+00 1.199966e-01 1.897505e-01 1.136663e+00 9.920034e+00 1.241151e-01 -2.418216e+00
39627718899278424 1.795560e+00 1.049582e+01 2.794325e-01 -7.063984e-01 1.762657e+00 1.082096e+01 2.789611e-01 -1.340281e+00
39627820812476808 1.591697e+00 1.070880e+01 5.571502e-01 1.239412e+00 1.595462e+00 1.129392e+01 5.852658e-01 4.725885e-01
39627817851291328 1.809724e+00 1.045648e+01 2.673602e-01 -8.472251e-01 1.733089e+00 1.076396e+01 2.683293e-01 -4.561654e-01
39627740126648120 1.441369e+00 1.025224e+01 2.304399e-01 -2.064638e-01 1.675078e+00 1.028972e+01 1.824479e-01 -1.285370e+00
39627778559056984 1.585664e+00 1.093377e+01 2.941876e-01 -1.753525e+00 1.759045e+00 1.091063e+01 2.914729e-01 -1.926185e+00
39627775765648120 1.059665e+00 9.217088e+00 2.067522e-01 2.613015e+00 1.040212e+00 9.414628e+00 2.103139e-01 3.899471e+00
39633153798702976 1.574209e+00 1.109779e+01 2.882735e-01 -2.262387e+00 1.500818e+00 1.127271e+01 3.161179e-01 -5.895129e-01
39627802558862144 1.066017e+00 9.403099e+00 5.892277e-02 3.848692e+00 1.206206e+00 9.283873e+00 3.786398e-02 3.837521e+00
39627823295496544 1.378519e+00 1.016006e+01 2.034697e-01 3.177592e+00 1.334143e+00 1.051404e+01 2.229914e-01 2.121897e+00
39627823220004776 1.059960e+00 8.725965e+00 4.081562e-02 3.787450e+00 1.104614e+00 8.049093e+00 5.582690e-03 4.610837e+00
39627799803202128 1.118222e+00 8.940692e+00 7.641739e-02 5.083833e+00 1.115673e+00 9.229894e+00 6.975852e-02 4.879753e+00
39627871781654200 1.278103e+00 1.007830e+01 6.151901e-02 3.379334e+00 1.291997e+00 9.986440e+00 3.977227e-02 2.832158e+00
39627739522663384 1.429261e+00 1.035838e+01 1.759607e-01 1.902686e+00 1.531018e+00 1.020011e+01 1.451011e-01 -2.644517e-01
39627776231217024 1.481391e+00 1.001634e+01 1.430554e-01 4.558788e-02 1.434207e+00 1.014832e+01 1.343705e-01 -1.866277e-01
39627812415475024 1.134215e+00 9.840366e+00 8.224440e-02 4.586671e+00 1.132693e+00 9.736418e+00 6.687236e-02 4.248889e+00
39627769612601512 1.636270e+00 1.054121e+01 1.787230e-01 -4.067912e-01 1.649772e+00 1.055151e+01 1.723020e-01 -1.829408e+00
39627799748677832 1.571025e+00 1.078465e+01 3.031887e-01 -6.967679e-01 1.711922e+00 1.083283e+01 3.074453e-01 -1.346877e+00
39627836650160456 1.704306e+00 9.584891e+00 5.398623e-02 2.177257e-01 1.762773e+00 9.933119e+00 4.068451e-02 -6.893560e-01
39627824016921320 1.704244e+00 1.065970e+01 1.977369e-01 -1.114690e+00 1.679863e+00 1.066132e+01 2.021637e-01 -1.799140e+00
39627853372852880 1.773435e+00 1.082464e+01 2.060330e-01 -1.233840e+00 1.874664e+00 1.094362e+01 1.957453e-01 -1.620927e+00
39627847601488864 1.688870e+00 1.093910e+01 3.854001e-01 -1.901928e-01 1.538857e+00 1.119933e+01 4.364521e-01 -6.965694e-01
39627829452735256 1.650971e+00 1.035006e+01 1.006231e-01 -1.508778e-01 1.690387e+00 1.039277e+01 7.502255e-02 -7.743506e-01
39627775681759672 1.428871e+00 1.085432e+01 2.579329e-01 -1.443994e+00 1.477708e+00 1.078792e+01 2.686768e-01 1.946276e-02
39627746183221080 1.946770e+00 1.034605e+01 2.688541e-01 -3.273411e+00 1.646024e+00 1.070086e+01 2.712182e-01 -1.763128e+00
39627850680107296 1.582981e+00 1.105285e+01 3.129117e-01 -7.474174e-01 1.558215e+00 1.124267e+01 3.307415e-01 -5.887448e-01
39633114225445736 1.893958e+00 1.064587e+01 1.180609e-01 -2.036922e+00 1.834260e+00 1.062316e+01 1.098203e-01 -2.307158e+00
39627781042080912 1.779945e+00 1.073326e+01 2.241407e-01 -1.769306e+00 1.669929e+00 1.063286e+01 2.316879e-01 -1.126867e+00
39627811819883424 1.220947e+00 1.012908e+01 1.331407e-01 2.363311e+00 1.256279e+00 9.774115e+00 1.126311e-01 2.423237e+00
39627739979843360 1.128307e+00 9.195973e+00 1.077293e-01 5.683342e+00 1.135380e+00 9.055319e+00 1.134943e-01 3.623133e+00
39627628545578648 1.839435e+00 1.090572e+01 1.462369e-01 -1.009091e+00 1.840572e+00 1.081224e+01 1.370532e-01 -1.601124e+00
39627768928933184 1.614161e+00 9.975945e+00 1.382618e-01 1.766693e+00 1.606007e+00 1.008980e+01 1.153967e-01 5.378691e-01
39627808556714840 1.131533e+00 9.422755e+00 1.296972e-01 2.953671e+00 1.190326e+00 9.317143e+00 1.238722e-01 3.350510e+00
39633114183500352 1.473498e+00 1.124400e+01 5.045659e-01 -2.224814e-02 1.626888e+00 1.118041e+01 5.623569e-01 -5.026716e-02
39633145313624496 1.243371e+00 9.404746e+00 6.317537e-02 4.878283e+00 1.210103e+00 9.563869e+00 5.039392e-02 3.911403e+00
39627806568613248 1.654839e+00 1.033381e+01 1.717578e-01 -3.772115e+00 1.524693e+00 1.007037e+01 1.664474e-01 -3.557519e-01
39627805079637648 1.763032e+00 1.048906e+01 2.642239e-01 -4.930404e-01 1.696693e+00 1.069455e+01 2.708664e-01 -1.275275e+00
39627787169961008 1.079829e+00 9.519761e+00 6.258030e-02 4.673507e+00 1.169625e+00 9.457250e+00 3.660968e-02 4.442907e+00
39627799031449144 1.767914e+00 1.066805e+01 1.898869e-01 -1.720478e+00 1.722568e+00 1.059636e+01 1.882244e-01 -1.427046e+00
39627836604025904 1.515062e+00 1.022486e+01 1.754944e-01 5.081103e-01 1.550483e+00 1.039213e+01 1.532665e-01 -4.571565e-01
39627790743508704 1.169357e+00 9.737110e+00 1.266800e-01 1.823966e+00 1.173136e+00 9.565438e+00 1.076822e-01 1.455239e+00
39627835991656312 1.281338e+00 9.902428e+00 1.012369e-01 -3.254319e-01 1.259112e+00 9.479337e+00 7.206060e-02 1.152054e+00
39627899111736984 1.786004e+00 1.093319e+01 4.787037e-01 -9.535602e-01 1.669596e+00 1.136059e+01 5.014588e-01 -2.349968e+00
39633286372264160 1.663611e+00 1.097054e+01 4.536376e-01 -1.474902e+00 1.633040e+00 1.127590e+01 4.780012e-01 -1.385823e+00
39627752235599744 1.794164e+00 1.104777e+01 4.234833e-01 -3.494340e-01 1.707821e+00 1.131628e+01 4.617564e-01 -4.722607e-01
39633162359276520 1.651894e+00 1.107132e+01 4.180080e-01 -2.844060e+00 1.597200e+00 1.109695e+01 4.365900e-01 -8.350085e-01
39627751933611680 1.677119e+00 1.097470e+01 2.890288e-01 -7.529336e-01 1.769020e+00 1.092574e+01 2.817699e-01 -2.116367e+00
39627889892655824 1.845100e+00 1.123183e+01 3.344510e-01 -1.079811e+00 1.757999e+00 1.120967e+01 3.773038e-01 -1.009129e-01
39627871517414416 1.418806e+00 9.780432e+00 1.233502e-01 2.942453e-01 1.338912e+00 9.884027e+00 1.086727e-01 1.043317e+00
39627817280865848 1.443907e+00 1.054065e+01 2.852005e-01 3.021655e+00 1.584514e+00 1.048287e+01 2.301468e-01 1.081478e+00
39627812453223792 1.433284e+00 1.015768e+01 2.180686e-01 3.274852e-01 1.441450e+00 1.003883e+01 1.888722e-01 5.763647e-01
39627799115335304 1.210539e+00 1.005453e+01 1.452789e-01 4.755518e+00 1.157143e+00 9.976929e+00 1.824375e-01 3.905811e+00
39627775660789960 1.819256e+00 1.068209e+01 1.772546e-01 -1.273345e+00 1.808882e+00 1.085645e+01 1.945889e-01 -9.477584e-01
39627794358993256 1.822447e+00 1.039588e+01 2.882474e-01 3.350158e+00 1.516695e+00 1.064185e+01 2.708658e-01 -6.111068e-01
39627778332563496 1.168352e+00 9.112373e+00 1.083575e-01 4.483678e+00 1.177803e+00 9.426003e+00 1.319919e-01 3.610495e+00
39627841351980024 1.261356e+00 1.011572e+01 2.291376e-01 3.224402e+00 1.288825e+00 1.031650e+01 2.301037e-01 1.774490e+00
39627880983958392 1.904064e+00 1.086503e+01 2.738766e-01 -2.030384e+00 1.782853e+00 1.104416e+01 2.891407e-01 -1.692710e+00
39627740067923936 1.706042e+00 1.084903e+01 1.793823e-01 -1.532333e+00 1.635235e+00 1.083108e+01 1.719757e-01 -1.453893e+00
39627847433716896 1.449078e+00 1.053158e+01 2.800495e-01 2.857800e+00 1.464492e+00 1.067418e+01 2.672329e-01 8.748024e-01
39627802479168456 1.625625e+00 1.009169e+01 8.710555e-02 -1.894866e+00 1.499964e+00 1.022982e+01 7.792635e-02 -1.675562e-01
39627778307393184 1.626411e+00 1.071342e+01 3.614634e-01 1.228306e-02 1.729938e+00 1.111327e+01 3.844118e-01 -1.148132e+00
39627706819683440 1.743495e+00 1.105062e+01 6.112781e-01 5.800465e-01 1.632482e+00 1.163139e+01 6.729640e-01 4.084781e-01
39633153828061232 1.518212e+00 9.947830e+00 1.018158e-01 1.397814e+00 1.428014e+00 1.004989e+01 1.118129e-01 2.388801e-01
39627832606859904 1.806042e+00 1.154242e+01 4.739798e-01 -8.225696e-01 1.753898e+00 1.145384e+01 5.141070e-01 -8.753548e-01
39633157984619320 1.617528e+00 1.096493e+01 3.580392e-01 -1.780776e+00 1.654604e+00 1.096479e+01 3.873660e-01 -3.865141e-01
39627758225069280 1.656845e+00 1.012440e+01 1.382116e-01 -1.238728e+00 1.579895e+00 1.011906e+01 1.310057e-01 -2.039649e+00
39627776285738056 1.708466e+00 1.037079e+01 1.625589e-01 3.701525e-01 1.688120e+00 1.030217e+01 1.522162e-01 -7.693889e-01
39627763010766128 1.675355e+00 1.062975e+01 4.621010e-01 3.651237e-01 1.594619e+00 1.121491e+01 5.219238e-01 1.216741e+00
39627797190151536 1.113638e+00 1.097942e+01 5.256202e-01 3.401838e+00 1.103765e+00 1.059625e+01 4.689485e-01 3.585415e+00
39627800361042288 1.766894e+00 1.059511e+01 1.725218e-01 -8.477066e-01 1.789243e+00 1.064330e+01 1.687211e-01 -1.683852e+00
39627835211518832 1.597789e+00 1.028101e+01 1.840755e-01 4.299175e-01 1.578332e+00 1.032570e+01 1.740757e-01 -2.537164e+00
39627830035747464 1.250023e+00 1.024184e+01 1.624681e-01 4.055595e+00 1.270567e+00 1.023265e+01 1.258805e-01 2.797172e+00
39627796753942864 1.779997e+00 1.081893e+01 2.760637e-01 -1.941038e+00 1.678941e+00 1.090316e+01 3.029400e-01 -2.323922e+00
39627889645194832 1.884260e+00 1.035031e+01 9.505367e-02 -7.237483e-01 1.817695e+00 1.050837e+01 7.787144e-02 -1.770702e+00
39627769574855208 1.777311e+00 1.126063e+01 4.444606e-01 -1.280424e+00 1.782265e+00 1.136431e+01 4.774049e-01 -1.091514e+00
39627830169964920 1.679630e+00 1.135672e+01 4.931638e-01 -1.698092e+00 1.754318e+00 1.139162e+01 5.232824e-01 -9.432617e-01
39627762784277448 1.729472e+00 1.091608e+01 4.588253e-01 -4.974793e-01 1.631444e+00 1.125333e+01 4.889202e-01 -1.030285e+00
39627778475165360 1.757911e+00 1.109866e+01 3.573261e-01 -1.569167e+00 1.773041e+00 1.108378e+01 3.879415e-01 -4.971414e-01
39627764248088192 1.190711e+00 9.897552e+00 1.493131e-01 2.808733e+00 1.262221e+00 9.812209e+00 1.225279e-01 2.719813e+00
39627823136117536 1.552346e+00 1.081958e+01 1.936110e-01 7.391422e-01 1.567360e+00 1.085836e+01 2.055386e-01 9.562922e-02
39627770283692448 1.522730e+00 1.049398e+01 2.184723e-01 -6.467921e-02 1.428250e+00 1.063390e+01 2.457919e-01 5.521276e-01
39627859572034104 1.463097e+00 1.057957e+01 1.274745e-01 -4.803216e-01 1.362649e+00 1.058492e+01 1.535237e-01 2.069641e+00
39627802688887616 1.575365e+00 9.810546e+00 6.902088e-02 1.332134e+00 1.793654e+00 1.009590e+01 5.521505e-02 -1.307873e+00
39627830564230104 1.312376e+00 1.005922e+01 1.666482e-01 -1.481689e+00 1.314285e+00 1.005388e+01 1.518651e-01 1.285322e+00
39627811236874592 1.140421e+00 8.787732e+00 8.542885e-02 1.816401e+00 1.084649e+00 8.490839e+00 7.548428e-02 2.240469e+00
39627814604898504 1.220645e+00 9.731490e+00 7.417020e-02 -1.230530e+00 1.221848e+00 9.695830e+00 5.348656e-02 -1.791555e+00
39633123255783184 1.543361e+00 1.067069e+01 1.559923e-01 4.811412e-01 1.548332e+00 1.077709e+01 1.580141e-01 -3.002610e-01
39627766890504840 1.650897e+00 9.812027e+00 4.594652e-02 -4.525092e-01 1.755445e+00 9.958287e+00 3.774546e-02 -4.674842e-01
39627752055244176 1.626280e+00 9.866514e+00 1.146386e-01 6.573457e-01 1.649215e+00 1.007969e+01 8.956166e-02 -2.185643e-01
39627803208976576 1.011148e+00 9.743322e+00 2.078252e-01 6.406942e+00 1.142557e+00 1.019593e+01 2.021266e-01 3.692606e+00
39627790470876816 1.582382e+00 1.120049e+01 4.324948e-01 1.523279e+00 1.448634e+00 1.141686e+01 4.376568e-01 -1.083085e+00
39627824662842152 1.308455e+00 1.047252e+01 1.497319e-01 -1.121809e+00 1.480739e+00 1.045316e+01 1.536563e-01 -2.681479e+00
39627779058172808 1.440640e+00 9.934714e+00 1.802619e-01 -2.304443e-01 1.299229e+00 1.025182e+01 1.990885e-01 -1.337896e+00
39627752076215552 1.382373e+00 9.428874e+00 1.258483e-01 6.875997e-01 1.255500e+00 9.490719e+00 1.256742e-01 1.419372e+00
39627811236875800 1.410383e+00 9.923781e+00 1.398010e-01 2.371084e+00 1.441693e+00 9.697308e+00 6.571512e-02 6.433279e-01
39627734082651216 1.657986e+00 1.154590e+01 4.052361e-01 -7.044139e-01 1.860929e+00 1.147809e+01 4.031226e-01 -1.013036e+00
39627829368853376 1.423703e+00 9.754907e+00 5.063039e-02 4.345514e-01 1.366943e+00 9.711116e+00 2.425212e-02 1.865842e+00
39627787690053928 1.290967e+00 1.030880e+01 2.632603e-01 7.072087e+00 1.383766e+00 1.042623e+01 2.131331e-01 3.146765e+00
39627751077970760 1.477778e+00 1.132910e+01 5.143166e-01 1.152811e+00 1.473738e+00 1.117865e+01 5.744463e-01 -4.856040e-01
39627746099332808 1.307109e+00 9.931827e+00 5.611464e-02 2.977230e+00 1.314522e+00 9.700915e+00 2.811229e-02 2.520464e+00
39633158219499576 1.719311e+00 1.100797e+01 3.845315e-01 -1.349410e+00 1.655067e+00 1.104991e+01 4.033964e-01 -1.707254e+00
39627811895382336 1.180032e+00 9.289994e+00 9.519373e-02 4.796451e+00 1.164986e+00 9.624525e+00 1.098036e-01 4.081303e+00
39627817998094232 1.241045e+00 1.148797e+01 7.401537e-01 5.819057e+00 1.244326e+00 1.158464e+01 7.381324e-01 4.603482e+00
39633149679895416 1.284283e+00 9.602632e+00 8.638929e-02 2.536173e+00 1.282363e+00 9.649280e+00 8.027533e-02 2.658325e+00
39627836109098736 1.275850e+00 1.075603e+01 1.783541e-01 2.552401e+00 1.309962e+00 1.072971e+01 2.032101e-01 2.234398e+00
39633162699015768 1.697703e+00 1.113629e+01 4.424821e-01 -2.165816e+00 1.674578e+00 1.109200e+01 4.585455e-01 -1.265012e+00
39627853494486408 1.189863e+00 8.244741e+00 2.579058e-02 3.299875e+00 1.165778e+00 8.417598e+00 7.352859e-03 4.155784e+00
39627764294222976 1.021903e+00 1.014626e+01 1.455248e-01 2.598648e+00 1.069403e+00 1.006704e+01 1.331387e-01 3.040929e+00
39627664624980104 1.712470e+00 1.084470e+01 3.529262e-01 9.110211e-01 1.716447e+00 1.109457e+01 3.727824e-01 3.802761e-01
39627739442971008 1.642937e+00 1.063213e+01 1.311404e-01 -1.890723e+00 1.653038e+00 1.066535e+01 1.352696e-01 -7.609221e-01
39627853431570552 1.509246e+00 1.060312e+01 1.974982e-01 -1.149634e+00 1.493719e+00 1.063569e+01 2.097557e-01 8.343176e-01
39627802382703672 1.537976e+00 1.096383e+01 3.200241e-01 -1.562299e+00 1.708841e+00 1.097558e+01 3.075506e-01 -1.899368e+00
39627814785260704 1.183168e+00 9.204039e+00 7.725813e-02 1.175626e+00 1.156739e+00 8.679572e+00 6.057493e-02 2.662909e+00
39627877611733752 1.467203e+00 1.082414e+01 1.691640e-01 -4.339629e+00 1.520226e+00 1.084846e+01 1.637552e-01 -2.333088e+00
39627823974975408 1.079005e+00 9.278837e+00 4.744837e-02 4.237640e+00 1.117506e+00 8.740298e+00 1.120459e-02 4.831258e+00
39627758166343944 1.385545e+00 1.066332e+01 2.802494e-01 2.658649e+00 1.445760e+00 1.074745e+01 2.660674e-01 9.464968e-01
39627818698539496 1.113164e+00 9.628745e+00 8.790787e-02 6.946993e-01 1.183605e+00 9.872205e+00 1.224490e-01 1.716432e+00
39627787107046544 1.681848e+00 1.131346e+01 4.585177e-01 -1.409913e+00 1.699458e+00 1.128137e+01 4.765037e-01 -6.981117e-01
39627793952149840 1.670550e+00 1.157131e+01 5.849233e-01 3.996646e-02 1.678535e+00 1.156445e+01 6.500728e-01 1.922083e-01
39627830744585512 1.546032e+00 1.036867e+01 2.258206e-01 -2.234986e+00 1.495665e+00 1.047235e+01 2.239432e-01 -2.626822e+00
39627853486101864 1.735912e+00 1.034193e+01 1.540220e-01 -1.738443e+00 1.709902e+00 1.041856e+01 1.508071e-01 -6.359499e-01
39627800365238320 1.597109e+00 1.086681e+01 4.888289e-01 -1.244458e+00 1.651383e+00 1.121443e+01 5.194818e-01 -1.353145e+00
39627752172687096 1.560267e+00 1.032900e+01 2.096516e-01 -1.059821e+00 1.518615e+00 1.061250e+01 2.132827e-01 7.426649e-02
39627733482867760 1.608892e+00 1.102155e+01 3.080843e-01 -1.527355e+00 1.673464e+00 1.099829e+01 3.279891e-01 -6.953212e-01
39627812453221680 1.336123e+00 9.657531e+00 1.244664e-01 1.950152e+00 1.268393e+00 9.618071e+00 1.217851e-01 1.068990e+00
39633123125756208 1.745297e+00 1.135266e+01 3.013957e-01 -1.396391e+00 1.793306e+00 1.126993e+01 3.115632e-01 -1.209028e+00
39627817985511688 1.203274e+00 9.200939e+00 7.683375e-02 1.064992e+00 1.244722e+00 9.089105e+00 6.758778e-02 1.518950e+00
39627824629289856 1.402824e+00 1.050750e+01 2.029527e-01 1.042170e+00 1.371713e+00 1.047262e+01 1.836661e-01 1.403901e+00
39627781780277608 1.860714e+00 1.046334e+01 1.234694e-01 -2.329933e+00 1.749347e+00 1.037938e+01 1.009692e-01 -1.348292e+00
39627802676304064 1.160257e+00 9.402996e+00 8.310118e-02 8.460819e-02 1.173026e+00 9.771936e+00 1.460423e-01 8.875166e-01
39627763656689232 1.297473e+00 1.000847e+01 1.942658e-01 3.386117e+00 1.314353e+00 1.004719e+01 1.466132e-01 1.734218e+00
39627794459657024 1.549830e+00 1.073730e+01 2.825274e-01 -2.233559e+00 1.520674e+00 1.080974e+01 3.037254e-01 -2.007076e+00
39627658614544392 1.287752e+00 1.113283e+01 3.562856e-01 -4.662789e+00 1.178608e+00 1.090558e+01 3.818543e-01 2.416951e+00
39627788306616240 1.160729e+00 9.743660e+00 1.208591e-01 3.650497e+00 1.196264e+00 9.677800e+00 1.288320e-01 3.728589e+00
39627781633478416 1.551719e+00 1.018019e+01 1.172399e-01 7.143066e-01 1.566318e+00 9.982121e+00 1.100276e-01 5.003449e-01
39633158366298288 1.478367e+00 1.148272e+01 5.059096e-01 -7.173223e-01 1.566028e+00 1.153375e+01 5.516014e-01 -1.510827e+00
39627785060228824 1.997387e+00 1.022159e+01 7.955833e-02 -2.686087e+00 1.817101e+00 1.023782e+01 4.942313e-02 -1.815027e+00
39627811962487168 1.677386e+00 1.083510e+01 2.909625e-01 -1.031595e-01 1.762133e+00 1.083389e+01 2.939419e-01 -2.664927e-01
39627817515746640 1.193762e+00 9.759066e+00 7.224251e-02 3.676024e+00 1.228027e+00 9.578794e+00 5.370444e-02 3.033960e+00
39627745499547976 1.783563e+00 1.066498e+01 2.096970e-01 -1.294607e-02 1.761715e+00 1.085217e+01 1.940413e-01 -2.218412e+00
39627805159327216 1.384292e+00 1.050990e+01 1.997964e-01 3.166968e+00 1.248420e+00 1.068497e+01 2.418190e-01 3.205411e+00
39627817268285472 1.296536e+00 9.632288e+00 8.746677e-02 1.498811e+00 1.397110e+00 9.151228e+00 5.525896e-02 -1.118912e-01
39627752109773296 1.127342e+00 1.019422e+01 2.042225e-01 4.331728e+00 1.172896e+00 9.918283e+00 1.879335e-01 3.993592e+00
39633132072209472 1.791591e+00 1.110579e+01 2.256898e-01 -1.729630e+00 1.780953e+00 1.100342e+01 2.261134e-01 -2.622793e-01
39627823316471920 9.755807e-01 8.276197e+00 8.196295e-02 2.131190e+00 9.878446e-01 8.111029e+00 4.615068e-02 1.137935e+00
39627818383972464 1.140315e+00 9.698874e+00 1.005080e-01 3.624197e+00 1.173645e+00 9.594112e+00 7.882777e-02 4.077955e+00
39633127609470224 1.820789e+00 1.099747e+01 3.239963e-01 -1.170844e+00 1.752489e+00 1.107939e+01 3.299289e-01 -7.839946e-01
39627766915668136 1.689777e+00 1.105091e+01 3.506119e-01 -1.096282e+00 1.774028e+00 1.118826e+01 3.694378e-01 -5.236226e-01
39627769574853344 1.690632e+00 1.077265e+01 1.792352e-01 1.061375e-01 1.777590e+00 1.071392e+01 1.770870e-01 -5.767020e-01
39627829301743080 1.790444e+00 1.056733e+01 1.467777e-01 -2.032624e+00 1.781854e+00 1.055265e+01 1.494420e-01 -1.362710e+00
39627811375285816 1.808863e+00 1.100118e+01 3.708713e-01 -4.578753e-01 1.708785e+00 1.103478e+01 3.787627e-01 -7.753106e-01
39627812520329480 1.369320e+00 1.059835e+01 2.908233e-01 5.677735e-01 1.378570e+00 1.075208e+01 3.150042e-01 8.400882e-01
39633144940331504 1.423932e+00 1.124721e+01 5.564567e-01 3.160780e-01 1.565765e+00 1.144871e+01 5.962935e-01 -6.729918e-01
39627829196883040 1.715195e+00 1.112484e+01 3.528211e-01 -1.598198e+00 1.525885e+00 1.119848e+01 3.346990e-01 4.222561e-01
39627824641868960 1.642136e+00 1.084942e+01 2.859513e-01 -4.155381e+00 1.640003e+00 1.089356e+01 2.899051e-01 -2.526185e+00
39627871592909392 1.162818e+00 1.030104e+01 1.547263e-01 3.864733e+00 1.218454e+00 1.028123e+01 1.326399e-01 3.131441e+00
39627775648205744 1.351242e+00 1.034855e+01 2.617925e-01 -3.148354e+00 1.253661e+00 1.017502e+01 2.559099e-01 9.258307e-01
39627874990296352 1.681482e+00 1.124448e+01 3.681890e-01 -2.780944e+00 1.573076e+00 1.144481e+01 3.844281e-01 -7.211845e-01
39633131950572688 1.722448e+00 1.095990e+01 2.966227e-01 -7.077647e-01 1.804610e+00 1.119139e+01 3.031764e-01 -1.835513e-01
39627817180202728 1.222265e+00 9.078668e+00 6.996736e-02 5.051754e+00 1.185778e+00 9.171875e+00 5.347373e-02 4.267003e+00
39627814525214920 1.114153e+00 1.035266e+01 2.046461e-01 4.469911e+00 1.125986e+00 1.025139e+01 2.047254e-01 4.614632e+00
39627782317148064 1.655353e+00 1.087895e+01 3.506856e-01 -8.022289e-01 1.757392e+00 1.107559e+01 3.650951e-01 -7.371387e-01
39627770329829392 1.738552e+00 1.066729e+01 3.100211e-01 9.949193e-01 1.716100e+00 1.091674e+01 3.117644e-01 1.275831e-02
39627799106946600 1.141024e+00 9.972322e+00 1.465914e-01 3.940764e+00 1.247740e+00 9.860453e+00 1.477261e-01 3.710601e+00
39627787711023816 1.084768e+00 1.111669e+01 3.260792e-01 3.038437e+00 1.127071e+00 1.097215e+01 3.619138e-01 3.463579e+00
39627628558161896 1.678565e+00 1.123859e+01 4.001471e-01 2.224936e-01 1.726204e+00 1.123969e+01 3.913651e-01 -1.706113e-01
39627757084216944 1.481037e+00 1.060825e+01 2.984314e-01 -1.854217e+00 1.430069e+00 1.080552e+01 3.149014e-01 3.192204e-02
39627760599040896 1.116378e+00 1.045857e+01 2.879900e-01 1.955712e+00 1.143953e+00 1.006895e+01 2.232872e-01 4.075439e+00
39627800356850608 1.233505e+00 1.072170e+01 2.554040e-01 4.549841e+00 1.298618e+00 1.061441e+01 2.500625e-01 2.823535e+00
39627757461703080 1.229505e+00 1.010210e+01 1.529193e-01 1.173615e+00 1.206229e+00 1.004488e+01 1.425457e-01 2.945842e+00
39633123008316656 2.308675e+00 1.128052e+01 3.287638e-01 -4.904682e-01 1.795097e+00 1.128850e+01 3.647299e-01 -5.170635e-01
39627746116113664 1.729626e+00 1.086279e+01 3.260760e-01 -3.219565e-01 1.665029e+00 1.123975e+01 3.235107e-01 -1.046190e+00
39627774851285704 1.758944e+00 1.018428e+01 1.089363e-01 -2.290698e+00 1.733207e+00 1.018473e+01 1.060275e-01 -6.443950e-01
39627802839882064 1.014669e+00 7.229841e+00 2.302932e-02 3.564615e+00 1.085486e+00 6.950541e+00 0.000000e+00 4.624360e+00
39627806459561280 1.164199e+00 9.473824e+00 2.577545e-01 4.291489e+00 1.102286e+00 9.439918e+00 2.319388e-01 3.866152e+00
39633286359682592 1.272360e+00 1.072128e+01 4.825053e-01 -2.215978e+00 1.286964e+00 1.090707e+01 5.039991e-01 7.112819e-01
39627824578957904 1.597471e+00 1.103845e+01 3.051180e-01 -1.388382e+00 1.572729e+00 1.091050e+01 3.419268e-01 4.826693e-01
39627676687794856 1.168298e+00 1.032781e+01 2.954727e-01 5.015114e+00 1.168522e+00 9.892941e+00 2.662819e-01 4.646680e+00
39627812620997584 1.416329e+00 1.000228e+01 1.408667e-01 8.403208e-01 1.361386e+00 1.014849e+01 1.339882e-01 1.132472e+00
39627761140106616 1.192572e+00 1.004349e+01 2.802281e-01 4.213949e+00 1.194330e+00 1.006546e+01 2.490629e-01 2.801872e+00
39627847664403208 1.685547e+00 1.051935e+01 1.677300e-01 1.466192e-01 1.705686e+00 1.043317e+01 1.446530e-01 -4.531962e-02
39627817868071096 1.126801e+00 9.778172e+00 8.992592e-02 3.007445e+00 1.161663e+00 9.664346e+00 6.314366e-02 4.038724e+00
39627856774435480 1.663584e+00 1.110190e+01 3.643588e-01 5.901093e-01 1.674367e+00 1.102217e+01 3.952552e-01 -1.400370e+00
39627769667127736 1.430785e+00 1.088632e+01 3.543383e-01 -7.655020e-01 1.655986e+00 1.097121e+01 3.771869e-01 1.284092e-01
39627802718246104 1.817207e+00 1.085290e+01 3.949682e-01 7.248086e-01 1.704094e+00 1.101963e+01 3.999821e-01 -7.742031e-01
39627781713171048 1.360831e+00 1.048409e+01 2.026778e-01 2.337571e+00 1.292130e+00 1.054214e+01 2.146539e-01 3.063484e+00
39627841314229456 1.413403e+00 1.085039e+01 3.231765e-01 1.899614e-01 1.505550e+00 1.085909e+01 3.224465e-01 3.243540e-01
39627814747513440 1.257424e+00 1.120094e+01 5.922140e-01 4.028362e+00 1.225589e+00 1.141168e+01 6.433976e-01 2.921808e+00
39627746019644224 1.706043e+00 1.103248e+01 3.082916e-01 -8.966959e-01 1.720956e+00 1.124270e+01 1.736041e-01 -8.225085e-01
39627794367387448 1.225465e+00 1.077674e+01 3.462250e-01 4.442063e+00 1.188643e+00 1.070162e+01 3.598070e-01 4.190740e+00
39627788302418080 1.259529e+00 1.049644e+01 2.580813e-01 3.881318e+00 1.246302e+00 1.047441e+01 2.543451e-01 2.835308e+00
39627781616697744 1.455858e+00 1.092558e+01 2.082865e-01 2.905777e+00 1.441279e+00 1.083528e+01 1.982831e-01 2.219250e+00
39627790584122768 1.612166e+00 1.107021e+01 5.030108e-01 -8.930144e-01 1.650716e+00 1.129299e+01 5.319846e-01 -1.631126e+00
39627755083538432 1.334710e+00 1.072710e+01 5.633732e-01 4.929459e+00 1.310204e+00 1.103909e+01 6.176556e-01 5.664804e+00
39633154071331848 1.972340e+00 1.094629e+01 4.749887e-01 -1.805673e+00 1.678882e+00 1.122975e+01 5.180168e-01 -1.729392e-01
39627835521892936 1.685197e+00 1.136525e+01 5.731885e-01 -6.918307e-01 1.643345e+00 1.151893e+01 6.210278e-01 4.745483e-02
39633113898289296 1.579907e+00 1.013206e+01 8.406278e-02 3.243106e-01 1.594812e+00 1.000940e+01 4.562360e-02 9.562438e-01
39627790756087840 1.264179e+00 9.242229e+00 8.151213e-02 3.121361e+00 1.248206e+00 9.125998e+00 5.213910e-02 3.119165e+00
39627823886894080 1.128881e+00 8.371072e+00 4.932750e-02 5.155270e+00 1.119314e+00 8.289141e+00 3.599307e-02 4.851809e+00
39627794497409720 1.620242e+00 1.104252e+01 4.142430e-01 1.255080e+00 1.586284e+00 1.117790e+01 4.356506e-01 -6.786208e-01
39627778403865600 1.365708e+00 1.006022e+01 7.975012e-02 2.002399e+00 1.334108e+00 9.963385e+00 4.621965e-02 2.247510e+00
39627799140501592 1.816449e+00 1.106753e+01 2.194555e-01 1.970580e-01 1.834103e+00 1.102418e+01 2.113677e-01 -9.234481e-01
39627811903771368 1.094232e+00 9.582286e+00 1.739324e-01 1.159142e-01 1.161324e+00 9.403109e+00 1.812483e-01 2.309787e+00
39627739501691288 1.397392e+00 1.037263e+01 1.767594e-01 2.716408e+00 1.299719e+00 1.033272e+01 1.718597e-01 1.982355e+00
39627787966877784 1.571430e+00 1.069344e+01 3.189164e-01 -1.636671e+00 1.538325e+00 1.073268e+01 3.007075e-01 -3.038596e-01
39627776206048080 1.472823e+00 1.061545e+01 1.938229e-01 -2.975950e+00 1.384785e+00 1.067285e+01 2.177385e-01 1.261955e+00
39627805981411336 1.210890e+00 1.124030e+01 5.719875e-01 3.412778e+00 1.359497e+00 1.135837e+01 6.269423e-01 2.841986e-01
39627763757352360 1.943391e+00 1.103268e+01 2.337078e-01 -1.031567e+00 1.871197e+00 1.108021e+01 2.415082e-01 -1.168923e+00
39627788474386832 1.455564e+00 1.037979e+01 1.006233e-01 1.315533e+00 1.465320e+00 1.029573e+01 8.497421e-02 1.319173e+00
39627763539251624 1.559949e+00 1.118443e+01 5.695092e-01 -3.778192e-01 1.599723e+00 1.131925e+01 6.309973e-01 1.687438e-01
39627776369623936 1.282868e+00 1.014430e+01 2.032535e-01 -6.424735e-01 1.231855e+00 1.034456e+01 2.405873e-01 5.412822e-01
39627818543349952 1.633163e+00 1.087340e+01 3.057863e-01 -1.261382e+00 1.596938e+00 1.085255e+01 3.192906e-01 -1.095971e+00
39627768886988088 1.125776e+00 9.714553e+00 1.301477e-01 1.592157e+00 1.179665e+00 9.270883e+00 1.032182e-01 2.358492e+00
39627732748865856 1.905874e+00 1.079684e+01 4.846445e-01 -1.153840e+00 1.658725e+00 1.116709e+01 5.118994e-01 -1.736556e+00
39627786930884120 1.396808e+00 9.455235e+00 5.228075e-02 2.441990e+00 1.449160e+00 9.492374e+00 3.382713e-02 8.017755e-01
39627821265453464 1.864275e+00 1.073460e+01 1.206600e-01 -1.534105e+00 1.832251e+00 1.058753e+01 1.145239e-01 -1.205158e+00
39627764243890696 1.769529e+00 1.085696e+01 2.014705e-01 -5.238861e-01 1.646864e+00 1.091310e+01 2.150333e-01 -3.689960e-01
39627781100802616 1.605153e+00 1.106425e+01 3.430136e-01 -3.130778e+00 1.602772e+00 1.097786e+01 3.806115e-01 -6.150931e-01
39627758275396512 1.260642e+00 9.881651e+00 8.320597e-02 3.114299e+00 1.322787e+00 9.694544e+00 5.634452e-02 1.952252e+00
39633114196085992 1.512494e+00 1.117998e+01 3.841796e-01 9.171512e-01 1.486053e+00 1.110454e+01 3.931691e-01 -4.694275e-01
39627774821927824 1.236752e+00 9.727249e+00 1.002080e-01 3.797280e+00 1.281571e+00 9.674197e+00 7.452431e-02 1.903660e+00
39627830484535168 1.773215e+00 1.094189e+01 4.384451e-01 -3.854333e-01 1.655894e+00 1.110653e+01 4.964136e-01 -6.945307e-01
39627794371582104 1.752727e+00 1.093766e+01 3.415233e-01 -1.991378e+00 1.638346e+00 1.087031e+01 3.481336e-01 -5.450796e-01
39627817880650728 1.226777e+00 9.739653e+00 1.228585e-01 2.537153e+00 1.235697e+00 9.744038e+00 1.341561e-01 2.977338e+00
39627812608414632 1.396168e+00 1.026642e+01 1.685109e-01 -5.984786e-01 1.406938e+00 1.025401e+01 1.671968e-01 -2.980966e+00
39627871618074144 1.638878e+00 1.092216e+01 4.379099e-01 -1.020764e+00 1.670614e+00 1.123618e+01 4.618771e-01 -4.388244e-01
39627776394793008 1.228269e+00 9.867147e+00 1.478751e-01 2.146640e+00 1.244327e+00 9.835423e+00 1.589366e-01 8.830510e-01
39627830618754208 1.426291e+00 1.003285e+01 1.635352e-01 -2.396388e+00 1.315043e+00 1.019699e+01 1.611769e-01 -2.999660e+00
39627781759306864 1.285253e+00 9.644108e+00 1.591222e-01 3.252859e+00 1.209753e+00 9.510260e+00 1.430006e-01 1.719140e+00
39627751413514400 1.428232e+00 1.070235e+01 2.903795e-01 3.498779e+00 1.457644e+00 1.061118e+01 2.702062e-01 2.225117e+00
39627830086079128 1.524424e+00 1.041885e+01 1.863558e-01 1.574425e+00 1.405770e+00 1.058749e+01 2.050947e-01 2.676960e+00
39627824541210000 1.759463e+00 1.119791e+01 3.763824e-01 -6.173884e-01 1.822056e+00 1.124554e+01 3.893284e-01 -7.358171e-01
39627758053102536 1.134602e+00 1.101811e+01 4.422635e-01 4.835166e+00 1.161824e+00 1.107923e+01 5.546614e-01 4.628359e+00
39627824574762816 1.802456e+00 1.097462e+01 3.142350e-01 -4.400645e-01 1.813429e+00 1.113041e+01 3.146281e-01 -1.222956e+00
39627814483264232 9.278572e-01 9.865936e+00 1.143722e-01 -3.754225e+00 1.068999e+00 9.547957e+00 9.008786e-02 -1.559589e+00
39627923119934128 2.050279e+00 1.093737e+01 2.827431e-01 -1.939817e+00 1.821555e+00 1.126744e+01 3.238976e-01 -2.238904e+00
39627778672296512 1.706452e+00 1.131361e+01 4.216825e-01 -4.213345e-01 1.773147e+00 1.131771e+01 4.433286e-01 -1.017542e+00
39627815229855016 1.348264e+00 9.887607e+00 1.218767e-01 1.290650e+00 1.273307e+00 9.914300e+00 9.424420e-02 2.354293e+00
39627814684590288 1.713492e+00 1.145894e+01 3.719401e-01 -1.477715e+00 1.824360e+00 1.133382e+01 3.601282e-01 -6.488768e-01
39627768958290104 1.742223e+00 1.095267e+01 2.111060e-01 -8.368909e-02 1.791715e+00 1.093528e+01 2.048876e-01 -4.042790e-01
39627774855484968 1.899388e+00 1.111185e+01 3.623796e-01 -1.151673e+00 1.786763e+00 1.129192e+01 3.883787e-01 -6.164720e-01
39627830010580624 1.494386e+00 1.051871e+01 1.506124e-01 1.094198e+00 1.641151e+00 1.052081e+01 1.203987e-01 -3.612942e-02
39633136576890576 1.566653e+00 8.846049e+00 3.121981e-02 -6.861491e-02 1.455712e+00 9.281656e+00 4.034132e-02 1.565460e+00
39633153874200856 1.126944e+00 8.039643e+00 2.194891e-02 4.705826e+00 1.121415e+00 7.731853e+00 0.000000e+00 4.614902e+00
39627758262815104 1.564836e+00 1.144408e+01 5.248535e-01 9.990074e-01 1.652539e+00 1.142240e+01 5.720583e-01 -1.229762e+00
39627745923171232 1.577937e+00 1.063672e+01 2.149651e-01 -1.193590e+00 1.500902e+00 1.073151e+01 2.031044e-01 8.182043e-02
39633145263296064 1.784814e+00 1.114481e+01 3.787639e-01 -1.166545e+00 1.736759e+00 1.113684e+01 4.008514e-01 -4.953282e-01
39627793775985648 1.943488e+00 1.067679e+01 1.300525e-01 -1.988020e+00 1.890371e+00 1.079153e+01 1.275468e-01 -1.966296e+00
39627775006474648 1.797104e+00 1.130350e+01 3.260242e-01 6.899582e-01 1.862934e+00 1.132392e+01 3.453176e-01 -7.000338e-01
39627805322908112 1.903489e+00 1.124347e+01 4.999238e-01 -4.768080e-01 1.754271e+00 1.146369e+01 5.266232e-01 -7.057844e-01
39627768895374224 1.217405e+00 1.002758e+01 1.727251e-01 1.618376e+00 1.260025e+00 9.716345e+00 1.436714e-01 1.771918e+00
39627830631335616 1.664791e+00 1.008846e+01 1.693032e-01 -3.531018e+00 1.509723e+00 1.034844e+01 1.441781e-01 -5.030971e-01
39627760909419200 1.682413e+00 1.057954e+01 2.013239e-01 7.006225e-02 1.691951e+00 1.061886e+01 1.915992e-01 2.304109e-01
39627824042086752 1.635132e+00 1.051991e+01 1.904514e-01 1.209526e+00 1.709006e+00 1.037702e+01 1.764479e-01 -3.757700e-01
39627830576812712 1.714397e+00 1.021830e+01 9.393213e-02 -1.798228e-01 1.782687e+00 1.014707e+01 8.315484e-02 -1.669818e+00
39627793025205352 1.172666e+00 8.961886e+00 7.185862e-02 4.270026e+00 1.152367e+00 8.953040e+00 6.056489e-02 4.640563e+00
39627850692695144 1.621442e+00 1.116040e+01 2.272551e-01 -6.776685e-01 1.852197e+00 1.103453e+01 2.163326e-01 -1.181284e+00
39627799048228328 1.211886e+00 9.652038e+00 5.318016e-02 3.600192e+00 1.217304e+00 9.323887e+00 2.487671e-02 3.632344e+00
39627823245170040 1.966628e+00 1.082556e+01 2.925841e-01 -1.562707e+00 1.723757e+00 1.085462e+01 2.922161e-01 -2.141182e+00
39627835551253808 1.163305e+00 8.154617e+00 3.155114e-02 4.730690e+00 1.150331e+00 7.778379e+00 0.000000e+00 4.305068e+00
39627740063730696 1.529400e+00 1.126963e+01 5.203546e-01 -2.121640e+00 1.568161e+00 1.146291e+01 6.021432e-01 -1.344544e-01
39627768878601640 1.221289e+00 1.065324e+01 2.258533e-01 3.879883e+00 1.268830e+00 1.067576e+01 2.282422e-01 3.040872e+00
39627770195609520 1.760543e+00 1.133758e+01 3.795667e-01 -9.223641e-01 1.842490e+00 1.131601e+01 3.850235e-01 -7.761443e-01
39627823169669504 1.321489e+00 1.037644e+01 2.022965e-01 1.946935e+00 1.304271e+00 1.055715e+01 2.005569e-01 1.669758e+00
39627775040028784 1.538387e+00 1.051256e+01 1.496084e-01 -1.696234e+00 1.646034e+00 1.056794e+01 1.526678e-01 -5.986717e-01
39627841268091832 1.307977e+00 8.892673e+00 5.027259e-02 4.562047e+00 1.187286e+00 8.520746e+00 1.522541e-02 3.802769e+00
39627787308370352 1.525099e+00 9.952200e+00 1.441657e-01 2.208828e-01 1.427096e+00 1.024457e+01 1.410558e-01 1.300510e-01
39627841385534560 1.177147e+00 8.886959e+00 5.806602e-02 5.241284e+00 1.217786e+00 8.821474e+00 4.165843e-02 3.227705e+00
39627812373530320 1.803225e+00 1.042372e+01 1.156124e-01 -1.111596e+00 1.816508e+00 1.054594e+01 1.041722e-01 -1.537607e+00
39627811069105600 1.460167e+00 9.913347e+00 1.029813e-01 4.944378e-01 1.545024e+00 9.783102e+00 1.014625e-01 -9.160215e-02
39633132072207080 1.472892e+00 1.118918e+01 5.209175e-01 -3.074779e+00 1.441742e+00 1.111845e+01 6.390207e-01 2.847195e+00
39627764243890408 1.224869e+00 9.895105e+00 2.158319e-01 2.572111e+00 1.221307e+00 1.009644e+01 2.304639e-01 2.806990e+00
39627767104410968 1.658212e+00 1.072560e+01 1.865586e-01 -4.891946e-01 1.677263e+00 1.064834e+01 1.824118e-01 -1.265191e+00
39627836771795056 1.004729e+00 8.037065e+00 3.423331e-02 -6.944788e-02 1.042575e+00 7.561613e+00 1.178545e-02 1.224541e+00
39627817964536528 1.098116e+00 8.785137e+00 8.421331e-02 1.398276e+00 1.096062e+00 8.369213e+00 6.281744e-02 2.503182e+00
39627778219319656 1.450608e+00 1.113148e+01 3.294119e-01 -1.622060e+00 1.496018e+00 1.093243e+01 4.350733e-01 -6.144729e-01
39627799878701816 1.772638e+00 1.085687e+01 2.730054e-01 1.539959e-01 1.787122e+00 1.087470e+01 2.786868e-01 -6.984775e-01
39627794396741800 1.687505e+00 1.076376e+01 3.280487e-01 5.745587e-01 1.681542e+00 1.090937e+01 3.327549e-01 -2.393582e-01
39627788222729672 1.756814e+00 1.123524e+01 3.588578e-01 -1.304449e+00 1.756217e+00 1.131591e+01 3.781797e-01 -2.988265e-01
39627811224290776 1.778748e+00 1.097680e+01 3.594516e-01 -1.530777e+00 1.764315e+00 1.125698e+01 3.839889e-01 -3.966600e-01
39627871618075904 1.669852e+00 1.084397e+01 2.605238e-01 -2.309302e+00 1.574025e+00 1.094266e+01 2.616288e-01 -1.073699e+00
39627768996037480 1.732093e+00 1.003665e+01 8.411746e-02 -1.794676e+00 1.699641e+00 1.033120e+01 1.052067e-01 -5.140396e-01
39627805062861304 1.815474e+00 1.032484e+01 1.569987e-01 -3.602764e+00 1.650136e+00 1.034267e+01 1.594908e-01 -2.099539e+00
39627775681760648 1.508655e+00 1.001631e+01 1.091443e-01 -7.696639e-01 1.501746e+00 1.027481e+01 1.228484e-01 4.758747e-01
39633154012610712 1.762665e+00 1.093904e+01 2.507165e-01 -7.345816e-01 1.736372e+00 1.104832e+01 2.693854e-01 -1.673481e+00
39633118621076976 1.152499e+00 1.013486e+01 1.403317e-01 3.695938e+00 1.203208e+00 1.004211e+01 1.346318e-01 3.861344e+00
39627802563060104 1.524984e+00 9.658555e+00 7.381345e-02 2.047171e+00 1.384982e+00 9.725083e+00 4.100242e-02 9.753580e-01
39627832778823096 1.876019e+00 1.111352e+01 5.803757e-01 -1.959440e+00 1.669327e+00 1.164821e+01 6.527822e-01 -4.289190e-01
39627824604121984 1.557484e+00 9.791657e+00 1.592760e-01 1.021652e+00 1.506200e+00 9.861245e+00 1.538403e-01 1.254840e+00
39627805167717632 1.645996e+00 1.132030e+01 4.089062e-01 5.855945e-02 1.534315e+00 1.144715e+01 3.776643e-01 8.627391e-01
39627766244574208 9.684403e-01 9.265838e+00 1.163403e-01 8.922724e-01 1.052930e+00 8.793924e+00 1.062243e-01 8.064899e-01
39627800499454000 1.059978e+00 9.341751e+00 1.171911e-01 5.599543e+00 1.128562e+00 8.728908e+00 9.069160e-02 3.948577e+00
39627770220779472 1.134783e+00 9.911979e+00 1.198269e-01 1.802401e+00 1.169004e+00 9.266620e+00 7.531831e-02 1.574391e+00
39627774855482848 1.290742e+00 1.047288e+01 2.844855e-01 3.216702e+00 1.239686e+00 1.062659e+01 2.892013e-01 3.670193e+00
39633153706427656 1.223452e+00 9.646666e+00 9.514383e-02 5.245614e+00 1.204462e+00 9.510724e+00 7.512131e-02 3.392126e+00
39627787014768008 1.134024e+00 1.052100e+01 2.374008e-01 3.980806e+00 1.155234e+00 1.024474e+01 2.423269e-01 4.384502e+00
39627811199127272 1.642428e+00 1.035894e+01 1.825859e-01 -1.120955e+00 1.520308e+00 1.044729e+01 1.774488e-01 -9.430403e-02
39627788470193960 1.209872e+00 1.011768e+01 3.229083e-01 4.846424e+00 1.188941e+00 1.015188e+01 3.432000e-01 3.857383e+00
39627808900652880 1.712088e+00 1.005536e+01 8.047459e-02 -1.890789e+00 1.531223e+00 9.817803e+00 4.567450e-02 1.575517e-01
39627818543354784 1.098783e+00 9.421084e+00 1.179447e-01 4.131799e+00 1.170404e+00 9.283136e+00 1.068857e-01 4.205038e+00
39627841364561392 1.345730e+00 1.094650e+01 2.818127e-01 2.545248e+00 1.432459e+00 1.076287e+01 2.001150e-01 1.915048e+00
39627823354219496 1.238349e+00 9.907824e+00 8.203928e-02 3.741371e+00 1.236821e+00 9.533292e+00 3.747527e-02 3.283172e+00
39627808909036672 1.743313e+00 1.064373e+01 2.653917e-01 -2.860949e-01 1.658032e+00 1.069412e+01 2.739056e-01 -1.218871e+00
39627805243215032 1.610339e+00 9.905370e+00 7.136447e-02 -9.224518e-02 1.482283e+00 9.925582e+00 3.898357e-02 1.120504e+00
39633140557286448 1.712242e+00 1.090396e+01 4.507326e-01 -4.186373e+00 1.735150e+00 1.127471e+01 4.769877e-01 -8.893970e-01
39627751539346616 1.175153e+00 9.453697e+00 5.125209e-02 3.792193e+00 1.286925e+00 9.411047e+00 3.147854e-02 3.000284e+00
39627740067923248 1.344632e+00 9.599122e+00 5.634071e-02 -2.555473e+00 1.306335e+00 9.254948e+00 1.614159e-02 9.383949e-01
39627769201562384 1.719103e+00 1.037704e+01 1.249639e-01 -7.766285e-01 1.676471e+00 1.051505e+01 1.387314e-01 -1.953311e+00
39627739933707760 1.682318e+00 1.088788e+01 4.040050e-01 -8.661708e-01 1.605785e+00 1.116703e+01 4.445491e-01 -2.064533e+00
39627794409325216 1.154755e+00 1.020134e+01 2.228052e-01 4.102709e+00 1.175448e+00 1.001802e+01 2.037432e-01 3.846429e+00
39627817301837272 1.626258e+00 1.027351e+01 1.438026e-01 7.102805e-02 1.229232e+00 1.038661e+01 1.116233e-01 3.086038e+00
39627841255506408 1.323733e+00 9.987630e+00 1.483723e-01 2.719522e+00 1.312237e+00 9.888208e+00 1.161619e-01 1.951560e+00
39627826562868216 1.462118e+00 1.113403e+01 5.910593e-01 4.008329e+00 1.488669e+00 1.124591e+01 4.865189e-01 6.730061e-01
39627824004336200 1.792496e+00 1.061115e+01 1.658595e-01 -2.167426e+00 1.716720e+00 1.062351e+01 1.577410e-01 -2.368494e+00
39627652566353296 1.530392e+00 1.107852e+01 3.817787e-01 -7.333262e-01 1.543282e+00 1.092290e+01 3.468267e-01 9.139365e-02
39627794509990280 1.167481e+00 9.624813e+00 1.664371e-01 3.532798e+00 1.183960e+00 9.558037e+00 1.532652e-01 3.105723e+00
39627796816863328 1.653487e+00 1.047298e+01 2.446224e-01 -5.022975e-01 1.590118e+00 1.054671e+01 2.567756e-01 -5.871309e-01
39627806082076264 1.879660e+00 1.028023e+01 1.222513e-01 -1.457621e+00 1.783892e+00 1.056096e+01 1.244341e-01 -9.420683e-01
39627829205271648 1.079205e+00 1.073410e+01 2.580444e-01 3.028234e+00 1.159506e+00 9.990262e+00 1.820057e-01 3.246543e+00
39627764365525440 1.677261e+00 1.110627e+01 3.850192e-01 6.283049e-02 1.658775e+00 1.124507e+01 4.104313e-01 -4.379959e-01
39627806522478048 1.243279e+00 1.059782e+01 2.863762e-01 2.392555e+00 1.312830e+00 1.061016e+01 2.633464e-01 2.570795e+00
39627746061586512 1.421812e+00 1.033340e+01 2.043592e-01 8.791333e-01 1.658740e+00 1.047584e+01 1.949911e-01 -2.704525e-01
39633118671406984 1.898239e+00 1.086223e+01 3.218952e-01 2.796969e-01 1.715223e+00 1.096564e+01 3.381426e-01 -5.403067e-01
39627772632504560 1.191908e+00 9.871123e+00 1.872838e-01 -3.123284e-01 1.195817e+00 1.004154e+01 2.143123e-01 4.121871e-01
39627794392552352 1.658655e+00 1.083255e+01 3.258733e-01 -1.780833e+00 1.701033e+00 1.095929e+01 3.312575e-01 -8.418062e-01
39627776235406544 1.176225e+00 9.820107e+00 1.386941e-01 3.230720e+00 1.216098e+00 9.688170e+00 1.126887e-01 2.628207e+00
39627746053197576 1.153164e+00 9.972034e+00 1.395016e-01 4.043674e+00 1.174321e+00 9.890759e+00 1.780441e-01 3.917535e+00
39627790680590608 1.113031e+00 7.315756e+00 2.346017e-02 3.462132e+00 1.155073e+00 7.678830e+00 0.000000e+00 1.993039e+00
39627740025981016 1.423178e+00 1.115834e+01 5.974923e-01 -6.649896e-01 1.335808e+00 1.137357e+01 6.527115e-01 2.575802e+00
39627752042662560 1.498132e+00 1.038505e+01 1.614891e-01 2.212050e+00 1.632992e+00 1.025221e+01 1.280966e-01 -3.467721e-01
39627806493118160 1.780765e+00 1.088864e+01 4.105752e-01 -8.984514e-01 1.640632e+00 1.105084e+01 4.531090e-01 -1.733402e+00
39627763660885776 1.098007e+00 9.965784e+00 1.644386e-01 3.751501e+00 1.087259e+00 9.685222e+00 1.697849e-01 4.912230e+00
39627805088027472 1.241736e+00 9.508389e+00 2.074852e-01 3.246162e+00 1.163761e+00 9.792916e+00 2.030441e-01 5.623492e-01
39627823450689312 1.609582e+00 1.065834e+01 1.553697e-01 -4.578296e-01 1.561020e+00 1.037580e+01 1.301284e-01 3.218522e-01
39627803204787888 1.200302e+00 1.043184e+01 2.084004e-01 1.796157e-01 1.260284e+00 1.052737e+01 2.203510e-01 6.276311e-01
39627824516043120 1.695861e+00 1.121179e+01 3.791831e-01 -6.248725e-01 1.699833e+00 1.112508e+01 3.802117e-01 -6.974849e-01
39627844778726864 1.671248e+00 1.146083e+01 5.184646e-01 -7.684335e-01 1.720393e+00 1.152395e+01 5.968628e-01 -1.031828e+00
39627799362799144 1.496617e+00 1.078090e+01 4.110461e-01 -6.771415e-01 1.639909e+00 1.111636e+01 4.315385e-01 -1.030271e+00
39627768954095216 1.441753e+00 1.096760e+01 3.054150e-01 2.924317e+00 1.399277e+00 1.088525e+01 3.131400e-01 2.074317e+00
39627739401030176 1.250948e+00 1.019123e+01 1.651292e-01 8.997958e-02 1.352537e+00 9.837174e+00 1.328820e-01 9.731876e-01
39627823240970712 1.509382e+00 1.047842e+01 1.156598e-01 1.675261e+00 1.521363e+00 1.040240e+01 8.031286e-02 5.881093e-01
39627787203512824 1.448904e+00 1.073362e+01 1.329710e-01 -5.103071e-01 1.822869e+00 1.068630e+01 1.157883e-01 -2.044316e+00
39627823211614440 1.028922e+00 8.703056e+00 7.162531e-02 3.474085e+00 1.104165e+00 8.256279e+00 4.596464e-02 2.229920e+00
39627805259990920 2.072503e+00 1.107243e+01 3.583589e-01 -1.978390e+00 1.855795e+00 1.132650e+01 3.873704e-01 -9.396673e-01
39627658622933488 1.910398e+00 1.077006e+01 3.556661e-01 -1.375403e+00 1.773522e+00 1.120694e+01 3.757717e-01 -4.467108e-01
39633149365322224 1.690051e+00 1.017107e+01 9.582578e-02 -6.107869e-01 1.776115e+00 1.024360e+01 6.663457e-02 -9.808545e-01
39627746183221080 1.120752e+00 1.016236e+01 2.057088e-01 6.590810e+00 1.145537e+00 9.880904e+00 1.886909e-01 3.395267e+00
39627818006480488 1.620391e+00 1.004638e+01 8.239903e-02 -4.296950e-01 1.654959e+00 1.006758e+01 7.633989e-02 -3.986118e-01
39627798985310752 1.385470e+00 9.677310e+00 7.840423e-02 -4.430549e-01 1.301893e+00 9.469805e+00 5.723681e-02 5.187166e-01
39627793088121304 1.312817e+00 1.034301e+01 1.671656e-01 3.460708e+00 1.544365e+00 1.028973e+01 1.522239e-01 -8.488822e-01
39627850663333408 1.589273e+00 1.123316e+01 4.095555e-01 -2.777231e+00 1.717904e+00 1.136704e+01 4.279591e-01 -1.997760e+00
39627823463270400 1.572440e+00 1.135039e+01 5.288084e-01 5.620676e-01 1.511397e+00 1.136688e+01 5.926903e-01 1.513418e+00
39627746007057552 1.129142e+00 9.751251e+00 1.341377e-01 7.666940e-01 1.199384e+00 9.492983e+00 1.291696e-01 2.832509e+00
39627806480532904 1.216522e+00 9.494765e+00 1.268470e-01 2.993716e+00 1.184965e+00 9.635984e+00 1.166242e-01 1.974230e+00
39627823245167880 1.258169e+00 1.050692e+01 2.375556e-01 4.338305e+00 1.253176e+00 1.049574e+01 2.297131e-01 3.224219e+00
39627784250724048 1.177290e+00 1.052735e+01 2.280870e-01 4.313930e+00 1.199672e+00 1.054928e+01 2.423015e-01 3.456762e+00
39627745457605896 1.777682e+00 1.000545e+01 1.078775e-01 5.184899e-01 1.619032e+00 9.980806e+00 1.128836e-01 -3.295568e-01
39627758317345504 1.830672e+00 1.128157e+01 2.664756e-01 7.589363e-01 1.893396e+00 1.124340e+01 2.841558e-01 -1.451507e+00
39627769734237904 1.547700e+00 1.030178e+01 1.036624e-01 -2.305181e-01 1.488990e+00 1.031265e+01 1.113585e-01 6.836333e-01
39627780979165656 1.454962e+00 1.079456e+01 2.152268e-01 1.034701e-01 1.419176e+00 1.082262e+01 2.443062e-01 2.035118e+00
39627784359774096 1.748109e+00 1.000374e+01 8.645406e-02 -1.687474e+00 1.669104e+00 1.005604e+01 7.597555e-02 -4.529831e-01
39627803217363296 1.679768e+00 1.101139e+01 5.750930e-01 -7.428445e-01 1.613782e+00 1.147157e+01 6.184211e-01 1.222861e-01
39627818664985296 1.512129e+00 1.027734e+01 1.817331e-01 5.101889e-01 1.594978e+00 1.014826e+01 1.463925e-01 -1.801660e+00
39627750809535552 1.022810e+00 1.003984e+01 2.520114e-01 6.083594e+00 1.077163e+00 9.077948e+00 1.820673e-01 3.882416e+00
39627740105676584 1.676418e+00 1.123914e+01 3.760997e-01 9.434798e-02 1.698641e+00 1.124498e+01 3.671702e-01 -1.950150e-01
39627841423280832 1.282401e+00 1.149191e+01 6.143949e-01 3.924321e+00 1.311648e+00 1.147618e+01 6.386222e-01 3.116508e+00
39627862797453264 1.681973e+00 1.064728e+01 1.612749e-01 -8.022733e-01 1.779458e+00 1.077883e+01 1.630117e-01 -2.343673e+00
39627775660791312 1.142200e+00 8.761624e+00 8.426993e-02 2.723259e+00 1.075083e+00 8.614771e+00 7.346414e-02 1.311863e+00
39627784695318120 1.669356e+00 1.132648e+01 4.388393e-01 -3.003426e+00 1.674848e+00 1.138952e+01 4.851378e-01 -1.248204e+00
39627787648108560 1.180718e+00 8.904859e+00 6.415960e-02 5.114376e+00 1.142616e+00 9.127092e+00 6.455690e-02 4.828878e+00
39627784275892536 1.268187e+00 1.098590e+01 5.487911e-01 2.696880e+00 1.234851e+00 1.137164e+01 6.172755e-01 3.111039e+00
39627782325536992 1.468901e+00 1.018348e+01 1.506831e-01 -1.222129e+00 1.533077e+00 9.898949e+00 1.282027e-01 9.180683e-02
39627767133768408 1.737795e+00 1.104322e+01 2.608296e-01 -9.344466e-03 1.800599e+00 1.105398e+01 2.760271e-01 -9.842031e-01
39627830593589912 1.139212e+00 7.826097e+00 2.582635e-02 1.552565e+00 1.113667e+00 7.387624e+00 0.000000e+00 4.883155e+00
39627652595720216 1.773159e+00 1.097389e+01 5.074683e-01 -2.371241e-01 1.676587e+00 1.128336e+01 5.306301e-01 -1.370133e+00
39627792962290768 1.778118e+00 1.054114e+01 2.002171e-01 -2.085383e+00 1.807679e+00 1.090311e+01 2.088946e-01 -6.598293e-01
39627788411469928 1.712573e+00 1.044103e+01 1.788934e-01 -1.089388e+00 1.696867e+00 1.045622e+01 1.773720e-01 -1.934434e+00
39627763069485664 1.205454e+00 9.438956e+00 8.470599e-02 3.415702e+00 1.219753e+00 9.314024e+00 6.930026e-02 3.102391e+00
39627745474380512 1.114748e+00 8.994915e+00 1.069718e-01 4.631802e+00 1.100627e+00 9.022865e+00 1.126086e-01 8.477139e-01
39627905155729024 1.237921e+00 1.131117e+01 6.000601e-01 3.708071e+00 1.323807e+00 1.132992e+01 6.116463e-01 1.804490e+00
39627829171720744 1.182367e+00 9.204830e+00 1.042343e-01 7.192513e-01 1.181763e+00 9.279979e+00 1.181659e-01 1.656570e+00
39627792962292224 1.530092e+00 1.052928e+01 1.556108e-01 3.694099e-01 1.644450e+00 1.021807e+01 1.177056e-01 -2.955303e-01
39627794258333456 2.027591e+00 1.042848e+01 1.393311e-01 -1.713854e+00 1.654682e+00 1.042239e+01 1.364183e-01 -1.697946e+00
39627805830420000 1.654661e+00 1.088549e+01 2.850704e-01 -4.951223e-01 1.815897e+00 1.103994e+01 2.992637e-01 -5.180243e-01
39627830086076864 1.629957e+00 1.056903e+01 1.863838e-01 -1.522431e-01 1.673311e+00 1.059928e+01 1.783138e-01 -2.145880e+00
39627763501502872 1.480002e+00 8.553780e+00 2.823629e-02 1.018363e+00 1.359210e+00 8.356329e+00 2.146398e-02 3.441131e+00
39627658643901904 1.599638e+00 1.068289e+01 3.081180e-01 -2.062317e+00 1.561285e+00 1.091052e+01 3.247208e-01 -5.854065e-01
39627847416940176 1.654195e+00 1.038876e+01 1.974617e-01 -1.637217e+00 1.598146e+00 1.039545e+01 1.894838e-01 -2.093901e+00
39627780903670560 1.222611e+00 9.908290e+00 1.452767e-01 2.033226e+00 1.211072e+00 9.929543e+00 1.584559e-01 3.286931e+00
39627787882987760 1.733806e+00 1.047184e+01 1.100766e-01 -2.281559e+00 1.789343e+00 1.047481e+01 1.027931e-01 -2.131395e+00
39627769054757024 1.646400e+00 1.046098e+01 9.848157e-02 4.340801e-01 1.625215e+00 1.046569e+01 7.308523e-02 -5.381879e-01
39627770300466560 1.486391e+00 1.093026e+01 2.902811e-01 2.200631e+00 1.661288e+00 1.095869e+01 2.996146e-01 -2.392909e+00
39627818513990888 1.297543e+00 1.091219e+01 2.490316e-01 4.081835e+00 1.262946e+00 1.084607e+01 2.514342e-01 2.089229e+00
39627811798911848 1.524024e+00 1.062221e+01 1.330410e-01 2.035498e+00 1.624743e+00 1.039761e+01 1.318729e-01 4.877996e-01
39627794338025944 1.376664e+00 1.033074e+01 1.534506e-01 -3.016917e-02 1.419276e+00 1.023337e+01 1.353325e-01 2.366279e-01
39627793738240768 1.146238e+00 8.935701e+00 6.907723e-02 1.089240e+00 1.170033e+00 8.967258e+00 6.432019e-02 1.868103e+00
39627812449027352 1.063953e+00 9.009233e+00 1.243867e-01 5.395492e-01 1.057416e+00 8.280554e+00 8.277160e-02 2.657600e+00
39627744820070264 1.591122e+00 1.102241e+01 4.789903e-01 1.435261e+00 1.506321e+00 1.135118e+01 4.922121e-01 -2.330243e-01
39627817930983768 1.149328e+00 9.185324e+00 1.061199e-01 2.397828e+00 1.180301e+00 9.214985e+00 9.892039e-02 2.948880e+00
39627781046278000 1.211946e+00 1.025917e+01 1.814623e-01 -8.008983e-01 1.207711e+00 1.041411e+01 2.150293e-01 2.736097e+00
39627841331004640 2.062048e+00 1.083922e+01 1.973461e-01 -3.760094e+00 1.712795e+00 1.077826e+01 1.921972e-01 -1.920461e+00
39627823203221992 1.229642e+00 1.029443e+01 2.621924e-01 2.179444e+00 1.321174e+00 1.045390e+01 2.672731e-01 4.895848e-01
39627818602070648 1.293914e+00 1.075894e+01 2.887568e-01 2.669855e-01 1.331509e+00 1.045039e+01 2.310410e-01 6.370151e-01
39627811975071712 1.530315e+00 1.029168e+01 1.545334e-01 -1.849475e+00 1.658737e+00 1.032902e+01 1.486654e-01 -2.461569e+00
39633136245541248 1.332493e+00 1.004404e+01 1.177669e-01 2.725947e+00 1.184082e+00 1.066077e+01 1.887227e-01 3.593901e+00
39627762868161712 1.664744e+00 1.014395e+01 1.991662e-01 -1.084762e+00 1.605291e+00 1.032950e+01 1.868580e-01 -1.014507e+00
39627757612698936 1.742646e+00 1.033002e+01 1.576121e-01 1.299934e-02 1.711678e+00 1.042193e+01 1.420836e-01 -1.088039e+00
39627751442877320 1.137940e+00 9.161701e+00 1.774131e-01 2.096904e+00 1.097827e+00 9.205320e+00 1.558319e-01 2.545441e+00
39627775631429736 1.199688e+00 1.002055e+01 1.623849e-01 2.580789e+00 1.219968e+00 9.917249e+00 1.665986e-01 3.136022e+00
39627871521605768 1.793594e+00 1.091119e+01 2.023653e-01 -8.470228e-01 1.854226e+00 1.098760e+01 1.996688e-01 -1.172839e+00
39627796833634880 1.164492e+00 1.084323e+01 2.366278e-01 4.234938e+00 1.169830e+00 1.073453e+01 2.260969e-01 3.508420e+00
39627853486101880 1.455174e+00 9.767917e+00 1.516382e-01 7.231935e-01 1.377892e+00 1.017499e+01 1.840681e-01 3.570767e+00
39627817431860616 1.762335e+00 9.838596e+00 6.327922e-02 -3.453085e-01 1.740288e+00 9.702273e+00 3.446534e-02 -4.824417e-01
39627774939369200 1.462022e+00 1.080475e+01 2.871200e-01 6.373986e-01 1.485273e+00 1.089699e+01 2.187482e-01 5.203013e-01
39627778651331616 1.571985e+00 1.077077e+01 1.780521e-01 3.187124e-01 1.733913e+00 1.072605e+01 1.522569e-01 -1.045125e+00
39627785022473800 1.762629e+00 1.099207e+01 4.066474e-01 -1.414710e-01 1.706326e+00 1.103978e+01 4.145198e-01 -1.104453e+00
39633153857422096 1.776437e+00 1.024251e+01 1.222831e-01 -1.161166e-01 1.699710e+00 1.044105e+01 1.258887e-01 -1.259563e+00
39627744761348600 1.786665e+00 1.086261e+01 4.565066e-01 2.391943e-01 1.744411e+00 1.128101e+01 4.656710e-01 -9.984846e-01
39627796758141344 1.083913e+00 9.478129e+00 8.088277e-02 4.215281e+00 1.109182e+00 9.673145e+00 6.462753e-02 4.649677e+00
39627745503740752 1.141344e+00 1.031852e+01 1.574431e-01 5.036640e-01 1.358198e+00 1.026179e+01 1.671633e-01 8.876297e-01
39633153660291120 1.291734e+00 1.018279e+01 1.367002e-01 3.117142e+00 1.280856e+00 1.040039e+01 1.704379e-01 2.298385e+00
39627817108899424 1.352661e+00 1.045787e+01 1.486338e-01 -4.169537e+00 1.625126e+00 1.021178e+01 1.432995e-01 -2.024238e+00
39627871601298104 1.645907e+00 1.023148e+01 9.920909e-02 3.206156e-01 1.645070e+00 9.988906e+00 7.967046e-02 -1.547774e-01
39627811094269032 1.969128e+00 1.086615e+01 2.918991e-01 -1.772170e+00 1.816758e+00 1.099552e+01 2.842441e-01 -1.964904e+00
39627750717261088 1.851607e+00 1.110741e+01 4.070602e-01 -1.075619e+00 1.822430e+00 1.142453e+01 4.099287e-01 -1.062081e+00
39627757491060864 1.184223e+00 9.089533e+00 9.608161e-02 4.378178e+00 1.175627e+00 9.033701e+00 7.528804e-02 3.707952e+00
39627787740383144 1.165423e+00 9.153565e+00 7.998779e-02 3.700069e+00 1.145320e+00 9.428030e+00 7.614461e-02 3.996356e+00
39627781142745920 1.298643e+00 1.076474e+01 1.232226e-01 3.434465e+00 1.295630e+00 1.055374e+01 8.983158e-02 2.271868e+00
39627794413519344 1.104174e+00 8.586981e+00 1.093177e-01 4.077706e+00 1.121524e+00 8.864825e+00 1.033019e-01 4.478216e+00
39627812625187616 1.719517e+00 9.874172e+00 6.351163e-02 -4.147618e-01 1.689559e+00 1.006001e+01 5.120723e-02 -9.528667e-01
39627823308080144 1.188833e+00 1.014711e+01 2.049782e-01 4.947055e+00 1.182134e+00 1.016555e+01 2.106959e-01 3.999739e+00
39627797123044960 1.071292e+00 9.589089e+00 2.770321e-01 3.448604e+00 1.104155e+00 9.990542e+00 2.768775e-01 4.890676e+00
39627817427665664 1.876083e+00 1.067160e+01 1.090930e-01 -2.471855e+00 1.834770e+00 1.052796e+01 8.369498e-02 -1.675198e+00
39633153991641280 1.192881e+00 1.117675e+01 5.598989e-01 -3.905927e+00 1.202696e+00 1.146899e+01 7.337641e-01 4.446383e+00
39627806593782192 1.126036e+00 9.646484e+00 1.709793e-01 -1.909955e+00 1.094013e+00 9.428134e+00 1.522563e-01 5.161714e-01
39627769549685384 2.044593e+00 1.048241e+01 1.442748e-01 -2.752833e-01 1.746577e+00 1.053285e+01 1.411641e-01 -4.710782e-01
39627823291305664 1.254030e+00 1.004169e+01 1.677161e-01 4.356832e+00 1.226743e+00 1.019987e+01 1.629107e-01 3.319486e+00
39627799861920160 1.169702e+00 9.120685e+00 9.581833e-02 5.037917e+00 1.200807e+00 8.332325e+00 2.927621e-02 3.533017e+00
39627770275304176 1.304529e+00 9.969471e+00 2.155644e-01 3.686689e+00 1.213252e+00 1.008558e+01 1.905075e-01 9.360957e-01
39627799262137736 1.709066e+00 1.065353e+01 1.439117e-01 -1.170805e+00 1.710922e+00 1.083430e+01 1.763939e-01 -2.693405e+00
39627829515652208 1.650236e+00 1.104603e+01 4.666587e-01 -1.015197e+00 1.658216e+00 1.116894e+01 5.021403e-01 -4.182631e-01
39627799882892656 1.631488e+00 1.059756e+01 2.171656e-01 9.855135e-02 1.617926e+00 1.064217e+01 1.980104e-01 -1.840554e+00
39627781767696656 1.289114e+00 1.066197e+01 2.050319e-01 2.729096e+00 1.312294e+00 1.032476e+01 1.895695e-01 4.616641e-01
39633145221353536 1.722150e+00 1.108308e+01 4.447590e-01 4.177460e-01 1.617534e+00 1.115097e+01 5.012001e-01 1.991951e-02
39627782283596432 1.154348e+00 9.215692e+00 1.337353e-01 5.146253e+00 1.146341e+00 9.155353e+00 1.225697e-01 3.935847e+00
39627806396647784 1.614299e+00 1.051059e+01 1.130390e-01 7.030687e-01 1.502767e+00 1.066571e+01 1.273292e-01 7.910436e-01
39627746028032848 2.073004e+00 1.024348e+01 2.136312e-01 -2.034941e+00 1.639806e+00 1.041505e+01 1.884445e-01 -2.555243e+00
39627769096705296 1.542683e+00 1.112892e+01 3.897179e-01 -1.048646e+00 1.547063e+00 1.113963e+01 4.448476e-01 -6.778678e-01
39627788327586248 1.150846e+00 1.020971e+01 1.874165e-01 -5.243867e-01 1.206650e+00 1.009845e+01 2.279259e-01 2.442303e+00
39627814713953312 1.010669e+00 7.665866e+00 1.535245e-02 3.928144e+00 1.078201e+00 7.672111e+00 0.000000e+00 4.454421e+00
39633145363958184 1.539562e+00 1.134483e+01 5.281808e-01 -4.165866e+00 1.632449e+00 1.135279e+01 5.630786e-01 -8.496877e-01
39627745436635144 1.199724e+00 9.932861e+00 1.372225e-01 -3.595333e+00 1.296839e+00 9.645209e+00 1.162074e-01 1.886357e-01
39627772263402976 1.528217e+00 1.042190e+01 1.549778e-01 -1.909889e-01 1.509996e+00 1.049205e+01 1.437916e-01 -4.116286e-01
39627809160694568 1.515379e+00 1.028776e+01 1.146808e-01 3.333601e-01 1.355267e+00 1.051397e+01 1.483388e-01 1.707488e+00
39627718886695416 1.394974e+00 1.087928e+01 2.371703e-01 1.966650e+00 1.490082e+00 1.081087e+01 2.264698e-01 2.703910e+00
39627739480721584 1.809487e+00 1.084273e+01 3.789446e-01 6.779527e-03 1.684086e+00 1.103650e+01 3.827556e-01 -1.006646e+00
39627746015448096 1.368184e+00 1.127976e+01 5.422732e-01 1.139041e+00 1.341698e+00 1.141253e+01 6.131600e-01 2.499873e+00
39627761056228088 1.693607e+00 1.139694e+01 5.963263e-01 -1.310488e+00 1.656754e+00 1.158572e+01 7.027643e-01 4.012350e-01
39627796699418712 1.289149e+00 9.113959e+00 5.713984e-02 2.742847e+00 1.429101e+00 8.992096e+00 2.669628e-02 1.583309e-01
39627745952531256 1.369447e+00 1.102561e+01 4.089259e-01 7.412834e-02 1.572997e+00 1.120683e+01 4.622902e-01 -1.043089e+00
39627836574666304 1.750920e+00 1.110285e+01 4.262805e-01 -7.804285e-01 1.710854e+00 1.126602e+01 4.646312e-01 -7.336649e-01
39627823983365440 1.761356e+00 1.114088e+01 3.608458e-01 -1.050633e+00 1.762528e+00 1.115727e+01 3.884874e-01 -9.297665e-01
39627640503536152 1.771933e+00 1.125169e+01 2.799364e-01 -6.986766e-01 1.743652e+00 1.124930e+01 2.828598e-01 -1.238443e+00
39627751489012408 1.785272e+00 1.077763e+01 1.702836e-01 -2.672678e+00 1.686623e+00 1.079647e+01 1.723722e-01 -2.417891e+00
39627856942204384 1.808070e+00 1.108455e+01 3.358230e-01 -1.696524e+00 1.737803e+00 1.119960e+01 3.432703e-01 -1.343075e+00
39627770237553896 1.733354e+00 1.079063e+01 1.756562e-01 -7.238869e-01 1.739238e+00 1.082139e+01 1.764256e-01 -2.471476e+00
39627835345735192 1.613088e+00 1.106920e+01 3.344004e-01 -6.606427e-01 1.765627e+00 1.105302e+01 3.355843e-01 -9.358144e-01
39627768790516152 1.588107e+00 1.077874e+01 2.708085e-01 -2.141541e+00 1.544239e+00 1.074672e+01 2.746966e-01 -1.390920e-01
39627824079832416 1.394006e+00 9.078866e+00 7.801271e-02 9.993554e-01 1.331103e+00 9.025671e+00 7.128328e-02 -9.707144e-01
39627817964539320 1.629513e+00 1.055442e+01 1.317257e-01 3.582814e-01 1.744474e+00 1.035445e+01 1.139084e-01 -9.715652e-01
39627781688004920 1.093596e+00 8.922903e+00 7.658541e-02 -4.725090e-01 1.170928e+00 8.536762e+00 4.229049e-02 2.804365e+00
39627832564915576 1.446902e+00 1.039428e+01 9.011820e-02 1.375749e+00 1.475931e+00 1.053625e+01 9.652941e-02 1.148896e+00
39627781784470896 1.074031e+00 8.679465e+00 7.874946e-02 3.060464e+00 1.115761e+00 8.467070e+00 6.205294e-02 4.453812e+00
39633132122540792 1.291413e+00 8.921404e+00 5.902258e-02 2.418704e+00 1.287746e+00 8.746512e+00 2.454947e-02 1.509315e+00
39627757616893816 1.164517e+00 1.014904e+01 1.985529e-01 2.069967e+00 1.224549e+00 9.848978e+00 1.785270e-01 1.424273e+00
39627787039933952 1.049648e+00 8.568887e+00 7.054870e-02 5.586950e+00 1.094029e+00 8.348670e+00 2.869229e-02 5.163967e+00
39627904966983832 1.497797e+00 1.108492e+01 3.466668e-01 -2.766288e+00 1.565372e+00 1.123365e+01 3.436020e-01 -1.325158e+00
39627895764685360 1.480017e+00 1.029148e+01 8.256289e-02 -1.876382e-01 1.560958e+00 1.022578e+01 5.317940e-02 2.981555e-01
39627796326128568 1.811830e+00 1.067088e+01 1.520326e-01 -1.932907e+00 1.773348e+00 1.073981e+01 1.521268e-01 -2.428597e+00
39627793285256064 1.460564e+00 1.095046e+01 4.642647e-01 1.534436e+00 1.374172e+00 1.132950e+01 4.654431e-01 7.012051e-02
39627830572617096 1.094967e+00 1.035506e+01 1.747658e-01 -1.265841e+00 1.225812e+00 1.072150e+01 2.528704e-01 1.667429e+00
39633145049386784 1.670909e+00 1.060693e+01 1.557725e-01 -3.333293e-01 1.631580e+00 1.058161e+01 1.033710e-01 -1.013674e+00
39633131891855456 2.006043e+00 1.092059e+01 2.331797e-01 -9.213304e-01 1.825179e+00 1.094717e+01 2.516745e-01 -9.069045e-01
39627803116710000 1.231613e+00 1.080619e+01 3.524594e-01 -2.086199e-01 1.259921e+00 1.049333e+01 3.161660e-01 1.895530e+00
39627790386994416 1.988681e+00 1.090491e+01 2.548692e-01 -2.827696e+00 1.872500e+00 1.104624e+01 2.603108e-01 -1.732242e+00
39627782476534464 1.878485e+00 1.121049e+01 2.365962e-01 -1.046529e+00 1.906623e+00 1.115157e+01 2.552843e-01 -1.605383e+00
39627784699515096 1.054432e+00 9.667844e+00 1.949400e-01 -5.820941e-01 1.139880e+00 9.643356e+00 2.016366e-01 5.458395e-01
39627764227114080 1.120162e+00 8.576929e+00 8.148874e-02 4.877455e+00 1.127506e+00 8.409624e+00 5.488372e-02 3.334713e+00
39627824587345936 1.772606e+00 1.058975e+01 2.098630e-01 -1.361296e+00 1.743688e+00 1.071144e+01 2.034625e-01 -1.111772e+00
39627780970775368 1.768098e+00 1.106216e+01 2.966258e-01 -1.068220e+00 1.882832e+00 1.119512e+01 2.921165e-01 -1.314437e+00
39627797177568576 1.222005e+00 9.953308e+00 1.434563e-01 3.323887e+00 1.207805e+00 9.681231e+00 1.348261e-01 1.250020e+00
39627808607045416 1.239672e+00 8.987465e+00 7.473585e-02 3.050994e+00 1.208087e+00 9.273272e+00 6.009446e-02 3.556012e+00
39627805759115584 1.449028e+00 1.139290e+01 5.452781e-01 -1.500870e-01 1.479901e+00 1.154183e+01 6.463163e-01 1.512940e+00
39627770354996048 1.319798e+00 1.051019e+01 2.780024e-01 2.651841e+00 1.292155e+00 1.066994e+01 2.308276e-01 2.953482e+00
39627830576809792 1.712205e+00 1.124553e+01 4.315634e-01 1.280804e-01 1.701107e+00 1.119550e+01 4.476406e-01 -9.021391e-01
39627835249262808 1.102112e+00 9.425519e+00 1.289314e-01 3.504034e+00 1.151423e+00 9.502717e+00 1.134526e-01 4.006713e+00
39627757478480352 1.455150e+00 1.029402e+01 2.562825e-01 1.469552e+00 1.345949e+00 1.050329e+01 2.660873e-01 1.339983e+00
39627757621087944 1.155865e+00 9.497025e+00 7.003134e-02 4.820960e+00 1.129757e+00 9.558517e+00 5.145730e-02 4.913524e+00
39627806518280240 1.266694e+00 1.025876e+01 1.288373e-01 1.772623e+00 1.288411e+00 1.035277e+01 1.429382e-01 2.643873e+00
39627793734043376 1.609978e+00 1.082802e+01 2.873456e-01 9.754234e-01 1.664605e+00 1.080346e+01 2.828123e-01 3.686655e-02
39627835995852192 1.119558e+00 8.872911e+00 1.013899e-01 1.494521e+00 1.125195e+00 8.505082e+00 7.067963e-02 3.329350e+00
39627836192981072 1.537724e+00 1.104853e+01 3.226121e-01 1.817212e+00 1.513578e+00 1.119734e+01 3.366846e-01 5.572159e-01
39627791125190248 1.317928e+00 1.032043e+01 1.739466e-01 2.255733e+00 1.347611e+00 1.014846e+01 1.668386e-01 1.204799e+00
39627824482484328 1.247734e+00 1.132801e+01 5.074528e-01 9.827516e-02 1.475032e+00 1.143281e+01 5.712354e-01 2.294582e-02
39627889678751376 1.803869e+00 1.112934e+01 2.352374e-01 -1.729146e+00 1.906413e+00 1.108832e+01 2.314687e-01 -1.704492e+00
39627752092995184 1.154893e+00 9.087633e+00 1.020129e-01 3.229387e+00 1.184163e+00 9.007807e+00 8.476080e-02 2.526870e+00
39627794358997152 1.682183e+00 1.071463e+01 2.609101e-01 2.005113e-01 1.690826e+00 1.063284e+01 2.474540e-01 2.357304e-03
39627758199899624 1.630150e+00 1.047938e+01 1.556842e-01 -2.146424e-01 1.642671e+00 1.031639e+01 1.504482e-01 -4.536868e-01
39627793109092760 2.032318e+00 1.100730e+01 2.912971e-01 -4.240605e+00 1.777099e+00 1.103586e+01 2.928809e-01 -2.058049e+00
39627811211707552 1.349523e+00 9.963262e+00 9.719158e-02 2.529157e+00 1.333241e+00 9.939816e+00 8.872406e-02 1.899922e+00
39627776394790256 1.253244e+00 1.037851e+01 2.100195e-01 2.344918e+00 1.278286e+00 1.019310e+01 1.972053e-01 2.988942e+00
39627751455460256 1.772864e+00 1.111796e+01 3.330362e-01 -1.879835e+00 1.774199e+00 1.124445e+01 3.703620e-01 -4.190891e-01
39627812470000528 1.104436e+00 9.306440e+00 1.759486e-01 3.024460e+00 1.110620e+00 9.151456e+00 1.457297e-01 3.673255e+00
39627784259114256 1.256355e+00 9.559999e+00 9.722257e-02 2.107735e+00 1.284365e+00 9.324135e+00 6.340374e-02 1.098026e+00
39627818543350344 1.407654e+00 1.038327e+01 1.174723e-01 2.261883e+00 1.608952e+00 1.036586e+01 1.005442e-01 -2.996194e-01
39627755100314816 1.958843e+00 1.111598e+01 2.513665e-01 -4.698728e-01 1.869567e+00 1.121429e+01 2.646933e-01 -1.074388e+00
39627809206833920 1.213343e+00 1.022589e+01 2.043028e-01 1.231838e+00 1.178554e+00 9.908541e+00 1.919358e-01 2.093925e+00
39627775623040904 1.826313e+00 1.076206e+01 2.794877e-01 -2.551494e-02 1.771270e+00 1.088775e+01 2.842633e-01 -6.836476e-01
39627751509983432 1.314233e+00 1.056991e+01 2.746060e-01 1.429596e+00 1.335433e+00 1.055586e+01 2.638742e-01 1.384011e+00
39627793151034344 1.358786e+00 9.733405e+00 7.086360e-02 2.949867e+00 1.266781e+00 9.775645e+00 3.492899e-02 3.292940e+00
39627776235405456 1.635255e+00 1.005245e+01 1.398600e-01 -6.526710e-01 1.572987e+00 1.013509e+01 1.336292e-01 -8.570296e-01
39627718811193216 1.395211e+00 1.049405e+01 7.490903e-02 -4.596308e-01 1.349704e+00 9.997472e+00 3.784232e-02 1.164501e+00
39633127731103112 1.697096e+00 1.055612e+01 1.576497e-01 -2.084859e+00 1.604263e+00 1.070909e+01 1.601162e-01 4.885358e-02
39627769805543200 1.673600e+00 1.114773e+01 3.714876e-01 -1.173172e+00 1.729329e+00 1.111206e+01 3.963075e-01 -8.658007e-01
39627811249457840 1.866909e+00 1.072979e+01 3.115425e-01 -8.269015e-01 1.707301e+00 1.089201e+01 3.089474e-01 -1.304536e+00
39627817108899208 1.382141e+00 1.054022e+01 2.111630e-01 2.192070e+00 1.319431e+00 1.065211e+01 2.468829e-01 2.243926e+00
39627769096704288 1.195194e+00 1.021664e+01 8.939305e-02 4.347683e+00 1.152699e+00 1.022009e+01 8.370504e-02 3.625076e+00
39627814751701248 1.940011e+00 1.038084e+01 1.587414e-01 -2.124335e+00 1.566678e+00 1.062465e+01 1.572908e-01 -1.715352e-01
39627829553398824 1.905951e+00 1.047798e+01 1.233986e-01 -1.287421e+00 1.724818e+00 1.033657e+01 1.156096e-01 -1.589280e+00
39627818119726312 1.721755e+00 1.086693e+01 3.577147e-01 -2.005665e-01 1.728031e+00 1.100367e+01 3.811270e-01 -5.857126e-01
39627787711021208 1.522099e+00 1.096069e+01 3.275037e-01 2.099433e+00 1.440130e+00 1.100077e+01 3.511412e-01 2.938304e+00
39627824532821616 1.646276e+00 1.074939e+01 2.533616e-01 -7.924231e-01 1.651123e+00 1.061853e+01 2.594102e-01 -1.920284e+00
39633290042279952 1.308620e+00 1.099696e+01 3.540148e-01 -4.293898e+00 1.312239e+00 1.085476e+01 3.646799e-01 1.316072e+00
39627824688008784 1.727799e+00 1.047902e+01 1.039351e-01 -1.472837e+00 1.712866e+00 1.053194e+01 1.054953e-01 -1.447428e+00
39627830660699488 1.367133e+00 1.010376e+01 1.099162e-01 -1.076348e+00 1.434956e+00 1.022147e+01 1.106011e-01 -1.878664e+00
39627833059844952 1.703223e+00 1.054789e+01 9.760223e-02 -1.132514e+00 1.834384e+00 1.056954e+01 9.004712e-02 -2.139734e+00
39627811970876480 1.509706e+00 1.061753e+01 2.441145e-01 2.471087e+00 1.701631e+00 1.059136e+01 1.995133e-01 -3.385097e-02
39627738855769944 1.471424e+00 1.135847e+01 4.970987e-01 1.394205e+00 1.512013e+00 1.126555e+01 5.261468e-01 8.167323e-01
39627818711124264 1.823086e+00 1.117384e+01 3.847840e-01 4.050416e-02 1.822098e+00 1.140464e+01 3.945665e-01 -8.096405e-01
39627824734145984 1.820792e+00 1.053537e+01 1.433105e-01 -5.006034e-01 1.643974e+00 1.063574e+01 1.446714e-01 -7.830825e-01
39627764260669952 1.526678e+00 1.028228e+01 1.817303e-01 -9.887222e-01 1.518970e+00 1.020748e+01 1.725689e-01 -2.916447e+00
39627739883375704 1.737116e+00 1.073954e+01 1.916209e-01 -2.211754e+00 1.671449e+00 1.085542e+01 1.897187e-01 -5.340619e-01
39627785068615088 1.524226e+00 9.642967e+00 7.642320e-02 1.610480e+00 1.371225e+00 9.511415e+00 4.786323e-02 1.155710e+00
39627830606170312 1.619106e+00 1.078856e+01 2.279844e-01 -7.048164e-01 1.741711e+00 1.069582e+01 2.155949e-01 -1.170821e+00
39627775610457312 1.125254e+00 9.541174e+00 1.062363e-01 -5.061148e-01 1.213335e+00 9.769581e+00 9.738998e-02 -5.446496e-01
39627817993900176 1.635978e+00 1.048659e+01 1.249954e-01 -5.406106e-02 1.612328e+00 1.057180e+01 1.064652e-01 -1.085909e+00
39627794413519296 1.258502e+00 9.833643e+00 8.736075e-02 2.789962e+00 1.211786e+00 1.035248e+01 1.004396e-01 2.458130e+00
39627802487556528 1.693947e+00 1.091346e+01 3.237665e-01 5.377933e-01 1.728868e+00 1.114955e+01 3.563998e-01 -1.710882e+00
39627818023257840 1.148402e+00 1.034335e+01 2.006584e-01 4.293665e+00 1.148946e+00 1.042156e+01 2.210445e-01 3.587241e+00
39627817092121232 1.557699e+00 1.072116e+01 5.118706e-01 9.151794e-01 1.602871e+00 1.129396e+01 5.233760e-01 -4.641412e-01
39627808883870496 1.722276e+00 1.087406e+01 3.003941e-01 -1.506499e+00 1.816875e+00 1.104712e+01 3.047308e-01 -1.941950e+00
39627824029502304 1.355310e+00 1.041945e+01 1.978875e-01 1.756067e+00 1.394999e+00 1.048691e+01 1.838562e-01 1.419023e+00
39627824524429680 1.157118e+00 9.511467e+00 1.771363e-01 1.069474e+00 1.167582e+00 9.562261e+00 1.679905e-01 1.305858e+00
39627794249944272 1.652310e+00 1.142371e+01 4.531380e-01 2.654130e+00 1.752111e+00 1.141286e+01 4.566857e-01 -6.043906e-01
39627775140693336 1.979996e+00 1.121286e+01 4.662857e-01 -1.933983e+00 1.677146e+00 1.122329e+01 4.984355e-01 -1.413746e+00
39627763811879328 1.278414e+00 9.750121e+00 1.324814e-01 5.096659e-01 1.284511e+00 9.460428e+00 9.247875e-02 4.720258e-01
39627808456049192 1.040358e+00 1.065289e+01 2.503961e-01 1.468495e+00 1.113802e+00 1.066181e+01 2.120103e-01 3.556469e+00
39627857093198664 1.344698e+00 1.116316e+01 3.874339e-01 -2.910414e+00 1.599633e+00 1.123864e+01 4.513557e-01 -2.121704e+00
39627781750917176 1.284033e+00 1.037227e+01 2.518123e-01 3.756327e+00 1.229426e+00 1.052088e+01 2.596187e-01 3.171849e+00
39627802546278768 1.794326e+00 1.110775e+01 4.516518e-01 -3.007396e+00 1.647298e+00 1.136030e+01 5.020663e-01 -1.521460e+00
39627776252186088 1.161466e+00 9.228580e+00 8.344156e-02 4.858844e+00 1.157774e+00 9.059633e+00 5.561562e-02 4.280417e+00
39627780861723656 1.150501e+00 8.518879e+00 5.157338e-02 1.921896e+00 1.159429e+00 8.257877e+00 3.296326e-02 2.509516e+00
39627784766623672 1.263638e+00 1.068276e+01 1.880047e-01 3.552961e+00 1.210272e+00 1.066514e+01 2.092957e-01 3.701063e+00
39627766529789176 1.527334e+00 1.066378e+01 5.265189e-01 2.860227e+00 1.494810e+00 1.117255e+01 5.595974e-01 2.176383e+00
39627778626166520 1.132548e+00 9.173400e+00 1.429392e-01 6.467596e-01 1.126390e+00 9.219981e+00 1.389350e-01 1.714681e+00
39627806505697600 1.385882e+00 9.964270e+00 1.245813e-01 1.367543e+00 1.353601e+00 1.018066e+01 1.179966e-01 -3.658222e-01
39627818044231032 1.731687e+00 1.045691e+01 1.481304e-01 -4.257692e-01 1.734190e+00 1.049633e+01 1.427388e-01 -2.097384e+00
39627780853338960 1.707555e+00 1.112542e+01 3.613864e-01 2.372775e-01 1.740019e+00 1.115683e+01 3.816731e-01 -3.367962e-01
39627758178931456 1.524466e+00 1.077838e+01 2.395758e-01 -1.199949e+00 1.565434e+00 1.073631e+01 2.615880e-01 -1.964330e+00
39627857080617480 1.745906e+00 1.074027e+01 3.134148e-01 -2.072598e-01 1.712907e+00 1.100642e+01 3.488994e-01 -9.517097e-01
39627774968727144 1.640696e+00 1.169391e+01 6.033479e-01 1.078145e+00 1.645981e+00 1.155881e+01 6.317057e-01 -2.050081e-01
39627787018963304 1.230931e+00 1.032376e+01 2.041398e-01 4.015147e+00 1.227058e+00 1.028485e+01 2.096847e-01 2.994209e+00
39627792991655152 1.685793e+00 9.879127e+00 1.795442e-01 1.110465e+00 1.527398e+00 1.027246e+01 1.882553e-01 1.245370e+00
39627787853627608 1.100041e+00 9.862962e+00 1.161807e-01 -4.475669e+00 1.229120e+00 9.767066e+00 1.253580e-01 1.206141e+00
39627823211611400 1.771943e+00 1.079028e+01 3.188936e-01 -2.047789e+00 1.603005e+00 1.097773e+01 3.472368e-01 -9.736612e-01
39627778580022736 1.762895e+00 1.119168e+01 3.802674e-01 5.255526e-01 1.768410e+00 1.120144e+01 3.875058e-01 -4.171610e-01
39627752092993920 1.145632e+00 9.317462e+00 1.208569e-01 2.472051e+00 1.096966e+00 8.933820e+00 9.384580e-02 9.282881e-01
39627818044230464 1.342080e+00 1.020789e+01 1.113290e-01 6.123231e-01 1.312477e+00 1.035851e+01 1.355907e-01 5.113853e-01
39627790311492504 1.981246e+00 1.077356e+01 1.996576e-01 -1.723774e+00 1.893056e+00 1.093796e+01 1.975347e-01 -2.014371e+00
39627812470002144 1.277543e+00 1.073918e+01 3.531279e-01 6.934596e-01 1.257674e+00 1.058909e+01 3.777279e-01 1.171932e+00
39627718928631360 1.897283e+00 1.076278e+01 2.403173e-01 -2.485091e+00 1.716169e+00 1.094633e+01 2.585955e-01 -1.677109e+00
39627752025886512 1.825553e+00 1.095623e+01 3.017936e-01 -8.511515e-01 1.761173e+00 1.103844e+01 3.099856e-01 -1.823061e+00
39627792983266976 1.259683e+00 9.941147e+00 1.174307e-01 2.443166e+00 1.248040e+00 9.802859e+00 1.250340e-01 2.323483e+00
39627812029597064 1.064586e+00 9.791954e+00 3.171183e-01 2.890850e+00 1.073337e+00 1.026802e+01 3.684161e-01 4.393972e+00
39627763669272408 1.494702e+00 9.996266e+00 7.093655e-02 1.025898e-01 1.472601e+00 1.018349e+01 9.345637e-02 5.582113e-01
39627785089587456 1.079803e+00 8.649076e+00 6.785755e-02 -7.959872e-01 1.083537e+00 8.387812e+00 5.699100e-02 1.341131e+00
39627763556025888 1.135409e+00 1.024966e+01 2.478772e-01 4.142112e+00 1.160198e+00 1.002956e+01 2.014155e-01 4.235569e+00
39627802823100432 1.226112e+00 1.011575e+01 2.326524e-01 5.509076e+00 1.197138e+00 1.016227e+01 2.063092e-01 3.530148e+00
39627830492922384 1.213382e+00 9.521339e+00 9.239352e-02 8.651986e-01 1.248631e+00 9.429101e+00 8.354025e-02 1.714335e+00
39627806501507288 1.051281e+00 8.994781e+00 1.249419e-01 6.868066e-01 1.051914e+00 8.602089e+00 1.054857e-01 1.666800e+00
39627772678637888 1.339898e+00 1.097408e+01 3.271211e-01 1.596906e+00 1.327468e+00 1.074230e+01 3.661636e-01 3.274166e+00
39627764155814640 1.594852e+00 1.075933e+01 1.376821e-01 -4.767199e-01 1.621452e+00 1.060846e+01 1.201318e-01 -1.509635e-01
39633131807967656 1.804420e+00 1.102274e+01 2.486134e-01 -5.433167e-01 1.695649e+00 1.110111e+01 2.953967e-01 -1.177880e+00
39627800524624056 1.261159e+00 1.000507e+01 1.710049e-01 -1.424594e+00 1.290816e+00 1.001947e+01 1.537841e-01 7.582178e-01
39627774855485216 1.825952e+00 1.104686e+01 3.664026e-01 -1.864504e+00 1.704398e+00 1.110042e+01 3.918594e-01 -9.377900e-01
39633127739492664 1.653414e+00 1.117723e+01 4.176745e-01 -5.255930e-01 1.592753e+00 1.126176e+01 5.315151e-01 9.484507e-01
39627805910112024 1.419443e+00 1.037879e+01 2.063037e-01 2.073477e-01 1.437802e+00 1.035123e+01 1.886580e-01 -3.930705e-01
39627799710927248 1.974658e+00 1.083584e+01 1.990256e-01 2.176713e-01 1.658143e+00 1.084585e+01 2.169086e-01 7.065628e-01
39633123205448712 1.447563e+00 1.106826e+01 3.644735e-01 -1.205649e-01 1.612333e+00 1.093203e+01 3.803655e-01 -6.274879e-01
39627739413612784 1.147955e+00 9.883010e+00 1.070797e-01 3.167280e+00 1.169417e+00 9.760859e+00 7.823053e-02 4.085770e+00
39627763916739120 1.686173e+00 1.037169e+01 8.175738e-02 -1.682632e+00 1.554341e+00 1.035782e+01 6.271678e-02 2.122794e-01
39627694790412528 1.696496e+00 1.098848e+01 3.203765e-01 -1.903129e+00 1.784263e+00 1.096959e+01 3.130707e-01 -1.105974e+00
39627781918691224 1.628238e+00 1.031997e+01 8.205686e-02 -3.141606e-01 1.686984e+00 1.023398e+01 6.030330e-02 -7.476150e-01
39627853469322432 1.297931e+00 9.633640e+00 1.752725e-01 2.068306e+00 1.262704e+00 1.003777e+01 1.925080e-01 7.821085e-01
39627835387679624 1.127432e+00 9.824437e+00 2.241773e-01 3.092897e+00 1.142500e+00 9.526239e+00 1.782554e-01 2.833286e+00
39627757633671792 1.467929e+00 1.041243e+01 1.340743e-01 2.220286e-02 1.487485e+00 1.028937e+01 1.165728e-01 4.689231e-01
39627811903767024 1.691222e+00 1.082008e+01 2.592988e-01 -1.113377e+00 1.643190e+00 1.092340e+01 2.751627e-01 -9.386717e-01
39627781075636184 1.554997e+00 1.033215e+01 7.038401e-02 3.082052e+00 1.502671e+00 1.039771e+01 6.062910e-02 7.799526e-01
39627788440830560 1.712443e+00 1.063646e+01 2.942042e-01 -1.304395e+00 1.621891e+00 1.075526e+01 2.995931e-01 -9.889107e-01
39627776239604064 1.107077e+00 9.418780e+00 1.816636e-01 4.566270e+00 1.114197e+00 9.292188e+00 1.892961e-01 3.794292e+00
39627853339296936 1.065500e+00 9.569485e+00 1.115428e-01 -1.543818e-01 1.149840e+00 9.436892e+00 8.013895e-02 3.260406e-01
39627830736194472 1.251061e+00 8.966290e+00 6.974600e-02 5.460532e+00 1.230377e+00 8.961072e+00 4.792318e-02 2.951604e+00
39627780933028744 1.332471e+00 1.022396e+01 1.073765e-01 -3.578394e-01 1.670279e+00 1.075085e+01 1.733623e-01 -1.028994e+00
39627806602166624 1.702409e+00 1.110877e+01 4.975880e-01 -1.329054e+00 1.580645e+00 1.140308e+01 5.430596e-01 -2.299776e+00
39627782279402272 1.419851e+00 1.055038e+01 1.269038e-01 -6.115838e-01 1.443401e+00 1.053085e+01 1.190478e-01 1.101681e+00
39633153752565416 1.297675e+00 1.139991e+01 4.322492e-01 -5.193723e-01 1.394152e+00 1.115688e+01 3.997539e-01 -1.348646e-01
39627811085882616 1.363045e+00 1.075285e+01 2.826295e-01 1.269093e+00 1.305111e+00 1.058402e+01 2.414681e-01 1.337439e+00
39627782333927960 1.117933e+00 9.223113e+00 7.278149e-02 4.059528e+00 1.171558e+00 8.829381e+00 5.830494e-02 3.253894e+00
39627787698442536 1.387952e+00 1.028643e+01 1.631386e-01 9.087403e-01 1.361200e+00 1.040604e+01 1.664751e-01 1.836284e+00
39627760599042488 1.756866e+00 1.115796e+01 4.035578e-01 1.415842e+00 1.748923e+00 1.115280e+01 4.095735e-01 -6.338124e-01
39627772519258848 1.561509e+00 1.123138e+01 4.171813e-01 -2.986512e+00 1.673449e+00 1.113205e+01 4.511276e-01 -2.249660e+00
39627812130260688 1.726380e+00 1.151173e+01 5.968983e-01 -6.290176e-01 1.660959e+00 1.153481e+01 6.534892e-01 -6.038111e-02
39627805033501568 1.844949e+00 1.042281e+01 7.780395e-02 -1.157620e+00 1.851989e+00 1.049744e+01 4.411308e-02 -2.055013e+00
39627808418307096 1.216525e+00 9.620151e+00 1.771602e-01 2.031738e+00 1.198604e+00 9.735390e+00 1.870551e-01 2.407449e+00
39633145292654672 1.658267e+00 1.099948e+01 2.384602e-01 -3.087962e+00 1.695138e+00 1.095807e+01 2.583541e-01 -2.665624e+00
39627818660793048 1.517440e+00 1.116473e+01 4.200605e-01 -2.522557e+00 1.673865e+00 1.112650e+01 4.576549e-01 -1.477823e+00
39633278944149992 1.776865e+00 1.104064e+01 2.870373e-01 -1.074559e+00 1.781859e+00 1.105410e+01 2.814447e-01 -2.341867e+00
39627794480627984 1.366556e+00 1.069228e+01 2.947218e-01 2.734915e-01 1.356304e+00 1.064687e+01 3.140148e-01 7.458042e-01
39627769549686432 1.500715e+00 9.576811e+00 6.878254e-02 1.191471e+00 1.537273e+00 9.503197e+00 4.162948e-02 8.743405e-04
39633118386192824 1.548761e+00 1.090883e+01 5.177253e-01 -9.978082e-01 1.468894e+00 1.118850e+01 5.611020e-01 6.814284e-01
39627812474195912 1.142467e+00 9.681141e+00 1.180991e-01 5.831264e+00 1.279494e+00 9.726848e+00 6.714205e-02 5.265208e-01
39627794484823864 1.093859e+00 1.052312e+01 2.939416e-01 4.230195e+00 1.126119e+00 1.019913e+01 3.021100e-01 4.686383e+00
39627811169764512 1.642274e+00 1.069285e+01 1.679076e-01 3.584107e-02 1.661320e+00 1.075167e+01 1.764259e-01 -1.494283e+00
39627781675419120 1.839411e+00 1.070249e+01 2.482361e-01 -1.398739e+00 1.776779e+00 1.084141e+01 2.511245e-01 -9.123849e-01
39627782275205376 1.451698e+00 1.058309e+01 1.852733e-01 1.932205e+00 1.505509e+00 1.036454e+01 1.696088e-01 -2.289109e-01
39627781700586728 1.412304e+00 9.316584e+00 1.466605e-01 3.027736e+00 1.124632e+00 9.215050e+00 1.356427e-01 7.495163e-01
39627901703820256 1.855003e+00 1.104717e+01 2.272743e-01 -2.748676e+00 1.847924e+00 1.098643e+01 2.427126e-01 -1.082205e+00
39627817264091952 1.127816e+00 1.021801e+01 2.913959e-01 6.289889e+00 1.145543e+00 1.031096e+01 3.085333e-01 4.966122e+00
39627770195608760 1.494671e+00 1.014453e+01 1.396955e-01 2.001133e-01 1.508548e+00 9.903155e+00 1.069653e-01 -2.557504e-01
39627790789640760 1.112457e+00 9.886341e+00 1.620055e-01 2.210435e+00 1.181232e+00 9.544623e+00 1.505345e-01 2.271418e+00
39627841289065088 1.164361e+00 9.022735e+00 1.052532e-01 2.509339e+00 1.145827e+00 8.979277e+00 9.858802e-02 1.647551e+00
39627853431571016 1.304874e+00 1.011796e+01 1.172328e-01 7.718527e-01 1.474684e+00 9.927705e+00 9.828234e-02 -1.250440e-02
39627745495356064 1.126406e+00 9.266108e+00 1.685370e-01 1.582532e+00 1.151023e+00 9.353405e+00 1.595019e-01 1.930725e+00
39627768777938248 1.620711e+00 1.110145e+01 3.120334e-01 -4.028352e-01 1.634890e+00 1.129009e+01 3.148587e-01 -5.541013e-01
39627778458391312 1.202901e+00 1.016230e+01 3.067578e-01 3.026356e+00 1.223955e+00 1.050928e+01 3.271528e-01 2.969084e+00
39627800361042432 1.485354e+00 1.036631e+01 2.404005e-01 5.815815e-01 1.522996e+00 1.033355e+01 2.052119e-01 4.381946e-01
39627734011352208 1.763321e+00 1.076299e+01 2.882263e-01 -1.675681e+00 1.722569e+00 1.103432e+01 2.993070e-01 -2.412124e+00
39627806602171688 1.694610e+00 1.073762e+01 1.762437e-01 -8.225552e-01 1.855365e+00 1.082626e+01 1.646907e-01 -2.125656e+00
39627754227894144 1.496897e+00 1.101174e+01 3.846422e-01 4.925650e-01 1.576830e+00 1.118321e+01 4.164893e-01 -1.573071e+00
39627785081197672 1.085518e+00 9.743505e+00 2.902194e-01 3.274449e+00 1.097119e+00 1.030733e+01 4.593214e-01 1.563913e+00
39627841293258736 1.326504e+00 1.079917e+01 3.013722e-01 3.320849e-01 1.263621e+00 1.077790e+01 3.399174e-01 2.673829e+00
39627808841924672 1.179868e+00 9.856381e+00 9.783340e-02 4.114398e+00 1.158400e+00 9.807293e+00 7.003090e-02 4.544930e+00
39627769746821048 1.655574e+00 1.077473e+01 1.604888e-01 -1.593077e-01 1.684937e+00 1.071830e+01 1.347862e-01 -1.086277e+00
39627817331199240 1.737517e+00 1.072005e+01 1.519152e-01 -1.776272e-01 1.790364e+00 1.062336e+01 1.247770e-01 -9.696784e-01
39627817427667760 1.522379e+00 1.090131e+01 3.383942e-01 -1.387438e+00 1.618844e+00 1.089433e+01 3.612099e-01 -6.404181e-01
39627762771692672 1.267469e+00 1.004206e+01 1.718966e-01 4.759467e+00 1.208770e+00 9.932846e+00 1.701604e-01 3.664786e+00
39627792995845816 1.882872e+00 1.063082e+01 2.703010e-01 -1.938668e+00 1.728630e+00 1.088151e+01 2.792600e-01 -1.005610e+00
39627740088896776 1.216750e+00 1.039676e+01 1.377084e-01 1.855150e+00 1.278797e+00 1.013634e+01 1.144082e-01 2.664481e+00
39627806413423312 1.845325e+00 1.098761e+01 2.581260e-01 -1.454110e+00 1.803682e+00 1.093641e+01 2.764653e-01 -1.179272e+00
39627808456052064 1.898354e+00 1.096132e+01 2.784780e-01 -1.456658e+00 1.884198e+00 1.113693e+01 2.893913e-01 -1.532308e+00
39633131954766880 1.815765e+00 1.038502e+01 1.077905e-01 -4.252822e-01 1.846535e+00 1.058482e+01 9.702015e-02 -2.126317e+00
39627760620011616 1.773949e+00 1.115386e+01 3.598537e-01 -7.168413e-01 1.716111e+00 1.106652e+01 3.737686e-01 -9.105891e-01
39627775639816192 1.581816e+00 9.515936e+00 1.271846e-01 8.327855e-01 1.459138e+00 9.598415e+00 1.144437e-01 4.050863e-01
39627817880652096 1.326239e+00 1.063945e+01 3.025670e-01 1.869567e+00 1.276090e+00 1.050517e+01 3.305103e-01 3.826831e+00
39627770279494272 1.775156e+00 1.042698e+01 1.055868e-01 -1.887383e+00 1.554514e+00 1.061094e+01 1.295038e-01 6.570458e-02
39627830576810144 1.631370e+00 1.036931e+01 1.186435e-01 -7.204729e-01 1.501424e+00 1.043727e+01 1.325755e-01 8.679980e-01
39627799803202920 1.840927e+00 1.068812e+01 1.698397e-01 -1.281789e+00 1.822622e+00 1.071643e+01 1.721587e-01 -1.378829e+00
39633118415555096 1.506629e+00 1.021159e+01 9.930671e-02 -3.167948e-01 1.567480e+00 1.008256e+01 1.042463e-01 1.233509e-01
39627622543532096 1.775811e+00 1.073330e+01 3.052911e-01 -7.375896e-02 1.647875e+00 1.089258e+01 3.172541e-01 -1.633864e+00
39627788285645144 1.581950e+00 1.058048e+01 2.607518e-01 3.982108e-01 1.415583e+00 1.092817e+01 2.823471e-01 -2.915646e-01
39627787811688032 1.633007e+00 1.026148e+01 2.001851e-01 2.102028e+00 1.592235e+00 1.033949e+01 1.905228e-01 7.052863e-02
39627766584312352 1.271751e+00 9.081575e+00 3.907825e-02 1.740156e+00 1.284752e+00 8.948487e+00 1.010591e-02 2.872327e+00
39627830627143464 1.136885e+00 9.769147e+00 2.017799e-01 1.577685e+00 1.177598e+00 9.815346e+00 1.991037e-01 3.409522e+00
39633127605273056 1.910392e+00 1.093794e+01 2.325707e-01 -1.687179e+00 1.828435e+00 1.099790e+01 2.250647e-01 -7.968956e-01
39627818572711856 1.249634e+00 1.062205e+01 3.253441e-01 3.570528e+00 1.208375e+00 1.080219e+01 3.499752e-01 3.905547e+00
39627760234135728 1.752187e+00 1.103964e+01 3.144015e-01 -2.655313e+00 1.623693e+00 1.095373e+01 3.437209e-01 -7.398387e-01
39627775887278664 1.319227e+00 9.747174e+00 7.133412e-02 3.190675e+00 1.287014e+00 1.000547e+01 7.806392e-02 2.551256e+00
39627811148792552 1.539871e+00 1.087772e+01 4.455132e-01 2.572504e+00 1.681936e+00 1.104349e+01 3.823425e-01 1.002530e-01
39633153911949984 1.990949e+00 1.085719e+01 3.717620e-01 -7.828802e-01 1.725369e+00 1.121893e+01 3.941624e-01 -3.838669e-01
39627751489011808 1.760917e+00 1.084194e+01 1.634813e-01 -1.232353e+00 1.873631e+00 1.087058e+01 1.739403e-01 -1.604652e+00
39627776285740872 1.627552e+00 1.026788e+01 1.608560e-01 3.276416e-02 1.624425e+00 1.013922e+01 1.359305e-01 -6.465662e-02
39627746028028872 1.255075e+00 9.940551e+00 1.193153e-01 -3.558919e+00 1.223787e+00 9.965362e+00 1.224004e-01 -6.855043e-01
39627814785259240 1.130600e+00 9.746649e+00 1.160662e-01 3.080462e+00 1.143762e+00 9.840797e+00 9.860784e-02 3.986516e+00
39627778663907768 1.087668e+00 9.700023e+00 1.659335e-01 3.067337e+00 1.165607e+00 9.409626e+00 1.342061e-01 1.340967e+00
39627877653681040 1.659262e+00 1.079659e+01 2.279502e-01 -2.476820e+00 1.780481e+00 1.082440e+01 2.265414e-01 -1.841922e+00
39627749110845376 1.738284e+00 1.100638e+01 3.027417e-01 2.796341e-01 1.800974e+00 1.108747e+01 3.049456e-01 -1.690265e+00
39627658580988784 1.633944e+00 1.066419e+01 3.777226e-01 1.432332e+00 1.458799e+00 1.083270e+01 3.914837e-01 1.083576e+00
39627799924838552 1.893070e+00 1.079066e+01 2.842279e-01 -2.810003e+00 1.639891e+00 1.097364e+01 2.460144e-01 -7.239313e-01
39627805280961888 1.237217e+00 8.345866e+00 2.599950e-02 3.024322e+00 1.254746e+00 7.849376e+00 0.000000e+00 2.265814e+00
39627758258620896 1.186228e+00 1.062077e+01 2.645212e-01 -2.436609e+00 1.261982e+00 1.042725e+01 2.532474e-01 1.403602e+00
39627778278039944 1.840464e+00 1.063877e+01 4.027159e-01 1.444210e+00 1.700713e+00 1.107863e+01 4.250933e-01 -1.053730e+00
39627757642060352 1.190888e+00 1.074975e+01 1.929643e-01 3.634119e+00 1.196486e+00 1.050088e+01 1.593444e-01 3.804073e+00
39627808644795632 1.578887e+00 1.077862e+01 3.710926e-01 1.320959e+00 1.624503e+00 1.094387e+01 3.964862e-01 -1.527424e+00
39627776365430144 1.504756e+00 1.125833e+01 4.543889e-01 1.151210e+00 1.547803e+00 1.135535e+01 5.055465e-01 -2.618599e-01
39627814567157360 1.477671e+00 9.916342e+00 5.677366e-02 -6.267514e-02 1.402775e+00 9.769789e+00 3.343281e-02 1.578141e+00
39633158307578552 1.892143e+00 1.073846e+01 1.648417e-01 -6.949396e-01 1.834706e+00 1.078281e+01 1.585976e-01 -1.574597e+00
39627841310033312 1.231472e+00 9.261265e+00 1.068147e-01 5.651870e-01 1.192214e+00 9.159578e+00 9.628415e-02 2.123469e+00
39627752185268848 1.208924e+00 9.643059e+00 1.148908e-01 3.245877e+00 1.227294e+00 9.601905e+00 1.151933e-01 3.155380e+00
39627847358218448 1.113184e+00 7.666111e+00 2.845601e-02 4.741645e+00 1.069970e+00 7.330983e+00 0.000000e+00 5.069242e+00
39633132042848928 1.761221e+00 1.119202e+01 3.723572e-01 -1.203182e+00 1.704036e+00 1.112670e+01 4.318906e-01 -4.619242e-01
39627767112796744 1.588410e+00 9.276643e+00 4.289264e-02 -3.501679e-01 1.615349e+00 8.603809e+00 1.192071e-02 4.584444e-02
39627805020918624 1.384480e+00 1.003789e+01 8.187453e-02 1.070975e+00 1.354118e+00 1.015822e+01 8.263081e-02 1.506360e+00
39627803133479584 1.136083e+00 8.767841e+00 5.010986e-02 -2.957980e+00 1.169495e+00 7.950649e+00 3.730163e-03 2.285287e+00
39627818644013664 1.180259e+00 9.668859e+00 1.045198e-01 6.739089e+00 1.207495e+00 9.418771e+00 6.705268e-02 3.654963e+00
39633144944526360 1.672900e+00 1.111943e+01 3.026374e-01 -1.521684e+00 1.695139e+00 1.098872e+01 3.042771e-01 -1.388330e+00
39633140729253688 1.745654e+00 1.041677e+01 1.687709e-01 -1.121159e-01 1.755321e+00 1.056164e+01 1.630729e-01 -1.500984e+00
39627700817628944 1.563018e+00 1.095203e+01 3.118825e-01 3.886570e-01 1.799067e+00 1.094443e+01 3.090594e-01 -1.600367e+00
39633127668188760 1.836902e+00 1.097242e+01 3.258669e-01 -4.200478e-02 1.800400e+00 1.104983e+01 3.107041e-01 -1.851574e+00
39633136358785736 1.874080e+00 1.114735e+01 3.009110e-01 2.283636e-01 1.715016e+00 1.103385e+01 3.212254e-01 2.891430e-01
39633144944526216 1.740119e+00 1.073498e+01 2.979763e-01 -3.687566e+00 1.636251e+00 1.085531e+01 3.353684e-01 -1.423675e+00
39627814781066880 1.124282e+00 9.476240e+00 1.510424e-01 3.406199e+00 1.133971e+00 9.386949e+00 1.620359e-01 3.703980e+00
39627805041889096 1.747241e+00 1.111498e+01 4.283808e-01 -2.899199e-01 1.701836e+00 1.121526e+01 4.638968e-01 -1.293348e+00
39627755024814352 1.155621e+00 1.069293e+01 1.920708e-01 3.457530e+00 1.227886e+00 1.018798e+01 1.322099e-01 3.194357e+00
39627778663914960 1.669733e+00 1.018607e+01 1.798814e-01 -1.062762e+00 1.512374e+00 1.014136e+01 1.805611e-01 -1.040157e+00
39627847400165160 1.268502e+00 9.377214e+00 1.013477e-01 6.720867e-01 1.228572e+00 9.055311e+00 6.363377e-02 2.966430e+00
39627778391282544 1.498900e+00 1.128604e+01 4.772185e-01 7.299139e-01 1.448201e+00 1.144659e+01 5.015904e-01 -2.580740e-01
39627782178738320 1.127118e+00 9.849813e+00 1.041177e-01 4.901129e+00 1.163837e+00 9.840075e+00 9.980185e-02 4.260674e+00
39627802407867808 1.514510e+00 1.126313e+01 4.632736e-01 9.978449e-01 1.447062e+00 1.136431e+01 4.919180e-01 -5.725724e-02
39627774910006976 1.166254e+00 1.052084e+01 2.642867e-01 3.845460e+00 1.158370e+00 1.045078e+01 2.473082e-01 3.782271e+00
39627814864951952 1.277090e+00 9.065577e+00 6.067873e-02 4.195851e+00 1.228447e+00 9.024260e+00 4.093850e-02 1.794214e+00
39627786981215504 1.508577e+00 1.025365e+01 1.758085e-01 1.281627e+00 1.519405e+00 1.011962e+01 1.695836e-01 1.079237e+00
39627782434587552 1.545461e+00 1.031006e+01 2.192501e-01 1.502595e-01 1.611392e+00 1.032613e+01 1.927537e-01 -1.171036e-01
39627796842028680 1.648857e+00 9.400614e+00 8.631845e-02 1.046563e+00 1.552814e+00 9.880580e+00 4.547739e-02 1.047363e+00
39627757738525616 1.579606e+00 9.892189e+00 4.852287e-02 2.689426e-01 1.550038e+00 1.004413e+01 4.050608e-02 2.487144e-01
39627824688010248 1.085772e+00 1.023444e+01 2.709315e-01 4.565773e+00 1.120516e+00 1.010797e+01 2.504261e-01 4.596347e+00
39627830731997680 1.272163e+00 1.038937e+01 2.084915e-01 2.902438e+00 1.341312e+00 1.028801e+01 1.789957e-01 1.161576e+00
39627839116416624 1.371719e+00 1.139492e+01 3.642109e-01 7.280491e-01 1.734352e+00 1.112391e+01 3.809823e-01 -3.659824e-01
39627805931080712 1.133226e+00 9.888825e+00 1.638205e-01 3.498226e+00 1.002053e+00 1.026456e+01 2.633181e-01 3.446393e+00
39627787664887568 1.127057e+00 9.605769e+00 1.180725e-01 8.075367e-01 1.183666e+00 9.372803e+00 1.156456e-01 3.547881e+00
39627917222740232 1.397227e+00 1.129356e+01 5.057386e-01 -3.396308e+00 1.615546e+00 1.127533e+01 5.548388e-01 -2.015451e+00
39627805020919136 1.896867e+00 1.085907e+01 1.964920e-01 -1.043823e+00 1.873652e+00 1.097663e+01 2.019968e-01 -1.456741e+00
39627808464444928 1.043088e+00 9.662492e+00 8.718781e-02 3.572347e+00 1.136014e+00 9.621616e+00 9.617850e-02 3.124117e+00
39633122886682648 1.725605e+00 1.084048e+01 2.100310e-01 -1.446371e+00 1.812067e+00 1.084476e+01 1.947310e-01 -1.048825e+00
39627805822025944 1.487003e+00 1.059747e+01 1.257513e-01 1.056351e-01 1.582135e+00 1.034223e+01 9.952538e-02 3.067339e-01
39627782380062416 1.212536e+00 9.676660e+00 1.804476e-01 4.278741e+00 1.148736e+00 9.061116e+00 1.134990e-01 4.016213e+00
39627733331870896 1.675437e+00 1.051838e+01 1.219373e-01 -6.779956e-01 1.572861e+00 1.064584e+01 1.300539e-01 -2.619627e-01
39627809190060024 1.068416e+00 9.332199e+00 1.336626e-01 4.183894e+00 1.153998e+00 9.251882e+00 1.330399e-01 4.329886e+00
39627775711119816 1.558285e+00 1.057766e+01 1.850978e-01 -2.180869e+00 1.582160e+00 1.048469e+01 1.921521e-01 1.360860e-01
39627794321248616 1.195673e+00 9.587628e+00 1.724861e-01 -6.121338e-01 1.162621e+00 9.640968e+00 1.360991e-01 2.531858e-01
39627788457610248 1.763418e+00 1.050894e+01 1.753895e-01 -3.123696e+00 1.751933e+00 1.057550e+01 1.621085e-01 -1.806019e+00
39627785047640032 1.502242e+00 1.005550e+01 8.998746e-02 -1.819477e+00 1.625418e+00 9.799652e+00 4.456306e-02 -3.722450e-01
39627781151130128 2.119150e+00 9.781048e+00 1.310041e-01 8.481586e-02 1.411210e+00 1.039493e+01 1.710887e-01 7.867438e-02
39627835349929960 1.701560e+00 1.082129e+01 2.160156e-01 1.154332e+00 1.765087e+00 1.078849e+01 2.125213e-01 -4.188136e-01
39627847395970072 1.500913e+00 1.112307e+01 4.110965e-01 1.121269e+00 1.418400e+00 1.122809e+01 3.754531e-01 3.960343e-01
39627818031647936 1.282050e+00 1.070570e+01 3.144003e-01 7.055333e-01 1.317863e+00 1.053214e+01 3.294035e-01 1.070538e-01
39627763648303784 1.434178e+00 1.035630e+01 2.519487e-01 2.351519e+00 1.433969e+00 1.048796e+01 2.510696e-01 -2.223921e-02
39627818463661448 1.234131e+00 8.403546e+00 4.264524e-02 4.232248e+00 1.218564e+00 8.536606e+00 9.748876e-03 3.596026e+00
39627788457610312 1.195646e+00 1.019609e+01 2.173477e-01 3.018884e+00 1.220023e+00 1.024835e+01 2.036984e-01 2.869050e+00
39627935178557632 1.612994e+00 1.078875e+01 2.396126e-01 -8.431662e-01 1.598894e+00 1.124641e+01 3.354489e-01 -1.064617e+00
39627792958097920 1.658688e+00 1.097671e+01 3.649773e-01 1.274225e-01 1.656036e+00 1.101211e+01 3.865729e-01 -1.142663e+00
39627847446300096 1.750917e+00 1.045128e+01 2.294043e-01 -2.800503e-01 1.711485e+00 1.062401e+01 2.327793e-01 1.328914e-01
39627835236683576 1.778665e+00 1.101136e+01 1.933286e-01 3.261661e-01 1.832322e+00 1.088701e+01 1.922288e-01 -1.111838e+00
39627778726825256 1.373116e+00 1.095405e+01 3.814712e-01 9.708635e-01 1.421752e+00 1.078067e+01 3.662994e-01 3.964984e-01
39627799887088544 1.685637e+00 1.058827e+01 4.287088e-01 -2.114719e+00 1.652115e+00 1.109124e+01 4.304243e-01 -6.628941e-01
39627812545499072 1.277302e+00 9.264652e+00 7.813101e-02 1.293700e+00 1.206732e+00 9.298666e+00 9.231706e-02 2.213447e+00
39627787660690496 1.696605e+00 1.109461e+01 2.620307e-01 -1.740959e-01 1.728397e+00 1.090477e+01 2.816145e-01 -3.159301e-01
39627754550860320 1.022432e+00 1.019849e+01 2.870553e-01 3.056852e+00 1.052711e+00 9.372713e+00 2.405023e-01 3.664882e+00
39627818606269976 1.178358e+00 9.497164e+00 1.235720e-01 4.601194e+00 1.172149e+00 9.597611e+00 1.348295e-01 4.033073e+00
39627740076316384 1.815977e+00 1.105848e+01 4.423552e-01 -1.376734e+00 1.718017e+00 1.138110e+01 4.674992e-01 -1.166689e+00
39627770199802240 1.853150e+00 9.954333e+00 1.491186e-01 3.848777e-01 1.627382e+00 1.012434e+01 1.336772e-01 -4.360250e-01
39627830102852440 1.606504e+00 1.059671e+01 2.407635e-01 -1.655578e+00 1.520107e+00 1.068361e+01 2.657982e-01 -6.255804e-01
39627814760093040 1.714581e+00 1.109643e+01 3.010377e-01 -2.139052e-01 1.800748e+00 1.111154e+01 3.109838e-01 -1.188104e+00
39627734099429776 1.677091e+00 1.058774e+01 3.416575e-01 4.166537e-02 1.756710e+00 1.111516e+01 3.537835e-01 -4.942437e-01
39627811392065296 1.926648e+00 1.122573e+01 2.185993e-01 1.024261e-01 1.903103e+00 1.114285e+01 2.160943e-01 -1.697849e+00
39627817465417000 1.856709e+00 1.092568e+01 3.834016e-01 1.511750e+00 1.541475e+00 1.079214e+01 3.641166e-01 -9.649091e-01
39627706777740808 1.637971e+00 1.140444e+01 6.293033e-01 1.578660e+00 1.606384e+00 1.159333e+01 6.710900e-01 1.596110e-01
39627752088803088 1.772631e+00 1.095398e+01 2.573519e-01 -1.638801e+00 1.766197e+00 1.094369e+01 2.661692e-01 -1.794600e+00
39627770199807088 1.169669e+00 8.502078e+00 5.102862e-02 2.206227e+00 1.155401e+00 8.105742e+00 1.532650e-02 2.739125e+00
39627841402309744 1.514874e+00 1.078078e+01 2.826924e-01 1.817678e+00 1.570449e+00 1.083026e+01 2.772321e-01 -1.438826e-01
39627769696490680 1.750916e+00 9.540047e+00 7.085809e-02 -3.743630e+00 1.549563e+00 9.334471e+00 4.977679e-02 -2.394307e-01
39627739518472288 1.218912e+00 1.024569e+01 2.225222e-01 3.459617e+00 1.267086e+00 1.018720e+01 2.083481e-01 2.441008e+00
39627762826217504 1.720778e+00 1.071081e+01 3.735470e-01 -1.486879e-01 1.634860e+00 1.109092e+01 4.169461e-01 -1.748537e+00
39633118474273480 1.137756e+00 9.290019e+00 5.897674e-02 2.777127e+00 1.218022e+00 8.666934e+00 1.917495e-02 3.701675e+00
39627793247506680 1.306654e+00 1.124901e+01 5.410526e-01 2.474396e-02 1.453932e+00 1.127990e+01 5.865012e-01 4.336202e-01
39627768907957544 1.757697e+00 1.049874e+01 2.190171e-01 -2.884262e+00 1.614444e+00 1.065405e+01 1.984210e-01 -1.110330e+00
39627818685960744 1.621260e+00 1.149615e+01 5.636342e-01 -9.822698e-01 1.629502e+00 1.148134e+01 6.440952e-01 -4.569983e-02
39627787681664248 1.266447e+00 1.077062e+01 2.555244e-01 5.817527e+00 1.222834e+00 1.048265e+01 2.739379e-01 5.539834e+00
39627811094266944 1.548194e+00 1.111214e+01 5.738164e-01 1.485868e+00 1.537368e+00 1.130785e+01 6.173825e-01 1.045544e+00
39627770195609528 1.749195e+00 1.104661e+01 3.822930e-01 -1.567798e+00 1.676088e+00 1.100078e+01 3.745310e-01 -1.012594e+00
39627746170636576 1.642877e+00 1.082517e+01 2.978036e-01 -1.257055e+00 1.662976e+00 1.091444e+01 3.091367e-01 -2.026819e+00
39627877641095648 1.409385e+00 1.079159e+01 3.454057e-01 2.077754e+00 1.563629e+00 1.080838e+01 3.697316e-01 -1.101244e+00
39627752206241704 1.140779e+00 8.340089e+00 1.985339e-02 4.674018e+00 1.154765e+00 8.342172e+00 0.000000e+00 4.714251e+00
39627859702055640 1.670098e+00 1.099958e+01 3.442148e-01 3.035846e-01 1.682855e+00 1.112194e+01 4.326540e-01 -1.508908e-01
39627775664983536 1.709713e+00 1.066785e+01 1.755060e-01 -2.399902e-01 1.731509e+00 1.060020e+01 1.804759e-01 -1.001433e+00
39627799782229560 1.207359e+00 1.017764e+01 1.388636e-01 3.242805e-01 1.254611e+00 1.023354e+01 1.332077e-01 2.467711e+00
39627841351976664 1.471900e+00 1.105316e+01 3.516316e-01 2.065839e+00 1.426276e+00 1.106017e+01 3.688883e-01 1.454720e+00
39627767192491288 1.512843e+00 1.111304e+01 4.036516e-01 1.017787e-01 1.504859e+00 1.117364e+01 4.870531e-01 -1.545750e-01
39627808401526360 1.114623e+00 1.003974e+01 1.606519e-01 3.889622e+00 1.150568e+00 9.645481e+00 1.303644e-01 4.551503e+00
39627776302517800 1.720371e+00 1.116474e+01 4.732703e-01 -2.204964e+00 1.715466e+00 1.132115e+01 5.017168e-01 -9.690567e-01
39633136430091528 1.756852e+00 1.027174e+01 1.428213e-01 -1.328487e+00 1.701108e+00 1.034155e+01 1.338792e-01 -2.783623e-01
39627802600809952 1.138208e+00 1.059630e+01 3.527028e-01 4.657309e+00 1.138565e+00 1.078649e+01 3.576351e-01 4.515152e+00
39633158303387416 1.567255e+00 1.130337e+01 5.436810e-01 -1.089477e+00 1.518134e+00 1.141228e+01 6.042731e-01 1.430497e-01
39627838852171880 1.397007e+00 1.080742e+01 4.491382e-01 3.122945e-01 1.388225e+00 1.106253e+01 4.954399e-01 -4.515723e-01
39627835236679952 2.005555e+00 1.111283e+01 4.132235e-01 -2.586733e+00 1.725012e+00 1.119372e+01 4.443575e-01 -1.651074e+00
39627811983460056 1.219588e+00 9.762804e+00 1.177771e-01 1.416999e+00 1.213923e+00 9.397018e+00 1.086900e-01 7.550458e-01
39627824612510904 1.293417e+00 1.023749e+01 2.173147e-01 2.116409e+00 1.268310e+00 1.022367e+01 1.953418e-01 6.384146e-01
39627824641871976 1.691369e+00 1.015041e+01 2.300875e-01 -1.027579e+00 1.615987e+00 1.041138e+01 2.119925e-01 -2.482587e-02
39627859479759024 1.175781e+00 1.016021e+01 1.409211e-01 4.048647e+00 1.247028e+00 9.934459e+00 1.120039e-01 3.008654e+00
39627772175325960 1.162672e+00 9.542546e+00 1.466690e-01 4.295459e+00 1.156360e+00 9.191088e+00 1.258734e-01 2.321963e+00
39627769549684968 1.846032e+00 1.068039e+01 2.286066e-01 -7.342496e-01 1.580578e+00 1.080698e+01 2.519633e-01 3.434203e-01
39633149453405664 1.799555e+00 1.106249e+01 3.276345e-01 -1.247081e+00 1.664843e+00 1.112085e+01 3.594414e-01 -1.045046e-01
39627769595823744 1.573414e+00 1.081249e+01 2.452725e-01 -5.033500e-01 1.692046e+00 1.073645e+01 2.552990e-01 -4.722404e-01
39627805801059848 1.507621e+00 1.036824e+01 2.340364e-01 -1.987216e-02 1.525763e+00 1.056371e+01 2.258852e-01 2.572139e-01
39627754555052024 1.398766e+00 1.009546e+01 1.138824e-01 2.161242e+00 1.258061e+00 1.002115e+01 1.091918e-01 3.016160e+00
39627769587433816 1.119207e+00 9.518359e+00 1.211513e-01 4.045110e+00 1.141718e+00 9.161066e+00 1.179735e-01 3.864695e+00
39627782422007208 1.814790e+00 1.076578e+01 2.520462e-01 -3.041996e+00 1.697489e+00 1.092940e+01 2.812703e-01 -7.009667e-01
39627781004329144 1.228814e+00 1.034435e+01 3.080701e-01 3.542549e+00 1.232718e+00 1.055331e+01 3.371848e-01 2.886511e+00
39627768920542224 1.366902e+00 1.031087e+01 1.691214e-01 -3.912106e-01 1.387801e+00 1.018347e+01 1.479525e-01 6.328118e-02
39627800549788384 1.515003e+00 1.069033e+01 2.340587e-01 -7.656198e-01 1.631847e+00 1.069059e+01 2.727233e-01 -1.635743e+00
39627899128514752 1.729145e+00 1.080309e+01 2.166376e-01 -2.377523e+00 1.633026e+00 1.075937e+01 1.933907e-01 -2.560818e+00
39627808799981712 1.956288e+00 1.085801e+01 1.835014e-01 -1.898664e-01 1.894303e+00 1.097455e+01 1.868030e-01 -1.949200e+00
39627740088894928 1.726609e+00 1.052845e+01 1.311956e-01 -2.103096e+00 1.824269e+00 1.058035e+01 1.080206e-01 -1.782526e+00
39627812537109168 1.189510e+00 9.520994e+00 1.222830e-01 2.392013e+00 1.182388e+00 9.427943e+00 8.740515e-02 3.585939e+00
39627746120305664 1.429456e+00 1.039700e+01 2.172435e-01 8.287104e-01 1.480449e+00 1.065052e+01 2.406545e-01 7.829982e-02
39627768832461288 1.758566e+00 1.064699e+01 2.039151e-01 -3.528146e-01 1.663898e+00 1.060801e+01 2.028213e-01 -5.822824e-01
39627874986102488 1.696633e+00 1.086834e+01 2.564818e-01 -3.131952e+00 1.784952e+00 1.099233e+01 2.715984e-01 -2.353093e+00
39627856866710336 1.739533e+00 1.127909e+01 5.121185e-01 -9.459065e-01 1.718033e+00 1.151041e+01 5.638548e-01 -2.395377e-01
39627818497213288 1.200804e+00 9.978081e+00 1.786274e-01 1.048280e+00 1.214989e+00 1.003286e+01 2.016359e-01 2.468698e+00
39627780991746584 1.121423e+00 8.672946e+00 7.614096e-02 1.453158e+00 1.106261e+00 8.320250e+00 4.018809e-02 2.688639e+00
39627776201855360 1.826287e+00 1.096683e+01 2.630858e-01 -1.163453e+00 1.855142e+00 1.100072e+01 2.594374e-01 -1.216517e+00
39627775094555192 1.927963e+00 1.098081e+01 3.670894e-01 4.221562e-01 1.795667e+00 1.121149e+01 3.915052e-01 -1.109985e+00
39627778533891056 1.138552e+00 1.056965e+01 2.104171e-01 2.422634e+00 1.213533e+00 1.074765e+01 2.632398e-01 2.741313e+00
39627781713171656 1.751817e+00 1.047999e+01 1.650080e-01 -1.533626e+00 1.718343e+00 1.046722e+01 1.641444e-01 -2.180049e+00
39627764134838960 1.267709e+00 1.063353e+01 2.596235e-01 2.848027e+00 1.344347e+00 1.045718e+01 2.541138e-01 1.107964e+00
39627811123630800 1.271266e+00 1.068584e+01 2.547374e-01 3.480005e+00 1.343207e+00 1.053148e+01 2.317778e-01 2.294418e+00
39627788298228080 1.082947e+00 7.649374e+00 3.949546e-02 9.238680e-01 1.042767e+00 7.218994e+00 0.000000e+00 1.030601e+00
39627835521894936 1.675929e+00 1.125858e+01 4.998177e-01 -9.007536e-01 1.672209e+00 1.143366e+01 5.399373e-01 -4.477513e-01
39627808791593592 1.251316e+00 9.977384e+00 1.873370e-01 4.126075e+00 1.236208e+00 1.008308e+01 1.607671e-01 2.204896e+00
39627776369625104 1.423213e+00 1.126346e+01 4.453273e-01 -5.155886e-01 1.540930e+00 1.138561e+01 4.930397e-01 -3.173813e+00
39627820493706832 1.795530e+00 1.087417e+01 3.714899e-01 -5.349013e-01 1.737206e+00 1.110571e+01 3.886739e-01 -9.231273e-01
39627787153182016 1.540541e+00 9.810102e+00 7.894130e-02 2.065748e-01 1.406061e+00 9.849741e+00 6.012778e-02 9.095796e-01
39633118776266840 1.747708e+00 1.095088e+01 2.513152e-01 -1.586508e+00 1.769271e+00 1.092718e+01 2.490083e-01 -2.093423e+00
39627752046858864 1.050839e+00 9.229388e+00 1.143824e-01 6.605338e-01 1.142826e+00 9.055136e+00 1.222537e-01 3.564000e+00
39627790789647824 1.067351e+00 8.501496e+00 9.429044e-02 5.829787e+00 1.095073e+00 8.472300e+00 6.881410e-02 4.696257e+00
39633132013486272 1.544684e+00 1.133936e+01 4.722244e-01 1.534108e+00 1.644642e+00 1.131556e+01 4.954101e-01 -1.010562e+00
39627836637579360 1.574456e+00 1.036430e+01 1.652366e-01 -4.427319e+00 1.462924e+00 1.033412e+01 1.754031e-01 -2.755536e+00
39627836012629200 1.401899e+00 1.030070e+01 1.612050e-01 -1.272826e+00 1.333533e+00 1.040407e+01 1.718867e-01 1.706018e-01
39627790399575776 1.186642e+00 9.328844e+00 1.274300e-01 5.659775e+00 1.185277e+00 9.220331e+00 1.045907e-01 2.224169e+00
39627782275205760 1.300578e+00 9.359894e+00 1.262860e-01 1.448179e+00 1.270695e+00 9.376312e+00 9.340484e-02 5.657847e-01
39627829410792320 1.761907e+00 1.066142e+01 1.624623e-01 -5.995148e-01 1.828671e+00 1.070796e+01 1.484484e-01 -2.122211e+00
39627868942108752 1.631520e+00 1.122842e+01 4.477829e-01 -6.061287e-01 1.682572e+00 1.136508e+01 4.784848e-01 -1.523943e+00
39627836633387600 1.179488e+00 9.318856e+00 1.308693e-01 1.973397e+00 1.241380e+00 9.231922e+00 9.364589e-02 1.040058e+00
39633290046472280 1.231556e+00 9.914252e+00 2.496077e-01 2.415322e+00 1.228581e+00 1.022570e+01 2.412974e-01 2.240989e+00
39627818593681840 1.281107e+00 1.018939e+01 1.373569e-01 -3.435111e+00 1.230412e+00 9.946916e+00 1.082119e-01 -1.083646e+00
39627824432156048 1.937493e+00 1.088297e+01 4.225380e-01 -2.170916e+00 1.674484e+00 1.110540e+01 4.324713e-01 -9.662676e-01
39627805876554344 1.739404e+00 1.063368e+01 2.371186e-01 -4.708084e-01 1.662520e+00 1.055799e+01 2.081798e-01 -2.323898e+00
39627787769743480 1.269031e+00 1.002565e+01 1.304335e-01 1.073794e+00 1.236956e+00 1.023540e+01 1.599753e-01 3.011457e+00
39627776235406952 1.588929e+00 1.027276e+01 1.441461e-01 -1.098465e+00 1.663460e+00 1.031630e+01 1.395449e-01 -1.723946e+00
39627730949511272 1.446848e+00 1.153601e+01 5.443739e-01 1.696545e-01 1.568654e+00 1.150029e+01 6.126673e-01 -3.747702e-03
39627800008723568 1.568335e+00 1.006141e+01 8.148347e-02 -6.852492e-01 1.366552e+00 1.042539e+01 1.002973e-01 1.703126e+00
39627782442979368 1.773448e+00 9.860323e+00 8.262908e-02 -7.516422e-01 1.762379e+00 1.007650e+01 5.509290e-02 -9.298290e-01
39627794321245856 1.162677e+00 1.091389e+01 3.134798e-01 4.233749e+00 1.200308e+00 1.062397e+01 3.446938e-01 3.515213e+00
39627883714445792 1.811057e+00 1.101996e+01 3.470429e-01 -1.745458e+00 1.658537e+00 1.112599e+01 3.406393e-01 -7.030398e-01
39627799916447200 1.611218e+00 1.067637e+01 1.887418e-01 -2.794939e+00 1.613413e+00 1.072574e+01 1.965578e-01 -1.761820e+00
39627859509119192 1.279046e+00 1.079814e+01 5.061834e-01 2.777455e+00 1.391648e+00 1.090646e+01 5.118545e-01 -5.694014e-02
39627766932447296 1.209742e+00 8.335839e+00 5.333410e-02 4.643480e+00 1.108335e+00 8.050343e+00 2.057995e-02 1.986441e+00
39627853477709584 1.453249e+00 1.110868e+01 5.484532e-01 3.281203e+00 1.455788e+00 1.135239e+01 5.921352e-01 1.471659e+00
39627824033698472 1.524118e+00 1.067316e+01 1.899707e-01 -2.266683e+00 1.718436e+00 1.065657e+01 1.855246e-01 -2.443830e+00
39633158118836456 1.498459e+00 9.760773e+00 1.079903e-01 -7.665164e-01 1.348774e+00 9.698315e+00 9.705661e-02 1.427931e+00
39627893105493560 1.738784e+00 1.118473e+01 4.223535e-01 5.167769e-01 1.685483e+00 1.129973e+01 4.267738e-01 -1.762671e+00
39627790378601904 1.147368e+00 9.580653e+00 9.586702e-02 3.077191e+00 1.212200e+00 9.544086e+00 7.873838e-02 3.584280e+00
39627746069975088 1.105117e+00 9.130188e+00 1.284063e-01 3.640533e+00 1.123768e+00 8.545447e+00 4.433304e-02 2.401305e+00
39627829276577520 1.130509e+00 9.311263e+00 8.994757e-02 4.564290e+00 1.172566e+00 9.385697e+00 7.591760e-02 4.357379e+00
39627780891085776 1.731741e+00 1.029796e+01 1.539127e-01 -5.663096e-01 1.659104e+00 1.029404e+01 1.467150e-01 -1.453678e+00
39627823966587248 1.292538e+00 9.199462e+00 7.833284e-02 2.854394e+00 1.206496e+00 9.215946e+00 6.568582e-02 3.825297e+00
39633154071332792 1.260058e+00 1.077179e+01 5.176798e-01 -2.383218e-01 1.466026e+00 1.104669e+01 5.568739e-01 -1.997768e+00
39627766135524688 1.690511e+00 1.112318e+01 4.417268e-01 2.511879e+00 1.809409e+00 1.139023e+01 4.079714e-01 -5.320162e-01
39627787715218824 1.892364e+00 1.066934e+01 2.542273e-01 -1.798310e+00 1.777840e+00 1.086533e+01 2.834150e-01 -4.723550e-01
39627797190148792 1.343850e+00 1.116432e+01 3.580177e-01 6.345896e-02 1.702419e+00 1.095355e+01 3.662129e-01 -1.186921e+00
39627781780275760 1.868915e+00 1.095874e+01 1.862843e-01 -2.110457e+00 1.845351e+00 1.085419e+01 1.830949e-01 -1.374155e+00
39627841591054552 1.945364e+00 1.036008e+01 1.251132e-01 -1.263920e+00 1.800173e+00 1.043182e+01 1.113918e-01 -1.594688e+00
39627935103058192 1.723167e+00 1.127258e+01 2.489397e-01 -8.895990e-01 1.896846e+00 1.125295e+01 2.538703e-01 -1.588358e+00
39627764122256200 1.194710e+00 1.010665e+01 2.628746e-01 5.510716e+00 1.209481e+00 1.002277e+01 2.049954e-01 4.161819e+00
39627811169767648 1.057441e+00 8.350853e+00 7.687814e-02 3.336637e+00 1.092236e+00 8.138436e+00 4.111101e-02 2.785956e+00
39627739380057928 1.697675e+00 1.097570e+01 2.409547e-01 -8.073336e-01 1.829228e+00 1.097298e+01 2.556180e-01 -1.327391e+00
39627776306710904 1.444921e+00 9.857476e+00 1.175711e-01 3.865585e+00 1.282991e+00 9.923468e+00 1.344300e-01 2.266352e+00
39627829364657648 1.870465e+00 1.095461e+01 3.798639e-01 -1.491990e+00 1.540562e+00 1.112953e+01 3.867626e-01 -3.093927e-01
39627775727896472 1.667093e+00 1.084553e+01 2.488552e-01 -1.215195e+00 1.764824e+00 1.077590e+01 2.208884e-01 -1.558977e+00
39633118415554344 1.622975e+00 1.102828e+01 4.933808e-01 -4.180027e-01 1.684239e+00 1.138621e+01 5.200464e-01 -5.584487e-01
39627823287110688 1.359050e+00 1.038404e+01 2.866369e-01 1.916672e+00 1.267008e+00 1.036398e+01 2.751695e-01 1.110755e+00
39627796686838040 1.153645e+00 9.861804e+00 1.870516e-01 2.900190e+00 1.195608e+00 9.747167e+00 1.645334e-01 2.171167e+00
39627752181075144 1.154829e+00 1.059972e+01 3.090216e-01 5.148591e+00 1.164155e+00 1.050475e+01 3.337290e-01 3.578189e+00
39627787039936088 1.855399e+00 1.086952e+01 3.040267e-01 -4.668555e-01 1.692387e+00 1.112090e+01 3.212488e-01 -1.282462e+00
39627776231213464 1.217250e+00 9.143307e+00 1.216983e-01 1.874082e+00 1.212693e+00 9.347576e+00 1.117188e-01 2.665928e+00
39627762977215200 1.632617e+00 9.985688e+00 9.798036e-02 -3.228677e-01 1.477596e+00 9.805929e+00 6.990603e-02 2.626050e-02
39627793847291648 1.783113e+00 1.058360e+01 4.592713e-01 1.687658e-01 1.705233e+00 1.136790e+01 4.970675e-01 -1.285761e+00
39627776130550176 1.172978e+00 9.453380e+00 8.469677e-02 4.088976e+00 1.185338e+00 9.385946e+00 6.689771e-02 3.878922e+00
39627841578467696 1.758028e+00 1.132729e+01 4.536361e-01 -7.696565e-01 1.778311e+00 1.138684e+01 4.754318e-01 -1.524260e+00
39627740042761912 1.207141e+00 9.422832e+00 1.391395e-01 4.569864e+00 1.232580e+00 9.592904e+00 1.220110e-01 1.381878e+00
39627762922684616 1.661797e+00 1.131491e+01 4.514067e-01 -3.770971e+00 1.710817e+00 1.130043e+01 4.748075e-01 -1.816843e+00
39627798985312216 1.234069e+00 1.016711e+01 2.019013e-01 3.473443e+00 1.255556e+00 1.020758e+01 2.216622e-01 2.737089e+00
39627805121580688 1.398317e+00 1.118617e+01 5.575054e-01 1.705582e+00 1.466813e+00 1.142200e+01 6.011765e-01 1.329868e+00
39627764315195648 1.642107e+00 1.093734e+01 5.570364e-01 2.188235e+00 1.563070e+00 1.142292e+01 6.135609e-01 1.647368e+00
39627757549781288 1.604308e+00 1.013429e+01 1.141124e-01 9.714454e-01 1.582582e+00 9.632883e+00 6.621927e-02 4.482797e-01
39627818581100760 1.163670e+00 8.988365e+00 1.016510e-01 1.520016e+00 1.187132e+00 9.058621e+00 8.831450e-02 2.203000e+00
39627782426202720 1.399503e+00 1.095719e+01 3.153012e-01 2.738774e-01 1.314478e+00 1.097646e+01 3.256714e-01 2.473391e+00
39627811241070040 1.672620e+00 1.127316e+01 4.521064e-01 -1.115733e+00 1.687059e+00 1.130869e+01 4.763995e-01 -1.172898e+00
39627790378606488 1.621330e+00 1.121436e+01 4.108552e-01 -1.334064e+00 1.725927e+00 1.121048e+01 4.102927e-01 -1.890295e+00
39627808581879384 1.705960e+00 1.130262e+01 4.329997e-01 -1.251613e+00 1.695908e+00 1.135644e+01 4.728097e-01 -1.683005e+00
39627788411472448 1.359123e+00 1.051078e+01 1.799352e-01 2.482214e+00 1.323675e+00 1.015153e+01 1.345288e-01 5.459130e-01
39627770233358424 1.106832e+00 9.150195e+00 1.594442e-01 5.887099e+00 1.130344e+00 9.099772e+00 1.365601e-01 3.692688e+00
39627640541283536 1.211846e+00 1.078515e+01 5.320851e-01 3.033698e+00 1.152830e+00 1.063822e+01 2.978841e-01 1.750454e+00
39627859735612744 1.717095e+00 1.095259e+01 4.143244e-01 -7.546262e-01 1.682916e+00 1.108950e+01 4.246911e-01 -7.603824e-03
39627788331780296 1.039285e+00 9.593760e+00 1.205859e-01 3.495068e+00 1.076549e+00 9.137324e+00 9.088576e-02 4.341233e+00
39627764252281712 1.745927e+00 1.074333e+01 2.932241e-01 -6.297399e-01 1.624761e+00 1.093261e+01 2.955469e-01 -2.306293e+00
39627818656597312 1.091360e+00 1.018603e+01 1.760153e-01 4.501973e+00 1.125398e+00 1.006970e+01 1.856643e-01 3.626668e+00
39627739447168744 1.213851e+00 1.044428e+01 1.301371e-01 4.245596e+00 1.156529e+00 1.057295e+01 1.780234e-01 3.904120e+00
39633122874097920 1.350684e+00 1.011900e+01 9.593556e-02 -2.432096e+00 1.344644e+00 9.786541e+00 7.140897e-02 1.288221e+00
39633145347180720 1.339281e+00 1.034842e+01 1.116491e-01 4.256616e-01 1.414989e+00 9.962161e+00 7.088310e-02 1.067748e+00
39627811173962368 1.468531e+00 1.080919e+01 2.812359e-01 -5.508163e-01 1.385762e+00 1.083922e+01 2.746166e-01 7.588668e-01
39627732862110520 1.873894e+00 1.072788e+01 2.124896e-01 -2.951588e+00 1.773500e+00 1.076707e+01 2.068569e-01 -2.104850e+00
39627780995942872 1.368307e+00 1.031745e+01 1.459450e-01 -1.267472e-02 1.318217e+00 1.010735e+01 1.309222e-01 1.716372e+00
39627763530862616 1.423172e+00 1.008134e+01 1.014405e-01 8.711254e-01 1.388465e+00 9.986500e+00 8.350028e-02 9.885842e-01
39633153983250656 1.451352e+00 9.996902e+00 1.434660e-01 5.297500e-01 1.402274e+00 1.002361e+01 1.311950e-01 -3.913965e-01
39633144973888392 1.776508e+00 1.099768e+01 3.276043e-01 -2.107395e+00 1.684564e+00 1.091895e+01 3.259168e-01 -1.037207e+00
39627745453412216 2.028861e+00 1.090974e+01 2.771457e-01 -2.190485e+00 1.656061e+00 1.101530e+01 2.905825e-01 -1.484651e+00
39627800553985296 1.370974e+00 8.884567e+00 4.594046e-02 -5.935277e-02 1.324565e+00 8.698015e+00 2.016632e-02 5.898479e-01
39627895739515504 1.864477e+00 1.091558e+01 3.624412e-01 -2.953449e-01 1.819223e+00 1.127659e+01 3.811969e-01 -5.014386e-01
39633144990664024 1.281339e+00 9.834355e+00 7.181147e-02 4.589233e-01 1.277546e+00 9.879600e+00 5.990413e-02 2.397988e+00
39627766206824752 1.327766e+00 9.930396e+00 8.964629e-02 -2.123505e+00 1.330439e+00 9.886346e+00 6.503396e-02 -4.922767e-01
39627781780280328 1.494706e+00 9.743028e+00 8.778562e-02 -1.283811e+00 1.518997e+00 9.557026e+00 7.827894e-02 -3.868002e-01
39627802428840760 1.190420e+00 9.365709e+00 9.790270e-02 2.252971e+00 1.210057e+00 9.375253e+00 8.873048e-02 1.354189e+00
39627823148699048 1.606827e+00 1.071948e+01 2.285552e-01 -2.012489e+00 1.722158e+00 1.078401e+01 2.362999e-01 -1.278940e+00
39627824033694152 1.085130e+00 8.397251e+00 8.329254e-02 4.567462e+00 1.089855e+00 8.196595e+00 4.871273e-02 4.547476e+00
39627652599910720 1.601115e+00 1.135450e+01 5.572523e-01 -4.745223e-01 1.646902e+00 1.156163e+01 6.161155e-01 -3.541793e-01
39627863103637664 1.402810e+00 1.089633e+01 5.110965e-01 1.623547e+00 1.396628e+00 1.108337e+01 4.939717e-01 -4.527187e-02
39633127710133936 1.187117e+00 7.718974e+00 3.005276e-02 4.445663e+00 1.110346e+00 7.206178e+00 0.000000e+00 4.168480e+00
39633132038654736 1.862826e+00 1.116016e+01 3.781113e-01 1.240382e+00 1.793589e+00 1.133027e+01 3.893962e-01 -4.892263e-01
39627760901037648 1.217598e+00 7.889665e+00 4.093570e-02 2.226030e+00 1.109661e+00 8.078011e+00 3.801036e-02 3.518959e+00
39627746002865376 1.470245e+00 1.042128e+01 2.126277e-01 -3.220663e+00 1.551239e+00 1.035416e+01 2.099900e-01 -2.228505e+00
39627830077689328 1.876554e+00 1.098911e+01 2.439542e-01 -1.679341e+00 1.835914e+00 1.096743e+01 2.669719e-01 -9.475358e-01
39627793998284584 1.246888e+00 1.040624e+01 1.216083e-01 3.625386e+00 1.242988e+00 1.040210e+01 1.345622e-01 2.769099e+00
39627734124595376 1.489656e+00 1.049196e+01 1.442845e-01 2.393100e+00 1.475981e+00 1.075402e+01 1.543591e-01 4.526369e-01
39627850868852344 1.610954e+00 1.100955e+01 3.585432e-01 -6.086937e-01 1.644148e+00 1.110649e+01 4.026001e-01 -1.635898e+00
39627836113293568 1.693627e+00 1.091749e+01 2.235359e-01 -1.957748e+00 1.656872e+00 1.110138e+01 2.600174e-01 -1.132612e+00
39627772221464520 1.090587e+00 1.151378e+01 7.526823e-01 4.046581e+00 1.419042e+00 1.132978e+01 5.297793e-01 -4.357927e-01
39627823236776376 1.667967e+00 1.055951e+01 1.984060e-01 -3.607689e+00 1.593934e+00 1.062658e+01 2.083080e-01 -2.182805e+00
39627767150545680 1.064588e+00 9.943369e+00 1.640523e-01 1.919456e+00 1.118639e+00 9.801400e+00 1.357006e-01 -5.650461e-03
39627800461706632 1.418218e+00 1.105502e+01 4.971172e-01 -5.243313e-01 1.322634e+00 1.129130e+01 5.759579e-01 1.501215e+00
39627779024625328 1.622559e+00 1.100262e+01 3.471545e-01 -2.882642e+00 1.589358e+00 1.109445e+01 3.397850e-01 -1.184488e+00
39627794476437944 1.900686e+00 1.076996e+01 3.022495e-01 -1.292453e+00 1.669466e+00 1.091911e+01 3.115132e-01 -1.437309e+00
39627782308762432 1.438227e+00 1.042810e+01 1.271093e-01 1.930164e+00 1.417865e+00 1.034985e+01 1.256143e-01 7.447042e-01
39627823891087504 1.647275e+00 1.031156e+01 1.543592e-01 -3.903933e-01 1.511530e+00 1.049436e+01 1.633040e-01 3.563436e-01
39627824486683456 1.650120e+00 1.072104e+01 1.676209e-01 -3.246655e-01 1.734739e+00 1.063737e+01 1.442206e-01 -2.121481e+00
39627762947853840 1.552240e+00 1.076845e+01 3.316664e-01 5.109316e-02 1.581165e+00 1.083435e+01 3.590577e-01 -1.097420e+00
39627763660885024 1.687561e+00 1.078290e+01 4.052019e-01 9.029756e-01 1.648639e+00 1.101564e+01 3.915456e-01 -1.250828e+00
39627774968726464 1.223753e+00 1.028053e+01 3.112925e-01 2.580561e+00 1.158266e+00 1.035984e+01 3.416507e-01 4.004090e+00
39627775140693744 1.567965e+00 1.145632e+01 5.896318e-01 5.234349e-01 1.653840e+00 1.158758e+01 6.269286e-01 -1.090491e-01
39627739371670064 1.812164e+00 1.054036e+01 2.554488e-01 -2.106286e+00 1.746262e+00 1.081490e+01 2.824961e-01 -7.578984e-01
39627802906991632 1.797359e+00 1.021297e+01 6.285187e-02 8.416327e-02 1.752519e+00 9.996461e+00 2.584493e-02 -4.595315e-01
39627794321247912 1.635891e+00 1.101024e+01 4.271200e-01 -2.967238e+00 1.650200e+00 1.112936e+01 4.398231e-01 -1.978804e+00
39627676687798960 1.178036e+00 1.017807e+01 2.142163e-01 4.363162e+00 1.178732e+00 1.021163e+01 2.122003e-01 3.589801e+00
39633157993008872 1.675580e+00 1.110910e+01 2.737640e-01 7.538809e-01 1.679736e+00 1.085311e+01 2.495963e-01 5.663781e-01
39627830618752008 1.579556e+00 1.060959e+01 3.052281e-01 1.120316e+00 1.516659e+00 1.092488e+01 3.384991e-01 1.248912e+00
39627817880651968 1.499587e+00 1.008207e+01 3.025977e-01 2.798743e+00 1.234809e+00 1.050299e+01 3.271735e-01 2.967420e+00
39627788415669232 1.277710e+00 1.032740e+01 2.626119e-01 2.237443e+00 1.225120e+00 1.036216e+01 2.584306e-01 1.185347e+00
39627811803107024 1.860733e+00 1.072496e+01 1.326078e-01 -3.369596e+00 1.805993e+00 1.065584e+01 1.294647e-01 -1.278427e+00
39633153916142776 1.696851e+00 1.024695e+01 1.103175e-01 -6.048677e-04 1.716693e+00 1.037397e+01 9.990659e-02 -6.697508e-01
39627836276868232 1.466991e+00 1.109031e+01 2.877579e-01 -3.507036e+00 1.685061e+00 1.102044e+01 2.884305e-01 -1.136435e+00
39627820703423632 1.735137e+00 1.041487e+01 1.813804e-01 -2.665285e-01 1.794323e+00 1.069486e+01 1.706804e-01 -1.417389e+00
39633131803770944 1.573431e+00 1.017613e+01 8.604562e-02 9.420586e-01 1.559462e+00 1.021663e+01 7.761759e-02 -5.794942e-02
39633136555918112 1.732790e+00 1.054289e+01 1.340840e-01 -2.581699e+00 1.728334e+00 1.057197e+01 1.393417e-01 -2.212271e+00
39627778311589768 1.381933e+00 1.090818e+01 3.290171e-01 -5.215313e-01 1.644182e+00 1.099836e+01 3.976471e-01 -1.841977e+00
39627824658647872 1.181520e+00 9.503434e+00 2.109720e-01 4.469603e+00 1.157741e+00 9.679386e+00 2.138676e-01 3.492155e+00
39627787912351472 1.465595e+00 1.117534e+01 3.295597e-01 1.047926e+00 1.433271e+00 1.130885e+01 3.503489e-01 1.463120e+00
39627823945616504 1.670218e+00 1.072544e+01 1.722038e-01 -3.058248e+00 1.764641e+00 1.066929e+01 1.756468e-01 -1.155208e+00
39627824025309584 1.544920e+00 1.075911e+01 3.081611e-01 2.682603e+00 1.454990e+00 1.080103e+01 3.188556e-01 3.483460e+00
39627883840278112 1.890950e+00 1.119247e+01 3.263540e-01 -1.672827e+00 1.836118e+00 1.132549e+01 3.452921e-01 -9.655123e-01
39627823928841072 1.619178e+00 1.012437e+01 1.549033e-01 1.642023e+00 1.553997e+00 1.021534e+01 1.457042e-01 9.552670e-01
39627868912751008 1.663679e+00 1.127090e+01 3.070745e-01 -3.828224e-01 1.613868e+00 1.137221e+01 3.184096e-01 -8.974321e-01
39627811945713120 1.216515e+00 1.040333e+01 2.957764e-01 3.284382e+00 1.260393e+00 1.012828e+01 2.739276e-01 1.610524e+00
39627757566558280 1.115019e+00 8.914251e+00 8.207361e-02 1.261539e+00 1.166498e+00 9.111057e+00 8.375995e-02 1.327362e+00
39627811102655912 1.336021e+00 1.026799e+01 1.565968e-01 -2.734063e+00 1.303409e+00 1.030586e+01 1.845491e-01 1.434019e-01
39627764034176968 1.611538e+00 1.012723e+01 7.622004e-02 8.807862e-01 1.634060e+00 1.006132e+01 4.078491e-02 1.679140e-01
39627786918302392 1.196944e+00 9.065409e+00 5.056055e-02 4.776585e+00 1.170894e+00 9.026564e+00 4.634398e-02 4.609492e+00
39627772255012712 1.705439e+00 1.118396e+01 3.223605e-01 -9.692565e-01 1.633560e+00 1.123391e+01 3.333116e-01 -3.021423e-01
39627830568422424 1.568761e+00 1.136471e+01 4.416696e-01 -3.340986e+00 1.667919e+00 1.115053e+01 4.505762e-01 -1.913872e+00
39633118595910152 1.566921e+00 9.990521e+00 6.377448e-02 4.979539e-01 1.663643e+00 1.000837e+01 5.538228e-02 -2.662700e-01
39627770149473224 1.580534e+00 1.151119e+01 5.574557e-01 -8.271197e-01 1.639383e+00 1.152838e+01 6.124220e-01 -5.727661e-01
39633122953791488 1.700170e+00 1.117454e+01 3.352118e-01 -1.026406e+00 1.796146e+00 1.109774e+01 3.244055e-01 -1.221360e+00
39627802663720312 9.981734e-01 9.448000e+00 1.949341e-01 3.948485e+00 1.053122e+00 9.570964e+00 1.880271e-01 3.712768e+00
39627817108898576 1.645017e+00 1.107109e+01 2.086369e-01 8.159412e-01 1.655237e+00 1.096531e+01 2.101727e-01 1.297748e-02
39627814441322880 1.220991e+00 9.862009e+00 2.652726e-01 2.808010e+00 1.139759e+00 9.880456e+00 2.515186e-01 4.242177e+00
39627758149569024 1.190178e+00 1.009448e+01 1.985440e-01 2.854401e+00 1.207324e+00 9.863643e+00 2.190820e-01 3.126650e+00
39627793796956432 1.565166e+00 1.038562e+01 2.479591e-01 1.862494e-01 1.518274e+00 1.049077e+01 2.401505e-01 1.602927e+00
39627800432348216 1.985956e+00 1.023343e+01 1.243398e-01 -2.342257e+00 1.708899e+00 1.022239e+01 1.222627e-01 -1.319887e+00
39627775887281560 1.786290e+00 1.068664e+01 1.697428e-01 -1.052180e+00 1.785319e+00 1.070711e+01 1.724998e-01 -1.171254e+00
39627682647902312 1.687788e+00 1.133485e+01 4.821105e-01 -2.308529e+00 1.730143e+00 1.148232e+01 5.072635e-01 -1.350759e+00
39627740093092944 1.428655e+00 1.021949e+01 2.169123e-01 -2.610755e-01 1.264850e+00 1.024576e+01 2.412584e-01 1.151614e+00
39627766513011752 1.282825e+00 1.023340e+01 1.159110e-01 -5.816210e-01 1.299184e+00 1.025146e+01 1.081265e-01 3.452815e-01
39627782308759640 1.402517e+00 1.002375e+01 2.092405e-01 1.730799e+00 1.217352e+00 9.914069e+00 1.890275e-01 1.646619e+00
39627895701770992 1.328063e+00 9.705546e+00 7.526149e-02 2.243344e+00 1.302491e+00 9.448067e+00 3.814508e-02 2.228783e+00
39627836532721416 1.652325e+00 1.149654e+01 4.410555e-01 -4.100787e-01 1.757191e+00 1.134648e+01 4.608039e-01 -7.901773e-01
39627755024816952 1.588597e+00 1.103090e+01 4.252064e-01 -1.482643e+00 1.620317e+00 1.104132e+01 4.506639e-01 -1.360881e+00
39627676708766696 1.517426e+00 1.135955e+01 5.177299e-01 8.978859e-01 1.622157e+00 1.125676e+01 5.784253e-01 4.925854e-01
39627733868743512 1.580740e+00 1.096290e+01 5.666858e-01 4.059580e-01 1.511656e+00 1.147815e+01 6.244044e-01 2.634612e-01
39627770342413192 1.417761e+00 1.055010e+01 2.179010e-01 2.814841e+00 1.298702e+00 1.041710e+01 2.147582e-01 1.466107e+00
39627758212485904 1.931908e+00 1.042956e+01 1.381910e-01 -1.491116e+00 1.826032e+00 1.061682e+01 1.310570e-01 -1.928040e+00
39633123088008512 1.448029e+00 1.106992e+01 3.398393e-01 1.999521e+00 1.498392e+00 1.114072e+01 3.312391e-01 4.870259e-01
39627758220869768 1.609461e+00 1.089330e+01 3.221341e-01 -3.629703e+00 1.606825e+00 1.093653e+01 3.390653e-01 -8.725678e-01
39627793692101200 1.193445e+00 9.490580e+00 9.365404e-02 3.862037e+00 1.227489e+00 9.521990e+00 8.452708e-02 3.152887e+00
39633140678918336 1.437977e+00 1.140732e+01 4.945942e-01 3.795566e+00 1.375469e+00 1.132032e+01 5.386801e-01 7.455739e-01
39627841444252896 1.280538e+00 9.635455e+00 8.888952e-02 2.204542e+00 1.273533e+00 9.456964e+00 5.125420e-02 2.942556e+00
39627812461609192 1.024187e+00 8.425202e+00 5.331525e-02 3.559839e+00 1.000968e+00 7.936218e+00 2.875610e-02 9.112291e-01
39627811140405008 1.096200e+00 9.332319e+00 1.079155e-01 -2.679616e+00 1.150779e+00 9.226352e+00 1.153445e-01 1.024013e+00
39627760896841624 1.601915e+00 9.362097e+00 1.755775e-02 1.317204e-01 1.816086e+00 9.574973e+00 2.228795e-02 -1.279213e+00
39627841347781328 1.799790e+00 1.117801e+01 3.483675e-01 -1.906636e+00 1.637822e+00 1.124274e+01 3.519680e-01 -8.487837e-01
39627740042757664 1.600091e+00 1.105256e+01 5.908832e-01 2.907206e+00 1.528720e+00 1.133136e+01 6.319889e-01 1.645165e+00
39633158341135616 1.082370e+00 8.390389e+00 3.509419e-02 5.687479e+00 1.081652e+00 8.261768e+00 7.402286e-03 5.205849e+00
39627785068617024 1.434807e+00 9.794236e+00 7.698800e-02 1.141581e+00 1.375742e+00 9.511194e+00 4.179616e-02 9.714777e-01
39627802617579472 1.551591e+00 1.062553e+01 1.082254e-01 -2.001072e-01 1.504177e+00 1.048024e+01 8.167861e-02 6.049888e-01
39627745436631864 1.564780e+00 1.099537e+01 2.450210e-01 -5.649990e-01 1.588632e+00 1.101153e+01 2.709846e-01 3.370545e-01
39627805155131880 1.179865e+00 9.161144e+00 7.036117e-02 4.391466e+00 1.160809e+00 1.003056e+01 1.212736e-01 4.006059e+00
39627776277351984 1.287329e+00 1.075815e+01 3.045163e-01 1.901696e+00 1.274222e+00 1.065321e+01 3.379476e-01 3.281648e+00
39627781675419200 1.326499e+00 1.024792e+01 1.281285e-01 1.790709e+00 1.368869e+00 1.039661e+01 1.443460e-01 1.419771e+00
39627794371576456 1.769153e+00 1.108355e+01 3.460233e-01 -3.256103e-01 1.817922e+00 1.132759e+01 3.618309e-01 -3.491881e-01
39627786960242104 1.377360e+00 9.940040e+00 1.237305e-01 9.253134e-01 1.249999e+00 9.980042e+00 1.226867e-01 2.963499e+00
39627818681765128 1.551757e+00 1.053881e+01 4.750543e-01 -2.548707e+00 1.529697e+00 1.098349e+01 5.167867e-01 1.681838e+00
39627841310032176 1.700582e+00 1.009073e+01 1.076736e-01 -2.283396e-01 1.692142e+00 1.000437e+01 8.712207e-02 -3.471944e-01
39627751023445872 1.745381e+00 1.114788e+01 4.568267e-01 -1.378276e+00 1.679375e+00 1.119793e+01 4.822759e-01 -2.914642e+00
39627732656589168 1.475070e+00 1.122762e+01 5.715615e-01 1.447988e+00 1.424837e+00 1.132629e+01 6.151026e-01 1.165901e+00
39627796330322016 1.356737e+00 1.009474e+01 1.143823e-01 -8.587837e-01 1.354188e+00 1.022629e+01 1.250550e-01 1.376550e+00
39627757579141864 1.660064e+00 1.077902e+01 2.178712e-01 -1.460474e+00 1.698869e+00 1.083003e+01 2.090389e-01 -2.258924e+00
39627806568612640 1.128964e+00 1.011674e+01 3.044161e-01 4.405062e+00 1.159021e+00 1.007612e+01 3.284244e-01 3.235543e+00
39627838931862688 1.508894e+00 1.144782e+01 5.275212e-01 9.651591e-01 1.473817e+00 1.143489e+01 5.810419e-01 6.889024e-01
39627806509893568 1.242033e+00 9.785740e+00 1.280058e-01 1.627143e+00 1.238018e+00 9.926681e+00 1.510970e-01 2.503063e+00
39627889875878920 1.582654e+00 1.059914e+01 1.494114e-01 2.671172e-01 1.557955e+00 1.055764e+01 1.468700e-01 6.321541e-01
39633136170044144 1.818972e+00 1.082485e+01 1.055038e-01 -1.527026e+00 1.803768e+00 1.062875e+01 6.804259e-02 -1.557669e+00
39627757696586080 1.828783e+00 1.126329e+01 3.845574e-01 -1.234919e+00 1.798779e+00 1.127305e+01 3.990857e-01 -4.380364e-01
39627676687801616 1.821506e+00 1.102487e+01 4.357537e-01 -8.802547e-02 1.721879e+00 1.130636e+01 4.420240e-01 -9.625963e-01
39627761081386712 1.719841e+00 1.037372e+01 1.168675e-01 -7.150849e-01 1.666360e+00 1.016526e+01 1.139920e-01 -8.243421e-01
39627770199804680 1.701827e+00 1.042439e+01 1.597325e-01 -9.136322e-01 1.742377e+00 1.045892e+01 1.719569e-01 -1.617659e+00
39633136283287936 1.330390e+00 1.104372e+01 4.543588e-01 -2.597809e+00 1.425893e+00 1.106301e+01 4.830634e-01 -3.258842e+00
39627752063633968 1.275602e+00 1.028513e+01 1.829812e-01 7.437854e-01 1.302864e+00 1.016109e+01 1.805696e-01 6.451474e-01
39627764193560488 1.737617e+00 1.089025e+01 2.524451e-01 -1.923090e+00 1.776323e+00 1.088597e+01 2.524062e-01 -1.500757e+00
39627778655521008 1.752754e+00 1.116305e+01 4.393738e-01 -2.226560e+00 1.669705e+00 1.114289e+01 4.707491e-01 -3.509498e-01
39627757973406416 1.378663e+00 1.024548e+01 1.057870e-01 2.896276e+00 1.234144e+00 1.032513e+01 1.130877e-01 2.322573e+00
39627806467949512 1.268046e+00 9.944542e+00 2.232487e-01 2.678848e+00 1.165194e+00 1.010691e+01 2.052637e-01 1.826501e+00
39627751568705816 1.894866e+00 1.022852e+01 1.091543e-01 -1.227459e-01 1.707736e+00 1.028785e+01 9.339561e-02 -4.359990e-02
39627826755802712 1.510432e+00 1.118071e+01 4.167345e-01 -4.611431e+00 1.671774e+00 1.116027e+01 4.426417e-01 -1.637333e+00
39627774834510464 1.902959e+00 1.073696e+01 1.675068e-01 -2.208681e+00 1.763282e+00 1.077376e+01 1.739188e-01 -1.926626e+00
39627853439964872 1.665506e+00 1.092107e+01 2.905967e-01 1.054406e+00 1.781425e+00 1.080275e+01 2.419621e-01 -5.047342e-01
39627634522463176 2.175094e+00 1.104694e+01 2.348164e-01 -1.177246e+00 1.855806e+00 1.104186e+01 2.541563e-01 -1.228225e+00
39627776247990096 1.280952e+00 9.900812e+00 1.595048e-01 1.775359e+00 1.201435e+00 9.776103e+00 1.606865e-01 7.720085e-01
39627787773940096 1.317445e+00 1.129517e+01 5.935603e-01 1.481738e+00 1.294923e+00 1.135193e+01 6.742724e-01 3.755101e+00
39627883680891672 1.479952e+00 1.114635e+01 4.151852e-01 -1.962241e+00 1.682495e+00 1.113068e+01 4.236512e-01 -2.114984e+00
39627748997596440 1.319032e+00 1.065459e+01 2.071297e-01 -3.838703e+00 1.518574e+00 1.075498e+01 2.200382e-01 -1.081598e-01
39627794291885408 1.575339e+00 1.129553e+01 4.981973e-01 -1.180605e+00 1.660747e+00 1.128167e+01 5.423956e-01 -5.670261e-02
39627841414889704 1.427419e+00 1.050823e+01 2.220266e-01 2.004967e+00 1.363618e+00 1.055295e+01 2.844438e-01 3.853452e+00
39627806400842432 1.187033e+00 8.532550e+00 4.572076e-02 3.128513e+00 1.174108e+00 7.892169e+00 5.287275e-03 3.265042e+00
39627793163619264 1.499683e+00 9.982682e+00 7.265244e-02 1.975662e+00 1.425023e+00 9.775985e+00 3.730510e-02 9.090310e-02
39627775593678208 1.581586e+00 1.085402e+01 1.924060e-01 -1.644921e+00 1.620962e+00 1.071866e+01 1.864896e-01 -5.848150e-01
39627774855482944 1.588055e+00 1.041503e+01 2.675972e-01 1.075900e+00 1.524936e+00 1.056031e+01 2.714970e-01 2.225345e+00
39633158286608800 1.764469e+00 1.108418e+01 3.346234e-01 3.281150e-01 1.738951e+00 1.109920e+01 3.509843e-01 -4.423440e-02
39627782195515792 1.141344e+00 1.063177e+01 1.076170e-01 4.115811e+00 1.179639e+00 1.054398e+01 1.123132e-01 3.536844e+00
39627736892838832 1.725818e+00 1.084236e+01 5.509747e-01 -3.788880e-01 1.570840e+00 1.128625e+01 6.376702e-01 7.833762e-01
39627760234138208 1.132754e+00 9.825702e+00 1.264403e-01 2.427984e+00 1.138463e+00 9.484805e+00 1.119934e-01 4.395419e+00
39627745507935576 1.380359e+00 1.063134e+01 2.565112e-01 1.239182e+00 1.379842e+00 1.056429e+01 2.465709e-01 1.515079e+00
39627838617294688 1.719997e+00 1.124505e+01 4.606509e-01 -4.449500e+00 1.649796e+00 1.119428e+01 4.892109e-01 -2.049774e+00
39627805943665624 1.356486e+00 9.976371e+00 8.922035e-02 7.877519e-01 1.373533e+00 9.869825e+00 7.197013e-02 1.419765e+00
39627781088215824 1.339945e+00 1.021618e+01 7.236151e-02 2.458577e+00 1.292759e+00 1.002252e+01 5.158900e-02 2.498321e+00
39627856711517816 1.779718e+00 1.102353e+01 3.513765e-01 -5.644168e-01 1.825984e+00 1.127239e+01 3.492930e-01 -9.202207e-01
39627793117479912 1.252505e+00 1.011605e+01 1.398892e-01 2.521737e+00 1.211623e+00 9.986744e+00 1.491347e-01 2.975353e+00
39627745008814472 1.718485e+00 1.092171e+01 4.716500e-01 1.278971e-01 1.697496e+00 1.126551e+01 4.970536e-01 -1.786842e+00
39627806467953632 1.225533e+00 1.053531e+01 1.910709e-01 3.831316e+00 1.233028e+00 1.047037e+01 1.718009e-01 3.343660e+00
39627776277352984 1.145186e+00 9.715510e+00 1.652895e-01 2.699799e+00 1.157851e+00 9.386670e+00 1.664053e-01 2.393006e+00
39627794417715504 1.398116e+00 1.087434e+01 2.655203e-01 1.789440e+00 1.308529e+00 1.074547e+01 2.506449e-01 2.938568e+00
39627847433719744 1.713166e+00 1.082997e+01 2.434462e-01 -6.832020e-01 1.708394e+00 1.092490e+01 2.546084e-01 -1.276639e+00
39627787673274432 1.493386e+00 1.116655e+01 5.583123e-01 3.305069e-01 1.515496e+00 1.144146e+01 6.106410e-01 2.163728e-01
39627763597968816 1.258002e+00 1.031911e+01 1.147772e-01 2.490098e+00 1.320735e+00 1.033233e+01 1.094474e-01 2.177363e+00
39627830056715056 1.718126e+00 1.057739e+01 2.000468e-01 9.108546e-01 1.679778e+00 1.047935e+01 1.967190e-01 -1.573390e+00
39627812490974392 1.516940e+00 1.014595e+01 1.026821e-01 -1.000115e+00 1.494820e+00 1.022741e+01 1.118914e-01 5.095049e-01
39627824654451952 1.294054e+00 1.021366e+01 2.001822e-01 1.467936e+00 1.265003e+00 1.017356e+01 1.984455e-01 7.036611e-01
39627853481902832 1.222662e+00 9.738990e+00 9.944911e-02 6.558008e-01 1.176216e+00 9.584650e+00 7.905868e-02 -4.195404e-02
39627775706927136 1.157153e+00 8.637239e+00 7.847783e-02 4.829797e+00 1.137288e+00 8.625239e+00 6.403372e-02 4.163863e+00
39627766311686504 1.755332e+00 1.121919e+01 3.361324e-01 -2.702904e-01 1.814107e+00 1.137329e+01 3.669446e-01 -5.313045e-01
39627774880646752 1.699445e+00 1.079552e+01 2.022610e-01 -1.108717e+00 1.730616e+00 1.078055e+01 1.949612e-01 -1.480929e+00
39627805218050728 2.007934e+00 1.097569e+01 2.544413e-01 -1.412392e+00 1.886565e+00 1.110016e+01 2.741642e-01 -1.276359e+00
39627784737261392 1.234597e+00 9.629744e+00 9.938071e-02 4.095574e+00 1.210516e+00 9.556437e+00 6.708936e-02 3.527141e+00
39627865553109776 1.844515e+00 1.060779e+01 1.211389e-01 -1.225990e+00 1.783248e+00 1.059592e+01 1.153720e-01 -1.101127e+00
39627794321245904 1.233950e+00 9.910369e+00 1.380952e-01 5.597425e+00 1.169297e+00 9.465051e+00 1.365859e-01 4.084964e+00
39627823987557048 1.803435e+00 1.045074e+01 1.381900e-01 -9.220791e-01 1.737083e+00 1.054029e+01 1.429186e-01 -3.963908e-01
39627799761259240 1.170726e+00 9.543078e+00 1.398566e-01 3.390155e+00 1.224078e+00 9.587687e+00 1.411178e-01 2.778442e+00
39627757042272512 1.355531e+00 1.100773e+01 6.222484e-01 3.642212e+00 1.350121e+00 1.149607e+01 6.621861e-01 2.055456e+00
39627769700683120 1.618844e+00 9.549170e+00 8.364933e-02 -5.449232e-01 1.436418e+00 9.465281e+00 7.887883e-02 5.100130e-01
39627751593871784 1.171273e+00 9.399795e+00 6.890681e-02 2.716657e+00 1.309914e+00 9.131431e+00 4.526478e-02 1.613622e+00
39627806405038984 1.765305e+00 1.054850e+01 1.133800e-01 -1.316888e+00 1.818094e+00 1.052166e+01 1.123523e-01 -1.375355e+00
39627776315101320 1.502190e+00 1.082413e+01 2.803491e-01 -2.226103e+00 1.600462e+00 1.082398e+01 2.884252e-01 -2.010570e+00
39633132097373424 1.695189e+00 1.092511e+01 1.845604e-01 -1.049310e+00 1.716623e+00 1.080726e+01 1.715325e-01 -2.174021e+00
39627776201855160 1.294951e+00 1.041910e+01 1.673826e-01 5.945878e-01 1.286832e+00 1.029107e+01 1.490028e-01 -9.108683e-01
39633158051728928 1.740373e+00 1.121668e+01 4.182487e-01 -2.980371e+00 1.640386e+00 1.114756e+01 4.427748e-01 -1.210149e+00
39627820573397352 1.109154e+00 9.830070e+00 1.328709e-01 5.088987e+00 1.161023e+00 9.595095e+00 1.201921e-01 4.481389e+00
39627824608316048 1.863394e+00 1.022355e+01 1.135693e-01 -2.502702e+00 1.747635e+00 1.012446e+01 9.840791e-02 -1.591381e+00
39627780874305952 1.458045e+00 1.135846e+01 6.007024e-01 1.606979e+00 1.451938e+00 1.157749e+01 6.930003e-01 1.647228e+00
39627767137960752 1.500045e+00 1.131216e+01 3.367658e-01 -4.136140e-01 1.650313e+00 1.139383e+01 4.208108e-01 -6.682448e-01
39627859416847600 1.624519e+00 9.437776e+00 5.858154e-02 -1.167849e+00 1.465796e+00 9.173476e+00 2.452113e-02 3.278544e-01
39627757549783672 1.428407e+00 1.024395e+01 1.416311e-01 1.646764e+00 1.440441e+00 1.005659e+01 1.135233e-01 1.061214e+00
39627764143232288 1.135119e+00 1.075147e+01 5.507339e-01 5.297502e+00 1.154521e+00 1.048912e+01 5.483060e-01 2.335283e+00
39627788252091672 1.872010e+00 1.086814e+01 2.458096e-01 -5.386645e-01 1.819429e+00 1.089248e+01 2.663356e-01 -1.299437e+00
39627805868165768 1.585981e+00 1.040891e+01 1.790692e-01 -7.819361e-01 1.622379e+00 1.023419e+01 1.692570e-01 2.623421e-01
39627818711123264 1.612479e+00 1.035404e+01 1.302332e-01 -8.596772e-02 1.589127e+00 1.041769e+01 1.327472e-01 -2.188652e-01
39627757499451280 1.195722e+00 9.890991e+00 1.774376e-01 3.330297e-01 1.234376e+00 9.923840e+00 1.769251e-01 2.560624e+00
39633149478570600 1.317505e+00 1.129596e+01 4.806802e-01 -1.282110e+00 1.474775e+00 1.128547e+01 4.795922e-01 -9.549215e-01
39627754555052232 1.058276e+00 9.477039e+00 1.138516e-01 4.712400e+00 1.121827e+00 9.253904e+00 1.001107e-01 4.968862e+00
39627832980150104 1.637185e+00 1.091106e+01 3.052465e-01 8.793322e-01 1.822647e+00 1.106445e+01 3.006848e-01 -9.466465e-01
39627824599927104 1.221165e+00 9.550553e+00 8.388425e-02 3.640074e+00 1.248325e+00 9.302646e+00 5.091126e-02 3.003608e+00
39627799090173232 1.148618e+00 1.033668e+01 2.281812e-01 -2.605845e+00 1.250949e+00 1.015959e+01 2.408896e-01 1.049884e+00
39627809269746720 1.756946e+00 1.019145e+01 7.775019e-02 -1.782349e+00 1.744806e+00 1.017953e+01 6.497757e-02 -1.125326e+00
39633127374586624 1.782776e+00 1.100345e+01 2.482390e-01 -1.012793e+00 1.731271e+00 1.108644e+01 2.898192e-01 -1.787380e+00
39627805813637664 1.659676e+00 1.076638e+01 1.788507e-01 -2.368427e+00 1.610133e+00 1.087183e+01 1.817316e-01 -2.696299e+00
39627781792858456 1.383865e+00 1.099618e+01 5.372648e-01 1.049014e+00 1.308915e+00 1.118143e+01 5.832189e-01 1.879256e+00
39627865779603696 1.348133e+00 9.823050e+00 1.032368e-01 -1.353695e-01 1.371509e+00 9.985490e+00 9.941237e-02 1.172394e+00
39627778181570848 1.742014e+00 1.054499e+01 1.285624e-01 -1.299025e+00 1.787552e+00 1.056151e+01 1.132843e-01 -1.788100e+00
39627746141277592 1.177382e+00 9.485896e+00 1.149834e-01 3.095360e+00 1.192222e+00 8.681633e+00 4.368076e-02 1.143389e+00
39633118444912872 1.664781e+00 1.129916e+01 3.839045e-01 -6.874520e-01 1.671884e+00 1.124177e+01 4.221515e-01 -1.487035e+00
39627775061000920 1.168999e+00 1.031754e+01 2.881776e-01 1.097691e+00 1.243634e+00 1.079457e+01 2.955538e-01 7.839561e-01
39627770262718808 1.539813e+00 1.014622e+01 1.315904e-01 4.715287e-01 1.651269e+00 1.005491e+01 1.010454e-01 -6.828996e-01
39627781658644128 1.687317e+00 1.105674e+01 4.309622e-01 -1.978462e-01 1.652120e+00 1.110861e+01 4.678622e-01 2.861191e-01
39627800348462944 1.741581e+00 1.055107e+01 1.869527e-01 -1.284509e+00 1.834362e+00 1.081846e+01 1.717181e-01 -2.251789e+00
39627853515457448 1.692622e+00 1.045523e+01 1.444762e-01 -1.616629e+00 1.660825e+00 1.041021e+01 1.326711e-01 -1.659323e+00
39627757637861640 1.413293e+00 1.004169e+01 1.526361e-01 3.804803e+00 1.393244e+00 1.018630e+01 1.574126e-01 4.075984e+00
39627799102754232 1.417595e+00 1.049721e+01 2.204588e-01 2.723861e+00 1.273419e+00 1.071861e+01 2.687694e-01 2.852588e+00
39627829184304904 1.763946e+00 1.038758e+01 1.176392e-01 -2.218968e+00 1.785319e+00 1.037266e+01 1.159192e-01 -1.599504e+00
39627772687031904 1.274774e+00 1.005768e+01 1.458834e-01 6.050400e-01 1.263024e+00 9.901330e+00 1.329165e-01 1.924866e+00
39627706874204176 1.416792e+00 1.113310e+01 4.054338e-01 1.279932e+00 1.389708e+00 1.125324e+01 4.164455e-01 2.603227e-02
39627751983943904 1.572221e+00 1.064510e+01 1.482161e-01 1.635052e-01 1.662989e+00 1.070641e+01 1.454593e-01 -1.753649e+00
39627808607044216 1.218778e+00 1.052518e+01 1.547174e-01 -1.773432e+00 1.393949e+00 1.033572e+01 1.129306e-01 -4.948835e-01
39627764243895696 1.647384e+00 1.008556e+01 1.222148e-01 -1.883847e+00 1.522955e+00 9.846934e+00 1.265724e-01 7.354367e-01
39627763581195312 1.466870e+00 9.782955e+00 1.336994e-01 -1.237317e+00 1.473155e+00 9.856772e+00 1.149263e-01 -6.301870e-01
39627764130647976 1.381286e+00 9.794911e+00 1.148296e-01 -1.066754e+00 1.309935e+00 9.525311e+00 7.466118e-02 3.746122e-01
39627845030384432 1.666798e+00 1.077280e+01 2.028378e-01 -2.112297e+00 1.482504e+00 1.083005e+01 1.984262e-01 -3.135234e+00
39627788302421368 1.664289e+00 1.093584e+01 3.795095e-01 -4.085200e+00 1.670455e+00 1.099102e+01 3.917938e-01 -1.039710e+00
39633286359680440 1.493335e+00 1.029259e+01 2.104664e-01 -1.418785e+00 1.454392e+00 1.007627e+01 1.953480e-01 -1.073876e+00
39627751489015352 1.288660e+00 9.798345e+00 1.775061e-01 3.752429e+00 1.214532e+00 1.006948e+01 1.942772e-01 3.144742e+00
39627830690057488 1.309717e+00 1.029827e+01 2.907240e-01 1.556912e+00 1.245051e+00 1.033112e+01 3.231142e-01 1.432648e+00
39627784502382592 1.488756e+00 1.099075e+01 2.625122e-01 1.351167e-01 1.571867e+00 1.113456e+01 2.807865e-01 -4.450736e-01
39627751606455552 1.043575e+00 9.022598e+00 2.510630e-02 4.573397e+00 1.072011e+00 8.109812e+00 0.000000e+00 5.040576e+00
39633145082941504 1.600280e+00 1.100423e+01 4.902178e-01 -1.242508e+00 1.608896e+00 1.116580e+01 5.232947e-01 -8.084385e-01
39627794547740976 1.383779e+00 1.170179e+01 6.484017e-01 2.639752e+00 1.572485e+00 1.148272e+01 5.600864e-01 -1.651141e-01
39627821240287776 1.655915e+00 1.103914e+01 3.258407e-01 -2.653561e+00 1.693332e+00 1.102355e+01 3.409905e-01 -6.578350e-01
39627829301742944 1.254606e+00 1.040764e+01 1.469336e-01 2.730324e+00 1.278417e+00 1.030718e+01 1.518029e-01 2.801063e+00
39627847312082824 1.220981e+00 9.994158e+00 1.783555e-01 4.329910e+00 1.197900e+00 1.019949e+01 2.056412e-01 3.492919e+00
39627782350702416 1.869006e+00 1.076468e+01 2.562880e-01 -1.699246e+00 1.772004e+00 1.084418e+01 2.880913e-01 -9.926547e-01
39627752160102496 1.480512e+00 1.021401e+01 1.311522e-01 -2.338579e+00 1.513807e+00 1.026605e+01 1.279894e-01 -1.545345e+00
39627752139130280 1.661715e+00 1.089474e+01 1.920441e-01 -1.763536e+00 1.627046e+00 1.084545e+01 1.857018e-01 -1.186219e+00
39627830224486768 1.172146e+00 9.242737e+00 8.152954e-02 4.735130e+00 1.144760e+00 9.737126e+00 7.322189e-02 4.063320e+00
39627658631318280 1.653520e+00 1.089269e+01 2.788919e-01 -2.794368e-01 1.803974e+00 1.098486e+01 2.778520e-01 -1.716439e+00
39627751052809872 1.527083e+00 1.105307e+01 3.885164e-01 -4.621228e-01 1.624498e+00 1.115101e+01 4.349407e-01 -2.019845e+00
39627768798909584 1.220702e+00 1.063703e+01 2.457794e-01 3.879702e+00 1.226509e+00 1.040617e+01 2.282254e-01 3.730981e+00
39627830601979720 2.415077e+00 1.065840e+01 3.152895e-01 -9.237316e-01 1.794677e+00 1.123175e+01 3.379595e-01 -5.356110e-01
39627788415664456 1.733301e+00 1.037461e+01 1.052730e-01 -7.791880e-01 1.726096e+00 1.032620e+01 1.031293e-01 -6.723998e-01
39627814718149536 1.779999e+00 1.020129e+01 1.105657e-01 -1.403440e+00 1.745211e+00 1.029078e+01 1.035143e-01 -1.805845e+00
39627802793746192 1.197938e+00 1.096192e+01 4.013313e-01 3.003717e+00 1.252641e+00 1.079178e+01 3.501817e-01 2.666009e+00
39633157993005976 1.441963e+00 1.033804e+01 8.990510e-02 1.695638e+00 1.406821e+00 1.007269e+01 5.338700e-02 1.430384e+00
39627892958695304 1.714376e+00 1.094795e+01 2.597683e-01 -3.436809e-01 1.800135e+00 1.115773e+01 2.707712e-01 -1.652324e+00
39627808711901656 1.875032e+00 1.080180e+01 1.503870e-01 -2.353273e+00 1.838597e+00 1.084905e+01 1.468169e-01 -1.957702e+00
39627757499453688 1.732232e+00 1.046368e+01 1.219863e-01 -8.200526e-03 1.765859e+00 1.045052e+01 1.179414e-01 -7.409999e-01
39627794388356720 1.451042e+00 1.082758e+01 3.200291e-01 9.661967e-01 1.482346e+00 1.093971e+01 3.422947e-01 5.347122e-01
39633158303385448 1.296632e+00 1.018822e+01 9.598371e-02 1.775418e+00 1.262802e+00 1.000478e+01 6.715317e-02 2.895670e+00
39627824654451184 1.865682e+00 1.096278e+01 3.294068e-01 -1.925904e+00 1.689776e+00 1.114465e+01 3.507753e-01 -4.356214e-01
39627811287208304 1.138890e+00 9.170558e+00 5.078774e-02 3.184301e+00 1.146216e+00 9.776019e+00 3.531800e-02 4.675467e+00
39627787073489040 1.059120e+00 9.755582e+00 1.649417e-01 -1.178211e+00 1.205044e+00 9.633782e+00 1.512671e-01 7.540463e-01
39627718815384592 1.418566e+00 1.095758e+01 3.611201e-01 4.959965e+00 1.405568e+00 1.070177e+01 3.883462e-01 5.429986e+00
39627805998188384 1.529742e+00 1.140014e+01 4.508504e-01 1.316805e+00 1.550051e+00 1.139502e+01 4.755901e-01 -6.947331e-01
39627847312086736 1.766711e+00 1.036400e+01 1.933441e-01 -1.182363e+00 1.708614e+00 1.049572e+01 1.863850e-01 -8.668759e-01
39627818530767624 1.551114e+00 1.086321e+01 2.524845e-01 1.563749e+00 1.492178e+00 1.100491e+01 2.716086e-01 8.964272e-01
39627923191239216 1.664486e+00 1.090611e+01 2.774784e-01 -1.550344e+00 1.663070e+00 1.086534e+01 2.978711e-01 -2.475399e+00
39627754303395736 1.584427e+00 1.112675e+01 4.574134e-01 -1.748576e+00 1.502946e+00 1.139906e+01 4.962254e-01 -1.891997e-01
39627808640608000 1.722309e+00 1.076926e+01 1.815232e-01 -1.438951e+00 1.729443e+00 1.083645e+01 1.884499e-01 -2.481645e+00
39627766164886944 1.430980e+00 9.849307e+00 9.284177e-02 -3.448168e-01 1.360509e+00 1.010278e+01 1.041815e-01 1.244997e-01
39627824591540208 1.634066e+00 1.034830e+01 1.558712e-01 -1.569960e+00 1.695553e+00 1.025105e+01 1.494113e-01 -7.501861e-01
39633140716667448 1.679050e+00 1.135804e+01 4.561758e-01 -9.792668e-01 1.731724e+00 1.127190e+01 4.852303e-01 -8.579214e-01
39627786909909776 1.106791e+00 9.966182e+00 1.545055e-01 4.899942e+00 1.158226e+00 1.003356e+01 1.793351e-01 4.472885e+00
39627768849238264 1.559869e+00 9.595210e+00 4.938825e-02 -3.620398e-02 1.560818e+00 8.926352e+00 1.051615e-02 1.271623e-01
39627817205370016 1.821782e+00 1.103109e+01 4.321533e-01 -5.503840e-01 1.710763e+00 1.120806e+01 4.488958e-01 -1.472423e+00
39633136274900632 1.685803e+00 1.116939e+01 4.157913e-01 -1.874846e+00 1.628716e+00 1.107658e+01 4.228980e-01 -1.263509e+00
39627823941419392 1.422828e+00 1.060995e+01 2.295102e-01 -5.324685e-01 1.494023e+00 1.060035e+01 2.270000e-01 -5.257283e-01
39627760573876488 1.701321e+00 1.017608e+01 8.436105e-02 -1.203482e+00 1.743679e+00 1.016541e+01 6.511241e-02 -6.718795e-01
39627764344556240 1.746691e+00 1.097274e+01 2.377279e-01 -3.109202e-02 1.867106e+00 1.108252e+01 2.422719e-01 -1.165262e+00
39627793885040112 1.215519e+00 1.057270e+01 1.590803e-01 3.636486e+00 1.254515e+00 1.041270e+01 1.234160e-01 3.110308e+00
39627829939277552 1.267508e+00 1.072260e+01 2.579367e-01 3.150918e+00 1.270772e+00 1.068496e+01 2.176494e-01 2.162840e+00
39627790517012424 1.955302e+00 1.077626e+01 1.795803e-01 -3.753366e+00 1.732478e+00 1.078492e+01 1.759991e-01 -2.438289e+00
39627830673279344 1.469267e+00 1.071128e+01 2.880383e-01 5.734761e-01 1.429612e+00 1.061770e+01 2.859365e-01 3.545875e-01
39627806551839912 1.131927e+00 1.035402e+01 2.788727e-01 -2.239242e+00 1.208756e+00 1.007367e+01 2.805232e-01 2.058683e+00
39627800453319472 1.034547e+00 8.287180e+00 5.625122e-02 2.242678e+00 1.018152e+00 7.948309e+00 3.249273e-02 1.133721e+00
39627769721651544 1.806553e+00 1.042854e+01 1.553328e-01 -4.126062e-01 1.747999e+00 1.036743e+01 1.357196e-01 -1.973730e+00
39627817331200144 1.336547e+00 1.026913e+01 1.217069e-01 1.090896e+00 1.372204e+00 1.015583e+01 9.494734e-02 1.058827e+00
39627800008723520 1.299255e+00 9.481357e+00 6.426241e-02 3.400151e+00 1.236984e+00 9.751488e+00 5.943592e-02 3.272453e+00
39627802604997440 1.141022e+00 9.767687e+00 1.116274e-01 3.723233e+00 1.235548e+00 9.436281e+00 7.924387e-02 3.134718e+00
39627806363094312 1.308667e+00 1.066456e+01 1.382253e-01 1.254577e+00 1.370174e+00 1.045836e+01 1.204443e-01 2.056826e+00
39627767137966432 9.282798e-01 1.003448e+01 3.788920e-01 -3.402979e+00 1.030708e+00 1.041186e+01 3.579372e-01 3.638411e+00
39627798993703104 1.630644e+00 1.027762e+01 2.060991e-01 -8.333947e-01 1.578223e+00 1.034166e+01 1.920489e-01 2.091178e-01
39627847404356952 1.344203e+00 1.065734e+01 2.898888e-01 -1.157566e+00 1.382958e+00 1.064445e+01 2.976691e-01 8.892647e-01
39633153660292024 1.406861e+00 1.046567e+01 1.389690e-01 -1.219934e+00 1.621050e+00 1.035706e+01 1.230277e-01 -1.306935e+00
39627772640889936 1.807755e+00 1.127988e+01 4.004045e-01 -1.430026e+00 1.763376e+00 1.118444e+01 4.454218e-01 -7.825650e-01
39633293708102624 1.410011e+00 1.024309e+01 1.995370e-01 5.185834e-01 1.410139e+00 1.000717e+01 1.717906e-01 -2.731184e-01
39627808871289632 1.468104e+00 1.061349e+01 1.905652e-01 2.030656e-01 1.493588e+00 1.055805e+01 1.677878e-01 3.392121e-01
39627757423956032 1.522109e+00 1.095588e+01 3.260615e-01 7.290348e-01 1.676424e+00 1.089358e+01 3.244532e-01 -9.854305e-01
39627799878701568 1.256541e+00 8.974463e+00 9.360381e-02 3.708223e+00 1.178643e+00 8.833510e+00 7.281989e-02 1.747287e+00
39627806325348528 1.331699e+00 1.129287e+01 5.233080e-01 -2.611104e+00 1.435377e+00 1.143444e+01 5.633717e-01 6.362535e-01
39627718932827960 1.657235e+00 1.125855e+01 3.338942e-01 2.448507e-01 1.613986e+00 1.136999e+01 3.604102e-01 -1.073042e-01
39627758136988496 1.248889e+00 9.726551e+00 7.505801e-02 1.610161e+00 1.272202e+00 9.769618e+00 6.645148e-02 2.723527e+00
39627806577003848 1.412884e+00 1.080489e+01 4.452014e-01 -1.388450e+00 1.328789e+00 1.089050e+01 3.340043e-01 3.858261e-01
39627841322617784 1.700625e+00 1.063694e+01 1.947015e-01 -7.266881e-01 1.783515e+00 1.069842e+01 1.873246e-01 -1.596661e+00
39627865729274768 1.665505e+00 1.145571e+01 6.760584e-01 7.151153e-01 1.653227e+00 1.160709e+01 6.996756e-01 6.103175e-01
39627847446302552 1.797983e+00 1.059007e+01 1.540411e-01 6.578144e-01 1.666815e+00 1.066185e+01 1.705631e-01 4.529673e-01
39627886889537880 1.814542e+00 1.081143e+01 2.478473e-01 -5.744607e-01 1.824082e+00 1.096355e+01 2.461470e-01 -1.598475e+00
39627758267009440 1.301928e+00 1.004924e+01 1.810920e-01 -4.666296e-01 1.232731e+00 1.007172e+01 1.625206e-01 4.782660e-01
39627746099332616 1.632168e+00 1.086561e+01 2.850511e-01 -1.113523e+00 1.550461e+00 1.088422e+01 2.911705e-01 -1.933332e+00
39627838889919192 1.920328e+00 1.133771e+01 4.174360e-01 -1.687761e+00 1.823077e+00 1.148592e+01 4.654135e-01 -7.367042e-01
39627817872263520 1.279589e+00 1.001670e+01 1.053617e-01 3.287924e+00 1.292095e+00 9.857883e+00 9.725857e-02 1.253528e+00
39633136161653216 1.543261e+00 9.838130e+00 6.888095e-02 -7.485810e-01 1.469375e+00 9.843596e+00 5.303320e-02 5.581992e-01
39627788298225280 1.795384e+00 1.072705e+01 2.922398e-01 -1.878053e+00 1.612727e+00 1.081791e+01 2.956659e-01 -2.526933e+00
39627808435084168 1.340302e+00 9.567987e+00 1.721096e-01 3.868129e+00 1.192087e+00 9.749736e+00 1.529258e-01 3.354956e+00
39633118658825688 1.364798e+00 1.022885e+01 1.014874e-01 9.804864e-01 1.483952e+00 1.036860e+01 1.028825e-01 6.779776e-01
39627830627143392 1.113803e+00 9.696503e+00 2.052876e-01 4.227582e+00 1.124444e+00 9.813523e+00 1.877371e-01 4.641006e+00
39627782258426736 1.383645e+00 1.018348e+01 1.370282e-01 3.215417e+00 1.475313e+00 1.038938e+01 1.463106e-01 6.426121e-01
39627805771698384 1.294759e+00 9.164117e+00 7.528266e-02 2.623325e+00 1.231259e+00 8.904413e+00 4.507436e-02 2.055499e+00
39627754244673296 1.731764e+00 1.088446e+01 3.116837e-01 -5.864137e-01 1.800764e+00 1.115519e+01 3.277484e-01 -2.055461e-01
39627836041987344 1.629408e+00 1.100801e+01 5.221916e-01 -1.279637e+00 1.688208e+00 1.134822e+01 5.439054e-01 -1.133784e+00
39627769646156288 1.223963e+00 8.633024e+00 7.216141e-02 2.784931e+00 1.120643e+00 8.328953e+00 4.501650e-02 1.516980e+00
39627799887090576 1.589086e+00 1.109118e+01 2.748213e-01 -1.254080e+00 1.663882e+00 1.094001e+01 3.711783e-01 -1.942263e+00
39627793075539856 1.693951e+00 1.071730e+01 1.981051e-01 -1.377775e+00 1.748764e+00 1.061848e+01 1.911458e-01 -7.091091e-01
39627805868165416 1.744005e+00 1.060308e+01 1.397922e-01 -9.578546e-01 1.767552e+00 1.056301e+01 1.499404e-01 -7.240615e-01
39627772187908088 1.756734e+00 1.108194e+01 3.321547e-01 -1.506374e+00 1.649007e+00 1.103884e+01 3.563309e-01 -9.163823e-01
39627757977602312 1.801667e+00 1.062719e+01 1.452020e-01 -2.001875e-01 1.795300e+00 1.058597e+01 1.313410e-01 -1.499426e+00
39627823408745944 1.266818e+00 8.763335e+00 4.672502e-02 8.305179e-01 1.244606e+00 8.737585e+00 1.551613e-02 6.751695e-01
39627830497117272 1.197932e+00 9.500307e+00 9.366146e-02 2.581785e+00 1.174294e+00 9.442969e+00 8.073942e-02 3.769750e+00
39627788436638320 1.492293e+00 1.097454e+01 2.848258e-01 -1.958340e-01 1.463672e+00 1.088347e+01 2.779505e-01 2.274480e-01
39627812516136984 1.183241e+00 1.092080e+01 2.784042e-01 4.705359e+00 1.236209e+00 1.075524e+01 2.685489e-01 3.941507e+00
39627853691618504 1.758177e+00 1.035476e+01 1.138454e-01 -1.452116e+00 1.755051e+00 1.025615e+01 9.460367e-02 -1.567458e+00
39627841251316224 1.290701e+00 1.043592e+01 1.930447e-01 3.295167e+00 1.321605e+00 1.003974e+01 1.409428e-01 4.950555e-01
39627781864165672 1.631109e+00 1.074309e+01 1.387899e-01 -3.430118e-01 1.695853e+00 1.069434e+01 1.523417e-01 -1.205515e+00
39627824574762456 1.590684e+00 1.032556e+01 3.145421e-01 1.282800e+00 1.612824e+00 1.053390e+01 2.943165e-01 1.275912e+00
39627794509988768 1.196272e+00 9.859668e+00 1.471289e-01 3.979465e+00 1.232534e+00 9.764237e+00 1.378927e-01 3.163587e+00
39627827015849536 1.514646e+00 1.061374e+01 1.919981e-01 -2.390615e+00 1.603590e+00 1.043020e+01 1.848289e-01 -2.502437e+00
39627877821451920 1.691327e+00 1.100723e+01 3.268449e-01 6.220055e-01 1.665923e+00 1.109822e+01 3.464909e-01 2.420196e-01
39627786901522208 1.188412e+00 9.647304e+00 1.088249e-01 1.749507e+00 1.209798e+00 9.666552e+00 1.070425e-01 2.669144e+00
39627740088896568 1.136849e+00 8.387882e+00 5.332861e-02 5.840061e+00 1.124709e+00 7.608311e+00 0.000000e+00 3.694739e+00
39627739979844104 1.201828e+00 1.016411e+01 2.122131e-01 1.373860e+00 1.219491e+00 1.041998e+01 2.285270e-01 2.356644e+00
39627776285740832 1.774149e+00 1.078069e+01 1.355541e-01 -1.113822e+00 1.847710e+00 1.075204e+01 1.364786e-01 -1.405401e+00
39627836629189160 1.468894e+00 1.010328e+01 1.870220e-01 9.518849e-01 1.409198e+00 1.021097e+01 1.760847e-01 -2.040559e-01
39627773005797296 1.315677e+00 1.036504e+01 2.006627e-01 1.484946e+00 1.409649e+00 1.035981e+01 1.762833e-01 3.142839e-01
39627799912256728 1.406626e+00 1.059389e+01 2.001412e-01 1.324410e+00 1.478334e+00 1.042830e+01 1.706431e-01 4.399374e-01
39627764122256464 1.382248e+00 9.463908e+00 5.416624e-02 -2.050116e+00 1.355413e+00 9.686002e+00 6.789348e-02 5.025463e-01
39627830631338368 1.815079e+00 1.003630e+01 1.118171e-01 -4.582847e-01 1.645217e+00 1.035551e+01 1.103393e-01 -5.442632e-01
39627768819878864 1.246493e+00 1.065166e+01 3.021154e-01 3.758801e+00 1.216822e+00 1.062968e+01 3.339077e-01 3.969070e+00
39627836566278800 1.212067e+00 8.383915e+00 2.419117e-02 3.141533e+00 1.178592e+00 8.686257e+00 1.145780e-02 4.279376e+00
39627782296180832 1.692440e+00 1.097091e+01 3.077898e-01 -7.195795e-01 1.729913e+00 1.095307e+01 3.049252e-01 -1.700214e+00
39627700805046512 1.724437e+00 1.095398e+01 2.783142e-01 -2.628113e+00 1.712934e+00 1.092767e+01 2.794204e-01 -2.018908e+00
39627778546468984 1.194550e+00 1.069044e+01 3.314567e-01 9.470916e-01 1.234159e+00 1.065241e+01 3.431442e-01 2.183137e+00
39627781872551968 1.896041e+00 1.082673e+01 3.287633e-01 -3.306539e+00 1.758104e+00 1.106636e+01 3.533691e-01 -2.916346e-01
39627770346607232 1.279905e+00 1.075774e+01 2.537222e-01 1.861116e+00 1.269847e+00 1.061624e+01 2.451248e-01 2.656980e+00
39627772267600304 1.262961e+00 9.327118e+00 9.096096e-02 2.053100e+00 1.239396e+00 9.387856e+00 6.989492e-02 2.066269e+00
39627853511264048 1.688368e+00 1.118539e+01 3.812349e-01 -1.752907e+00 1.702369e+00 1.116269e+01 4.067001e-01 -1.045411e+00
39627745491159248 1.828399e+00 1.036722e+01 9.618334e-02 -1.259336e+00 1.787990e+00 1.025410e+01 6.503333e-02 -1.145551e+00
39627782384260744 1.590484e+00 1.100982e+01 3.154923e-01 -1.424297e-01 1.524943e+00 1.111643e+01 3.367853e-01 6.234668e-01
39627784447853144 1.196975e+00 9.155817e+00 8.928005e-02 3.191011e+00 1.257618e+00 9.369928e+00 8.972277e-02 1.664682e+00
39627800465901136 1.697029e+00 1.052917e+01 1.189701e-01 -1.667086e-01 1.748742e+00 1.055929e+01 1.236745e-01 -3.352164e-01
39627830740387152 1.298231e+00 1.077714e+01 1.722469e-01 4.993395e+00 1.388343e+00 1.074094e+01 1.778877e-01 1.489886e+00
39627830664890032 1.625092e+00 1.073964e+01 1.924073e-01 -1.097488e+00 1.659253e+00 1.066730e+01 1.780906e-01 -1.600409e+00
39627752202046328 1.121695e+00 9.544080e+00 1.489914e-01 5.380360e+00 1.079192e+00 9.460211e+00 1.253105e-01 2.029167e+00
39627796405819472 1.166588e+00 9.802529e+00 9.059224e-02 3.751595e+00 1.200958e+00 9.992063e+00 8.773534e-02 3.188416e+00
39627817935176272 1.617579e+00 1.040895e+01 1.308856e-01 8.397670e-01 1.590725e+00 1.034141e+01 1.392939e-01 2.928298e-01
39627793809541776 1.798329e+00 1.125213e+01 4.470814e-01 -1.555175e+00 1.741062e+00 1.134243e+01 4.984547e-01 -1.553217e-01
39627812532917608 1.547277e+00 9.861959e+00 1.229754e-01 -1.565222e-01 1.607527e+00 9.975396e+00 1.095801e-01 -7.413850e-01
39627806514090536 1.123993e+00 1.053476e+01 2.066774e-01 5.514268e+00 1.107436e+00 1.052806e+01 2.215477e-01 4.122650e+00
39627871538384416 1.845585e+00 9.685481e+00 8.682007e-02 2.052023e-01 1.762619e+00 1.013147e+01 6.614372e-02 -9.778328e-01
39627787123822752 1.812804e+00 9.926683e+00 1.111081e-01 -1.222969e+00 1.400328e+00 9.951345e+00 9.935673e-02 3.069036e-01
39627859689473552 1.534093e+00 1.131796e+01 5.317749e-01 1.359705e+00 1.518489e+00 1.147608e+01 5.827652e-01 3.845627e-01
39627820627925808 1.117720e+00 8.663517e+00 6.142334e-02 1.908198e+00 1.179695e+00 8.488832e+00 4.530801e-02 2.686800e+00
39627800533011976 2.193304e+00 1.130960e+01 4.419221e-01 -3.307478e+00 1.825377e+00 1.143544e+01 4.758483e-01 -8.244027e-01
39627818644015032 1.170816e+00 1.055585e+01 4.168635e-01 3.802603e+00 1.268270e+00 1.054222e+01 3.552632e-01 1.499364e+00
39627818669179048 1.711927e+00 1.089896e+01 3.813210e-01 7.077169e-01 1.653261e+00 1.097400e+01 3.974945e-01 -7.862215e-01
39627793083926408 1.323839e+00 1.122507e+01 3.159788e-01 1.976510e+00 1.439533e+00 1.118476e+01 4.037963e-01 -4.102622e-01
39627775648203472 1.183483e+00 9.834144e+00 1.278167e-01 3.559721e+00 1.223205e+00 9.909929e+00 1.041989e-01 3.319954e+00
39627841335201824 1.546226e+00 1.121822e+01 4.107887e-01 -3.784561e+00 1.583794e+00 1.127144e+01 4.060990e-01 -7.500097e-01
39627758246041936 1.226876e+00 1.031101e+01 3.174438e-01 1.801082e+00 1.169150e+00 1.074087e+01 3.524118e-01 3.904905e+00
39627750847284320 1.444563e+00 1.100998e+01 4.716484e-01 1.709561e+00 1.414325e+00 1.113583e+01 4.671374e-01 -8.350350e-01
39627758174734928 1.149599e+00 9.063091e+00 7.962079e-02 5.041265e+00 1.129716e+00 9.018802e+00 6.825136e-02 4.763813e+00
39627778701657072 1.301741e+00 9.595631e+00 7.709115e-02 5.167232e+00 1.285418e+00 9.603992e+00 5.584502e-02 2.682782e+00
39627806472148464 1.262638e+00 1.027288e+01 1.580323e-01 2.107634e+00 1.301988e+00 1.034762e+01 1.395588e-01 1.967950e+00
39627829519844696 1.604714e+00 1.055853e+01 5.316347e-01 1.211754e+00 1.425018e+00 1.104072e+01 5.922251e-01 3.870631e+00
39627889703914752 1.557361e+00 1.111266e+01 3.444378e-01 -7.712373e-02 1.655818e+00 1.113669e+01 3.915299e-01 2.854445e-01
39627784993115952 1.757239e+00 1.117779e+01 3.956277e-01 -1.738190e+00 1.746136e+00 1.113421e+01 4.279547e-01 -8.683616e-01
39627792991653536 1.217301e+00 1.020185e+01 1.917514e-01 3.482893e+00 1.187601e+00 1.025356e+01 2.252228e-01 3.265895e+00
39627799253750144 1.383713e+00 1.022520e+01 3.319855e-01 8.438343e-01 1.575151e+00 1.091745e+01 4.345817e-01 -6.088046e-01
39633127655605600 1.571210e+00 9.999043e+00 7.749682e-02 1.528892e-01 1.526837e+00 1.019192e+01 7.209513e-02 4.234564e-01
39627811119433296 1.441278e+00 9.903267e+00 1.089062e-01 -2.402961e+00 1.453058e+00 9.740150e+00 9.805030e-02 -4.426355e-01
39633127701744128 1.449059e+00 1.048951e+01 1.320179e-01 1.977597e-01 1.415385e+00 1.029635e+01 1.223950e-01 4.605406e-01
39627814483272528 1.790700e+00 1.067923e+01 1.753007e-01 -1.653947e+00 1.819469e+00 1.079626e+01 1.684753e-01 -2.255845e+00
39627808435082392 1.106045e+00 9.321046e+00 8.979990e-02 2.081053e+00 1.150006e+00 9.086933e+00 7.107663e-02 4.225497e+00
39627911052923568 1.304909e+00 1.117256e+01 5.092329e-01 -3.925025e-01 1.466631e+00 1.116556e+01 5.319629e-01 -2.066013e+00
39627811937323616 1.100202e+00 8.510931e+00 4.906574e-02 2.265072e+00 1.163001e+00 8.561505e+00 4.314484e-02 4.422976e+00
39627803225755624 1.229655e+00 1.022866e+01 1.603701e-01 1.058424e+00 1.260033e+00 9.983034e+00 1.459929e-01 2.574226e+00
39627780861726536 1.459553e+00 1.069198e+01 2.701217e-01 -6.397662e-01 1.712188e+00 1.080714e+01 2.809851e-01 -1.577281e+00
39627796758143272 1.449891e+00 1.029382e+01 1.861156e-01 -1.905532e+00 1.615695e+00 1.039129e+01 1.868204e-01 -2.260671e+00
39627796410016160 1.133330e+00 9.280338e+00 6.746240e-02 4.711022e+00 1.181921e+00 9.264149e+00 6.099048e-02 3.939181e+00
39627901724789544 1.081746e+00 9.780328e+00 1.373654e-01 4.430957e+00 1.071661e+00 9.738878e+00 1.606252e-01 4.416385e+00
39627806459562016 1.541237e+00 1.029072e+01 1.616549e-01 -2.881148e-01 1.542839e+00 1.001831e+01 1.621482e-01 -3.321433e-01
39627853368657336 1.783014e+00 1.054606e+01 2.082183e-01 1.033371e-01 1.658485e+00 1.054956e+01 2.037026e-01 -2.025531e+00
39627836071350800 1.003332e+00 9.381341e+00 1.628832e-01 2.601259e+00 1.058074e+00 8.753627e+00 1.334822e-01 2.831095e+00
39627824067249184 1.292344e+00 1.018215e+01 1.295146e-01 1.454368e+00 1.323411e+00 1.008488e+01 1.256980e-01 2.233024e+00
39627745445019936 1.286556e+00 1.022271e+01 1.365521e-01 1.620702e+00 1.284947e+00 1.010651e+01 1.308400e-01 1.943809e+00
39627772334703472 1.537995e+00 1.093869e+01 3.305425e-01 -1.970547e+00 1.565688e+00 1.104937e+01 3.581917e-01 -3.447651e-01
39627817910014728 1.797181e+00 1.137732e+01 3.094311e-01 -1.226803e+00 1.868851e+00 1.139998e+01 3.270476e-01 -8.011471e-01
39633162640297088 1.115877e+00 8.865537e+00 6.016198e-02 5.258954e+00 1.137172e+00 8.383959e+00 1.624322e-02 4.729106e+00
39627830065102960 1.193611e+00 9.933498e+00 1.082572e-01 2.384967e+00 1.218522e+00 9.986345e+00 1.141810e-01 3.497952e+00
39627746023835168 1.343503e+00 1.100554e+01 3.468125e-01 -1.766352e-01 1.367342e+00 1.094021e+01 3.490690e-01 1.640729e+00
39627688712864104 1.769026e+00 1.150000e+01 6.053461e-01 -1.252908e+00 1.617615e+00 1.157623e+01 6.751824e-01 1.860417e-01
39627733835188040 1.805963e+00 1.083608e+01 1.544280e-01 -9.448709e-01 1.876598e+00 1.084137e+01 1.320087e-01 -2.205613e+00
39627751459653952 1.169633e+00 9.454520e+00 1.704959e-01 4.472139e+00 1.150332e+00 9.358767e+00 1.600960e-01 3.456417e+00
39633118499441792 1.860044e+00 1.077411e+01 2.143579e-01 -1.018489e+00 1.734453e+00 1.071422e+01 2.091402e-01 -3.400583e-01
39627764311004192 1.536577e+00 1.070729e+01 2.176203e-01 -1.789880e+00 1.515651e+00 1.076395e+01 2.146074e-01 -9.240812e-01
39627824692199584 1.266349e+00 9.953393e+00 1.752819e-01 -2.176626e-02 1.313129e+00 9.877847e+00 1.597833e-01 1.268072e+00
39627788486972872 1.645975e+00 1.133224e+01 4.111283e-01 -4.205214e-01 1.688365e+00 1.125567e+01 4.617980e-01 -3.758771e-01
39627907819113680 1.759445e+00 1.092715e+01 2.607373e-01 -1.593018e+00 1.826321e+00 1.101499e+01 2.771758e-01 -1.189277e+00
39627776201851880 1.037996e+00 8.334308e+00 5.289367e-02 3.747991e+00 1.063287e+00 7.483875e+00 4.317001e-03 1.637353e+00
39627758250232632 1.330211e+00 9.981556e+00 3.082527e-01 1.474719e+00 1.211607e+00 1.041050e+01 3.422716e-01 3.188245e+00
39627764201948528 1.179682e+00 9.359473e+00 1.335355e-01 4.403397e+00 1.139418e+00 9.307261e+00 1.337580e-01 4.500071e+00
39627788294031440 1.579976e+00 1.078778e+01 2.620277e-01 -1.957125e+00 1.550336e+00 1.075684e+01 2.713159e-01 -3.701717e-01
39627824595733656 1.243381e+00 1.005024e+01 1.486979e-01 3.608064e+00 1.283497e+00 9.974784e+00 1.353393e-01 2.609401e+00
39627793738240984 1.238869e+00 9.263128e+00 1.268378e-01 2.175332e+00 1.183144e+00 9.299122e+00 1.281992e-01 1.101818e+00
39627806518282976 1.641058e+00 1.010566e+01 1.779788e-01 -1.350418e+00 1.436559e+00 1.030121e+01 1.802050e-01 -2.013764e-01
39627787711021672 1.338485e+00 9.779978e+00 1.618428e-01 1.279431e+00 1.333735e+00 9.839238e+00 1.371256e-01 1.672564e-01
39627776394792408 1.038356e+00 9.041087e+00 1.190537e-01 5.861583e+00 1.130320e+00 8.412970e+00 5.554956e-02 4.345937e+00
39627811207517424 1.653158e+00 1.066362e+01 2.602489e-01 -2.380724e-01 1.600620e+00 1.086707e+01 2.757666e-01 -3.497260e-01
39633118457495920 1.888272e+00 1.059165e+01 2.015915e-01 5.264245e-01 1.749974e+00 1.069023e+01 2.004998e-01 -6.666086e-01
39627892958694512 1.830207e+00 1.098739e+01 5.432865e-01 -1.474458e+00 1.641013e+00 1.137643e+01 5.871031e-01 -3.728585e-01
39627835274429464 1.780573e+00 1.117739e+01 3.229300e-01 -1.341907e+00 1.607546e+00 1.128453e+01 3.259486e-01 -7.774657e-01
39627817276672256 1.506638e+00 1.010929e+01 1.413414e-01 -6.049787e-01 1.533196e+00 9.940488e+00 1.183116e-01 -5.340183e-01
39627811417227896 1.182533e+00 1.034872e+01 2.542917e-01 3.228726e+00 1.209167e+00 1.017337e+01 2.404763e-01 3.112279e+00
39627746090944024 1.773265e+00 1.079714e+01 2.809449e-01 -1.413675e+00 1.760488e+00 1.086375e+01 2.861578e-01 -1.058303e+00
39627830656500224 1.461320e+00 1.058110e+01 1.278961e-01 9.802580e-01 1.464120e+00 1.063296e+01 1.054866e-01 1.406325e+00
39627774826119728 1.535695e+00 1.050208e+01 1.687378e-01 1.876608e+00 1.482512e+00 1.059715e+01 1.704239e-01 1.275911e+00
39627791053884768 1.655805e+00 1.070507e+01 2.242402e-01 -3.242426e+00 1.583958e+00 1.047824e+01 2.638412e-01 5.783007e-01
39627763665081472 1.839374e+00 1.060751e+01 2.031860e-01 -3.303447e+00 1.669368e+00 1.069851e+01 2.073395e-01 -2.042317e+00
39627793809543376 1.694141e+00 1.107217e+01 2.658320e-01 -1.227438e+00 1.829717e+00 1.098541e+01 2.754010e-01 -1.214031e+00
39627775656592992 1.101202e+00 9.781974e+00 1.084973e-01 -2.305399e+00 1.190696e+00 9.628158e+00 1.034546e-01 1.377922e-01
39627769797149424 1.772761e+00 1.107569e+01 4.306476e-01 3.724711e-01 1.795156e+00 1.136810e+01 4.471369e-01 -5.521514e-01
39633123184477864 1.147766e+00 8.309389e+00 3.149255e-02 2.644436e+00 1.180287e+00 7.613482e+00 0.000000e+00 3.597603e+00
39627836729853400 1.545932e+00 1.132386e+01 5.764465e-01 -1.160717e-01 1.637943e+00 1.159511e+01 6.539668e-01 3.943163e-02
39627766626262296 1.718827e+00 1.092901e+01 3.425167e-01 -1.236479e+00 1.643887e+00 1.100947e+01 3.804509e-01 -5.396754e-01
39627779033010288 1.816214e+00 1.083099e+01 2.843534e-01 -1.641774e+00 1.679731e+00 1.109586e+01 2.799620e-01 -7.168013e-01
39627871609685512 1.079407e+00 1.017746e+01 9.726236e-02 2.647253e+00 1.167055e+00 9.388703e+00 3.427279e-02 4.342386e+00
39627817243120144 1.252044e+00 1.079621e+01 2.718275e-01 3.504680e+00 1.242219e+00 1.060127e+01 2.397969e-01 2.957538e+00
39627817989702160 1.785175e+00 1.065933e+01 2.053830e-01 -1.347033e+00 1.702685e+00 1.058183e+01 2.091669e-01 -1.074719e+00
39627772976436904 1.154110e+00 9.015135e+00 7.715987e-02 4.302670e+00 1.173036e+00 8.998982e+00 5.761133e-02 3.976985e+00
39627823362606288 1.209650e+00 1.119820e+01 5.527868e-01 6.711302e-01 1.388220e+00 1.132648e+01 5.790882e-01 5.246048e-01
39627824675423584 1.581689e+00 1.095064e+01 3.637032e-01 7.459629e-01 1.607738e+00 1.093839e+01 3.707024e-01 1.645210e+00
39627751707117664 1.712208e+00 1.039014e+01 8.636052e-02 -1.285438e+00 1.843577e+00 1.048521e+01 7.686666e-02 -1.916945e+00
39627830660697392 1.215614e+00 1.089531e+01 2.840743e-01 4.160624e+00 1.311543e+00 1.062938e+01 2.397960e-01 2.142220e+00
39627830744584696 1.629605e+00 1.057966e+01 2.502635e-01 -1.981566e+00 1.558410e+00 1.051419e+01 2.820000e-01 -9.023173e-01
39627746065780736 1.600351e+00 1.018798e+01 2.039967e-01 1.148404e+00 1.327384e+00 1.036371e+01 2.462698e-01 1.361555e+00
39633278931567872 1.378265e+00 9.838294e+00 1.942828e-01 3.502262e+00 1.337506e+00 9.902884e+00 1.952507e-01 9.027925e-01
39627780991751576 1.632577e+00 1.112375e+01 3.403095e-01 3.796076e-01 1.718111e+00 1.105653e+01 3.589359e-01 -4.970262e-01
39627776227017288 1.069178e+00 8.898022e+00 8.322654e-02 2.166027e+00 1.076095e+00 8.464301e+00 6.455463e-02 1.350605e+00
39627682731792760 1.932821e+00 1.127987e+01 4.490989e-01 -1.331937e+00 1.775488e+00 1.138915e+01 4.645048e-01 -4.080633e-01
39633158018171592 1.804203e+00 1.102192e+01 4.444235e-01 -2.337281e+00 1.715120e+00 1.119367e+01 4.630364e-01 -9.744840e-01
39627793104900768 1.648778e+00 1.006705e+01 1.024690e-01 -1.105996e+00 1.536327e+00 1.010739e+01 1.087591e-01 -2.667698e-01
39627732715309312 1.353462e+00 1.142898e+01 5.871482e-01 2.112409e+00 1.335977e+00 1.151631e+01 6.656588e-01 2.463739e+00
39627799211804264 1.458110e+00 1.068473e+01 1.475438e-01 1.176903e+00 1.637938e+00 1.026601e+01 1.038238e-01 1.492560e-03
39627784749843072 1.578464e+00 1.030674e+01 2.969162e-01 1.282419e+00 1.487947e+00 1.069688e+01 2.901454e-01 1.231590e+00
39627829385629552 1.638837e+00 1.063116e+01 1.475375e-01 2.908143e-01 1.746657e+00 1.066778e+01 1.381093e-01 -1.458711e+00
39627740130842352 1.838509e+00 1.094603e+01 2.077826e-01 -1.127851e+00 1.855886e+00 1.098989e+01 1.974677e-01 -1.457472e+00
39627788377919064 1.193366e+00 9.698714e+00 2.081898e-01 3.568461e+00 1.201673e+00 9.787838e+00 2.002289e-01 2.548644e+00
39627790684790320 1.708381e+00 1.098512e+01 4.462482e-01 -1.766576e+00 1.670222e+00 1.112637e+01 4.752897e-01 -1.610909e+00
39627739417808320 1.761140e+00 1.115793e+01 3.754065e-01 -5.107163e-01 1.766070e+00 1.134888e+01 3.770698e-01 -4.712013e-01
39627778236096696 1.215147e+00 9.568707e+00 9.282705e-02 5.861937e+00 1.196362e+00 9.303762e+00 7.959253e-02 2.801301e+00
39627775652398064 1.586417e+00 9.755515e+00 1.057451e-01 -5.314705e-01 1.417758e+00 1.003075e+01 1.112470e-01 1.577332e+00
39633123234811192 1.695472e+00 1.126299e+01 4.672823e-01 1.360464e-02 1.659373e+00 1.126999e+01 5.141838e-01 1.052942e-01
39627676687795032 1.691974e+00 1.108322e+01 3.079404e-01 -7.060397e-01 1.654649e+00 1.101402e+01 2.992796e-01 -4.440645e-01
39627793696292936 1.755780e+00 1.026047e+01 1.337571e-01 -1.840275e+00 1.710950e+00 1.035523e+01 1.285801e-01 -1.152092e+00
39627812444834496 1.142829e+00 9.471617e+00 1.761808e-01 4.517828e+00 1.159682e+00 9.555779e+00 1.633809e-01 4.290393e+00
39627758267010912 1.725291e+00 9.510788e+00 7.764740e-02 -1.423394e+00 1.534040e+00 9.591859e+00 6.511307e-02 -2.150225e-01
39627824578955696 1.726946e+00 1.102037e+01 2.953941e-01 -1.897889e+00 1.740187e+00 1.090651e+01 2.989389e-01 -2.289377e-01
39627800293937152 1.679149e+00 1.119471e+01 4.555131e-01 -3.502006e-01 1.687056e+00 1.122252e+01 4.995163e-01 -8.917681e-01
39627790626065880 1.635300e+00 1.024110e+01 1.356700e-01 4.113734e-01 1.691327e+00 1.027317e+01 1.189999e-01 -3.248209e-01
39627812570666824 1.198628e+00 9.855456e+00 1.986668e-01 4.110661e+00 1.178704e+00 1.017889e+01 2.134693e-01 3.514311e+00
39627740122454184 1.809969e+00 1.112477e+01 2.887878e-01 -3.011549e+00 1.839100e+00 1.119351e+01 3.138507e-01 -1.902085e+00
39627818534961880 1.261244e+00 1.039298e+01 1.653627e-01 2.727259e+00 1.362952e+00 9.913259e+00 1.110309e-01 2.086430e+00
39627794233168336 1.511006e+00 1.059352e+01 1.494043e-01 1.074540e+00 1.472134e+00 1.065350e+01 1.494708e-01 4.432123e-01
39627800486871328 1.504550e+00 1.053276e+01 1.364038e-01 1.001611e+00 1.555935e+00 1.037121e+01 1.276683e-01 -8.594859e-02
39627809206836072 1.405187e+00 9.319814e+00 4.375752e-02 2.772701e+00 1.352588e+00 9.724554e+00 8.919500e-02 3.821341e+00
39627793759208176 1.158164e+00 9.020167e+00 7.629599e-02 5.968897e+00 1.128890e+00 9.368445e+00 7.050902e-02 4.771211e+00
39627806476338944 1.260157e+00 1.001314e+01 1.123864e-01 3.149027e+00 1.221297e+00 1.006898e+01 1.029309e-01 2.974874e+00
39627812558078816 1.562508e+00 1.072606e+01 2.130098e-01 -1.514941e+00 1.627788e+00 1.079867e+01 2.117821e-01 -1.083136e-01
39627808497993192 1.005901e+00 9.389766e+00 1.250119e-01 9.021106e-02 1.100916e+00 8.968352e+00 1.188167e-01 1.445300e+00
39627817150845216 1.308614e+00 1.086551e+01 2.901303e-01 1.191825e+00 1.354055e+00 1.080528e+01 3.016317e-01 1.971752e-01
39627817129875976 1.317876e+00 1.093852e+01 2.873191e-01 1.837494e+00 1.484416e+00 1.077121e+01 2.332516e-01 -2.768735e-01
39627830148989936 1.157261e+00 9.042697e+00 7.752032e-02 3.482255e+00 1.156018e+00 9.237223e+00 6.229225e-02 4.266232e+00
39633145309431392 1.563749e+00 1.131271e+01 5.437738e-01 -3.172624e+00 1.582880e+00 1.137826e+01 6.033183e-01 4.229615e-01
