ZCAT_TARGETID TRUE_FIT_RES_D4000_n TRUE_FIT_RES_M TRUE_DESI_redshift TRUE_FIT_RES_EW_hd_a PRED_FIT_RES_D4000_n PRED_FIT_RES_M PRED_DESI_redshift PRED_FIT_RES_EW_hd_a
39627835324760152 1.554112e+00 1.060272e+01 4.241765e-01 7.805468e-01 1.506539e+00 1.110347e+01 4.109430e-01 -1.132369e+00
39627778395479712 1.568089e+00 1.112069e+01 4.026884e-01 9.500493e-01 1.772695e+00 1.129951e+01 3.927450e-01 -3.867550e-01
39627794388356192 1.363420e+00 1.008395e+01 1.405116e-01 -6.657645e-01 1.464885e+00 9.926238e+00 1.322464e-01 -7.119344e-01
39627802881822672 1.724088e+00 1.093908e+01 3.123378e-01 9.479614e-02 1.798586e+00 1.108146e+01 3.141994e-01 -7.776315e-01
39627853423183584 1.225367e+00 1.012011e+01 1.918314e-01 3.785567e+00 1.240455e+00 1.019866e+01 1.858053e-01 3.219744e+00
39627844669670984 1.072360e+00 1.143887e+01 4.779424e-01 3.780297e+00 1.224337e+00 1.103240e+01 5.170058e-01 2.262078e+00
39633131799578512 2.129395e+00 1.085604e+01 1.618080e-01 -6.693653e-01 1.846583e+00 1.092289e+01 1.576096e-01 -1.121623e+00
39627733919077080 1.729354e+00 1.063008e+01 1.847211e-01 -2.253349e-01 1.780920e+00 1.069112e+01 1.621376e-01 -6.710497e-01
39627806413426944 1.268675e+00 1.016059e+01 1.062153e-01 2.209745e+00 1.273515e+00 1.019248e+01 1.136377e-01 2.606859e+00
39627778672298608 1.789955e+00 1.073624e+01 1.872768e-01 -6.828862e-01 1.793032e+00 1.093394e+01 2.019289e-01 -1.115481e+00
39627794333827216 1.197904e+00 9.726314e+00 1.353709e-01 4.920856e+00 1.213948e+00 9.658936e+00 1.299182e-01 3.445820e+00
39627763551832920 1.312028e+00 1.056033e+01 2.436684e-01 3.395200e+00 1.386234e+00 1.051895e+01 2.129734e-01 1.534105e+00
39627772267598376 1.598098e+00 1.063166e+01 3.548797e-01 -7.476913e-01 1.644600e+00 1.094637e+01 3.718681e-01 -5.698839e-01
39633118612686096 1.831427e+00 1.123836e+01 4.509948e-01 -2.524450e+00 1.716407e+00 1.126221e+01 4.636989e-01 -6.656862e-01
39627763530863392 1.808642e+00 1.036218e+01 1.391554e-01 -3.690850e+00 1.649065e+00 1.025251e+01 1.295293e-01 -1.345934e+00
39627847312085960 1.203236e+00 9.870348e+00 1.967818e-01 1.773675e+00 1.247156e+00 9.833910e+00 1.384897e-01 2.108340e+00
39627824000144576 1.786662e+00 1.095706e+01 4.145734e-01 -3.954102e-01 1.770647e+00 1.127237e+01 3.905925e-01 -5.760452e-01
39627793725654648 1.358111e+00 9.984341e+00 1.393326e-01 3.712725e+00 1.277615e+00 9.985972e+00 1.336140e-01 2.607958e+00
39627800377823664 1.558067e+00 1.040456e+01 1.369235e-01 1.136339e-02 1.552911e+00 1.039762e+01 1.252533e-01 2.618904e-01
39627817276670280 1.090195e+00 9.530753e+00 1.418602e-01 1.045336e+00 1.158929e+00 9.315790e+00 1.440549e-01 2.931517e+00
39627847437913816 1.254620e+00 1.004857e+01 1.369714e-01 2.837703e+00 1.274252e+00 1.026586e+01 1.628303e-01 2.543906e+00
39627911002588584 1.709098e+00 1.105714e+01 4.081439e-01 -4.559558e-01 1.706437e+00 1.109549e+01 4.302960e-01 -7.144276e-01
39627836205564568 1.638354e+00 9.880573e+00 8.141220e-02 -3.275675e-01 1.693356e+00 9.687801e+00 4.512550e-02 -6.688443e-01
39627764302611936 1.163298e+00 9.927935e+00 1.479747e-01 -6.624413e-01 1.281965e+00 9.770049e+00 1.463288e-01 -4.875575e-01
39627739501695440 1.236887e+00 1.062968e+01 2.889243e-01 -1.025299e+00 1.313310e+00 1.040986e+01 2.843490e-01 1.499281e+00
39627733948433592 1.645672e+00 1.087157e+01 3.411754e-01 -2.050423e+00 1.768446e+00 1.114249e+01 3.474354e-01 -6.654129e-01
39627893021610760 1.473287e+00 1.098803e+01 4.257503e-01 -7.333080e-01 1.643199e+00 1.129764e+01 4.765095e-01 -1.148301e+00
39627809261358064 1.545299e+00 1.124448e+01 4.463678e-01 -1.809127e+00 1.632382e+00 1.115351e+01 4.686788e-01 -8.738419e-01
39627851082760848 1.979995e+00 1.098285e+01 2.475124e-01 -3.199657e-01 1.771023e+00 1.112770e+01 2.790276e-01 -1.262324e+00
39627806413427184 1.705350e+00 1.086091e+01 2.583565e-01 -1.737113e+00 1.727266e+00 1.069736e+01 2.651088e-01 -5.436357e-01
39627628520408752 1.543583e+00 1.113348e+01 5.316957e-01 1.566320e+00 1.400833e+00 1.137803e+01 5.901626e-01 1.114962e+00
39627774926786776 1.513469e+00 1.128909e+01 4.946003e-01 -1.473690e+00 1.580466e+00 1.129091e+01 5.492039e-01 -9.234163e-01
39627812511944600 1.627936e+00 1.080125e+01 2.811742e-01 -1.568851e+00 1.620709e+00 1.079839e+01 2.760976e-01 -1.003354e+00
39627847354028184 1.173340e+00 9.829603e+00 2.174213e-01 3.188089e+00 1.210826e+00 1.010803e+01 2.420322e-01 3.430867e+00
39633158106254160 1.689563e+00 1.014568e+01 9.163396e-02 -1.817738e+00 1.686062e+00 1.005076e+01 4.322714e-02 -8.822913e-01
39627901791898272 1.560217e+00 1.104461e+01 2.636784e-01 -4.770113e+00 1.658953e+00 1.111692e+01 2.494871e-01 -1.765365e+00
39627824537012680 1.261028e+00 9.934736e+00 1.229855e-01 3.868579e+00 1.326466e+00 9.980578e+00 1.078298e-01 2.185176e+00
39627818602072104 1.731275e+00 1.107954e+01 3.283099e-01 -6.167745e-01 1.752565e+00 1.105255e+01 3.714217e-01 -7.036315e-01
39627764239697072 1.187984e+00 9.990682e+00 1.962953e-01 7.418469e-02 1.187593e+00 1.051181e+01 2.303539e-01 2.725369e+00
39627812495167928 1.674875e+00 1.046297e+01 1.689880e-01 -2.166715e+00 1.721087e+00 1.048592e+01 1.540196e-01 -1.218748e+00
39627817347973552 1.530976e+00 1.104662e+01 3.105398e-01 -2.099481e-01 1.593327e+00 1.117649e+01 3.244388e-01 -2.424245e-01
39627818635629000 1.402043e+00 1.080654e+01 3.208498e-01 2.082521e+00 1.388843e+00 1.086505e+01 3.413646e-01 9.534746e-01
39627787652304464 1.276434e+00 1.038879e+01 1.356070e-01 1.916319e+00 1.317716e+00 1.024557e+01 1.040736e-01 1.901956e+00
39627788231116064 1.315170e+00 9.380363e+00 6.899866e-02 2.268816e+00 1.315299e+00 9.065501e+00 3.832795e-02 1.504369e+00
39627830673280088 1.658141e+00 1.090842e+01 2.741967e-01 -3.236421e+00 1.709921e+00 1.087567e+01 2.885504e-01 -1.315358e+00
39627830685863472 1.874191e+00 1.128589e+01 2.822339e-01 -9.715649e-01 1.823685e+00 1.117730e+01 2.745051e-01 -9.632024e-01
39627793998286776 1.679110e+00 1.111491e+01 4.657721e-01 -1.000476e+00 1.680549e+00 1.127317e+01 5.048488e-01 -9.037509e-01
39627877569791960 1.292202e+00 1.054966e+01 3.567194e-01 3.307438e+00 1.409759e+00 1.074295e+01 3.815376e-01 7.118416e-01
39627812545498528 1.611678e+00 1.105261e+01 2.763796e-01 -1.020122e+00 1.680283e+00 1.101339e+01 2.772010e-01 -5.780224e-01
39627796384843800 1.807835e+00 1.041834e+01 2.310920e-01 -1.781068e+00 1.661356e+00 1.065021e+01 2.461165e-01 -1.546955e+00
39627775669174592 1.577193e+00 9.936410e+00 7.991986e-02 7.032729e-01 1.616659e+00 9.889909e+00 5.719760e-02 -2.488811e-01
39627682731788488 1.726275e+00 1.097447e+01 3.504764e-01 -4.781621e-01 1.683445e+00 1.104012e+01 3.515445e-01 -4.326892e-02
39627895731128832 1.585808e+00 1.139297e+01 4.564419e-01 -2.019651e+00 1.716329e+00 1.128078e+01 4.796495e-01 -9.723787e-01
39627830639726752 1.179256e+00 9.190102e+00 1.116302e-01 3.526312e+00 1.168672e+00 9.282130e+00 1.039321e-01 4.035615e+00
39633127441696336 1.260416e+00 1.114658e+01 3.357853e-01 7.719316e-01 1.488142e+00 1.114569e+01 4.109527e-01 9.248877e-02
39627780920443608 9.877114e-01 9.837112e+00 1.561429e-01 1.998811e+00 9.824753e-01 9.557776e+00 1.721908e-01 1.429724e+00
39627770166248008 1.284853e+00 1.000215e+01 1.715613e-01 2.454748e+00 1.266514e+00 9.836949e+00 1.396058e-01 1.512704e+00
39627824595734464 1.305793e+00 9.582747e+00 1.177078e-01 3.184851e+00 1.337963e+00 9.448882e+00 8.740649e-02 -2.435538e-01
39627812465807368 1.323332e+00 1.022455e+01 1.382010e-01 9.070089e-01 1.275449e+00 1.021741e+01 1.350463e-01 3.762760e-01
39627806426005776 1.853256e+00 1.095784e+01 2.612733e-01 -6.122112e-01 1.794996e+00 1.099678e+01 2.724149e-01 -9.742229e-01
39627784577877056 1.601191e+00 1.096353e+01 3.380140e-01 5.735728e-01 1.610994e+00 1.119746e+01 3.551496e-01 -5.838197e-02
39627776365430704 1.257233e+00 1.030059e+01 1.411343e-01 -1.391596e+00 1.288855e+00 1.024552e+01 1.432522e-01 2.020618e+00
39627806593779168 1.653193e+00 1.004817e+01 8.171722e-02 -3.377348e-01 1.742595e+00 1.003647e+01 6.794873e-02 -8.392631e-01
39627800503650112 1.702705e+00 1.079742e+01 2.723123e-01 -2.628817e+00 1.668673e+00 1.078656e+01 2.747020e-01 -1.432418e+00
39627755058369144 1.797532e+00 1.073622e+01 1.630891e-01 -1.606684e+00 1.728641e+00 1.070924e+01 1.503225e-01 -1.165391e+00
39627835375096040 1.481363e+00 1.108787e+01 4.855906e-01 -1.961285e+00 1.420258e+00 1.119369e+01 5.110034e-01 -7.193233e-01
39627772498284880 1.760089e+00 1.043748e+01 1.016587e-01 -3.871406e-01 1.790986e+00 1.025671e+01 6.134383e-02 -9.860498e-01
39627781662839848 1.032271e+00 7.175751e+00 2.035161e-02 -4.135320e-01 1.059503e+00 6.951350e+00 0.000000e+00 3.434107e+00
39627835328955584 1.608495e+00 9.981357e+00 1.239526e-01 -2.147004e+00 1.595620e+00 1.041477e+01 1.351363e-01 -4.290204e-01
39627740105674664 1.289462e+00 1.046265e+01 3.214342e-01 2.900317e+00 1.280542e+00 1.085934e+01 3.468291e-01 3.445465e+00
39627770313051272 1.655210e+00 1.032661e+01 1.441290e-01 -5.814298e-01 1.645651e+00 1.039245e+01 1.382190e-01 -8.590645e-01
39627799106948008 1.374701e+00 1.056975e+01 1.629105e-01 -1.704111e+00 1.448255e+00 1.057365e+01 1.623495e-01 -1.577172e+00
39627764277447144 1.721275e+00 1.043609e+01 1.482681e-01 -2.507063e+00 1.720145e+00 1.041439e+01 1.471735e-01 -1.227084e+00
39627775648203776 1.673573e+00 1.022869e+01 1.335265e-01 -6.446239e-01 1.708060e+00 1.018693e+01 1.165719e-01 -4.233536e-01
39627746111916400 1.279344e+00 1.032677e+01 2.224529e-01 4.906288e+00 1.228385e+00 1.055945e+01 2.354090e-01 3.405838e+00
39627751547736840 1.441911e+00 1.098643e+01 2.916424e-01 -6.095389e-01 1.571106e+00 1.095650e+01 2.953374e-01 -4.354297e-01
39633149482763744 1.222271e+00 1.088668e+01 5.240613e-01 1.469518e+00 1.346842e+00 1.132374e+01 5.040227e-01 8.320082e-01
39627823140307040 1.674270e+00 1.125221e+01 2.911650e-01 -1.051803e+00 1.824335e+00 1.113906e+01 2.855642e-01 -1.090086e+00
39627817947761656 1.088735e+00 9.353483e+00 1.593166e-01 3.004779e+00 1.097383e+00 8.978995e+00 1.481720e-01 3.174382e+00
39627841624607856 1.618754e+00 1.095504e+01 3.198835e-01 5.251376e-01 1.660166e+00 1.090810e+01 3.253144e-01 -3.847958e-01
39627756832559472 1.550359e+00 1.096718e+01 2.485757e-01 -1.767165e-01 1.641232e+00 1.097541e+01 2.360643e-01 -1.186663e+00
39627811912157008 1.721646e+00 1.077359e+01 4.270946e-01 3.889394e-01 1.718551e+00 1.119399e+01 4.300525e-01 -6.513525e-01
39627739610747632 1.766399e+00 1.113905e+01 4.121910e-01 -1.839686e-01 1.694823e+00 1.118304e+01 4.118215e-01 -6.563102e-01
39633153689650352 1.663071e+00 1.060297e+01 1.345082e-01 -1.055563e+00 1.699229e+00 1.043205e+01 1.009414e-01 -8.891174e-01
39633153693843712 1.826697e+00 1.049876e+01 9.673198e-02 -1.609628e+00 1.793923e+00 1.031937e+01 7.901227e-02 -1.001930e+00
39633145003247472 1.594605e+00 1.066693e+01 1.594490e-01 -1.221134e+00 1.707810e+00 1.057409e+01 1.326612e-01 -1.365243e+00
39627746107725280 1.318857e+00 9.747773e+00 5.382650e-02 2.178600e+00 1.304461e+00 9.631557e+00 2.998383e-02 2.728039e+00
39627800449123616 1.402024e+00 9.761905e+00 1.346958e-01 6.215424e-02 1.292585e+00 9.660622e+00 1.170492e-01 6.474052e-01
39627913837940576 1.617545e+00 1.107020e+01 4.603373e-01 -6.764541e-01 1.653876e+00 1.120001e+01 4.696391e-01 -9.579880e-01
39627775664982728 1.638260e+00 1.079237e+01 2.228354e-01 -9.424738e-01 1.717333e+00 1.086570e+01 2.456717e-01 -1.310006e+00
39627776264769504 1.180203e+00 9.476615e+00 1.264374e-01 2.951864e+00 1.196180e+00 9.512880e+00 1.261188e-01 2.818337e+00
39627805859776512 1.361150e+00 1.039355e+01 1.794967e-01 2.283384e+00 1.319364e+00 1.019131e+01 1.637916e-01 1.956149e+00
39627835232489472 1.581409e+00 1.107186e+01 3.806515e-01 1.674060e+00 1.708407e+00 1.114962e+01 3.948318e-01 -7.795138e-01
39627853481906104 1.649013e+00 1.060185e+01 1.544055e-01 1.661953e-01 1.600540e+00 1.070435e+01 1.553407e-01 6.218392e-02
39627752181077616 1.420830e+00 1.062850e+01 2.170839e-01 2.731136e+00 1.625364e+00 1.056927e+01 1.851788e-01 -7.028382e-01
39627824067250080 1.632254e+00 1.031924e+01 1.924218e-01 -2.000079e+00 1.690863e+00 1.038733e+01 1.815650e-01 -9.449666e-01
39627824524427512 1.722576e+00 1.084758e+01 3.094632e-01 -1.216400e+00 1.704751e+00 1.103154e+01 3.453959e-01 -8.810388e-01
39627829243023000 1.694605e+00 1.063382e+01 2.544077e-01 2.160627e-01 1.629352e+00 1.059104e+01 2.442739e-01 -1.084091e+00
39627755012231512 1.039358e+00 1.028841e+01 2.454053e-01 2.819484e+00 1.107163e+00 9.961233e+00 3.230171e-01 4.434025e+00
39627688641562016 1.124375e+00 9.831944e+00 1.660910e-01 3.074363e+00 1.111745e+00 9.584573e+00 2.043595e-01 3.027244e+00
39627768928933448 1.871244e+00 1.097045e+01 2.927182e-01 -1.200499e+00 1.830072e+00 1.115125e+01 2.845178e-01 -1.120988e+00
39627830610368832 2.206577e+00 1.036228e+01 1.934732e-01 -4.714047e+00 1.590979e+00 1.046287e+01 2.079811e-01 -8.200438e-01
39627823219998936 1.372184e+00 9.629953e+00 7.063486e-02 3.717576e-01 1.414125e+00 9.555454e+00 4.007283e-02 9.980226e-01
39627850713663360 1.778362e+00 1.132216e+01 4.547283e-01 -2.393733e+00 1.640376e+00 1.137771e+01 4.929673e-01 -1.045099e+00
39627780907864776 1.716629e+00 1.093648e+01 5.264804e-01 -9.426889e-01 1.605949e+00 1.132158e+01 6.031547e-01 7.325233e-01
39627820741172304 1.911263e+00 1.072953e+01 2.552119e-01 -3.184590e+00 1.700326e+00 1.104584e+01 2.767268e-01 -1.299058e+00
39627800382016560 1.659759e+00 1.067731e+01 1.797084e-01 -8.467293e-01 1.764932e+00 1.064786e+01 1.627176e-01 -1.033385e+00
39627760485797168 1.791566e+00 1.087505e+01 1.868806e-01 -2.279541e+00 1.764519e+00 1.092239e+01 1.850961e-01 -1.534558e+00
39627766575930312 1.691429e+00 1.072625e+01 3.252957e-01 -5.012317e-02 1.690085e+00 1.108599e+01 3.474937e-01 -5.773803e-01
39627793876651856 1.794454e+00 1.062426e+01 1.739297e-01 -1.800992e+00 1.784589e+00 1.076210e+01 1.723016e-01 -1.316937e+00
39627830685864992 1.577723e+00 1.053149e+01 1.380288e-01 -4.858943e+00 1.546028e+00 1.071614e+01 2.104292e-01 1.514030e+00
39627830581005312 1.105119e+00 1.035256e+01 2.576582e-01 -9.577263e-01 1.221200e+00 1.023826e+01 2.576168e-01 1.418054e+00
39627781906108480 1.705811e+00 1.057726e+01 9.035243e-02 -1.021917e+00 1.756753e+00 1.041455e+01 6.920511e-02 -1.163155e+00
39627823509407656 1.176083e+00 1.040193e+01 1.215023e-01 1.195362e+00 1.329752e+00 1.002629e+01 1.112929e-01 -4.859489e-01
39627778361926608 1.251954e+00 9.454151e+00 1.272082e-01 1.996605e+00 1.244977e+00 9.599033e+00 1.110044e-01 1.662059e+00
39636595057362400 1.654639e+00 1.099822e+01 4.241249e-01 4.839306e-01 1.547627e+00 1.123748e+01 4.084843e-01 -8.306670e-01
39627752185271712 1.256016e+00 9.819635e+00 1.076352e-01 1.227341e+00 1.289030e+00 9.923002e+00 1.391962e-01 2.142772e+00
39633127731103328 1.390909e+00 9.687072e+00 6.828602e-02 2.834061e+00 1.328508e+00 9.992854e+00 7.151887e-02 2.125760e+00
39627757537200200 1.384254e+00 1.096218e+01 2.488419e-01 1.979548e+00 1.422404e+00 1.089654e+01 2.609137e-01 1.813405e+00
39627652474081928 1.448785e+00 1.133080e+01 4.453316e-01 -3.146646e+00 1.444716e+00 1.145214e+01 5.118546e-01 1.357114e-02
39627818585294176 1.422053e+00 9.833243e+00 1.218038e-01 -1.301482e+00 1.246417e+00 1.015643e+01 1.172525e-01 2.223387e+00
39627823215809776 1.580479e+00 1.009066e+01 1.583404e-01 -1.988569e+00 1.661137e+00 1.024568e+01 1.620730e-01 -9.701879e-01
39627794371579984 1.169360e+00 9.075105e+00 9.713582e-02 5.591656e+00 1.174247e+00 8.845156e+00 7.732581e-02 2.020874e+00
39627794346412816 1.293578e+00 1.059468e+01 3.182611e-01 3.290718e+00 1.270457e+00 1.079682e+01 3.782116e-01 3.272294e+00
39627835375093824 1.718096e+00 1.070430e+01 2.149869e-01 3.285745e-01 1.633623e+00 1.063935e+01 2.128861e-01 -7.570553e-01
39627763530861312 1.190312e+00 9.413934e+00 7.968428e-02 4.812993e+00 1.219818e+00 9.109261e+00 6.314035e-02 2.615414e+00
39627784762428912 1.519976e+00 1.067433e+01 2.432016e-01 -4.468720e-01 1.512488e+00 1.078769e+01 2.811823e-01 -3.334411e-01
39627874935768880 1.725306e+00 1.125982e+01 4.354049e-01 -3.736073e+00 1.647594e+00 1.142073e+01 4.914562e-01 -1.300104e+00
39627770283693128 1.380744e+00 1.011135e+01 2.142136e-01 8.521132e-01 1.278567e+00 1.079871e+01 3.456912e-01 1.658301e+00
39627745956728816 1.864619e+00 1.056192e+01 1.479715e-01 -9.404387e-01 1.791726e+00 1.058438e+01 1.431793e-01 -1.293555e+00
39627793792766248 1.326352e+00 1.060778e+01 2.308343e-01 1.273984e+00 1.305693e+00 1.058495e+01 2.579793e-01 2.461733e+00
39627780941416640 1.828791e+00 1.061685e+01 1.704966e-01 -9.525794e-01 1.770226e+00 1.064900e+01 1.619233e-01 -1.324563e+00
39627824591541752 1.375937e+00 1.066517e+01 2.719999e-01 2.628709e+00 1.464860e+00 1.075872e+01 2.746197e-01 1.143406e+00
39627622526751152 1.621271e+00 1.169533e+01 6.606426e-01 5.625764e-02 1.649143e+00 1.168302e+01 7.186496e-01 4.580661e-01
39627812524526336 1.301538e+00 1.076147e+01 2.897104e-01 -5.788155e-01 1.268369e+00 1.093793e+01 3.896722e-01 2.502365e+00
39627739543638520 1.533093e+00 1.120139e+01 4.988401e-01 -1.081836e+00 1.665561e+00 1.119895e+01 5.418408e-01 -8.949388e-01
39627814604898632 1.363970e+00 1.023211e+01 1.503331e-01 -1.972764e-01 1.360420e+00 1.029804e+01 1.220854e-01 1.797401e+00
39627778265452632 1.789906e+00 1.089145e+01 4.068809e-01 -4.836618e-01 1.654793e+00 1.117998e+01 4.366009e-01 -1.242231e+00
39627812482584800 1.196031e+00 1.083330e+01 3.068317e-01 2.699689e+00 1.234952e+00 1.077079e+01 3.404772e-01 3.171914e+00
39627784590464720 1.784236e+00 1.130203e+01 2.789737e-01 -1.979008e+00 1.780119e+00 1.122346e+01 2.775005e-01 -1.349774e+00
39627817222144400 1.572362e+00 1.086240e+01 2.716044e-01 -8.441821e-01 1.703491e+00 1.082721e+01 2.494475e-01 -1.171214e+00
39627829284966072 1.333536e+00 1.031117e+01 1.623330e-01 -1.025681e+00 1.491351e+00 1.039730e+01 1.535645e-01 -3.410361e-01
39633145045189944 1.474413e+00 1.092668e+01 2.875056e-01 -2.619357e-01 1.625696e+00 1.078880e+01 2.960891e-01 -1.326578e+00
39627784389135192 1.861107e+00 1.047395e+01 3.152812e-01 -7.723936e-01 1.720687e+00 1.119239e+01 3.342813e-01 -2.293403e-01
39627758065681688 1.723826e+00 1.063104e+01 1.151423e-01 -1.933671e+00 1.758925e+00 1.051633e+01 9.833145e-02 -1.484833e+00
39627786985411120 1.704143e+00 1.073927e+01 2.666216e-01 1.080555e-01 1.714072e+00 1.083172e+01 2.692411e-01 -8.499947e-01
39627814667818952 1.667744e+00 1.110138e+01 3.929765e-01 -8.558387e-01 1.736616e+00 1.115543e+01 4.000976e-01 -8.834115e-01
39627757478478656 1.817310e+00 1.033012e+01 2.241092e-01 -1.929994e-01 1.688327e+00 1.065079e+01 2.370387e-01 -4.066985e-01
39627802529500688 1.539620e+00 1.067435e+01 1.737643e-01 2.590219e-01 1.537489e+00 1.069912e+01 1.638803e-01 -4.462543e-01
39627740139228344 1.262342e+00 9.951354e+00 2.555020e-01 2.316603e+00 1.257421e+00 1.009564e+01 2.402508e-01 1.013088e+00
39627877796282896 1.580184e+00 1.120552e+01 4.197177e-01 7.228950e-01 1.561842e+00 1.128909e+01 4.288442e-01 -5.223624e-01
39627784988923104 1.098986e+00 8.771607e+00 8.242232e-02 6.417138e-01 1.088137e+00 8.278934e+00 5.284016e-02 2.874147e+00
39627781117578760 1.781798e+00 1.124170e+01 3.201810e-01 3.984720e-01 1.719005e+00 1.128103e+01 3.246311e-01 -1.079490e+00
39627812595828008 1.334115e+00 1.041287e+01 1.304584e-01 1.893746e+00 1.364960e+00 1.027366e+01 1.144369e-01 1.794579e+00
39627941218357400 2.181108e+00 1.085129e+01 2.737639e-01 -2.962836e+00 1.834066e+00 1.119038e+01 3.106486e-01 -1.257679e+00
39627794405130584 1.443713e+00 1.107909e+01 4.683008e-01 -1.403004e+00 1.446183e+00 1.128671e+01 4.897152e-01 -4.336196e-01
39627824574760240 1.363418e+00 9.731552e+00 8.452393e-02 2.324531e+00 1.344622e+00 9.838254e+00 6.801867e-02 1.840811e+00
39627757537198744 1.672090e+00 1.000970e+01 1.271462e-01 -2.376610e-01 1.585310e+00 9.838986e+00 1.109738e-01 6.221766e-01
39633127315868944 1.469181e+00 8.362184e+00 2.594291e-02 1.915820e+00 1.441449e+00 9.926130e+00 7.098332e-02 1.684434e+00
39627769612603776 1.231495e+00 1.003220e+01 1.418287e-01 1.659107e+00 1.259879e+00 9.934363e+00 1.358088e-01 2.457210e+00
39627769616798096 1.349027e+00 1.034940e+01 1.319474e-01 1.591418e+00 1.283839e+00 1.022650e+01 1.157282e-01 2.317709e+00
39627766978578360 1.661820e+00 1.087444e+01 3.522460e-01 -2.622865e+00 1.678537e+00 1.101002e+01 3.783668e-01 -1.065798e+00
39627786943466264 1.386112e+00 1.102144e+01 2.894590e-01 5.733634e-01 1.391280e+00 1.076631e+01 2.608314e-01 2.466562e+00
39627775081976656 1.699766e+00 1.091797e+01 2.211670e-01 -4.146208e-01 1.788982e+00 1.087354e+01 2.215924e-01 -9.499441e-01
39627772598945312 1.385473e+00 1.039919e+01 1.846400e-01 -7.595218e-01 1.539270e+00 1.020091e+01 1.787156e-01 -1.809112e+00
39627751602262792 1.777964e+00 1.101135e+01 2.964967e-01 -1.727355e+00 1.787868e+00 1.106186e+01 3.109545e-01 -1.160517e+00
39627740139228616 1.414036e+00 1.069335e+01 2.532604e-01 1.935957e+00 1.514862e+00 1.082188e+01 2.375434e-01 9.011129e-01
39627782271009272 1.454889e+00 1.010462e+01 1.420947e-01 -8.927619e-01 1.319687e+00 1.006735e+01 1.524657e-01 -3.986135e-01
39627718916054920 1.662460e+00 1.072265e+01 3.713569e-01 -8.022596e-02 1.653778e+00 1.106479e+01 3.790742e-01 -8.094031e-01
39627745906396904 1.677684e+00 1.054821e+01 1.870298e-01 6.166924e-01 1.786874e+00 1.071797e+01 1.674665e-01 -8.023051e-01
39627790579925360 1.649047e+00 9.992820e+00 5.123579e-02 -3.902252e-01 1.632270e+00 1.035163e+01 7.219741e-02 -2.436226e-01
39627794329635568 1.061397e+00 9.354811e+00 1.354210e-01 2.113313e-01 1.133391e+00 8.872268e+00 1.021970e-01 3.142622e+00
39627835387677112 1.668729e+00 1.051586e+01 1.984583e-01 -1.739975e+00 1.700231e+00 1.062848e+01 2.033499e-01 -1.076357e+00
39633154067136936 1.492783e+00 1.127519e+01 5.929188e-01 -9.560975e-01 1.491021e+00 1.130778e+01 6.339331e-01 5.925443e-01
39627774930977496 1.204537e+00 9.807759e+00 1.307072e-01 1.517580e+00 1.179109e+00 9.609775e+00 1.252824e-01 6.669791e-01
39627745923173504 1.736929e+00 1.033727e+01 8.932970e-02 -1.275130e+00 1.733392e+00 1.060393e+01 8.828215e-02 -8.027655e-01
39627817977119400 1.467050e+00 1.017218e+01 2.136684e-01 -9.194262e-01 1.356742e+00 1.042702e+01 2.467935e-01 1.824044e+00
39627830002189056 1.609511e+00 1.100022e+01 4.682043e-01 -1.362249e+00 1.660513e+00 1.114909e+01 5.057967e-01 -2.689851e-01
39627788398891864 1.700982e+00 1.091451e+01 2.923798e-01 -5.942814e-01 1.714173e+00 1.077552e+01 2.981429e-01 -3.823895e-01
39627814730734584 1.652603e+00 1.118281e+01 4.888844e-01 -1.189640e+00 1.681616e+00 1.127544e+01 5.315093e-01 -1.466094e+00
39627682626930384 1.790066e+00 1.091547e+01 3.898890e-01 -3.943196e-01 1.717272e+00 1.105721e+01 3.913792e-01 -6.717721e-01
39627745998669832 1.690060e+00 1.098676e+01 2.966879e-01 -3.698426e-01 1.713109e+00 1.104515e+01 3.062314e-01 -1.309522e+00
39627712792371088 1.718628e+00 1.098681e+01 2.820623e-01 -8.136973e-01 1.631114e+00 1.102025e+01 2.692861e-01 -1.447435e+00
39627806405037296 1.167059e+00 9.827037e+00 1.747267e-01 5.006793e+00 1.175782e+00 9.733385e+00 1.326695e-01 4.021609e+00
39633136564307800 1.214999e+00 1.040863e+01 1.105624e-01 3.250077e+00 1.187907e+00 1.050832e+01 1.104581e-01 3.511370e+00
39627853439961968 1.637721e+00 1.058842e+01 2.000873e-01 -1.736604e+00 1.702710e+00 1.059876e+01 1.881238e-01 -1.267380e+00
39627751946196104 1.261443e+00 9.730921e+00 7.622740e-02 6.860639e-01 1.264728e+00 9.992596e+00 5.152023e-02 2.444744e+00
39627782413618384 1.707153e+00 1.080378e+01 2.174212e-01 -1.718843e+00 1.816006e+00 1.089832e+01 2.023462e-01 -1.222616e+00
39627793851482880 1.222962e+00 1.056889e+01 2.495799e-01 3.351961e+00 1.269752e+00 1.032939e+01 2.292356e-01 2.641021e+00
39627818472050976 1.617930e+00 1.099406e+01 3.066851e-01 -1.278699e+00 1.671694e+00 1.089662e+01 3.169927e-01 -1.102144e+00
39633144986470224 1.484569e+00 1.112093e+01 4.547276e-01 6.442781e-02 1.612770e+00 1.114090e+01 4.522099e-01 -5.395823e-01
39627763673465144 1.114226e+00 9.977919e+00 1.571599e-01 6.207095e+00 1.141860e+00 9.939474e+00 1.331394e-01 4.860135e+00
39627788285641248 1.268374e+00 1.047037e+01 3.145165e-01 1.585957e+00 1.271620e+00 1.065520e+01 3.377921e-01 3.110364e+00
39633140561481408 1.905511e+00 1.036079e+01 9.074158e-02 -2.405125e+00 1.780359e+00 1.037636e+01 7.922766e-02 -1.114481e+00
39627757470090824 1.373898e+00 1.079667e+01 3.458442e-01 2.536696e+00 1.459209e+00 1.108870e+01 3.581311e-01 9.085531e-01
39627740097284512 1.713729e+00 9.857971e+00 5.615612e-02 -2.435959e-01 1.622222e+00 1.040607e+01 7.882385e-02 1.260933e-01
39627775207803608 1.742172e+00 1.119531e+01 4.697608e-01 2.528939e-03 1.707744e+00 1.130820e+01 5.061046e-01 -6.326512e-01
39627766647229120 1.621398e+00 1.081070e+01 3.912050e-01 -4.645093e-01 1.752745e+00 1.113286e+01 4.038511e-01 -5.562111e-01
39627805184495240 1.655383e+00 1.101942e+01 2.735121e-01 -5.981072e-02 1.759827e+00 1.089141e+01 2.526670e-01 -1.297390e+00
39627760926196144 1.139366e+00 1.040953e+01 1.992592e-01 4.397517e+00 1.160879e+00 1.039051e+01 1.980489e-01 3.852860e+00
39627841427474368 1.965901e+00 1.085139e+01 2.847374e-01 -3.415601e+00 1.722793e+00 1.093302e+01 2.852743e-01 -1.346949e+00
39627746187413256 1.001936e+00 7.839144e+00 4.838950e-02 1.167236e+00 1.047944e+00 7.575218e+00 2.288817e-02 2.414886e+00
39627772393427856 1.780137e+00 1.115292e+01 2.964414e-01 -3.112885e+00 1.669079e+00 1.124757e+01 2.827446e-01 -1.692894e+00
39627841637189160 1.593591e+00 1.112037e+01 4.863088e-01 5.014125e-01 1.389864e+00 1.132973e+01 6.296346e-01 2.820194e+00
39627800545593112 1.125893e+00 8.722751e+00 1.010336e-01 3.778915e+00 1.116743e+00 8.997696e+00 1.224943e-01 2.650808e+00
39627811878605168 1.590888e+00 1.037934e+01 2.128131e-01 -3.109908e+00 1.657903e+00 1.045188e+01 2.225640e-01 -1.034692e+00
39627802479172472 1.130461e+00 1.017493e+01 1.953471e-01 4.951605e+00 1.145051e+00 1.047020e+01 2.177021e-01 3.123787e+00
39627863036529944 1.870996e+00 1.095794e+01 3.516446e-01 -7.817517e-01 1.748026e+00 1.117070e+01 3.924303e-01 -6.493846e-01
39627830023164352 1.118688e+00 9.858875e+00 7.756493e-02 4.306208e+00 1.126769e+00 1.009689e+01 9.002466e-02 2.895121e+00
39627752181074800 1.167949e+00 9.878851e+00 2.316153e-01 4.667202e+00 1.176184e+00 9.687137e+00 2.059560e-01 2.746274e+00
39627776235407024 1.631294e+00 1.009424e+01 1.368557e-01 -1.657760e+00 1.605464e+00 1.005956e+01 1.357310e-01 -8.541229e-01
39627757491063040 1.593517e+00 1.015171e+01 1.571150e-01 5.064668e-01 1.446888e+00 1.022336e+01 1.569538e-01 2.106937e-01
39627751501599648 1.186887e+00 1.013212e+01 1.464510e-01 4.615159e+00 1.247145e+00 9.740775e+00 1.152672e-01 3.452530e+00
39627791133580080 1.561220e+00 1.125673e+01 3.819036e-01 1.082886e+00 1.736696e+00 1.115952e+01 4.362001e-01 -8.852507e-01
39627800004529856 1.821961e+00 1.033914e+01 8.002596e-02 -1.662232e+00 1.828641e+00 1.051212e+01 6.277144e-02 -1.177274e+00
39627791049693272 1.433210e+00 1.059421e+01 2.244622e-01 1.225112e+00 1.652229e+00 1.040385e+01 2.059990e-01 -3.256876e-01
39627830073495752 1.259338e+00 1.031214e+01 1.250431e-01 -1.735212e+00 1.323117e+00 1.030753e+01 1.385576e-01 1.028563e+00
39627818480437624 1.831805e+00 1.028093e+01 1.155814e-01 -1.561796e+00 1.741081e+00 1.045139e+01 1.080786e-01 -1.194348e+00
39627745528907072 1.576866e+00 9.982392e+00 9.565639e-02 9.493028e-01 1.356115e+00 1.023753e+01 1.209334e-01 1.934330e+00
39627836016823408 1.773757e+00 1.076407e+01 2.323692e-01 -1.345360e-01 1.811741e+00 1.091703e+01 2.210544e-01 -1.013320e+00
39627820606951504 1.739149e+00 1.104924e+01 4.902262e-01 -8.287117e-01 1.621111e+00 1.124987e+01 5.346547e-01 -1.570447e+00
39627776155713848 1.206025e+00 9.786871e+00 8.957563e-02 2.887367e+00 1.253095e+00 9.765849e+00 7.033758e-02 2.962811e+00
39633140955742656 1.744990e+00 1.028780e+01 1.347587e-01 -7.910542e-01 1.697981e+00 1.031226e+01 1.243436e-01 -2.528192e-01
39627847295306792 1.101966e+00 9.793397e+00 2.105683e-01 3.664154e+00 1.154978e+00 9.647711e+00 2.184725e-01 3.501497e+00
39627634467934992 1.686028e+00 1.115709e+01 4.225073e-01 6.700786e-01 1.747579e+00 1.126215e+01 4.343373e-01 -6.740001e-01
39627762822025408 1.322455e+00 1.050403e+01 1.733108e-01 2.121057e+00 1.337039e+00 1.033172e+01 1.557461e-01 8.162693e-01
39627778613582760 1.633203e+00 1.108089e+01 4.504027e-01 -2.570635e+00 1.679179e+00 1.118930e+01 4.832463e-01 -6.671851e-01
39627823903671448 1.827781e+00 1.013760e+01 7.706017e-02 -1.524815e+00 1.788012e+00 1.026661e+01 5.502467e-02 -1.016502e+00
39627706773539984 1.784281e+00 1.113494e+01 3.534363e-01 -5.759714e-01 1.616956e+00 1.134094e+01 3.960757e-01 -6.745359e-01
39627806446978256 1.640618e+00 1.046963e+01 1.202058e-01 -1.099854e+00 1.595151e+00 1.036728e+01 1.048229e-01 7.968581e-02
39627634530852200 1.549911e+00 1.102902e+01 4.626102e-01 1.110331e+00 1.637260e+00 1.115240e+01 4.821057e-01 -6.688678e-01
39627830585196688 1.718151e+00 1.111898e+01 3.649991e-01 -1.358062e+00 1.726789e+00 1.107677e+01 3.843390e-01 -8.418515e-01
39627800499457680 1.320605e+00 9.414351e+00 7.224575e-02 2.149326e+00 1.273185e+00 9.552183e+00 5.032404e-02 3.122185e+00
39627676633272856 1.640211e+00 1.126498e+01 4.024279e-01 1.084021e+00 1.713978e+00 1.113850e+01 4.151340e-01 -7.848659e-01
39627808653188048 1.640024e+00 1.086516e+01 4.534974e-01 -2.238587e+00 1.638144e+00 1.114296e+01 4.985586e-01 -6.865042e-01
39627790714144968 1.137773e+00 1.044625e+01 2.616368e-01 5.134591e-01 1.264782e+00 1.016623e+01 2.595714e-01 4.524005e-01
39627829943471392 1.641737e+00 1.056238e+01 1.925550e-01 2.638361e-01 1.715914e+00 1.066016e+01 1.770379e-01 -1.237972e+00
39627784322031312 1.216979e+00 9.036662e+00 9.764221e-02 6.169177e+00 1.177947e+00 9.137800e+00 7.934958e-02 3.742167e+00
39627812511943608 1.328840e+00 1.019178e+01 1.253762e-01 2.832646e+00 1.447550e+00 1.003449e+01 9.920000e-02 1.030304e+00
39627917038196776 1.746296e+00 1.091902e+01 1.727535e-01 2.744208e-01 1.838412e+00 1.090932e+01 1.556973e-01 -1.150105e+00
39627746174834024 1.176749e+00 9.891775e+00 1.743608e-01 3.868616e+00 1.233919e+00 9.488064e+00 1.025992e-01 6.907933e-01
39627788390503584 1.806686e+00 1.068543e+01 2.914371e-01 -6.546057e-01 1.671293e+00 1.072045e+01 2.929245e-01 -6.910576e-01
39627835421233072 1.386455e+00 1.110356e+01 3.417149e-01 2.258364e+00 1.535811e+00 1.126307e+01 3.935973e-01 -3.462415e-01
39627830069300528 1.757057e+00 1.051941e+01 1.874468e-01 1.315776e+00 1.726295e+00 1.066722e+01 1.973995e-01 -8.085785e-01
39627787018965416 1.390706e+00 1.142581e+01 5.385249e-01 -2.322132e+00 1.593196e+00 1.126249e+01 5.926443e-01 3.502937e-01
39627782220682288 1.693677e+00 1.093017e+01 3.568197e-01 8.706303e-01 1.745276e+00 1.114106e+01 3.650479e-01 -3.465002e-01
39627812465809088 1.514882e+00 1.075117e+01 2.606440e-01 -2.580296e+00 1.790429e+00 1.116081e+01 3.046886e-01 -9.563019e-01
39633118721739264 1.804847e+00 1.093956e+01 2.270655e-01 -2.284455e+00 1.816073e+00 1.101747e+01 2.336316e-01 -9.649539e-01
39627738692194352 1.926284e+00 1.079256e+01 4.087615e-01 4.051787e-01 1.709972e+00 1.116626e+01 3.905729e-01 -7.076300e-01
39627824075641456 1.701129e+00 9.904487e+00 7.721330e-02 -1.849005e+00 1.749124e+00 9.900860e+00 5.092636e-02 -1.074341e+00
39633140750222688 1.309561e+00 1.088006e+01 2.376178e-01 1.555872e+00 1.341806e+00 1.070833e+01 2.392323e-01 1.482032e-01
39627817163428256 1.483511e+00 1.125877e+01 5.162854e-01 1.273562e+00 1.687990e+00 1.134477e+01 5.431719e-01 -7.545174e-01
39627799169864504 1.793544e+00 1.084848e+01 2.092849e-01 -2.430673e+00 1.760269e+00 1.093845e+01 2.262850e-01 -1.105474e+00
39627818044230856 1.480947e+00 9.071130e+00 2.639791e-02 1.077324e+00 1.408373e+00 9.137316e+00 1.485623e-02 1.404607e+00
39627811354317280 1.864558e+00 1.120133e+01 4.447500e-01 -2.955876e-01 1.642568e+00 1.136091e+01 4.904717e-01 -7.605383e-01
39627836742435880 1.320704e+00 1.119341e+01 5.439906e-01 2.240595e+00 1.363304e+00 1.100840e+01 5.799223e-01 3.653941e+00
39627757574949168 1.157486e+00 1.007612e+01 2.154865e-01 4.615438e+00 1.199180e+00 1.020448e+01 1.886259e-01 3.332069e+00
39627760896843776 1.190450e+00 9.805319e+00 9.812560e-02 4.061638e+00 1.226349e+00 9.594826e+00 7.140014e-02 3.564704e+00
39627782325540744 1.953683e+00 1.074115e+01 1.614239e-01 -1.365202e+00 1.790267e+00 1.065504e+01 1.592163e-01 -9.160767e-01
39627812570664144 1.269369e+00 1.091673e+01 2.284954e-01 5.440842e+00 1.434469e+00 1.066201e+01 1.760181e-01 2.073865e+00
39627784703712288 1.364735e+00 1.052705e+01 1.280046e-01 1.704138e+00 1.445608e+00 1.038041e+01 9.662908e-02 1.332056e+00
39627770279495800 1.487610e+00 1.075451e+01 3.034038e-01 -1.200188e+00 1.642404e+00 1.080449e+01 3.015962e-01 -1.340363e+00
39627799836757624 1.516935e+00 9.890170e+00 9.968943e-02 7.066416e-01 1.389965e+00 9.934250e+00 8.023107e-02 1.231864e+00
39627823299694640 1.382294e+00 1.095757e+01 5.496719e-01 1.729321e+00 1.322900e+00 1.137372e+01 5.701641e-01 1.606835e+00
39633114007343080 1.326406e+00 9.740477e+00 7.195149e-02 3.046047e+00 1.273775e+00 9.852029e+00 5.782069e-02 2.945607e+00
39627800440736024 1.700565e+00 1.069883e+01 3.276366e-01 -2.231593e+00 1.603288e+00 1.084929e+01 3.345385e-01 -3.536481e-01
39627794505797264 1.679328e+00 1.059073e+01 1.877577e-01 1.984085e-01 1.777734e+00 1.059835e+01 1.650916e-01 -7.398649e-01
39627800453320728 1.118959e+00 1.023682e+01 1.560734e-01 1.067162e+00 1.151518e+00 9.953433e+00 1.097936e-01 6.975357e-01
39627780924637312 1.542469e+00 1.063685e+01 1.942057e-01 -5.441570e-01 1.571242e+00 1.059549e+01 1.780529e-01 -6.509281e-01
39627784707905416 1.501195e+00 1.090875e+01 3.813570e-01 8.687084e-02 1.502810e+00 1.079491e+01 3.852994e-01 5.411500e-01
39627823949809552 1.346997e+00 9.565523e+00 7.793375e-02 1.092711e+00 1.300620e+00 9.696712e+00 6.825338e-02 2.390379e+00
39627808749658320 1.069652e+00 9.825853e+00 2.308815e-01 3.387112e+00 1.123172e+00 9.435977e+00 1.382595e-01 3.559190e+00
39627775178444592 1.663555e+00 1.130468e+01 5.686405e-01 7.289954e-02 1.657486e+00 1.140843e+01 6.095100e-01 -8.162712e-01
39627745491162208 1.264876e+00 1.032551e+01 2.483252e-01 2.834621e+00 1.248303e+00 1.037200e+01 2.404635e-01 3.400283e+00
39627802542083968 1.691942e+00 1.103268e+01 3.664853e-01 -2.317143e+00 1.690418e+00 1.106435e+01 3.956304e-01 -9.267786e-01
39627794484824008 1.154176e+00 1.042737e+01 2.948355e-01 1.025360e+00 1.193525e+00 1.003735e+01 3.134830e-01 1.601522e+00
39627769688097176 1.753336e+00 1.095002e+01 3.460163e-01 6.514423e-02 1.718797e+00 1.105797e+01 3.664901e-01 -4.685789e-01
39627746090942928 1.309806e+00 9.349656e+00 5.433051e-02 1.305942e+00 1.276160e+00 9.216433e+00 2.387299e-02 6.524467e-01
39627782434586976 1.497453e+00 1.009471e+01 1.385012e-01 -9.577690e-01 1.597015e+00 1.004810e+01 1.293636e-01 -1.115636e+00
39627814768481424 1.745975e+00 1.007157e+01 1.176619e-01 -1.102243e+00 1.670443e+00 1.030413e+01 1.071958e-01 -6.306796e-01
39627790458296800 1.705467e+00 1.019356e+01 1.271892e-01 -5.712941e-01 1.697992e+00 1.038628e+01 1.187617e-01 -8.001153e-01
39627745419854800 1.875925e+00 1.040368e+01 1.684489e-01 -2.743639e+00 1.669397e+00 1.036927e+01 1.656365e-01 -1.283474e+00
39627824637676848 1.199252e+00 1.026072e+01 2.230183e-01 4.350369e+00 1.223262e+00 1.039413e+01 2.194846e-01 3.430981e+00
39627805037691680 1.712355e+00 1.008382e+01 7.583781e-02 -2.150009e-01 1.725693e+00 1.007915e+01 4.800393e-02 -6.782387e-01
39627664570453560 1.397874e+00 1.015072e+01 1.400551e-01 -5.309622e-01 1.385742e+00 9.941586e+00 1.343938e-01 -5.000712e-01
39627847626656376 1.402475e+00 1.022943e+01 8.739386e-02 1.483071e+00 1.378982e+00 1.033832e+01 8.219245e-02 1.734691e+00
39627746007060808 1.330161e+00 1.098080e+01 5.330077e-01 6.494990e-01 1.382771e+00 1.101733e+01 5.114089e-01 4.103516e-01
39633122941208264 1.870416e+00 1.042627e+01 1.501277e-01 -9.411542e-01 1.730448e+00 1.050979e+01 1.443802e-01 -2.011553e-01
39627752080410440 1.766713e+00 1.041602e+01 1.382529e-01 -7.268334e-01 1.808055e+00 1.059948e+01 1.303301e-01 -1.207700e+00
39627823958200200 1.171955e+00 9.547142e+00 1.681312e-01 3.273019e+00 1.133844e+00 9.720475e+00 1.833770e-01 4.455509e+00
39627782392647264 1.700775e+00 1.119119e+01 3.477291e-01 1.266937e+00 1.731517e+00 1.127852e+01 3.675056e-01 -5.739193e-01
39627770296273096 1.693449e+00 9.858615e+00 1.149838e-01 -2.504656e-01 1.520986e+00 9.956178e+00 1.236978e-01 -8.129970e-01
39627757545588160 1.598958e+00 1.070321e+01 1.933253e-01 -1.448916e+00 1.705870e+00 1.045760e+01 1.893730e-01 -3.406137e-01
39627792953904160 1.245774e+00 1.059287e+01 2.084526e-01 5.889316e-01 1.663285e+00 1.079192e+01 1.877690e-01 -1.018373e+00
39627793738239360 1.187383e+00 9.690832e+00 1.057803e-01 2.449268e+00 1.130780e+00 9.654423e+00 1.141572e-01 1.922521e+00
39627808716098720 1.864558e+00 1.106571e+01 2.619213e-01 -2.738558e+00 1.772926e+00 1.113197e+01 2.870173e-01 -1.174994e+00
39627790420543816 1.264308e+00 9.332603e+00 7.919598e-02 -4.791613e-01 1.318514e+00 9.378152e+00 7.033563e-02 2.522925e-01
39627907819113824 1.708610e+00 1.117366e+01 2.675380e-01 -9.175010e-01 1.837593e+00 1.116781e+01 2.785168e-01 -9.923015e-01
39627766575930728 1.183408e+00 9.180075e+00 7.095987e-02 4.880271e+00 1.180665e+00 9.281403e+00 5.255313e-02 4.182915e+00
39627737027056064 1.864421e+00 1.068407e+01 1.710917e-01 -4.484494e-01 1.770311e+00 1.065277e+01 1.548925e-01 -1.102285e+00
39627823274527328 1.538330e+00 1.089917e+01 3.134528e-01 1.822768e+00 1.554153e+00 1.111989e+01 3.122652e-01 4.135186e-01
39627811937322200 1.851282e+00 1.084738e+01 1.624871e-01 -1.654037e+00 1.829513e+00 1.089580e+01 1.655070e-01 -1.028962e+00
39627799140501760 1.587260e+00 1.075292e+01 2.113715e-01 6.785540e-02 1.610008e+00 1.057051e+01 2.025138e-01 -2.054376e-01
39633140800554064 1.915295e+00 1.111110e+01 4.445354e-01 -1.184521e+00 1.779684e+00 1.137951e+01 4.651720e-01 -9.124079e-01
39627853406407272 1.160502e+00 1.000988e+01 1.657560e-01 -2.293808e+00 1.215080e+00 9.895784e+00 1.803138e-01 1.998570e+00
39627767150543680 1.662898e+00 1.158282e+01 6.083735e-01 2.573685e-01 1.670976e+00 1.153933e+01 6.786524e-01 6.227946e-02
39627767133768632 1.238555e+00 1.002877e+01 1.042454e-01 3.369321e+00 1.324561e+00 9.744023e+00 5.265540e-02 2.551655e+00
39627853439959336 1.833574e+00 1.103648e+01 2.254330e-01 -3.201496e+00 1.827576e+00 1.103917e+01 2.241862e-01 -1.354217e+00
39627791045501200 1.107183e+00 1.021560e+01 2.134068e-01 4.060304e+00 1.106243e+00 1.007448e+01 2.066828e-01 4.519513e+00
39627746082554288 1.816054e+00 1.045184e+01 2.638986e-01 -1.022287e+00 1.670447e+00 1.079195e+01 2.854081e-01 -1.369705e+00
39627808497995784 1.133225e+00 1.167223e+01 5.988134e-01 5.798906e+00 1.194884e+00 1.110068e+01 6.403629e-01 3.630205e+00
39627799148891440 1.187396e+00 1.066748e+01 2.921730e-01 3.912469e+00 1.232960e+00 1.052353e+01 2.965127e-01 3.766185e+00
39627746036419664 1.473727e+00 1.033343e+01 1.486382e-01 -2.010741e+00 1.677350e+00 1.059375e+01 1.657932e-01 -1.541219e+00
39627793805349040 1.925742e+00 1.070186e+01 1.522289e-01 -3.093351e-01 1.459163e+00 1.048118e+01 1.145521e-01 1.229563e+00
39627811236873080 1.216210e+00 9.809431e+00 8.599766e-02 3.137882e+00 1.176838e+00 9.353731e+00 4.944037e-02 3.782318e+00
39627829964441448 1.698085e+00 1.064785e+01 2.238512e-01 -6.442956e-01 1.673530e+00 1.049518e+01 2.147202e-01 2.446657e-01
39627781738336680 1.598114e+00 1.121425e+01 4.227176e-01 -2.416975e-01 1.674925e+00 1.119262e+01 4.197260e-01 -3.821576e-02
39627739984037800 1.209238e+00 9.875257e+00 1.200245e-01 1.459006e+00 1.273691e+00 9.840375e+00 1.173740e-01 1.919427e+00
39627823249360848 2.052463e+00 1.021561e+01 2.712891e-01 6.615726e-02 1.640829e+00 1.068731e+01 2.613665e-01 -1.311178e+00
39627790785454304 1.478836e+00 1.083924e+01 3.187169e-01 3.244160e+00 1.394743e+00 1.100949e+01 3.392430e-01 1.450278e+00
39627847400166064 1.483717e+00 1.057986e+01 2.144792e-01 1.690049e-01 1.466475e+00 1.066967e+01 2.073121e-01 -4.433589e-01
39627734061682256 1.684377e+00 9.230686e+00 5.653838e-02 1.368175e-01 1.550833e+00 9.422239e+00 3.922862e-02 3.269315e-04
39627775589483264 1.392816e+00 1.005292e+01 1.747608e-01 5.888112e-01 1.330144e+00 1.033374e+01 1.784729e-01 4.524999e-01
39627786977020160 1.067037e+00 9.207165e+00 1.098629e-01 5.671246e+00 1.134919e+00 8.972629e+00 9.835576e-02 4.011368e+00
39627778387089136 1.442931e+00 9.818685e+00 6.870656e-02 2.662258e+00 1.657429e+00 9.958049e+00 5.558921e-02 -7.310987e-02
39633149554068752 1.332157e+00 8.144435e+00 1.845956e-02 2.787451e+00 1.360848e+00 7.616180e+00 0.000000e+00 5.986196e-01
39627812096706352 1.226286e+00 1.005491e+01 9.038035e-02 2.420200e+00 1.242135e+00 1.004650e+01 7.396261e-02 2.857788e+00
39627770283692256 1.660169e+00 1.083994e+01 2.182714e-01 -1.756078e+00 1.710986e+00 1.066334e+01 2.037400e-01 -1.299128e+00
39627740013396696 1.223704e+00 9.577237e+00 8.426240e-02 4.129475e+00 1.266579e+00 9.375186e+00 4.814698e-02 3.263527e+00
39627817981316896 1.865157e+00 1.091151e+01 1.588039e-01 -1.852670e+00 1.821721e+00 1.090293e+01 1.653364e-01 -1.042427e+00
39627746019640472 1.134367e+00 9.652987e+00 1.336625e-01 1.174173e+00 1.184620e+00 9.420105e+00 1.362809e-01 1.941212e+00
39627751581290584 1.067819e+00 9.368674e+00 8.180907e-02 5.159618e+00 1.107273e+00 8.777710e+00 8.084814e-02 4.441611e+00
39627824713175184 1.168587e+00 9.640045e+00 1.425480e-01 1.040956e+00 1.184423e+00 9.416790e+00 1.377372e-01 3.078626e+00
39627802550475776 1.387076e+00 1.125107e+01 3.552527e-01 -3.532544e-01 1.651074e+00 1.140360e+01 3.867654e-01 -6.373823e-01
39627823295497616 1.473471e+00 1.014755e+01 5.479414e-02 -3.831652e-01 1.515733e+00 1.016426e+01 3.882460e-02 8.557874e-01
39627793100703264 1.464295e+00 1.051506e+01 1.663633e-01 1.706707e+00 1.482836e+00 1.034123e+01 1.603131e-01 2.929489e-01
39627754295004008 1.587626e+00 1.126492e+01 4.870899e-01 -1.178651e+00 1.666970e+00 1.125840e+01 5.218152e-01 -1.072728e+00
39627883693476864 1.514086e+00 9.995446e+00 1.159674e-01 1.574753e+00 1.547012e+00 1.010494e+01 1.128148e-01 2.026010e+00
39627829192690832 1.217640e+00 1.000869e+01 2.195459e-01 2.768305e+00 1.190383e+00 9.918593e+00 2.334289e-01 9.049483e-01
39627817469610256 1.091140e+00 9.706423e+00 1.230959e-01 3.697902e+00 1.167579e+00 9.371023e+00 9.035836e-02 1.764073e+00
39627766328461184 1.643035e+00 1.082854e+01 3.421451e-01 -8.188025e-01 1.689551e+00 1.115255e+01 3.795429e-01 -8.693521e-01
39627812478389448 1.132509e+00 8.914344e+00 8.258250e-02 4.475965e+00 1.171460e+00 8.958024e+00 6.597766e-02 4.151393e+00
39627778303206784 1.900561e+00 1.092175e+01 4.356542e-01 -7.138277e-01 1.693132e+00 1.122507e+01 4.749274e-01 -1.065193e+00
39627793859871920 1.441225e+00 1.110497e+01 4.821775e-01 1.368284e+00 1.487003e+00 1.099084e+01 5.251806e-01 1.297190e+00
39627764168393136 1.135593e+00 9.665684e+00 1.247968e-01 5.097233e+00 1.145365e+00 9.662460e+00 1.281101e-01 4.186327e+00
39627799899672824 1.692800e+00 1.016879e+01 8.243886e-02 -1.505168e+00 1.514320e+00 1.021442e+01 6.888841e-02 -1.258075e-01
39627829192691400 1.773844e+00 1.057733e+01 1.650404e-01 7.865699e-01 1.694000e+00 1.064849e+01 1.687569e-01 -1.086301e+00
39627805935274432 1.230577e+00 9.115599e+00 9.387105e-02 3.950069e+00 1.149423e+00 9.287448e+00 9.665729e-02 2.268605e+00
39633136224568032 1.590513e+00 1.119477e+01 3.874750e-01 -2.572053e+00 1.708009e+00 1.116053e+01 3.720813e-01 -9.722050e-01
39627800369434072 1.005105e+00 8.023861e+00 5.292737e-02 3.339307e+00 1.048879e+00 7.402066e+00 6.536633e-03 1.940087e+00
39627853653872032 1.453063e+00 1.125934e+01 4.684325e-01 1.128487e+00 1.543480e+00 1.103263e+01 4.383563e-01 -4.071522e-01
39627800478486536 1.207879e+00 9.606076e+00 1.283538e-01 5.507638e+00 1.162716e+00 9.446936e+00 1.213417e-01 3.877321e+00
39627814663624920 1.864229e+00 1.035737e+01 1.163718e-01 -3.315908e-01 1.823023e+00 1.064650e+01 1.117697e-01 -1.216096e+00
39627766458487752 1.143972e+00 9.875846e+00 9.281022e-02 4.981739e+00 1.207482e+00 1.001017e+01 9.413064e-02 3.485665e+00
39627751484818568 1.706156e+00 1.096573e+01 3.282419e-01 -2.274997e+00 1.707771e+00 1.101846e+01 3.519383e-01 -4.437085e-01
39627751526765208 1.262368e+00 9.804012e+00 1.793488e-01 4.314571e+00 1.254554e+00 1.015447e+01 1.803169e-01 2.874001e+00
39627751560320064 1.777185e+00 1.016539e+01 1.067030e-01 -2.670796e-01 1.711986e+00 1.022800e+01 1.052096e-01 -5.950959e-01
39627806535059584 1.946040e+00 1.069796e+01 1.498772e-01 -2.267760e+00 1.781518e+00 1.067905e+01 1.285771e-01 -1.481835e+00
39627788281448128 1.119567e+00 9.918756e+00 1.742874e-01 5.645872e-01 1.184393e+00 9.470837e+00 1.316763e-01 2.934805e+00
39627769562271648 1.313793e+00 9.830988e+00 1.067887e-01 -6.870738e-01 1.445528e+00 9.681573e+00 1.081323e-01 -7.038189e-01
39627758275399736 1.470747e+00 1.104253e+01 2.971241e-01 -4.342428e+00 1.621049e+00 1.095195e+01 2.807143e-01 -1.295977e+00
39627818539160672 1.511213e+00 1.016391e+01 1.174236e-01 5.724270e-01 1.549679e+00 1.005597e+01 1.037341e-01 -2.201761e-01
39627745470187104 1.591381e+00 1.053944e+01 2.089783e-01 1.509702e-01 1.559800e+00 1.047830e+01 2.107324e-01 -8.205215e-01
39627782283594568 1.361383e+00 1.043561e+01 2.624106e-01 2.827734e+00 1.374404e+00 1.060040e+01 2.497480e-01 1.393450e+00
39627682614353408 1.787855e+00 1.102515e+01 3.386292e-01 -2.585772e+00 1.678844e+00 1.109799e+01 3.580319e-01 -6.259359e-01
39627757549781152 1.683748e+00 1.100434e+01 3.704735e-01 -5.775449e-01 1.731379e+00 1.108055e+01 3.807580e-01 -5.566808e-01
39627781717363760 9.916885e-01 9.226600e+00 9.954025e-02 3.129587e-01 1.128698e+00 9.026391e+00 1.034615e-01 7.937968e-01
39627787006378856 1.666881e+00 1.049085e+01 2.074561e-01 3.499739e-01 1.683420e+00 1.052503e+01 2.052602e-01 -1.094518e+00
39627793830514376 1.505816e+00 1.022282e+01 1.282386e-01 4.815077e-01 1.404028e+00 1.044154e+01 1.470542e-01 1.537101e+00
39627836687911184 1.143019e+00 9.636592e+00 1.430683e-01 -4.841043e-01 1.220817e+00 9.471216e+00 1.253533e-01 6.953726e-01
39627782350702712 1.508101e+00 9.818682e+00 1.231087e-01 9.016654e-01 1.494439e+00 9.843281e+00 1.167305e-01 6.220378e-01
39627775706923416 1.152014e+00 9.190821e+00 6.225200e-02 9.626279e-01 1.213477e+00 9.420495e+00 5.675440e-02 -1.662342e-01
39627746120306792 1.135546e+00 9.211301e+00 1.332709e-01 3.836257e+00 1.134407e+00 9.133787e+00 1.125704e-01 3.475039e+00
39627787727801616 1.317996e+00 1.043984e+01 2.218510e-01 -1.109187e+00 1.320722e+00 1.034736e+01 2.336197e-01 7.549114e-01
39633136413313200 1.772657e+00 1.063284e+01 1.192744e-01 -2.199477e+00 1.770804e+00 1.071760e+01 1.202451e-01 -9.633540e-01
39627751648397776 1.334450e+00 1.131451e+01 5.147074e-01 -2.341782e+00 1.340243e+00 1.131787e+01 6.228215e-01 2.613921e+00
39627772422788216 1.488248e+00 9.607592e+00 5.402457e-02 4.821018e+00 1.522207e+00 1.021618e+01 4.803078e-02 8.116760e-01
39627812524525440 1.257011e+00 1.081918e+01 3.260685e-01 2.291805e+00 1.198730e+00 1.037683e+01 1.937056e-01 -3.575990e-01
39627814802036592 1.377633e+00 1.101589e+01 4.923664e-01 1.674437e+00 1.335593e+00 1.109082e+01 5.207990e-01 1.426066e+00
39627830748778368 1.571634e+00 1.088783e+01 4.581442e-01 -1.040917e-01 1.668458e+00 1.118711e+01 4.956769e-01 -9.718851e-01
39627757675612464 1.717063e+00 1.059589e+01 1.495033e-01 -2.611971e-01 1.782127e+00 1.054600e+01 1.463578e-01 -9.243873e-01
39627830006384720 1.654742e+00 1.068281e+01 1.509333e-01 -3.074174e+00 1.785448e+00 1.067238e+01 1.546079e-01 -9.824098e-01
39627780874311240 1.365847e+00 1.062198e+01 1.549002e-01 3.055940e+00 1.478913e+00 1.026587e+01 1.128388e-01 1.829156e+00
39627853498682896 1.540385e+00 1.114605e+01 4.882883e-01 1.785946e+00 1.642361e+00 1.117292e+01 4.824012e-01 -6.072233e-01
39627844636115248 1.727149e+00 1.114038e+01 5.620603e-01 -3.187462e-01 1.606476e+00 1.149270e+01 6.351864e-01 -8.320028e-02
39627782287788944 1.265266e+00 1.084488e+01 3.379556e-01 6.131189e+00 1.199679e+00 1.091922e+01 3.814517e-01 4.079842e+00
39627799002089392 1.688369e+00 1.105723e+01 4.324453e-01 1.089671e+00 1.530179e+00 1.131955e+01 4.983182e-01 3.700075e-01
39627830589395216 1.277237e+00 8.979882e+00 5.532274e-02 -3.070224e+00 1.256990e+00 9.049676e+00 6.056604e-02 -8.207917e-01
39627829284962744 1.460314e+00 9.473284e+00 1.180416e-01 3.166598e-01 1.323475e+00 9.873840e+00 1.328719e-01 1.460877e+00
39627776113773424 1.069610e+00 9.922600e+00 1.440818e-01 3.940063e+00 1.115566e+00 9.939911e+00 1.349228e-01 4.926555e+00
39627824595734544 1.159083e+00 1.033630e+01 3.255929e-01 4.599999e+00 1.156583e+00 1.054668e+01 3.657540e-01 4.376467e+00
39627745528907656 1.616852e+00 1.135102e+01 4.311723e-01 -1.406630e+00 1.675666e+00 1.132114e+01 4.577307e-01 -6.777761e-01
39627796682646584 1.714944e+00 1.137966e+01 4.833428e-01 -1.607166e+00 1.699993e+00 1.142206e+01 5.359272e-01 -1.491501e+00
39627764088705088 1.812328e+00 1.097133e+01 3.532248e-01 3.509680e-03 1.750360e+00 1.116273e+01 3.721158e-01 -6.113346e-01
39627769771985488 1.754548e+00 1.115699e+01 3.557726e-01 -1.706340e+00 1.749991e+00 1.125379e+01 3.834400e-01 -4.896855e-01
39627830673277376 1.164683e+00 9.872503e+00 2.025413e-01 4.967904e+00 1.183813e+00 1.005965e+01 2.045556e-01 4.170964e+00
39627788382110128 1.198602e+00 9.832466e+00 2.119038e-01 3.644924e+00 1.201801e+00 1.002257e+01 2.193497e-01 3.231373e+00
39627782296179560 1.673537e+00 1.114022e+01 5.600978e-01 5.078490e-01 1.581265e+00 1.125424e+01 6.077507e-01 5.585715e-01
39627889687134576 1.088436e+00 9.406940e+00 9.519612e-02 5.107917e+00 1.137909e+00 8.718700e+00 4.706207e-02 5.294734e+00
39627752059442360 1.176218e+00 9.351311e+00 1.369150e-01 5.217332e+00 1.151925e+00 8.858119e+00 8.933699e-02 3.897530e+00
39627823299690960 1.619305e+00 1.057364e+01 2.279028e-01 -1.855080e+00 1.545672e+00 1.063989e+01 2.236595e-01 -9.501770e-01
39627829968638648 1.466288e+00 1.097564e+01 4.833274e-01 1.308605e+00 1.609339e+00 1.116288e+01 4.970032e-01 -1.216901e+00
39627839355488512 1.558479e+00 1.132847e+01 6.040558e-01 1.105222e+00 1.603750e+00 1.145574e+01 6.695324e-01 1.259014e+00
39627781822219720 1.351432e+00 1.128566e+01 3.246434e-01 -1.878255e+00 1.672942e+00 1.106610e+01 2.891904e-01 -1.300730e+00
39627799027253488 1.457342e+00 1.028332e+01 9.967285e-02 -8.856848e-01 1.435268e+00 1.038170e+01 1.277161e-01 -3.726550e-01
39627835240875976 1.052786e+00 9.925491e+00 1.637445e-01 4.417980e+00 1.110103e+00 9.571212e+00 1.470106e-01 4.918471e+00
39627778345142368 2.083727e+00 1.126364e+01 4.184043e-01 -1.210066e+00 1.757493e+00 1.127031e+01 4.197271e-01 -9.286621e-01
39627790328266952 1.030779e+00 7.871984e+00 3.849189e-02 1.557548e+00 1.056726e+00 7.841419e+00 2.651343e-02 1.355436e+00
39627794392549440 1.418050e+00 1.096796e+01 5.324442e-01 1.834964e+00 1.532253e+00 1.133574e+01 5.703952e-01 1.188405e+00
39627733524812240 1.546106e+00 1.114870e+01 4.366400e-01 -1.396100e+00 1.680115e+00 1.114866e+01 4.839647e-01 -2.105590e-01
39627829284964128 1.264682e+00 1.038006e+01 1.562580e-01 2.816151e+00 1.285756e+00 1.045802e+01 1.441218e-01 3.077897e+00
39627776323489488 1.233953e+00 8.637912e+00 8.114044e-02 3.492248e+00 1.175113e+00 8.584395e+00 5.662146e-02 2.459571e+00
39627818040036328 1.431337e+00 1.065642e+01 2.357243e-01 -7.161736e-01 1.424583e+00 1.059284e+01 2.530306e-01 9.674797e-01
39627829184303992 1.201049e+00 1.051811e+01 1.386703e-01 3.972796e+00 1.161439e+00 1.058069e+01 1.712461e-01 3.594474e+00
39627724800665384 1.581770e+00 1.167527e+01 5.704297e-01 1.482836e+00 1.674252e+00 1.146149e+01 5.933352e-01 1.206073e-01
39627812591634728 1.327669e+00 9.916671e+00 3.806318e-02 3.882044e+00 1.387017e+00 9.778578e+00 2.436183e-02 1.956404e+00
39627739434583416 1.575514e+00 1.055123e+01 2.291842e-01 -1.305514e-02 1.599765e+00 1.055374e+01 2.136572e-01 -9.853857e-01
39627778257060000 1.659230e+00 1.057444e+01 4.547619e-01 -1.017554e-01 1.510823e+00 1.115000e+01 4.862738e-01 -1.043562e+00
39627751577096480 1.363531e+00 1.064736e+01 1.990059e-01 3.013753e+00 1.521945e+00 1.055947e+01 1.722207e-01 2.848858e+00
39627752055243504 1.540719e+00 1.024497e+01 1.184410e-01 -5.671161e-02 1.511486e+00 1.031787e+01 1.175693e-01 3.416217e-01
39627806585389304 1.161616e+00 9.985815e+00 1.307996e-01 4.474770e+00 1.222085e+00 9.808839e+00 1.066040e-01 3.813882e+00
39627745528910512 1.438701e+00 1.072963e+01 2.417175e-01 6.575450e-01 1.354694e+00 1.074014e+01 2.602451e-01 1.800999e+00
39627740139226704 1.563162e+00 9.926628e+00 1.788478e-01 -2.085252e+00 1.613506e+00 1.021545e+01 1.567953e-01 -1.090951e+00
39627788428248392 1.533131e+00 1.015163e+01 2.210862e-01 5.192493e-01 1.507556e+00 1.023336e+01 2.452527e-01 1.530706e+00
39627758078265976 1.093118e+00 9.583388e+00 1.378289e-01 5.211082e+00 1.141791e+00 9.547738e+00 1.218757e-01 4.651384e+00
39627800423961416 1.576050e+00 1.013063e+01 1.657864e-01 -7.895172e-01 1.573550e+00 1.012193e+01 1.551778e-01 -1.354701e+00
39627818669181448 9.652198e-01 8.132886e+00 3.853036e-02 1.255064e+00 1.001804e+00 7.549603e+00 1.203740e-02 5.946076e-01
39627790454101376 1.345143e+00 1.117045e+01 5.310509e-01 3.426663e+00 1.386383e+00 1.133899e+01 5.854023e-01 1.584085e+00
39627751468042272 1.662802e+00 1.105469e+01 4.513695e-01 -4.544193e-01 1.655344e+00 1.113148e+01 4.562290e-01 -5.633373e-01
39627787736190784 1.378963e+00 1.066823e+01 2.570617e-01 2.065773e+00 1.319012e+00 1.074692e+01 2.781422e-01 2.460947e+00
39627809160697216 1.243299e+00 9.944401e+00 2.147205e-01 3.652436e+00 1.193368e+00 1.018170e+01 2.926870e-01 2.824637e+00
39627785085394424 1.626932e+00 1.022672e+01 7.822435e-02 -1.514315e-01 1.652658e+00 1.016555e+01 5.564201e-02 -5.124595e-01
39627821261261968 1.356610e+00 1.123878e+01 3.171557e-01 -4.275748e+00 1.632105e+00 1.119763e+01 4.229277e-01 -9.535410e-01
39627746120305824 1.730723e+00 1.066873e+01 1.337736e-01 -1.224690e+00 1.681541e+00 1.045225e+01 8.047642e-02 -9.260037e-01
39627774884843344 1.261457e+00 1.093418e+01 5.396446e-01 1.346035e+00 1.300077e+00 1.133128e+01 5.978534e-01 1.972792e+00
39627917176607304 1.831369e+00 1.072029e+01 3.335883e-01 -5.800129e-01 1.675166e+00 1.118775e+01 3.717335e-01 -2.988818e-01
39627817436059256 1.275256e+00 9.674711e+00 7.138485e-02 2.576464e+00 1.244103e+00 9.778973e+00 4.957300e-02 3.225331e+00
39627776298323136 1.162214e+00 9.436113e+00 1.542904e-01 4.033025e+00 1.159784e+00 9.399140e+00 1.346158e-01 3.512343e+00
39627829201079136 1.984718e+00 1.008576e+01 7.652105e-02 -2.802545e+00 1.533009e+00 1.038002e+01 8.535144e-02 8.563900e-01
39627824755114624 1.528650e+00 1.097488e+01 4.559534e-01 6.258217e-01 1.639495e+00 1.114478e+01 5.288603e-01 -4.230087e-01
39627800503648536 1.151662e+00 9.576364e+00 2.232777e-01 4.396031e+00 1.145220e+00 9.593272e+00 1.988595e-01 4.063511e+00
39627762872355048 1.311061e+00 1.044519e+01 2.268929e-01 2.907638e+00 1.238518e+00 1.045393e+01 2.391795e-01 3.821368e+00
39627841398115584 1.240447e+00 8.876482e+00 5.465591e-02 -3.955280e-01 1.254364e+00 8.889407e+00 4.347755e-02 2.845180e-02
39627776390599552 1.388371e+00 9.739865e+00 8.365831e-02 2.033149e+00 1.417785e+00 9.995810e+00 8.866732e-02 7.797037e-01
39633153890976264 1.571301e+00 1.129632e+01 3.872212e-01 -1.202742e+00 1.754018e+00 1.122435e+01 3.962892e-01 -5.227261e-01
39627788327586872 1.557462e+00 1.069677e+01 2.615390e-01 1.648465e+00 1.436909e+00 1.088223e+01 2.765100e-01 4.558481e-01
39627769662931760 1.583769e+00 1.007614e+01 1.134806e-01 -1.208348e-01 1.492161e+00 1.017175e+01 1.141086e-01 4.766369e-01
39627817121486208 1.274152e+00 1.055358e+01 1.522623e-01 3.419764e+00 1.307455e+00 1.044153e+01 1.393615e-01 2.311183e+00
39627740126648656 1.127196e+00 9.180695e+00 1.094475e-01 5.432980e+00 1.114660e+00 8.866393e+00 7.978569e-02 1.697044e+00
39627806421815256 1.604196e+00 1.004573e+01 2.011454e-01 1.527859e+00 1.548527e+00 1.020789e+01 1.928580e-01 1.425064e+00
39633127483639440 1.357767e+00 1.087982e+01 3.814090e-01 1.429162e+00 1.447538e+00 1.086756e+01 4.617954e-01 -6.415856e-01
39627796783304384 1.115685e+00 1.003696e+01 2.341660e-01 3.260641e+00 1.179475e+00 9.881554e+00 2.178612e-01 1.174314e+00
39627751480625728 1.175679e+00 9.571109e+00 1.327103e-01 4.173000e+00 1.152423e+00 9.712054e+00 1.494583e-01 4.533137e+00
39627784535938608 1.336740e+00 1.004927e+01 9.305832e-02 1.569861e+00 1.352610e+00 1.002346e+01 6.306258e-02 1.812427e+00
39627824578957800 1.375186e+00 9.922379e+00 1.908267e-01 -1.660282e-01 1.309381e+00 1.024757e+01 1.876605e-01 1.894935e+00
39627788193369920 1.549236e+00 1.019116e+01 8.858463e-02 -1.215554e+00 1.756488e+00 9.986279e+00 5.436090e-02 -9.562244e-01
39633127668190016 1.730507e+00 1.106312e+01 3.327594e-01 -8.575713e-01 1.703494e+00 1.105365e+01 3.463066e-01 -1.845006e-01
39627762826218880 1.826965e+00 1.094212e+01 2.918570e-01 -4.417921e+00 1.448318e+00 1.119824e+01 3.019399e-01 -1.146418e+00
39627788503744832 1.144748e+00 9.551244e+00 9.930754e-02 3.331193e+00 1.225191e+00 9.346909e+00 8.023457e-02 3.045672e+00
39627770287883184 1.723744e+00 1.076354e+01 2.166660e-01 -1.414130e+00 1.781658e+00 1.083907e+01 2.091835e-01 -9.673853e-01
39627782312956712 1.582366e+00 1.011413e+01 1.743012e-01 -6.581073e-01 1.597516e+00 1.017563e+01 1.771205e-01 -7.453916e-01
39633132139316936 1.148860e+00 9.950576e+00 1.344947e-01 3.519508e+00 1.173145e+00 9.729673e+00 1.218331e-01 4.129176e+00
39627847387582000 1.210712e+00 1.001415e+01 2.018338e-01 3.763574e+00 1.215688e+00 1.007146e+01 1.956833e-01 3.246377e+00
39627806597974488 1.452261e+00 1.106872e+01 4.039473e-01 1.160469e-01 1.588557e+00 1.094571e+01 4.114396e-01 -5.984862e-01
39627853381240544 1.161509e+00 9.230221e+00 1.198899e-01 3.808121e+00 1.177634e+00 9.399443e+00 8.843233e-02 3.940245e+00
39627788432441704 1.701456e+00 1.060162e+01 2.066624e-01 -1.242514e+00 1.668757e+00 1.065324e+01 2.188597e-01 -1.128699e+00
39633136170044960 1.222424e+00 1.155445e+01 6.948805e-01 4.120532e+00 1.211518e+00 1.140117e+01 7.427908e-01 4.410197e+00
39627787803298320 1.500749e+00 1.063939e+01 2.339637e-01 -4.693565e-01 1.518088e+00 1.059732e+01 2.150289e-01 2.856825e-01
39627794321246816 1.336054e+00 1.133805e+01 6.353425e-01 1.996465e+00 1.272713e+00 1.146099e+01 6.957322e-01 3.319314e+00
39627818593682776 1.225327e+00 1.047562e+01 2.426195e-01 1.543000e+00 1.270096e+00 1.017615e+01 2.114593e-01 1.305867e+00
39627823974975240 1.106996e+00 8.826227e+00 1.332556e-01 2.447077e+00 1.139207e+00 9.137948e+00 1.382493e-01 3.749602e+00
39627815259214464 1.095903e+00 9.307829e+00 1.196438e-01 4.482102e+00 1.169929e+00 9.471106e+00 1.072773e-01 3.990214e+00
39627812608411824 1.518285e+00 1.148637e+01 5.352128e-01 1.214586e+00 1.588044e+00 1.133891e+01 6.179266e-01 6.669272e-01
39627774821927784 1.260203e+00 1.066434e+01 2.904533e-01 1.471719e+00 1.211923e+00 1.034402e+01 1.745266e-01 -1.424261e+00
39627824667038736 1.264097e+00 1.023488e+01 2.552438e-01 -8.029370e-01 1.261322e+00 1.012946e+01 2.468305e-01 1.833370e+00
39627760427073704 1.134448e+00 1.003976e+01 8.306867e-02 3.241635e+00 1.170740e+00 1.004534e+01 6.973667e-02 2.406950e+00
39627788335975048 1.743936e+00 1.072923e+01 3.069969e-01 -8.548803e-01 1.679432e+00 1.087524e+01 2.979985e-01 -1.203766e+00
39627769847483840 1.629257e+00 1.020083e+01 8.373077e-02 -1.079648e+00 1.545823e+00 1.017026e+01 7.268910e-02 5.819061e-01
39627941071553056 1.678757e+00 1.089439e+01 1.574067e-01 -6.834809e-01 1.737913e+00 1.083248e+01 1.192977e-01 -1.570562e+00
39627766617868984 1.812493e+00 1.020277e+01 7.606846e-02 -1.245605e+00 1.766212e+00 1.010952e+01 5.695014e-02 -9.630380e-01
39627817876455944 1.763373e+00 1.068680e+01 2.994283e-01 -1.275375e+00 1.668511e+00 1.071645e+01 3.041094e-01 -6.572177e-01
39627811375287480 1.054521e+00 9.785222e+00 2.216845e-01 3.744197e+00 1.163133e+00 9.734005e+00 2.128891e-01 3.789792e+00
39627793096512208 1.109347e+00 1.009756e+01 1.553254e-01 4.256331e+00 1.123463e+00 1.022571e+01 1.597179e-01 4.234067e+00
39627814906892200 1.636741e+00 1.127850e+01 3.618288e-01 -6.574625e-01 1.731977e+00 1.117670e+01 3.728269e-01 -2.700194e-01
39627776331876544 1.236231e+00 8.815922e+00 5.716124e-02 2.392250e+00 1.224113e+00 8.749966e+00 4.979597e-02 2.801795e+00
39627763614748176 1.172966e+00 9.497463e+00 1.302173e-01 4.981275e+00 1.178328e+00 9.258257e+00 1.111753e-01 3.701239e+00
39627764126452416 1.290970e+00 1.012276e+01 2.725036e-01 8.549883e-01 1.267387e+00 1.032388e+01 2.855491e-01 1.280193e+00
39627780928837528 1.821727e+00 1.067441e+01 2.380198e-01 -8.380924e-01 1.756890e+00 1.091973e+01 2.664689e-01 -7.119569e-01
39627811828273352 1.284980e+00 1.063297e+01 1.364566e-01 -1.368233e-01 1.318495e+00 1.070648e+01 1.591673e-01 2.537805e+00
39627782346507704 1.658648e+00 1.120594e+01 4.500554e-01 -1.098484e+00 1.725796e+00 1.124982e+01 4.781725e-01 -8.673638e-01
39627812604217776 1.224823e+00 1.050554e+01 1.822257e-01 -2.764834e+00 1.282337e+00 1.040147e+01 1.624194e-01 -1.759289e+00
39627859454593776 1.448719e+00 1.016796e+01 2.219989e-01 4.075775e+00 1.438733e+00 1.047604e+01 2.273622e-01 3.942841e+00
39627847383388528 1.750244e+00 1.050255e+01 2.134165e-01 2.595713e-02 1.652167e+00 1.047550e+01 2.052132e-01 -4.129397e-01
39627676679408208 1.655615e+00 1.136495e+01 6.126125e-01 8.533776e-01 1.671767e+00 1.141847e+01 6.180220e-01 -1.192611e-01
39627780970776176 1.822855e+00 1.013078e+01 1.019579e-01 -2.414560e+00 1.592353e+00 1.024289e+01 7.909347e-02 -1.728439e-01
39627772183711056 1.778309e+00 1.097066e+01 3.308012e-01 -1.312431e+00 1.739528e+00 1.119190e+01 3.628141e-01 -8.229053e-01
39633114028311288 1.733697e+00 1.113340e+01 3.126881e-01 8.541224e-02 1.789304e+00 1.118095e+01 3.527015e-01 -6.610793e-01
39627847387579352 1.229030e+00 9.648226e+00 9.478427e-02 6.114445e+00 1.204721e+00 9.856791e+00 9.547184e-02 3.830790e+00
39627776243797432 1.659803e+00 1.023273e+01 1.465944e-01 -1.706977e+00 1.654497e+00 1.022718e+01 1.333063e-01 -1.209692e+00
39627775010673328 1.549759e+00 1.111948e+01 3.099812e-01 1.207896e+00 1.665629e+00 1.093544e+01 3.095644e-01 -1.115547e+00
39627847404360392 1.133585e+00 1.008109e+01 1.951981e-01 3.900408e+00 1.158013e+00 9.893447e+00 1.708652e-01 4.355682e+00
39627811224292600 1.627085e+00 1.121121e+01 4.646274e-01 -1.878483e-01 1.654077e+00 1.123877e+01 4.894959e-01 -4.401330e-01
39627780954001568 1.923257e+00 1.059027e+01 1.621182e-01 -1.179010e+00 1.771202e+00 1.062911e+01 1.595914e-01 -1.209584e+00
39633153962280672 1.622321e+00 1.111650e+01 4.419316e-01 6.602941e-01 1.635095e+00 1.129466e+01 4.982768e-01 -2.570689e-03
39633122857323536 1.751299e+00 1.118473e+01 2.516407e-01 -3.363826e+00 1.780005e+00 1.129638e+01 2.729081e-01 -1.456164e+00
39627682614350120 1.031110e+00 9.060311e+00 1.540928e-01 -1.053910e+00 1.002907e+00 8.799912e+00 5.576938e-01 3.114138e-01
39627766974387960 2.032099e+00 1.123375e+01 4.061587e-01 -4.079358e+00 1.755306e+00 1.119461e+01 4.087082e-01 -8.857052e-01
39627823148696560 1.321015e+00 1.035502e+01 1.385584e-01 2.759032e+00 1.373583e+00 1.054789e+01 1.378085e-01 1.915515e+00
39627883601200080 1.255963e+00 7.639596e+00 1.226900e-02 3.151972e+00 1.206071e+00 7.235069e+00 0.000000e+00 4.589843e-01
39627776294126912 1.933250e+00 1.103697e+01 3.345265e-01 -3.245367e-01 1.763808e+00 1.112049e+01 3.508036e-01 -6.614232e-01
39627786918301992 1.773723e+00 1.066740e+01 1.910826e-01 -2.271990e+00 1.694161e+00 1.076370e+01 1.926113e-01 -1.157923e+00
39627779033006208 1.111847e+00 8.645042e+00 9.318607e-02 1.705892e+00 1.082893e+00 8.202056e+00 4.879788e-02 2.413973e+00
39627800289741912 1.350255e+00 1.047193e+01 1.466974e-01 2.111436e+00 1.567107e+00 1.016585e+01 9.328842e-02 3.042999e-01
39633149377907536 1.444861e+00 1.062647e+01 1.420504e-01 6.251585e-01 1.487323e+00 1.040546e+01 9.935519e-02 1.075553e+00
39627824591537968 1.759595e+00 1.028275e+01 2.149549e-01 1.286798e-01 1.692418e+00 1.050477e+01 2.079411e-01 -8.884364e-02
39627775006478808 1.626184e+00 1.052379e+01 1.828056e-01 3.148013e-01 1.664699e+00 1.047993e+01 1.744951e-01 -1.095609e+00
39627770170443664 1.315049e+00 1.016257e+01 1.735900e-01 -1.443237e+00 1.401015e+00 1.013233e+01 1.586643e-01 -1.074923e+00
39627770195609312 1.253423e+00 1.017168e+01 2.166926e-01 4.739408e+00 1.269651e+00 1.008977e+01 2.134507e-01 2.245119e+00
39627805033501568 1.140410e+00 1.028456e+01 1.473379e-01 1.201456e+00 1.242511e+00 1.015739e+01 1.429482e-01 4.789749e-01
39627775585290992 1.530005e+00 1.065654e+01 3.860177e-01 2.332291e+00 1.637156e+00 1.099332e+01 3.916812e-01 1.529978e+00
39627812482585504 1.613258e+00 1.106600e+01 3.229544e-01 -3.108490e-01 1.619222e+00 1.101977e+01 3.516085e-01 1.606357e-02
39627853486102400 1.325102e+00 1.030095e+01 1.506335e-01 -7.763433e-01 1.315803e+00 1.043269e+01 1.754150e-01 1.344487e+00
39627784368163352 1.849596e+00 1.085519e+01 3.873827e-01 1.288288e+00 1.726689e+00 1.112489e+01 3.812419e-01 3.324239e-01
39627776394790992 1.836220e+00 1.107265e+01 4.340307e-01 -3.371969e+00 1.631375e+00 1.118356e+01 4.913789e-01 -1.038443e+00
39627770195609616 1.578055e+00 1.004058e+01 1.461818e-01 6.113989e-01 1.608842e+00 9.996650e+00 1.280643e-01 -5.923785e-01
39633127533969520 1.179301e+00 7.822439e+00 1.849782e-02 3.179827e+00 1.199802e+00 7.115309e+00 0.000000e+00 2.343822e+00
39627774939365576 1.516126e+00 1.068358e+01 2.837375e-01 -1.034521e+00 1.594703e+00 1.079596e+01 2.915192e-01 -5.690079e-01
39627788415668296 1.334960e+00 1.057465e+01 1.636486e-01 3.201029e+00 1.376142e+00 1.046658e+01 1.325055e-01 1.948943e+00
39627780861727472 1.062975e+00 8.382741e+00 5.799300e-02 3.518820e+00 1.158746e+00 8.481082e+00 4.784700e-02 4.290455e+00
39627760347391248 1.538901e+00 1.108263e+01 2.099975e-01 -4.124549e-01 1.482016e+00 1.104528e+01 2.586013e-01 -2.241076e-01
39633136207793904 2.000129e+00 1.037839e+01 7.121594e-02 -8.799502e-01 1.803261e+00 1.027650e+01 6.048217e-02 -9.942850e-01
39627764143232064 1.785231e+00 1.038115e+01 1.225971e-01 -1.352422e+00 1.746417e+00 1.037736e+01 1.136749e-01 -1.244229e+00
39627770392743336 1.918978e+00 1.062820e+01 4.590078e-01 7.624470e-02 1.647082e+00 1.118133e+01 5.146236e-01 -9.460211e-01
39627802529503592 1.388959e+00 9.804509e+00 1.011507e-01 9.668574e-01 1.389541e+00 1.024251e+01 1.010767e-01 1.249693e+00
39627763618943944 1.371812e+00 9.973796e+00 1.825639e-01 3.525912e+00 1.360996e+00 1.006665e+01 1.930239e-01 4.470918e+00
39627746032225544 1.322118e+00 1.004331e+01 7.351498e-02 2.101615e+00 1.334737e+00 1.003188e+01 6.570593e-02 2.115661e+00
39627760901034160 1.156536e+00 1.017752e+01 1.777700e-01 2.592211e+00 1.203100e+00 9.784208e+00 1.382667e-01 1.318548e+00
39627841335201112 1.208510e+00 9.966772e+00 1.669896e-01 6.743916e-01 1.235603e+00 9.778654e+00 1.532788e-01 2.479300e+00
39627770157861328 1.729571e+00 1.042913e+01 1.604609e-01 -1.669525e+00 1.738748e+00 1.043738e+01 1.552960e-01 -1.067331e+00
39627751543542784 1.849922e+00 1.088543e+01 2.124809e-01 -6.999291e-01 1.792386e+00 1.102374e+01 2.208622e-01 -5.757655e-01
39633153945504120 1.613435e+00 1.096790e+01 4.972872e-01 7.288224e-01 1.605915e+00 1.116696e+01 4.927372e-01 -1.528234e+00
39627776235407624 1.770655e+00 1.047945e+01 1.454622e-01 -1.003170e+00 1.769063e+00 1.051754e+01 1.399685e-01 -9.202733e-01
39627769163809640 1.744221e+00 1.089242e+01 3.497659e-01 -1.004816e-01 1.716750e+00 1.108292e+01 3.654760e-01 -7.558339e-01
39627752080412648 1.572758e+00 9.978219e+00 1.264016e-01 -2.532047e+00 1.533113e+00 1.000338e+01 1.167980e-01 -1.085753e+00
39627847647627096 1.741272e+00 1.110174e+01 3.486077e-01 -2.564710e-01 1.773410e+00 1.125257e+01 3.652161e-01 -5.410151e-01
39627800537207512 1.217085e+00 9.797134e+00 1.019664e-01 2.388051e+00 1.265416e+00 9.475226e+00 9.023918e-02 2.586143e+00
39627780857534072 1.766979e+00 1.099276e+01 2.918258e-01 -2.748544e+00 1.638441e+00 1.094793e+01 3.003362e-01 -1.401576e+00
39627772611531208 1.211397e+00 1.022787e+01 2.055060e-01 -5.857981e-01 1.280405e+00 1.030038e+01 2.534960e-01 8.639581e-01
39627835534476704 1.227270e+00 1.034817e+01 1.453543e-01 1.977481e+00 1.261791e+00 1.040692e+01 1.576624e-01 2.986416e+00
39627818522383728 1.162140e+00 9.018904e+00 5.005091e-02 5.656730e+00 1.191004e+00 8.542859e+00 3.506809e-03 4.398273e+00
39627889661971640 1.796242e+00 1.033675e+01 1.116452e-01 -1.543582e+00 1.772514e+00 1.052442e+01 1.022622e-01 -1.073473e+00
39633127517193792 1.360384e+00 1.079016e+01 5.199827e-01 4.303497e+00 1.333870e+00 1.122058e+01 5.726533e-01 5.606526e-02
39627768857628824 1.129638e+00 1.150843e+01 5.771350e-01 3.503186e+00 1.209206e+00 1.118458e+01 6.330034e-01 2.275415e+00
39627904958599656 1.543500e+00 1.026064e+01 4.072401e-01 3.504835e+00 1.605619e+00 1.088512e+01 4.371732e-01 -6.186154e-01
39627836100709984 1.532127e+00 1.045446e+01 2.104866e-01 1.021479e+00 1.514576e+00 1.059724e+01 2.160732e-01 3.950599e-01
39627796330320784 1.630688e+00 9.849724e+00 1.722778e-01 -1.576856e+00 1.698353e+00 1.038528e+01 1.647743e-01 -1.599608e+00
39627757533006912 1.850225e+00 1.068188e+01 1.874911e-01 -1.251448e+00 1.777252e+00 1.068810e+01 1.880635e-01 -8.978791e-01
39633114133170432 1.235823e+00 9.722290e+00 6.631998e-02 2.888938e+00 1.238993e+00 9.757421e+00 5.310044e-02 3.573860e+00
39627764118062632 1.060448e+00 8.549498e+00 5.336821e-02 2.979402e+00 1.159761e+00 8.444894e+00 4.776017e-02 3.509705e+00
39627774935173200 1.252269e+00 9.938963e+00 9.847037e-02 1.466465e+00 1.276819e+00 9.690906e+00 6.456609e-02 1.448979e+00
39633158135614064 1.414422e+00 1.047773e+01 1.323461e-01 2.034523e+00 1.443102e+00 1.062059e+01 1.536681e-01 1.289209e+00
39627739975649008 1.283762e+00 9.750884e+00 1.282932e-01 -1.549536e+00 1.416291e+00 9.618997e+00 1.023381e-01 -6.633539e-01
39627763648303024 1.533486e+00 9.757947e+00 1.160549e-01 -2.652916e-01 1.490268e+00 9.762796e+00 1.128116e-01 -1.743742e-01
39627792983264072 1.348849e+00 1.027933e+01 1.942723e-01 2.793256e+00 1.363381e+00 1.027011e+01 2.083418e-01 7.853835e-01
39627835530285040 1.739004e+00 1.093736e+01 4.854775e-01 -8.085962e-02 1.711301e+00 1.126557e+01 4.986979e-01 -8.097485e-01
39627808397335072 1.490316e+00 1.136402e+01 4.723271e-01 1.037805e-01 1.709164e+00 1.131845e+01 4.970673e-01 -8.990676e-01
39627769679713960 1.265767e+00 9.079143e+00 1.004299e-01 3.459990e+00 1.196738e+00 9.361463e+00 1.168644e-01 3.176544e+00
39627805436152976 1.278682e+00 1.107107e+01 4.603607e-01 8.449215e-01 1.327753e+00 1.096715e+01 4.693414e-01 9.222198e-01
39627791137774816 1.205812e+00 1.053411e+01 1.956367e-01 3.300987e+00 1.249890e+00 1.040901e+01 1.730776e-01 3.363278e+00
39627770287887744 1.349506e+00 1.036039e+01 1.800925e-01 3.094920e+00 1.375004e+00 1.043399e+01 1.791078e-01 1.147631e+00
39627658622929616 1.257519e+00 1.066126e+01 2.701816e-01 1.082088e+00 1.403826e+00 1.052374e+01 2.660417e-01 1.623673e+00
39627740042758272 1.508134e+00 1.081130e+01 2.563568e-01 -1.100592e+00 1.435672e+00 1.085548e+01 2.672748e-01 7.446046e-01
39627806564419960 1.006728e+00 8.302643e+00 5.565732e-02 3.346730e+00 1.038813e+00 7.846652e+00 3.468667e-02 1.226655e+00
39627883630562672 1.489823e+00 1.050655e+01 1.356786e-01 -5.993638e-01 1.586849e+00 1.050208e+01 1.264963e-01 -2.050906e-01
39633153953892296 1.548219e+00 1.087339e+01 2.112014e-01 1.249029e+00 1.532708e+00 1.083804e+01 2.016490e-01 9.782540e-01
39627787815880744 1.785141e+00 1.091716e+01 2.749789e-01 -2.190512e+00 1.785110e+00 1.098106e+01 2.789262e-01 -1.214841e+00
39627806518285592 1.730963e+00 1.091625e+01 1.774269e-01 -1.026197e+00 1.812958e+00 1.081755e+01 1.662950e-01 -8.827978e-01
39627764285834472 1.539028e+00 1.070757e+01 2.150016e-01 -9.017668e-02 1.614036e+00 1.056819e+01 2.178134e-01 5.573878e-01
39627799123723256 1.563150e+00 1.089728e+01 4.779864e-01 2.163766e+00 1.559928e+00 1.095071e+01 4.922500e-01 1.115801e-01
39627847349835224 1.534840e+00 1.059800e+01 1.973658e-01 -7.609515e-01 1.526641e+00 1.083921e+01 2.195200e-01 4.160575e-01
39633144982276424 1.817813e+00 1.107080e+01 2.808337e-01 -1.633351e+00 1.829600e+00 1.117763e+01 2.776072e-01 -9.849423e-01
39627688784170576 1.836467e+00 1.110663e+01 3.219884e-01 -1.095372e+00 1.799356e+00 1.117521e+01 3.170709e-01 -9.510249e-01
39627829243024032 1.566828e+00 1.101832e+01 3.213782e-01 -1.148133e-02 1.581244e+00 1.122310e+01 3.261817e-01 5.542380e-02
39627781188879816 1.721921e+00 1.092167e+01 4.136792e-01 6.747675e-02 1.659544e+00 1.113417e+01 4.222112e-01 -8.021930e-01
39627769620989720 1.251449e+00 9.767162e+00 1.209933e-01 2.734533e+00 1.219321e+00 9.742120e+00 1.199386e-01 2.458999e+00
39627780974969704 1.142752e+00 1.018735e+01 3.036090e-01 -1.354692e-01 1.204020e+00 1.025644e+01 3.541627e-01 1.603499e+00
39633127718522072 1.720152e+00 1.061314e+01 1.578749e-01 -4.241393e-01 1.789437e+00 1.067257e+01 1.369223e-01 -1.179925e+00
39627836184594648 1.645604e+00 1.145054e+01 5.624113e-01 1.124086e+00 1.682814e+00 1.153115e+01 6.277806e-01 -1.640167e-01
39627818518186920 1.428290e+00 1.031765e+01 1.418526e-01 -6.413334e-03 1.421422e+00 1.027920e+01 1.190173e-01 8.377281e-01
39627830484533648 1.802391e+00 1.055571e+01 1.451259e-01 -1.119598e+00 1.783469e+00 1.063646e+01 1.511344e-01 -9.543693e-01
39627752042664152 1.702432e+00 1.063287e+01 2.424986e-01 -2.551137e+00 1.676859e+00 1.062744e+01 2.513138e-01 -1.414878e+00
39627829322713008 1.732947e+00 1.088452e+01 2.229369e-01 -6.280927e-01 1.746862e+00 1.089190e+01 2.243537e-01 -1.128832e+00
39627812562276256 1.112077e+00 9.938973e+00 2.909228e-01 5.403617e+00 1.186898e+00 1.000354e+01 3.124057e-01 4.033644e+00
39627800277157256 1.705869e+00 1.063880e+01 9.046660e-02 -7.351328e-01 1.798934e+00 1.053803e+01 7.248887e-02 -1.278970e+00
39627818534966224 1.330040e+00 1.080768e+01 2.990606e-01 7.958410e-01 1.405636e+00 1.068317e+01 2.903925e-01 6.650588e-01
39627755129671096 1.610342e+00 1.037569e+01 2.274674e-01 -1.368135e+00 1.602649e+00 1.041320e+01 2.160807e-01 -1.015040e+00
39627776306709744 1.800851e+00 1.110672e+01 2.548138e-01 -7.698443e-01 1.809724e+00 1.105289e+01 2.597362e-01 -9.078239e-01
39627775044224000 1.268089e+00 9.447603e+00 7.630647e-02 -1.379684e+00 1.165929e+00 8.968914e+00 3.022322e-02 7.543247e-01
39627781658640616 9.827012e-01 9.633823e+00 1.780024e-01 1.212044e+00 1.174126e+00 9.453205e+00 1.807667e-01 2.168861e+00
39627758128599936 1.116340e+00 9.137051e+00 1.370643e-01 2.099059e+00 1.133857e+00 9.123080e+00 1.216795e-01 3.213151e+00
39627788340173488 1.298532e+00 9.200298e+00 7.849809e-02 2.609500e+00 1.256395e+00 9.053899e+00 6.122771e-02 1.407826e+00
39627830035748544 1.547698e+00 1.057274e+01 2.619267e-01 1.442257e+00 1.717067e+00 1.064500e+01 2.334722e-01 -8.937699e-02
39627755008040792 1.576088e+00 1.045602e+01 1.208884e-01 3.250421e+00 1.586495e+00 1.067569e+01 1.554426e-01 -1.936980e-01
39627793029399368 1.618175e+00 1.117625e+01 4.839562e-01 -2.288004e+00 1.715498e+00 1.128410e+01 5.004751e-01 -1.111382e+00
39627770321442368 1.367663e+00 1.068536e+01 2.875576e-01 3.300478e+00 1.434053e+00 1.061533e+01 2.512028e-01 1.333326e+00
39627772208880616 1.770381e+00 1.102692e+01 4.430507e-01 1.309307e+00 1.592942e+00 1.136723e+01 4.777418e-01 -1.399383e+00
39627853683232936 1.751027e+00 1.100508e+01 3.051448e-01 -8.401297e-01 1.744056e+00 1.094641e+01 2.998804e-01 -1.128827e+00
39627841326812216 1.887004e+00 1.088050e+01 1.955404e-01 -3.141178e-01 1.798280e+00 1.090129e+01 1.943745e-01 -1.180453e+00
39627805176107688 1.294469e+00 1.019210e+01 1.887230e-01 4.098392e+00 1.288790e+00 1.024458e+01 1.970541e-01 2.411657e+00
39627694807195968 1.755361e+00 1.100095e+01 4.794627e-01 -2.920552e-01 1.534032e+00 1.107474e+01 5.199237e-01 -9.702625e-01
39627790730925648 1.154373e+00 1.037178e+01 1.701459e-01 2.590669e+00 1.196259e+00 1.011081e+01 1.583478e-01 2.590274e+00
39627700800856560 1.405139e+00 1.086754e+01 3.178772e-01 -3.018010e+00 1.290877e+00 1.110193e+01 3.914106e-01 3.973420e-01
39627778319977272 1.846470e+00 1.123598e+01 4.083629e-01 -1.822983e+00 1.714598e+00 1.131110e+01 4.321778e-01 -1.338779e+00
39627752097186608 1.211012e+00 9.842615e+00 1.393574e-01 -5.941114e-01 1.168625e+00 9.891557e+00 1.439976e-01 -1.347299e+00
39627769805542032 1.576123e+00 1.111229e+01 3.888678e-01 -9.618275e-01 1.663621e+00 1.111753e+01 4.088349e-01 -9.572299e-01
39627800444932496 1.209890e+00 1.133854e+01 3.750713e-01 7.830881e+00 1.593218e+00 1.089797e+01 3.504563e-01 1.644830e+00
39627766617869112 1.099160e+00 9.607708e+00 8.698543e-02 3.724391e+00 1.196265e+00 9.221321e+00 5.577488e-02 3.992607e+00
39627762868163280 1.318329e+00 1.053183e+01 2.051664e-01 2.305678e+00 1.315663e+00 1.063031e+01 2.093765e-01 2.568808e+00
39627812625189384 1.297879e+00 1.013679e+01 1.920011e-01 2.690535e-01 1.254885e+00 9.960128e+00 1.506591e-01 4.213113e-02
39627772338900792 1.833923e+00 1.106562e+01 3.518103e-01 -7.437371e-01 1.804233e+00 1.132859e+01 3.643485e-01 -7.350769e-01
39627664629173584 1.784732e+00 1.039243e+01 8.560677e-02 -4.728564e-01 1.712517e+00 1.039091e+01 5.731118e-02 -8.291612e-01
39627676721351424 1.677854e+00 1.090869e+01 4.498591e-01 -5.345094e-01 1.710663e+00 1.118932e+01 4.476949e-01 -6.583209e-01
39627786909912800 1.232247e+00 1.038310e+01 2.313940e-01 1.308246e+00 1.255763e+00 1.045574e+01 2.526563e-01 2.974858e+00
39627746162246624 1.200008e+00 1.001274e+01 1.348511e-01 4.095711e+00 1.238616e+00 9.956965e+00 1.439126e-01 2.804894e+00
39627787757163800 1.797764e+00 1.044684e+01 1.517280e-01 -1.092994e+00 1.766785e+00 1.062583e+01 1.505076e-01 -1.069476e+00
39627764331970840 1.734172e+00 1.117081e+01 4.020002e-01 -1.083956e+00 1.744279e+00 1.121617e+01 4.310770e-01 -9.788214e-01
39627744820073840 1.650839e+00 1.183665e+01 6.068125e-01 1.221167e+00 1.643333e+00 1.141167e+01 5.208052e-01 -3.451004e-01
39627836012630888 1.150107e+00 1.054470e+01 2.613018e-01 2.738765e+00 1.221675e+00 1.037283e+01 2.499137e-01 3.675854e+00
39627811941516416 1.672178e+00 1.038321e+01 1.860489e-01 3.276835e-01 1.672182e+00 1.050557e+01 1.891981e-01 2.760563e-01
39627751602258928 1.422403e+00 1.018051e+01 1.761336e-01 1.567481e+00 1.704464e+00 1.015209e+01 1.239693e-01 -1.016871e+00
39627805775891072 1.609678e+00 9.972963e+00 1.048190e-01 -5.831239e-02 1.593805e+00 9.904380e+00 8.223900e-02 9.227194e-01
39627803217367248 1.041304e+00 1.025506e+01 5.210375e-01 4.636807e+00 1.116134e+00 1.064964e+01 4.895068e-01 4.024089e+00
39633127391364576 1.887716e+00 1.080442e+01 1.823145e-01 -1.629031e+00 1.773388e+00 1.088828e+01 1.789308e-01 -1.461390e+00
39627775853728232 1.894608e+00 1.096647e+01 2.310432e-01 -9.643404e-01 1.829853e+00 1.109978e+01 2.292785e-01 -9.144663e-01
39627805889136448 1.264860e+00 1.140983e+01 5.601262e-01 4.520344e+00 1.337369e+00 1.108559e+01 5.649724e-01 2.693959e+00
39627774842903056 1.089356e+00 8.159751e+00 4.981814e-02 1.735371e+00 1.085145e+00 7.655642e+00 1.883529e-02 1.800296e+00
39627778668103024 1.768450e+00 1.066991e+01 1.798892e-01 -2.079168e-01 1.799213e+00 1.074193e+01 1.662732e-01 -1.269864e+00
39627799069198400 1.768915e+00 1.037360e+01 2.193868e-01 -9.486451e-01 1.718807e+00 1.063611e+01 2.153438e-01 -1.103561e+00
39627829364654720 1.267751e+00 1.047108e+01 2.021167e-01 -2.339607e+00 1.274117e+00 1.036758e+01 1.913752e-01 1.832500e+00
39627812595832216 1.593608e+00 1.080504e+01 3.741752e-01 -2.930563e-01 1.624686e+00 1.102771e+01 3.857733e-01 -7.599193e-01
39633145393317904 1.708966e+00 1.105919e+01 3.628106e-01 2.119262e-01 1.731713e+00 1.101852e+01 3.673511e-01 -7.168877e-01
39627730865624088 1.728648e+00 1.127393e+01 4.407692e-01 -1.007516e+00 1.757970e+00 1.129898e+01 4.600275e-01 -1.137541e+00
39627772288572776 1.105855e+00 7.404176e+00 2.373506e-02 5.262296e+00 1.172137e+00 7.418953e+00 0.000000e+00 4.167229e+00
39627929247814504 1.664414e+00 1.044387e+01 1.055791e-01 -1.212802e+00 1.832099e+00 1.075022e+01 1.077141e-01 -1.362144e+00
39627820632118072 1.592923e+00 1.119097e+01 4.430031e-01 2.719035e-01 1.680838e+00 1.137768e+01 4.776714e-01 -9.162084e-01
39627812541303944 1.514249e+00 1.053405e+01 1.303174e-01 -5.140406e-01 1.714208e+00 1.055940e+01 1.062534e-01 -8.749114e-01
39627824520235424 1.385201e+00 1.000001e+01 1.692158e-01 2.618629e+00 1.465965e+00 1.000676e+01 1.320874e-01 -1.770713e-01
39627847433720056 1.675107e+00 1.073098e+01 2.300510e-01 -8.968428e-01 1.720024e+00 1.074409e+01 2.366538e-01 -1.285281e+00
39633114036700296 1.433088e+00 1.034889e+01 1.753621e-01 -3.853216e+00 1.406711e+00 1.012084e+01 1.495261e-01 -2.894592e-01
39627853452542264 1.385495e+00 1.045988e+01 1.961358e-01 3.007481e+00 1.420789e+00 1.047220e+01 1.490455e-01 1.016790e+00
39627751585483568 1.203869e+00 9.221656e+00 6.873316e-02 5.049499e+00 1.194524e+00 9.149048e+00 5.892891e-02 4.273046e+00
39627773156786992 1.308499e+00 9.013073e+00 4.556952e-02 2.780787e+00 1.330258e+00 9.091923e+00 2.385877e-02 2.045655e+00
39627829180107280 1.510247e+00 1.112753e+01 3.906396e-01 -4.358959e+00 1.450834e+00 1.111137e+01 3.879908e-01 2.749044e-01
39627788382111680 1.747242e+00 1.075733e+01 3.356761e-01 -6.604888e-01 1.623740e+00 1.086123e+01 3.620635e-01 -4.721575e-01
39627770245939552 1.518222e+00 1.057818e+01 3.073031e-01 1.611260e+00 1.560613e+00 1.069162e+01 2.967378e-01 1.825132e+00
39627847354027288 1.766449e+00 9.820438e+00 1.179049e-01 -2.968319e+00 1.686841e+00 1.010841e+01 1.106992e-01 -1.134034e+00
39633154041974968 1.795428e+00 1.103882e+01 5.184034e-01 -4.734248e-01 1.699788e+00 1.128692e+01 5.545151e-01 -7.604674e-01
39627778697469528 1.634529e+00 1.042276e+01 2.969323e-01 3.619067e-01 1.499861e+00 1.067662e+01 2.760770e-01 -8.708153e-01
39627733969404976 1.823328e+00 1.107962e+01 3.362631e-01 -3.989068e-01 1.762559e+00 1.116351e+01 3.512164e-01 -7.992435e-01
39627763484722024 1.510367e+00 1.022833e+01 1.332860e-01 -4.505759e-01 1.540187e+00 1.025412e+01 1.076013e-01 -4.871253e-01
39627770254329896 1.695336e+00 1.073617e+01 1.319172e-01 -1.218498e+00 1.801140e+00 1.061751e+01 1.204890e-01 -1.042980e+00
39627812503555112 1.831379e+00 1.036419e+01 1.174755e-01 -1.369146e+00 1.781812e+00 1.041538e+01 1.091673e-01 -1.098376e+00
39627824079831456 1.334880e+00 1.036551e+01 1.324759e-01 1.886765e+00 1.295072e+00 1.029419e+01 1.253465e-01 2.498832e+00
39627817121483088 1.880900e+00 1.064152e+01 2.673004e-01 3.061875e-01 1.650932e+00 1.059052e+01 2.538378e-01 8.612814e-01
39627776222822720 1.190895e+00 1.009813e+01 1.528352e-01 3.672682e+00 1.237993e+00 9.617835e+00 1.083463e-01 3.092341e+00
39627634497296776 1.640471e+00 1.127660e+01 4.285743e-01 -4.007232e+00 1.661623e+00 1.112621e+01 4.325002e-01 -8.091524e-01
39627776285741776 1.301034e+00 1.063793e+01 3.080657e-01 5.593391e+00 1.314407e+00 1.060853e+01 3.326640e-01 2.412931e+00
39627778638742248 1.106384e+00 8.455572e+00 3.767568e-02 2.133673e+00 1.165946e+00 7.987827e+00 7.970974e-03 3.666922e+00
39633286363873552 1.479564e+00 1.067977e+01 2.713816e-01 2.839700e-01 1.660552e+00 1.053767e+01 2.627406e-01 -1.036878e+00
39627800373627712 1.563486e+00 1.014534e+01 1.497146e-01 3.328814e-01 1.492067e+00 1.012575e+01 1.343302e-01 -3.916099e-01
39627796355487016 1.143891e+00 9.880918e+00 9.388061e-02 5.183007e+00 1.149086e+00 9.837122e+00 7.796402e-02 4.251142e+00
39633131908630808 1.661460e+00 1.111620e+01 6.038355e-01 2.808316e+00 1.625103e+00 1.135366e+01 6.415088e-01 1.507803e+00
39627782245844704 1.267734e+00 1.040658e+01 2.626243e-01 2.303063e+00 1.268389e+00 1.030738e+01 2.417562e-01 3.061533e+00
39627745554075808 1.577399e+00 1.042212e+01 2.005683e-01 -1.676393e+00 1.676062e+00 1.047052e+01 2.010470e-01 -9.011116e-01
39627811056518168 1.162244e+00 8.789856e+00 3.941197e-02 5.824708e+00 1.167799e+00 8.551003e+00 1.387481e-02 5.003683e+00
39627670593478200 1.244681e+00 1.103715e+01 4.912210e-01 1.136138e+00 1.264893e+00 1.094967e+01 5.142179e-01 1.515492e+00
39627805939469352 1.564205e+00 1.041247e+01 8.238859e-02 -3.128985e+00 1.556461e+00 1.065802e+01 1.129620e-01 -3.384356e-01
39627817331198912 1.762875e+00 1.033655e+01 8.815498e-02 -2.299107e+00 1.792652e+00 1.022657e+01 5.540036e-02 -1.245786e+00
39627805318712864 1.755710e+00 1.080822e+01 3.655909e-01 3.913682e-01 1.674335e+00 1.117638e+01 3.856440e-01 -3.861386e-01
39627911187138816 1.886255e+00 1.098647e+01 2.632262e-01 -1.719292e+00 1.821366e+00 1.111554e+01 2.826099e-01 -1.085479e+00
39627817402502600 1.715314e+00 1.018559e+01 8.858746e-02 -9.096111e-01 1.752461e+00 1.032461e+01 7.948735e-02 -1.044492e+00
39627764092900320 1.424595e+00 9.956873e+00 9.263399e-02 1.975543e+00 1.565891e+00 9.615385e+00 4.681112e-02 3.739825e-01
39627745407271312 1.595576e+00 1.039048e+01 1.758091e-01 -9.484369e-01 1.583619e+00 1.032252e+01 1.778351e-01 -1.090700e+00
39627764235507088 1.259670e+00 9.839394e+00 2.159735e-01 4.543310e+00 1.203396e+00 9.787962e+00 2.070336e-01 3.186938e+00
39627757558171984 1.329250e+00 9.968136e+00 9.258363e-02 -6.318091e-01 1.373754e+00 9.936692e+00 9.099454e-02 2.901158e-01
39627761085584840 1.835829e+00 1.126358e+01 4.088605e-01 -1.650348e+00 1.540805e+00 1.136788e+01 3.937688e-01 -6.391582e-01
39627788369531624 1.673871e+00 1.138324e+01 5.437063e-01 -1.898064e+00 1.645249e+00 1.145362e+01 6.043871e-01 -3.309648e-01
39627811928937232 1.626947e+00 9.846372e+00 1.123974e-01 1.089021e+00 1.575178e+00 9.790797e+00 9.547192e-02 -6.313554e-01
39627745549878888 1.265818e+00 1.036922e+01 1.740838e-01 -3.454791e+00 1.452131e+00 1.004965e+01 1.508393e-01 -2.721506e-01
39627752172686768 1.646175e+00 1.072515e+01 2.493275e-01 -5.588335e-01 1.718857e+00 1.091172e+01 2.368692e-01 -8.469069e-01
39627788298226352 1.486242e+00 1.091521e+01 2.573529e-01 1.750265e+00 1.624847e+00 1.068119e+01 2.496589e-01 -4.096520e-01
39627811417227344 1.454634e+00 1.038431e+01 1.729403e-01 -6.380975e-01 1.504082e+00 1.045904e+01 1.421500e-01 1.833709e-01
39627830648113248 1.227849e+00 9.829376e+00 2.187816e-01 2.648956e+00 1.270562e+00 9.999867e+00 2.314587e-01 4.443873e+00
39627763627331192 1.699298e+00 1.073626e+01 2.793194e-01 4.808666e-01 1.813862e+00 1.108392e+01 2.858608e-01 -1.059759e+00
39627835362509480 1.567049e+00 9.437073e+00 5.859290e-02 -7.628599e-01 1.455428e+00 9.495097e+00 4.081088e-02 5.348646e-01
39627859450402264 1.524960e+00 1.003899e+01 1.139790e-01 4.298096e-01 1.651408e+00 9.817362e+00 7.066429e-02 -3.374577e-01
39627923082187464 1.480462e+00 1.101369e+01 2.266710e-01 -2.267823e+00 1.620992e+00 1.102268e+01 2.109264e-01 -1.510066e+00
39627745440828208 1.628103e+00 1.015536e+01 1.760495e-01 1.627363e+00 1.533677e+00 1.023597e+01 1.504173e-01 -5.288095e-01
39627746187411952 1.026197e+00 1.006426e+01 2.176557e-01 -3.813190e+00 1.154567e+00 1.001432e+01 2.237775e-01 6.745567e-01
39627775652400640 1.794357e+00 1.054863e+01 1.629138e-01 -7.261233e-01 1.810827e+00 1.071250e+01 1.509170e-01 -1.139407e+00
39627772695413328 1.142485e+00 1.023525e+01 1.973410e-01 4.092656e+00 1.173166e+00 1.015165e+01 1.553568e-01 3.828765e+00
39627700826019264 1.710346e+00 1.151217e+01 6.697062e-01 6.952806e-01 1.635277e+00 1.161488e+01 7.245571e-01 4.446576e-01
39627794384163872 1.362266e+00 1.069418e+01 2.280752e-01 -4.219223e+00 1.481346e+00 1.080412e+01 2.400469e-01 -4.412694e-01
39627793973117744 1.860134e+00 1.098664e+01 3.470538e-01 -1.362745e+00 1.740171e+00 1.110456e+01 3.775864e-01 -3.147011e-01
39633158244666344 1.730170e+00 1.077194e+01 4.809081e-01 -1.021752e+00 1.589180e+00 1.116830e+01 5.008631e-01 -1.178954e+00
39633118394582984 1.662632e+00 1.109652e+01 3.483500e-01 -2.931374e-01 1.711218e+00 1.113348e+01 3.546499e-01 -1.051000e-01
39633149411459704 1.568152e+00 1.034247e+01 1.028052e-01 1.346879e+00 1.499493e+00 1.034588e+01 7.897991e-02 1.010701e+00
39627751539346528 1.426228e+00 1.024077e+01 1.823021e-01 -2.175054e-01 1.433382e+00 1.036256e+01 1.781847e-01 -5.458019e-01
39633145359762160 1.429124e+00 9.777524e+00 1.024297e-01 -7.351018e-01 1.353382e+00 9.828025e+00 1.105480e-01 8.754413e-01
39627788344366264 1.188238e+00 1.017085e+01 2.108462e-01 2.856924e+00 1.235276e+00 1.001972e+01 2.186504e-01 8.383327e-01
39633140829916800 1.925091e+00 1.102230e+01 2.678729e-01 -1.723294e+00 1.827753e+00 1.113247e+01 2.869349e-01 -1.137397e+00
39627812495165336 1.180553e+00 9.158531e+00 1.230187e-01 9.147580e-01 1.158017e+00 9.003876e+00 1.046045e-01 2.333566e+00
39627784691124296 1.176875e+00 9.703292e+00 7.990970e-02 6.302927e-01 1.286762e+00 9.624471e+00 6.806336e-02 1.948231e+00
39627844782921000 1.665052e+00 1.076528e+01 2.370380e-01 -1.341997e+00 1.768917e+00 1.084813e+01 2.269920e-01 -1.506089e+00
39627800356850248 1.698553e+00 1.086577e+01 2.401707e-01 -1.261107e+00 1.786775e+00 1.083198e+01 2.078900e-01 -1.192295e+00
39627812453221568 1.895064e+00 1.062361e+01 2.030760e-01 -2.819242e+00 1.719536e+00 1.066567e+01 2.199460e-01 -1.092455e+00
39627778563252640 1.794592e+00 1.056745e+01 1.194169e-01 -1.579955e+00 1.808273e+00 1.078077e+01 1.175903e-01 -1.250056e+00
39627770363380240 1.160371e+00 9.581036e+00 7.637179e-02 4.016824e+00 1.153370e+00 9.508471e+00 5.046700e-02 4.162760e+00
39627841326813280 1.888724e+00 1.087938e+01 2.730986e-01 -4.773699e-01 1.805187e+00 1.104299e+01 2.706358e-01 -9.816744e-01
39627772338897920 2.049702e+00 1.076770e+01 3.977110e-01 -1.073950e+00 1.786370e+00 1.131999e+01 4.182144e-01 -6.300119e-01
39627811106850120 1.264858e+00 9.790297e+00 1.769626e-01 4.724165e+00 1.222380e+00 9.862086e+00 1.810095e-01 2.591987e+00
39627745667320048 1.589581e+00 9.883741e+00 8.898413e-02 1.045005e+00 1.622983e+00 9.940656e+00 5.716282e-02 6.177903e-01
39627745948341104 1.663487e+00 1.096509e+01 2.463153e-01 -1.220490e+00 1.771755e+00 1.100961e+01 2.500910e-01 -1.221050e+00
39627782388451360 1.262332e+00 9.556400e+00 1.469802e-01 3.877754e+00 1.248369e+00 9.635295e+00 1.252489e-01 1.423442e+00
39627745403079248 1.725020e+00 1.035561e+01 2.083631e-01 -2.353673e-01 1.660246e+00 1.048977e+01 2.145752e-01 -3.351693e-01
39627787132208072 1.717087e+00 1.096420e+01 3.415387e-01 -1.215853e+00 1.788233e+00 1.121697e+01 3.630530e-01 -6.638674e-01
39627805226438144 1.431034e+00 9.845201e+00 7.674176e-02 1.447237e+00 1.282946e+00 9.948277e+00 4.097201e-02 3.074204e+00
39627802630162096 1.704386e+00 1.099832e+01 3.377407e-01 1.956381e-01 1.663463e+00 1.103212e+01 3.547547e-01 -4.770095e-01
39627794245750528 1.639386e+00 1.049363e+01 1.102529e-01 1.521097e-01 1.551050e+00 1.053478e+01 9.371890e-02 -1.012895e-01
39627805188689224 1.500179e+00 1.137610e+01 4.721565e-01 -1.587821e-02 1.523331e+00 1.130254e+01 4.790761e-01 -6.017761e-01
39627824021115608 1.099332e+00 8.882984e+00 5.417614e-02 5.609805e+00 1.146027e+00 8.380235e+00 2.878124e-02 5.423654e+00
39636677148281536 1.615050e+00 1.111779e+01 3.140246e-01 -1.802799e+00 1.680382e+00 1.113782e+01 3.204237e-01 -1.095532e+00
39627796347098704 1.666540e+00 1.101607e+01 3.201045e-01 2.071839e-01 1.668428e+00 1.105255e+01 3.562884e-01 -7.286017e-01
39627824046279912 1.517878e+00 9.997289e+00 1.093968e-01 6.120153e-01 1.492196e+00 1.006749e+01 1.152371e-01 2.841268e-01
39627824067250176 1.258999e+00 1.062900e+01 1.876980e-01 8.720468e-01 1.341502e+00 1.052171e+01 1.936432e-01 1.748083e+00
39627794509988672 1.688687e+00 1.085916e+01 1.467760e-01 -1.630786e+00 1.810235e+00 1.080730e+01 1.401241e-01 -1.379577e+00
39627817121485856 1.671297e+00 1.021173e+01 1.483702e-01 5.083129e-01 1.708886e+00 1.026035e+01 1.182587e-01 -7.208347e-03
39633140699891424 1.739709e+00 1.091311e+01 2.213496e-01 -1.791250e+00 1.791838e+00 1.096351e+01 2.176070e-01 -9.297894e-01
39627762784277456 1.170431e+00 9.390818e+00 1.507084e-01 3.807256e+00 1.157774e+00 9.320505e+00 1.619541e-01 3.013195e+00
39627871529993344 1.703259e+00 1.053758e+01 1.266085e-01 -4.662957e-01 1.540094e+00 1.063720e+01 1.373110e-01 6.697491e-01
39627786918302800 1.154137e+00 1.020448e+01 3.784205e-01 4.011634e+00 1.233027e+00 1.052004e+01 3.630374e-01 3.186992e+00
39627782342314416 1.077556e+00 8.792358e+00 1.342177e-01 4.982432e+00 1.123741e+00 9.156365e+00 1.433861e-01 3.574752e+00
39627779007847552 1.101998e+00 1.046917e+01 2.792187e-01 4.859031e+00 1.149372e+00 9.971638e+00 2.204845e-01 4.719908e+00
39627818698539192 1.412560e+00 1.129346e+01 4.127931e-01 -7.047158e-01 1.548268e+00 1.128322e+01 4.774806e-01 -8.091319e-02
39627724909708568 1.699236e+00 1.110964e+01 5.432274e-01 7.212940e-02 1.651252e+00 1.145165e+01 5.966517e-01 -5.627472e-01
39627802395289184 1.576125e+00 1.020670e+01 8.729168e-02 -1.817067e+00 1.520046e+00 1.005789e+01 4.997905e-02 8.402920e-01
39627782363289376 1.312624e+00 1.015356e+01 3.021802e-01 1.595607e+00 1.212025e+00 1.018841e+01 3.122252e-01 1.784157e+00
39627850961131328 1.624461e+00 1.123226e+01 4.722769e-01 5.444442e-01 1.513640e+00 1.129148e+01 5.251200e-01 2.035065e-01
39627841603636040 1.471255e+00 1.071860e+01 3.608110e-01 -1.145698e+00 1.535461e+00 1.088191e+01 3.830711e-01 -9.063752e-01
39627805897528112 1.730829e+00 1.072609e+01 2.236050e-01 1.731729e-01 1.703090e+00 1.073851e+01 2.374625e-01 -8.497708e-01
39627817977119840 1.863669e+00 1.030646e+01 2.539911e-01 -4.392744e-01 1.684553e+00 1.075620e+01 2.670472e-01 5.573325e-01
39627740076311344 1.104463e+00 9.481073e+00 1.397208e-01 5.624627e+00 1.123762e+00 9.566200e+00 1.122001e-01 4.509892e+00
39627845164600672 1.822395e+00 1.133552e+01 4.638946e-01 -1.790539e+00 1.702132e+00 1.129937e+01 4.982331e-01 -6.114482e-01
39627919844182848 1.677677e+00 1.102799e+01 4.778521e-01 4.868713e-01 1.626156e+00 1.115750e+01 4.999038e-01 2.250448e-01
39627824629288904 1.446688e+00 1.077196e+01 2.637041e-01 1.471624e+00 1.446905e+00 1.064309e+01 2.725993e-01 6.473857e-01
39627818635625680 1.166636e+00 7.968955e+00 2.752932e-02 5.594531e+00 1.150622e+00 8.199959e+00 3.323078e-03 4.954823e+00
39627805788475568 1.795773e+00 1.068196e+01 1.347901e-01 -1.175738e+00 1.778539e+00 1.056766e+01 1.222638e-01 -1.318697e+00
39627764134843168 1.168177e+00 9.785790e+00 1.274844e-01 4.235588e+00 1.217750e+00 9.687567e+00 1.154067e-01 2.936942e+00
39627782308762096 1.269281e+00 1.050974e+01 1.490128e-01 2.095728e+00 1.320626e+00 1.025109e+01 1.169216e-01 2.178244e+00
39627758166348752 1.749079e+00 1.026997e+01 1.306933e-01 3.445088e-01 1.625954e+00 1.038691e+01 1.239840e-01 -9.981580e-01
39627794413523040 1.689026e+00 9.923350e+00 5.550176e-02 -1.216291e+00 1.734664e+00 1.000128e+01 5.191107e-02 -6.814883e-01
39627769822318000 1.421845e+00 1.096732e+01 3.975097e-01 -1.343466e+00 1.577372e+00 1.102434e+01 3.975352e-01 -8.202187e-01
39627847425328016 1.497244e+00 9.279608e+00 7.132406e-02 4.462312e+00 1.259410e+00 9.586647e+00 4.872295e-02 2.571294e+00
39627782304567344 1.520383e+00 1.088912e+01 3.213051e-01 -2.339617e-01 1.655744e+00 1.079521e+01 3.300264e-01 -9.343914e-01
39627805188686104 1.508772e+00 1.126033e+01 3.701056e-01 2.430560e+00 1.588753e+00 1.109583e+01 3.594294e-01 -5.782363e-01
39627776386401472 1.582107e+00 1.081655e+01 2.557937e-01 2.727568e-01 1.621907e+00 1.093808e+01 2.710406e-01 -4.166422e-01
39627823891089264 1.487172e+00 1.017353e+01 2.336602e-01 1.193787e+00 1.385975e+00 1.026361e+01 2.409250e-01 -1.069847e+00
39627830086076152 1.132774e+00 1.017451e+01 2.627064e-01 3.902518e+00 1.162501e+00 1.009997e+01 2.014489e-01 4.240444e+00
39627824562177576 1.325852e+00 1.051856e+01 2.297332e-01 3.266555e+00 1.294042e+00 1.065205e+01 2.722661e-01 2.876290e+00
39627830077688392 1.615456e+00 1.019830e+01 1.702457e-01 -1.372761e+00 1.626659e+00 1.024303e+01 1.885502e-01 -2.524633e-01
39633127370392368 1.391435e+00 1.050593e+01 8.135547e-02 1.440022e+00 1.502478e+00 1.008981e+01 2.302626e-02 1.371236e+00
39627806082073936 1.355336e+00 9.169543e+00 6.982300e-02 3.030106e+00 1.312272e+00 9.151124e+00 3.950241e-02 2.198634e+00
39627787304179488 1.144361e+00 9.039742e+00 8.182541e-02 4.530211e+00 1.171128e+00 8.887658e+00 5.009368e-02 4.380696e+00
39627751438683936 1.179627e+00 1.053743e+01 1.237046e-01 3.840319e+00 1.227764e+00 1.052100e+01 1.242698e-01 3.218137e+00
39627823928840816 1.062035e+00 1.010562e+01 2.288093e-01 -5.496057e-01 1.161504e+00 9.902690e+00 2.433858e-01 3.750349e+00
39627758116015584 1.688463e+00 1.033951e+01 1.480236e-01 -1.530694e+00 1.732694e+00 1.033103e+01 1.494918e-01 -1.337577e+00
39627782312956128 1.763780e+00 1.031911e+01 1.752886e-01 -7.912677e-01 1.731180e+00 1.048338e+01 1.648259e-01 -1.156156e+00
39627764231309792 1.689408e+00 1.076433e+01 2.297302e-01 1.017092e+00 1.704686e+00 1.075627e+01 2.280042e-01 -1.246819e+00
39627739556217400 1.742848e+00 1.026796e+01 8.257046e-02 -1.427625e+00 1.773268e+00 1.016991e+01 5.759141e-02 -1.050633e+00
39627793021014488 1.555386e+00 1.106943e+01 4.389210e-01 -8.235099e-01 1.481124e+00 1.103067e+01 4.775469e-01 -1.072380e+00
39627757512036864 1.629715e+00 1.044742e+01 2.365480e-01 -5.248414e-01 1.753815e+00 1.073773e+01 2.251281e-01 -1.003700e+00
39627809164890568 1.063806e+00 1.089367e+01 3.961792e-01 4.221321e+00 1.145235e+00 1.041298e+01 3.748206e-01 4.450634e+00
39627800491067704 1.157667e+00 9.799940e+00 1.629019e-01 2.730370e+00 1.181496e+00 9.719982e+00 1.502907e-01 3.853918e+00
39627811157180960 9.661984e-01 9.425766e+00 1.107010e-01 6.976038e-01 9.367651e-01 9.432600e+00 1.565218e-01 5.210454e-01
39627785081194920 1.724720e+00 1.129700e+01 3.499192e-01 -3.499670e+00 1.775252e+00 1.127012e+01 3.832619e-01 -7.859235e-01
39627817951956952 1.776307e+00 1.122178e+01 4.243825e-01 -2.416130e+00 1.749546e+00 1.123166e+01 4.163955e-01 -9.266437e-01
39627874877052576 1.431117e+00 1.060306e+01 3.371113e-01 1.824862e+00 1.452039e+00 1.108229e+01 3.721724e-01 7.616597e-01
39627800528819224 1.259984e+00 1.021282e+01 1.736466e-01 2.781152e+00 1.451826e+00 1.038581e+01 1.735174e-01 1.808782e+00
39627799794816280 1.132216e+00 9.213139e+00 1.596173e-01 5.059808e+00 1.138938e+00 9.174757e+00 1.287418e-01 3.744592e+00
39627817264091200 1.290557e+00 1.036285e+01 3.733068e-01 1.709126e+00 1.327690e+00 1.067222e+01 3.852730e-01 1.240256e+00
39627778655527912 1.643390e+00 1.009109e+01 9.924071e-02 -1.155177e+00 1.645489e+00 1.037967e+01 1.269737e-01 -6.520306e-01
39627775631431536 1.786893e+00 1.108120e+01 2.839459e-01 -2.607304e+00 1.811097e+00 1.108254e+01 2.942488e-01 -1.036705e+00
39627817876460544 1.508578e+00 1.151211e+01 6.287681e-01 7.630585e-01 1.674841e+00 1.165179e+01 6.954964e-01 1.741114e-01
39627851124704768 1.674102e+00 1.090165e+01 4.765372e-01 -3.878295e-01 1.675261e+00 1.124055e+01 5.070276e-01 -9.202706e-01
39627739459749336 1.220995e+00 1.046331e+01 1.858534e-01 2.523420e+00 1.232401e+00 1.031358e+01 1.785204e-01 3.363937e+00
39633132181261728 1.828783e+00 1.111713e+01 4.200990e-01 -9.061127e-01 1.736262e+00 1.109368e+01 4.025443e-01 -6.169198e-01
39627889733274928 1.574739e+00 1.137160e+01 5.380513e-01 -2.452648e-01 1.536219e+00 1.145044e+01 6.174505e-01 1.331685e+00
39627806501503128 1.216579e+00 1.066494e+01 2.306634e-01 4.472055e+00 1.220105e+00 1.040693e+01 2.161031e-01 3.102146e+00
39627811098464432 1.776781e+00 1.082655e+01 2.541505e-01 -9.700997e-01 1.799444e+00 1.089554e+01 2.427710e-01 -1.177138e+00
39627818493022504 1.669966e+00 1.017704e+01 1.449647e-01 -1.558712e+00 1.672341e+00 1.009751e+01 1.340662e-01 -7.344857e-01
39627841377145160 1.416629e+00 1.046806e+01 1.836621e-01 1.081303e+00 1.494263e+00 1.045910e+01 1.534716e-01 9.901718e-01
39627812474193664 1.616377e+00 1.059796e+01 1.439427e-01 1.037889e+00 1.630864e+00 1.049010e+01 1.222162e-01 -4.858179e-01
39627761102364048 1.762874e+00 1.059824e+01 1.160936e-01 -9.064609e-01 1.827080e+00 1.071889e+01 1.156153e-01 -1.217778e+00
39627766236187504 1.525765e+00 1.021413e+01 1.311934e-01 1.387956e+00 1.449441e+00 1.042538e+01 1.343906e-01 8.906258e-01
39627664679504024 1.470780e+00 1.124265e+01 4.504213e-01 -2.415296e+00 1.574155e+00 1.121572e+01 4.875347e-01 -2.022710e-01
39627775681761128 1.696016e+00 1.053851e+01 4.660442e-01 6.710131e-02 1.673859e+00 1.112553e+01 4.890424e-01 -7.123674e-01
39627806467954176 1.686206e+00 1.012556e+01 2.232165e-01 1.400138e+00 1.651573e+00 1.046367e+01 2.066616e-01 6.709293e-01
39627755045785408 1.486668e+00 1.039391e+01 1.674235e-01 -5.361078e-01 1.472020e+00 1.040665e+01 1.535533e-01 5.376567e-01
39627814919473040 1.156263e+00 9.362206e+00 2.084662e-01 2.226751e+00 1.174415e+00 9.711720e+00 2.058078e-01 3.491392e+00
39627790454104768 1.218865e+00 9.023483e+00 5.216982e-02 3.051224e+00 1.231306e+00 9.153614e+00 5.809504e-02 3.024070e+00
39627835261847288 1.692197e+00 1.079786e+01 3.014336e-01 -6.694623e-01 1.711930e+00 1.088462e+01 3.153861e-01 -9.632488e-01
39627733981988392 1.544373e+00 1.128466e+01 3.911115e-01 1.030637e+00 1.660032e+00 1.131269e+01 3.958715e-01 -5.818946e-01
39627751468043672 1.253566e+00 1.001915e+01 8.046561e-02 2.641572e+00 1.269757e+00 1.002630e+01 6.349075e-02 2.536929e+00
39627770166251552 1.796208e+00 1.078164e+01 2.779512e-01 -4.705068e-01 1.808465e+00 1.100522e+01 2.680769e-01 -8.028668e-01
39627818623044376 1.596066e+00 9.938920e+00 1.407162e-01 -3.418805e-01 1.535736e+00 9.804147e+00 1.289041e-01 6.940585e-01
39627784770816512 1.325302e+00 1.045631e+01 4.215098e-01 4.720374e+00 1.328791e+00 1.069504e+01 4.025112e-01 5.339530e+00
39627781834802152 1.196866e+00 1.051773e+01 1.373917e-01 2.944931e+00 1.223126e+00 1.047236e+01 1.476260e-01 3.234480e+00
39627835429618512 1.128261e+00 9.100862e+00 9.259842e-02 3.517807e+00 1.192706e+00 9.072453e+00 6.436692e-02 3.827438e+00
39627746036421584 1.851628e+00 1.107647e+01 3.119243e-01 -6.292367e-01 1.765676e+00 1.118699e+01 3.357044e-01 -8.447224e-01
39627768874404328 1.958724e+00 1.081035e+01 1.919609e-01 -1.413334e+00 1.811268e+00 1.087228e+01 1.903963e-01 -9.756080e-01
39627817155035360 1.188259e+00 9.846209e+00 1.299975e-01 1.573640e+00 1.252226e+00 9.428333e+00 7.501267e-02 1.634967e+00
39627782451369280 1.898551e+00 1.118688e+01 2.380308e-01 -5.845388e-01 1.857707e+00 1.116479e+01 2.460398e-01 -1.180511e+00
39627788411471488 1.452458e+00 1.054985e+01 2.118761e-01 1.521969e+00 1.531239e+00 1.029540e+01 1.974173e-01 1.381119e+00
39627664591427616 1.829933e+00 1.092513e+01 3.479260e-01 -1.021739e+00 1.735819e+00 1.109765e+01 3.693719e-01 -5.844105e-01
39627841351978232 1.253569e+00 9.669233e+00 1.246929e-01 1.838689e+00 1.254534e+00 9.601966e+00 1.127062e-01 2.240576e+00
39627787681664672 1.214879e+00 9.709749e+00 1.566406e-01 2.771991e+00 1.268300e+00 9.751321e+00 1.205834e-01 1.545430e+00
39627806421813872 1.601458e+00 1.070822e+01 2.623170e-01 9.928014e-01 1.579314e+00 1.060287e+01 2.724133e-01 -3.957140e-01
39627755054177824 1.154375e+00 8.869247e+00 1.061736e-01 2.696232e+00 1.143107e+00 8.900146e+00 8.979717e-02 3.792325e+00
39627751459654976 1.677263e+00 1.096201e+01 3.016053e-01 -1.792574e+00 1.749974e+00 1.103274e+01 3.127730e-01 -1.165567e+00
39627782371673600 1.709008e+00 1.063074e+01 2.791240e-01 -5.386960e-01 1.621657e+00 1.083766e+01 2.853090e-01 -1.474877e+00
39627800373625808 1.331615e+00 9.945885e+00 1.351729e-01 2.457289e+00 1.354666e+00 9.938061e+00 1.290523e-01 2.851424e+00
39627800499455744 1.660772e+00 1.083226e+01 3.627493e-01 -5.793555e-01 1.683685e+00 1.099117e+01 3.665696e-01 -2.146865e-01
39633127613662024 1.741892e+00 1.118716e+01 4.443491e-01 2.079167e-02 1.646810e+00 1.113990e+01 5.002651e-01 -2.269731e-01
39627835568034432 1.842975e+00 1.138675e+01 3.231944e-01 -1.352960e+00 1.827022e+00 1.132424e+01 3.322797e-01 -7.984298e-01
39627806547644752 1.390534e+00 1.057488e+01 1.797508e-01 1.775651e+00 1.472316e+00 1.059192e+01 1.469505e-01 1.203230e+00
39627769709069264 1.550682e+00 1.057770e+01 1.938424e-01 4.188403e-02 1.724423e+00 1.052173e+01 1.925408e-01 -1.042558e+00
39627781029499464 1.294382e+00 1.056051e+01 1.592808e-01 3.106630e+00 1.289689e+00 1.049905e+01 1.479995e-01 2.751083e+00
39627746049001472 1.688789e+00 1.033174e+01 1.251232e-01 -2.668040e-01 1.746895e+00 1.030516e+01 1.175864e-01 -1.257355e+00
39627752021690008 1.691848e+00 1.105882e+01 3.566597e-01 -3.148530e+00 1.633267e+00 1.114833e+01 3.981030e-01 -9.074099e-01
39627751438681208 1.081968e+00 7.570403e+00 1.992778e-02 3.478737e+00 1.094100e+00 6.966790e+00 0.000000e+00 2.676338e+00
39627724804852912 1.356822e+00 9.905523e+00 2.421014e-01 1.341526e+00 1.370616e+00 1.010446e+01 2.708620e-01 1.014553e+00
39627790810615632 1.336477e+00 1.087337e+01 4.075973e-01 2.860266e-01 1.319055e+00 1.071520e+01 4.102333e-01 7.901657e-01
39627847391774312 1.270072e+00 1.027160e+01 2.078355e-01 3.407995e+00 1.290260e+00 1.054068e+01 2.201479e-01 2.799278e+00
39627824520237840 1.342998e+00 1.089979e+01 3.662452e-01 6.996884e-01 1.371104e+00 1.090797e+01 3.772694e-01 1.413081e+00
39627808544132152 1.128052e+00 9.411863e+00 1.636069e-01 5.367393e+00 1.119125e+00 9.580047e+00 2.375788e-01 4.461094e+00
39627752101381968 1.523695e+00 1.076581e+01 2.778177e-01 -2.200922e+00 1.489371e+00 1.086708e+01 3.057321e-01 2.190346e-01
39627746002865552 1.334206e+00 1.010097e+01 1.128717e-01 2.000555e+00 1.343465e+00 1.017012e+01 8.255930e-02 2.004670e+00
39627835282822112 1.698528e+00 1.085548e+01 2.618700e-01 5.038217e-01 1.692327e+00 1.087614e+01 2.720932e-01 -6.877110e-01
39627791074858672 1.568418e+00 1.135753e+01 5.322996e-01 1.405229e+00 1.496714e+00 1.142973e+01 5.800917e-01 -1.230409e-01
39627796351288128 1.353686e+00 1.031053e+01 1.579836e-01 5.488603e+00 1.520052e+00 9.961221e+00 1.372257e-01 2.978981e+00
39627781822220832 1.606321e+00 1.074025e+01 1.726326e-01 -5.555560e-01 1.689986e+00 1.063005e+01 1.422898e-01 -1.452808e+00
39627775606262464 1.095105e+00 1.006291e+01 1.063971e-01 4.251160e+00 1.133547e+00 1.000055e+01 9.146576e-02 4.323306e+00
39627814705564640 1.552200e+00 1.119807e+01 4.975025e-01 -2.024688e+00 1.467887e+00 1.124765e+01 5.275510e-01 -1.208124e+00
39627782237456424 1.114177e+00 9.235768e+00 1.046882e-01 2.748189e-01 1.107623e+00 8.890839e+00 1.077132e-01 1.344110e+00
39627853486096856 1.862280e+00 1.048938e+01 1.547043e-01 -1.134476e+00 1.774799e+00 1.050095e+01 1.425213e-01 -9.532200e-01
39627892988055680 1.217539e+00 1.145991e+01 6.873366e-01 6.536998e+00 1.298570e+00 1.139657e+01 7.046690e-01 3.977658e+00
39627818644018632 1.260373e+00 1.064613e+01 2.960894e-01 8.068351e-01 1.305312e+00 1.052286e+01 3.005750e-01 2.159478e+00
39627751942001136 1.724061e+00 1.111358e+01 4.161617e-01 -1.682026e+00 1.705815e+00 1.127126e+01 4.872368e-01 -8.666508e-01
39627752164299952 1.686891e+00 1.049415e+01 1.232005e-01 -2.426896e-01 1.618611e+00 1.040396e+01 8.999610e-02 -4.783973e-01
39627757608501688 1.657085e+00 1.047674e+01 1.789842e-01 8.510816e-01 1.616387e+00 1.043251e+01 1.564736e-01 3.994018e-02
39627745554072904 1.761527e+00 1.085411e+01 2.799470e-01 -2.663199e-01 1.575394e+00 1.100549e+01 2.864268e-01 -8.321296e-01
39633297336176192 1.637805e+00 1.071659e+01 1.146581e-01 -1.385565e+00 1.624743e+00 1.023260e+01 5.836734e-02 -4.438723e-01
39627768958289472 1.279245e+00 1.060237e+01 2.160727e-01 3.438194e+00 1.224843e+00 1.054648e+01 2.691633e-01 4.091681e+00
39627814713954896 1.839166e+00 1.107728e+01 3.676621e-01 -1.088332e+00 1.753903e+00 1.123840e+01 3.901823e-01 -4.208980e-01
39627935254055064 1.481528e+00 1.108712e+01 3.412037e-01 -1.113042e-01 1.531103e+00 1.128899e+01 4.531236e-01 2.012722e-01
39627802814710552 1.142870e+00 1.010030e+01 1.866752e-01 1.317418e+00 1.149114e+00 9.995634e+00 1.875684e-01 6.137823e-01
39627799287300312 1.339788e+00 1.128051e+01 5.024201e-01 7.947879e-01 1.388014e+00 1.133212e+01 5.361148e-01 1.042336e+00
39627835333149184 1.417844e+00 1.119645e+01 3.449895e-01 1.913895e+00 1.444912e+00 1.122707e+01 3.383430e-01 1.524784e+00
39627812549691872 1.696780e+00 1.083903e+01 2.231403e-01 -1.961057e+00 1.751303e+00 1.082725e+01 2.162023e-01 -1.123724e+00
39627800474290408 1.123989e+00 1.092179e+01 4.542918e-01 4.340221e+00 1.153390e+00 1.080721e+01 5.071518e-01 3.560443e+00
39633127504610840 1.651452e+00 1.105512e+01 3.494204e-01 1.089446e-01 1.701571e+00 1.112168e+01 3.900506e-01 -2.350628e-01
39627853368660072 1.500761e+00 1.036460e+01 1.447998e-01 -6.649021e-01 1.457445e+00 1.030946e+01 1.326085e-01 3.148295e-01
39627871609686248 1.118629e+00 9.034021e+00 8.123527e-02 3.998166e+00 1.128645e+00 9.203835e+00 8.052483e-02 4.079490e+00
39627838638266768 1.887683e+00 1.073353e+01 1.487816e-01 -3.520938e+00 1.707863e+00 1.084149e+01 1.544219e-01 -1.962362e+00
39627664666924040 1.969688e+00 1.072315e+01 4.460753e-01 8.548031e-02 1.712894e+00 1.132992e+01 4.713447e-01 -8.302644e-01
39627856761851840 1.502338e+00 1.110190e+01 2.858823e-01 -9.019239e-01 1.434018e+00 1.109083e+01 2.730270e-01 -1.495272e+00
39627806442788672 1.215039e+00 1.059508e+01 2.880612e-01 2.971776e+00 1.325375e+00 9.960782e+00 1.884499e-01 4.733497e+00
39627871567743248 1.661033e+00 1.132273e+01 5.748662e-01 -3.271263e-01 1.686364e+00 1.161087e+01 6.540409e-01 -9.179705e-02
39627899141099024 1.793404e+00 1.051271e+01 3.750842e-01 -7.880629e-01 1.735072e+00 1.109113e+01 4.029052e-01 -3.747923e-01
39627782258426576 1.286930e+00 1.067622e+01 2.733616e-01 2.496103e+00 1.288406e+00 1.053794e+01 2.602941e-01 2.973562e+00
39627829352075648 1.252408e+00 1.057348e+01 3.338867e-01 1.290974e+00 1.239682e+00 1.059495e+01 3.329467e-01 2.935439e+00
39633149642147752 1.765241e+00 1.078520e+01 3.177114e-01 -1.156086e+00 1.709284e+00 1.093239e+01 3.238721e-01 -7.861481e-01
39627764080313144 1.800044e+00 1.065442e+01 1.506495e-01 -7.763854e-01 1.802740e+00 1.062405e+01 1.386680e-01 -1.189225e+00
39627763677664904 1.689801e+00 1.060252e+01 2.585598e-01 9.558337e-01 1.698213e+00 1.062674e+01 2.541216e-01 -3.310685e-01
39627806421812032 1.685900e+00 1.035542e+01 2.036238e-01 6.752100e-01 1.537839e+00 1.055940e+01 2.089594e-01 -6.825942e-01
39627823240974448 1.825696e+00 1.047303e+01 2.743827e-01 -9.232541e-01 1.724100e+00 1.095659e+01 2.717439e-01 -8.193171e-01
39627862885535224 1.930881e+00 1.106634e+01 3.976392e-01 -1.177054e+00 1.772723e+00 1.128076e+01 4.169356e-01 -7.194344e-01
39627806400844224 1.345796e+00 9.423447e+00 8.332840e-02 -1.784042e+00 1.294091e+00 9.341480e+00 7.243055e-02 4.204402e-01
39627794484823240 1.591870e+00 1.059231e+01 2.740973e-01 -2.012065e+00 1.620926e+00 1.068058e+01 2.791159e-01 -1.180767e+00
39627853402210848 1.114729e+00 7.896733e+00 3.363468e-02 3.091414e+00 1.117493e+00 7.417435e+00 1.434951e-02 3.439794e+00
39627790273745344 1.681484e+00 1.091674e+01 4.343989e-01 -3.292862e-01 1.537256e+00 1.124592e+01 4.699085e-01 -5.538273e-01
39627919806436968 1.552682e+00 1.097523e+01 4.932435e-01 6.700183e-02 1.613443e+00 1.107356e+01 5.269939e-01 -3.931119e-01
39627838885728328 1.520999e+00 1.085940e+01 2.959276e-01 -6.481231e-01 1.720732e+00 1.092919e+01 3.051903e-01 -1.416192e+00
39627781797052672 1.489896e+00 1.059287e+01 2.986867e-01 -3.752646e-01 1.483867e+00 1.065151e+01 2.915765e-01 -6.894429e-01
39627791100024544 1.823371e+00 1.067231e+01 9.107812e-02 -1.512942e+00 1.838101e+00 1.055623e+01 7.375686e-02 -1.331958e+00
39627745415661792 1.810881e+00 1.065943e+01 4.140529e-01 -8.485373e-01 1.619881e+00 1.105523e+01 3.918515e-01 -4.184691e-01
39627841607831584 1.262086e+00 1.073103e+01 3.732265e-01 1.283700e+00 1.227854e+00 1.072595e+01 3.714337e-01 2.158441e+00
39627812537110120 1.584523e+00 1.114384e+01 3.371963e-01 1.779331e+00 1.699626e+00 1.102452e+01 3.522600e-01 -5.931503e-01
39627805146745600 1.629235e+00 1.061680e+01 1.630021e-01 -1.103732e+00 1.645845e+00 1.056223e+01 1.602036e-01 -7.665405e-01
39627835417038256 1.492949e+00 1.088275e+01 1.891066e-01 1.107991e+00 1.458152e+00 1.077415e+01 1.821379e-01 2.238088e+00
39627824574763344 1.681974e+00 1.101197e+01 4.154384e-01 -4.044281e-01 1.708756e+00 1.125076e+01 4.280193e-01 -3.478200e-01
39627812553886952 1.140638e+00 9.552486e+00 1.185675e-01 3.787344e+00 1.150326e+00 9.721050e+00 1.363397e-01 4.278347e+00
39627757537201216 1.309129e+00 1.024661e+01 2.633260e-01 2.410050e+00 1.367553e+00 1.046416e+01 2.657707e-01 1.195517e+00
39633131778606216 1.895245e+00 1.061998e+01 1.357623e-01 -3.492943e+00 1.819783e+00 1.064271e+01 1.186819e-01 -1.220909e+00
39627841372947744 1.267633e+00 1.044945e+01 2.038260e-01 3.073405e+00 1.366100e+00 1.053452e+01 1.752100e-01 1.040797e+00
39627792974878320 1.503874e+00 1.079345e+01 2.784129e-01 3.341616e-02 1.577699e+00 1.076530e+01 2.714301e-01 -1.241457e+00
39627824088220832 1.707072e+00 1.032326e+01 1.212312e-01 -1.814092e+00 1.685335e+00 1.037888e+01 1.162006e-01 -8.554704e-01
39627762838799912 1.678538e+00 1.055316e+01 2.163616e-01 4.477699e-01 1.698076e+00 1.052667e+01 2.066398e-01 -7.744564e-01
39627803175426848 1.034129e+00 8.841396e+00 7.580992e-02 3.481426e-01 9.885670e-01 8.197877e+00 3.931104e-02 6.453896e-01
39627824574762136 1.426701e+00 1.017017e+01 1.698596e-01 -1.200134e+00 1.488954e+00 1.020211e+01 1.263964e-01 -2.673357e-01
39627929029710296 1.603204e+00 1.145503e+01 4.387936e-01 -2.564325e+00 1.711186e+00 1.134204e+01 4.750342e-01 -8.948635e-01
39627806539255904 1.787315e+00 1.077425e+01 2.454362e-01 -3.682451e-01 1.731455e+00 1.072148e+01 2.276267e-01 -1.112538e+00
39627769683907840 1.694829e+00 1.050687e+01 2.081606e-01 -8.984648e-01 1.698927e+00 1.055183e+01 2.086043e-01 -9.203233e-01
39627793847290336 1.684993e+00 1.061552e+01 2.477509e-01 -3.448314e+00 1.633044e+00 1.060969e+01 2.464256e-01 -1.359348e+00
39627820950881288 1.751415e+00 1.012292e+01 1.247660e-01 -1.426416e+00 1.728873e+00 1.021912e+01 1.205423e-01 -1.157567e+00
39627766936639056 1.809790e+00 9.949179e+00 4.914001e-02 -1.653658e+00 1.644063e+00 1.016870e+01 6.444678e-02 2.398252e-01
39627799895475800 1.117764e+00 9.773237e+00 8.242417e-02 5.128552e+00 1.130570e+00 9.917860e+00 7.249361e-02 4.355736e+00
39627740084699680 1.727574e+00 1.063765e+01 1.301596e-01 -1.661205e+00 1.801191e+00 1.069029e+01 1.036794e-01 -1.256615e+00
39627800449126272 1.433364e+00 1.040998e+01 1.844927e-01 -1.141984e+00 1.414384e+00 1.023632e+01 1.580226e-01 -2.045954e-01
39627895668212960 1.569218e+00 1.063923e+01 5.004338e-01 9.258119e-01 1.622752e+00 1.088248e+01 4.135269e-01 8.289541e-01
39627776235405656 1.156650e+00 1.019101e+01 1.683277e-01 3.023778e-01 1.238985e+00 9.969257e+00 1.365240e-01 2.926654e-01
39627760355776584 1.080619e+00 9.357842e+00 9.168314e-02 4.718772e+00 1.128954e+00 9.360821e+00 6.572127e-02 4.860484e+00
39627808875487056 1.115256e+00 7.950090e+00 3.681304e-02 3.380810e+00 1.132765e+00 7.727293e+00 5.898342e-03 4.478523e+00
39627806413429080 1.843092e+00 1.065643e+01 1.787253e-01 -8.157592e-01 1.795527e+00 1.074192e+01 1.751940e-01 -1.000542e+00
39627817155039072 1.185893e+00 1.017527e+01 1.687943e-01 5.988555e+00 1.178431e+00 1.030250e+01 1.765939e-01 3.591251e+00
39627768836657048 1.344266e+00 1.034002e+01 1.048280e-01 1.233150e+00 1.290388e+00 1.052418e+01 1.322099e-01 2.839395e+00
39627911170361944 1.826032e+00 1.101894e+01 2.006653e-01 -6.085190e-01 1.829913e+00 1.106313e+01 2.019952e-01 -1.270850e+00
39627769629380600 1.693115e+00 1.106949e+01 2.623297e-01 -1.082821e+00 1.785789e+00 1.102462e+01 2.561110e-01 -1.077917e+00
39627752059438736 1.538754e+00 1.047028e+01 1.847656e-01 -2.348355e+00 1.638232e+00 1.029147e+01 1.722999e-01 -1.875544e+00
39627767104413408 1.777413e+00 1.102907e+01 3.947144e-01 -4.452150e-01 1.707821e+00 1.107870e+01 3.926827e-01 -8.288751e-01
39627788398890608 1.333018e+00 1.005806e+01 1.636765e-01 -6.162373e-01 1.254665e+00 9.859600e+00 1.463736e-01 -4.535639e-01
39627752076216504 1.132680e+00 9.507156e+00 1.223567e-01 4.371996e+00 1.190405e+00 9.084256e+00 7.066537e-02 3.828547e+00
39627836515947584 1.317850e+00 1.088023e+01 1.410909e-01 2.324173e+00 1.333825e+00 1.075059e+01 1.219781e-01 2.550460e+00
39627746086750432 1.577814e+00 9.768714e+00 1.369716e-01 -2.137743e+00 1.496433e+00 9.731846e+00 1.168100e-01 -8.566856e-03
39627622459639944 1.674192e+00 1.117965e+01 4.220777e-01 8.363974e-01 1.568457e+00 1.125804e+01 4.214244e-01 -4.082268e-01
39627847391777600 1.023348e+00 9.243115e+00 1.298368e-01 1.077064e+00 1.124738e+00 8.955140e+00 1.124630e-01 2.455561e+00
39627805905913136 1.213838e+00 9.819225e+00 1.288496e-01 2.916986e+00 1.183904e+00 1.005632e+01 1.961390e-01 4.121683e+00
39627788281452232 1.815809e+00 1.069048e+01 2.834358e-01 -2.384995e+00 1.768887e+00 1.092561e+01 3.042748e-01 -1.099066e+00
39627794367385824 1.273245e+00 1.052063e+01 3.012842e-01 3.119492e+00 1.271349e+00 1.047016e+01 3.297958e-01 3.442483e+00
39627751501596320 1.947311e+00 1.072973e+01 2.276077e-01 -2.745634e+00 1.791034e+00 1.082905e+01 2.142382e-01 -1.099138e+00
39627751417710712 1.185179e+00 1.025232e+01 2.266723e-01 1.187869e+00 1.162952e+00 1.043962e+01 2.419947e-01 4.052434e+00
39627769520328480 1.717789e+00 1.024264e+01 1.334581e-01 -3.852710e-01 1.767771e+00 1.046739e+01 1.180398e-01 -9.006082e-01
39627794459661512 1.174155e+00 9.927977e+00 2.623030e-01 4.137537e+00 1.240635e+00 1.023178e+01 2.389213e-01 3.239661e+00
39627818644015360 1.188532e+00 1.049683e+01 3.465301e-01 4.675274e+00 1.218643e+00 1.053645e+01 3.534203e-01 3.998192e+00
39627877557207480 1.701359e+00 1.096612e+01 4.831256e-01 6.508877e-01 1.644749e+00 1.125182e+01 5.175227e-01 -3.978333e-01
39627892933528768 1.679160e+00 1.072904e+01 4.593954e-01 6.559354e-02 1.618839e+00 1.127505e+01 4.908502e-01 -1.043039e+00
39627752139131112 1.629452e+00 1.080716e+01 2.434851e-01 -4.736568e+00 1.664316e+00 1.079101e+01 2.672356e-01 -1.650870e+00
39636619216556336 1.345432e+00 1.116343e+01 5.429733e-01 3.410850e+00 1.365164e+00 1.139602e+01 5.883613e-01 1.967313e+00
39627780933032256 1.773846e+00 1.097861e+01 3.251253e-01 -3.443701e-02 1.760395e+00 1.121996e+01 3.443950e-01 -4.185815e-01
39627811064906848 1.179773e+00 1.005690e+01 1.454267e-01 5.359414e+00 1.177351e+00 1.015663e+01 1.719421e-01 4.137468e+00
39627815288575424 1.340181e+00 9.827130e+00 9.434967e-02 1.799778e+00 1.416245e+00 9.764826e+00 5.793540e-02 7.682232e-01
39627788356947976 1.325037e+00 1.078977e+01 5.663761e-01 -4.459265e-01 1.125003e+00 1.145465e+01 7.540467e-01 2.229480e+00
39627859744003232 1.177897e+00 9.742454e+00 8.041199e-02 2.653513e+00 1.270936e+00 9.949378e+00 6.996141e-02 2.812325e+00
39627824008532552 1.804407e+00 1.066621e+01 1.976210e-01 -1.072361e+00 1.807615e+00 1.081073e+01 1.854160e-01 -1.151740e+00
39627751451266824 1.613779e+00 1.116456e+01 3.903197e-01 1.195072e-01 1.696812e+00 1.125197e+01 4.499035e-01 -8.009239e-01
39627762842998144 1.251063e+00 1.039426e+01 2.265548e-01 3.597248e+00 1.268465e+00 1.033016e+01 2.312511e-01 2.935274e+00
39627775845339376 1.578102e+00 1.124928e+01 4.537507e-01 -1.322703e+00 1.514037e+00 1.121762e+01 5.420154e-01 1.079879e+00
39627781268573688 1.619746e+00 1.094106e+01 3.510520e-01 1.163394e+00 1.693129e+00 1.110031e+01 3.560999e-01 -9.532276e-01
39627781675420520 1.771031e+00 1.100134e+01 3.743798e-01 -1.769754e-01 1.765380e+00 1.121518e+01 3.888990e-01 -4.054329e-01
39627830639726824 1.240038e+00 1.051074e+01 2.422860e-01 2.659691e+00 1.274652e+00 1.042837e+01 2.696030e-01 1.952335e+00
39627790445710424 1.046326e+00 8.814215e+00 7.385060e-02 1.198169e+00 1.116441e+00 8.583794e+00 7.071546e-02 2.003326e+00
39627776214437544 1.385293e+00 1.096573e+01 4.099518e-01 2.188913e+00 1.653240e+00 1.083784e+01 3.121921e-01 -7.301233e-01
39627935233086144 1.670921e+00 1.109612e+01 3.471222e-01 8.580534e-01 1.723461e+00 1.120527e+01 4.443753e-01 -6.571597e-01
39627781276961680 1.446634e+00 1.151395e+01 4.646463e-01 -3.361001e+00 1.608264e+00 1.143333e+01 5.259439e-01 -8.185081e-01
39627732887276952 1.606176e+00 1.128387e+01 4.331513e-01 -2.864792e+00 1.645318e+00 1.125323e+01 4.545814e-01 -1.210933e+00
39627778982681896 1.230889e+00 1.063567e+01 2.935587e-01 2.783094e+00 1.272584e+00 1.027095e+01 2.749267e-01 1.228713e+00
39627830744585792 1.091752e+00 9.967535e+00 1.432292e-01 2.772360e+00 1.142143e+00 1.028350e+01 2.176556e-01 4.353550e+00
39627824151135776 1.660699e+00 9.533002e+00 7.424981e-02 -1.868838e-01 1.395441e+00 9.385983e+00 4.971500e-02 1.065090e+00
39627788340171768 1.879412e+00 1.098676e+01 2.650729e-01 -3.100602e+00 1.767874e+00 1.095635e+01 2.731919e-01 -9.546384e-01
39627859412651608 1.257971e+00 1.007569e+01 9.818403e-02 4.762196e+00 1.213739e+00 1.022871e+01 8.158547e-02 3.080279e+00
39627853339295944 1.232009e+00 9.819638e+00 1.065109e-01 2.093923e+00 1.274296e+00 9.878851e+00 1.009311e-01 1.855348e+00
39633114108003496 1.177284e+00 8.515285e+00 1.873702e-02 4.569384e+00 1.192751e+00 7.660264e+00 0.000000e+00 4.149179e+00
39627766454288960 1.597594e+00 1.099938e+01 3.893385e-01 -1.056097e+00 1.669253e+00 1.108830e+01 4.024202e-01 -1.250842e+00
39627883601199488 1.637919e+00 1.099981e+01 3.124063e-01 1.190838e+00 1.717409e+00 1.113573e+01 3.247713e-01 -5.775776e-01
39627788415669880 1.030891e+00 9.301199e+00 1.321065e-01 1.769975e-01 1.110997e+00 8.900290e+00 1.083828e-01 2.054946e+00
39627830635532064 1.200679e+00 1.012435e+01 2.413857e-01 2.906676e+00 1.170644e+00 1.011933e+01 2.267599e-01 3.784512e+00
39627818656597952 1.251950e+00 1.059836e+01 2.821761e-01 3.117753e+00 1.259043e+00 1.048527e+01 2.345733e-01 2.766884e+00
39627739401033008 1.677928e+00 1.016607e+01 1.019948e-01 -1.252218e-01 1.652125e+00 1.014914e+01 9.465744e-02 -6.489450e-02
39627830555837680 1.539443e+00 1.055166e+01 1.807498e-01 -7.257856e-01 1.561882e+00 1.059339e+01 1.820858e-01 7.688212e-02
39627806556029712 1.163604e+00 1.026869e+01 2.606464e-01 2.905241e+00 1.207548e+00 1.020783e+01 2.548346e-01 3.006672e+00
39627733965212016 1.361487e+00 1.053098e+01 1.962888e-01 5.058923e-01 1.437155e+00 1.044256e+01 1.863825e-01 2.164594e-01
39633140678920752 1.594927e+00 1.088841e+01 2.791337e-01 -3.516879e+00 1.620380e+00 1.083088e+01 2.836640e-01 -1.278926e+00
39627811228487360 1.944449e+00 1.106593e+01 3.878232e-01 -2.981140e+00 1.746207e+00 1.117100e+01 3.850470e-01 -6.808324e-01
39627805868166592 1.690739e+00 1.066459e+01 1.796372e-01 -1.748487e+00 1.769765e+00 1.059871e+01 1.768932e-01 -1.154391e+00
39627782333924728 1.152465e+00 9.162589e+00 3.443336e-02 4.441947e+00 1.158385e+00 8.758359e+00 7.312998e-03 4.374564e+00
39633127580111344 1.820627e+00 1.098310e+01 3.449062e-01 -1.350796e+00 1.732007e+00 1.114741e+01 3.541463e-01 -5.749943e-01
39627817188590696 1.144962e+00 1.053542e+01 2.507687e-01 -1.697370e+00 1.156897e+00 1.034320e+01 2.232802e-01 -1.538450e+00
39627763535056600 1.678943e+00 1.086539e+01 2.895052e-01 2.373932e-01 1.753831e+00 1.096166e+01 2.872534e-01 -4.831638e-01
39627734145569552 1.809592e+00 1.082595e+01 2.724407e-01 -1.419352e+00 1.766966e+00 1.099701e+01 2.960711e-01 -1.258114e+00
39627806040131248 1.619283e+00 1.099162e+01 4.771850e-01 5.579559e-01 1.538406e+00 1.121442e+01 5.134687e-01 -8.932178e-01
39627817222146704 1.380773e+00 1.042875e+01 2.555422e-01 2.302508e+00 1.270813e+00 1.040747e+01 2.514506e-01 3.125001e+00
39627776315098520 1.796667e+00 1.055118e+01 1.788769e-01 -1.418374e+00 1.767823e+00 1.054119e+01 1.685930e-01 -1.149287e+00
39627774993892728 1.441353e+00 1.017282e+01 1.391997e-01 1.048722e+00 1.385186e+00 1.013223e+01 1.525810e-01 2.892210e-01
39627817129874272 1.868019e+00 1.079756e+01 2.885510e-01 -8.216566e-01 1.753704e+00 1.093162e+01 2.780982e-01 -1.272126e+00
39627782401035696 1.253912e+00 9.808637e+00 2.405915e-01 3.642607e+00 1.225779e+00 9.971478e+00 2.542281e-01 2.552016e+00
39627640499342720 1.465320e+00 1.093459e+01 5.101304e-01 9.255540e-01 1.382146e+00 1.116026e+01 5.482800e-01 -1.119864e+00
39627773014186240 1.299994e+00 9.762938e+00 1.183898e-01 1.795576e+00 1.248775e+00 9.616508e+00 1.119029e-01 2.029363e+00
39627820875385680 1.159223e+00 9.269178e+00 6.365809e-02 3.857259e+00 1.194950e+00 9.093359e+00 3.254899e-02 4.129415e+00
39627824612511968 1.226684e+00 9.087750e+00 1.016453e-01 1.438728e+00 1.219674e+00 9.235966e+00 9.222049e-02 1.652125e+00
39627824637676008 1.434517e+00 9.821340e+00 1.133649e-01 7.655358e-01 1.485533e+00 9.966049e+00 1.035380e-01 -2.493091e-01
39627792932932368 1.407477e+00 1.031021e+01 1.661823e-01 2.183263e+00 1.377228e+00 1.037366e+01 1.584505e-01 3.591609e-01
39627790424738952 1.648307e+00 1.118814e+01 4.045261e-01 -5.162525e-01 1.655667e+00 1.119666e+01 4.216546e-01 -8.127742e-01
39627790441518952 1.441851e+00 1.041286e+01 1.764442e-01 -1.478050e+00 1.693613e+00 1.052780e+01 1.633567e-01 -1.516892e+00
39627616453395928 1.565125e+00 1.105097e+01 5.397630e-01 1.621632e+00 1.428497e+00 1.126735e+01 5.973411e-01 2.836504e+00
39627823291304768 1.145816e+00 1.046257e+01 2.428749e-01 2.902836e+00 1.141554e+00 1.038370e+01 2.305598e-01 4.283518e+00
39627806484729360 1.319710e+00 1.076481e+01 3.749715e-01 1.102736e+00 1.382141e+00 1.085749e+01 3.657845e-01 1.389328e+00
39627764185175672 1.519477e+00 9.981803e+00 1.014918e-01 -3.992146e-01 1.372795e+00 1.010448e+01 1.254274e-01 -3.245190e-01
39627817951953864 1.350855e+00 1.056298e+01 1.631716e-01 1.675812e+00 1.421765e+00 1.047521e+01 1.258331e-01 1.781347e+00
39627775044224048 1.344691e+00 1.150067e+01 4.878789e-01 2.983483e+00 1.363128e+00 1.124516e+01 5.273241e-01 9.677019e-01
39627793742435616 1.658300e+00 1.126167e+01 4.445228e-01 -2.474643e-01 1.710961e+00 1.116128e+01 4.710072e-01 -9.402755e-01
39633122966375936 1.429391e+00 1.121115e+01 3.948201e-01 -1.546048e+00 1.512803e+00 1.130643e+01 4.244418e-01 -3.597984e-01
39627824604122072 1.206517e+00 9.793234e+00 1.837231e-01 1.895770e+00 1.273755e+00 9.909486e+00 1.770977e-01 1.687874e+00
39627782363288768 1.302315e+00 1.075229e+01 2.012176e-01 -1.128294e+00 1.465602e+00 1.071943e+01 2.062119e-01 8.421508e-01
39627830564230128 1.249353e+00 1.059598e+01 3.070050e-01 3.177696e+00 1.260788e+00 1.075889e+01 3.354998e-01 2.288597e+00
39633123016707024 1.662748e+00 1.081354e+01 1.681414e-01 -7.825369e-01 1.654376e+00 1.075003e+01 1.515703e-01 -1.398622e+00
39627808439280328 1.066037e+00 9.919854e+00 1.997440e-01 1.319047e+00 1.187917e+00 9.790828e+00 1.911928e-01 7.424487e-01
39627887057306384 1.629144e+00 1.100542e+01 3.645553e-01 -1.920111e+00 1.675490e+00 1.098049e+01 3.591703e-01 -1.024009e+00
39633136543335928 1.191249e+00 9.868676e+00 1.124930e-01 4.122700e+00 1.212685e+00 9.932830e+00 1.138559e-01 3.239191e+00
39627770300468776 1.613529e+00 9.933442e+00 1.152926e-01 -3.633265e-01 1.567478e+00 9.907258e+00 1.099810e-01 -2.182624e-01
39627811886992320 1.300441e+00 1.010744e+01 1.093516e-01 -3.997343e+00 1.317783e+00 1.011561e+01 1.083787e-01 -1.412754e-01
39627806505697920 1.545894e+00 1.036886e+01 2.164402e-01 -1.011736e+00 1.530205e+00 1.046072e+01 2.217904e-01 -4.300047e-01
39627739879182200 9.865364e-01 1.003284e+01 2.038428e-01 2.136339e+00 1.046322e+00 9.856328e+00 1.764387e-01 3.213036e+00
39627805939470848 1.206284e+00 1.098395e+01 5.073476e-01 1.538570e+00 1.317090e+00 1.097621e+01 5.787056e-01 2.068082e+00
39627802697272608 1.422989e+00 1.097238e+01 2.743622e-01 -1.409211e+00 1.491838e+00 1.127778e+01 3.950093e-01 -7.692792e-01
39627806589584952 1.261425e+00 9.599933e+00 1.945538e-01 3.247237e+00 1.247419e+00 9.832681e+00 1.773649e-01 1.977273e+00
39627764122257872 1.163340e+00 9.671494e+00 1.752574e-01 3.078357e+00 1.200911e+00 9.333855e+00 1.289093e-01 2.396675e+00
39633136371370864 1.229983e+00 9.978067e+00 2.932202e-01 8.324155e-01 1.146451e+00 1.020658e+01 3.100095e-01 3.887760e+00
39627740063728864 1.179643e+00 9.369439e+00 1.317636e-01 3.398299e+00 1.236221e+00 9.572812e+00 1.276130e-01 2.170901e+00
39627836775990848 1.564509e+00 1.091470e+01 4.949159e-01 -1.418918e+00 1.428417e+00 1.131809e+01 5.590236e-01 1.072943e+00
39627796770723248 1.070531e+00 1.026175e+01 2.910929e-01 3.892362e+00 1.113803e+00 9.834142e+00 2.721554e-01 4.714021e+00
39627761127524968 1.719913e+00 1.161790e+01 6.164160e-01 3.095245e-01 1.661030e+00 1.152817e+01 6.543108e-01 -7.169849e-02
39627877611733152 1.709874e+00 1.130882e+01 3.172139e-01 -3.979271e-01 1.797382e+00 1.117247e+01 3.131301e-01 -9.508983e-01
39627790827394608 1.671695e+00 1.109515e+01 4.414558e-01 -1.398699e-01 1.643769e+00 1.125286e+01 4.802617e-01 -7.982522e-01
39627775002281824 1.503890e+00 1.025575e+01 1.531498e-01 2.388401e-01 1.450959e+00 1.028508e+01 1.621003e-01 6.168891e-01
39627758220872016 1.116012e+00 9.416954e+00 1.813395e-01 2.896173e+00 1.056552e+00 9.106387e+00 1.716705e-01 5.883533e-01
39627835400260936 1.371971e+00 1.079247e+01 2.896262e-01 1.428784e+00 1.382017e+00 1.066984e+01 2.761630e-01 3.850724e-01
39627859567838192 1.763078e+00 1.039322e+01 1.189583e-01 -4.258448e-01 1.708255e+00 1.036901e+01 8.664438e-02 -9.902997e-01
39633136505586168 1.816573e+00 1.069438e+01 3.475136e-01 -8.671508e-01 1.731970e+00 1.109338e+01 3.629429e-01 -2.550934e-01
39627859383292488 1.599768e+00 1.005928e+01 4.933064e-02 2.617446e-01 1.512508e+00 9.834039e+00 3.054997e-02 9.431882e-01
39627800440739392 1.188831e+00 9.837103e+00 1.331329e-01 1.718559e-02 1.241477e+00 9.887081e+00 1.571265e-01 2.442164e+00
39627739417805152 1.773333e+00 1.038281e+01 2.558823e-01 -8.714983e-01 1.664247e+00 1.063756e+01 2.651286e-01 -1.092983e+00
39627830501311584 1.819833e+00 1.049659e+01 1.172139e-01 -1.315026e+00 1.779459e+00 1.069250e+01 1.184606e-01 -1.110437e+00
39627764180982384 1.534491e+00 1.076697e+01 2.594246e-01 -5.454326e-01 1.493272e+00 1.078278e+01 2.712868e-01 -6.115384e-01
39627769650350400 1.189486e+00 9.874413e+00 1.304471e-01 -2.440685e+00 1.210901e+00 9.743910e+00 1.299171e-01 5.201839e-01
39627788319196736 1.053948e+00 7.299733e+00 2.562863e-02 5.994952e+00 1.035626e+00 6.945939e+00 0.000000e+00 2.922792e+00
39633293699712008 1.420719e+00 1.099583e+01 3.553858e-01 -9.784495e-01 1.509522e+00 1.114412e+01 3.637814e-01 1.403482e-01
39627746149664728 1.720219e+00 1.073665e+01 2.674803e-01 -1.292775e+00 1.783738e+00 1.097858e+01 2.827941e-01 -1.287430e+00
39627769168006160 1.678967e+00 1.101268e+01 4.333504e-01 6.716015e-02 1.730233e+00 1.124956e+01 4.398469e-01 -6.875403e-01
39627802470783712 1.971393e+00 1.065001e+01 2.659230e-01 -4.799738e+00 1.611151e+00 1.074178e+01 2.746628e-01 -1.933072e+00
39627824075639904 1.677814e+00 1.126210e+01 3.645321e-01 -3.852818e-01 1.770881e+00 1.123065e+01 3.870605e-01 -3.462838e-01
39627770338216888 1.352389e+00 1.067228e+01 2.337171e-01 3.237464e+00 1.439927e+00 1.055071e+01 2.142669e-01 1.456659e+00
39627782245848624 1.374412e+00 1.044168e+01 2.913159e-01 2.861356e+00 1.371071e+00 1.084356e+01 2.976252e-01 1.955267e+00
39627811157185200 1.771510e+00 1.051333e+01 1.988324e-01 -1.136994e+00 1.756389e+00 1.071079e+01 1.903409e-01 -1.080343e+00
39627788214338352 1.802299e+00 1.103583e+01 2.636333e-01 -9.928812e-01 1.836713e+00 1.121370e+01 2.768719e-01 -1.116780e+00
39627769612603560 1.838513e+00 1.060184e+01 1.260214e-01 -2.231580e+00 1.807220e+00 1.052419e+01 1.130340e-01 -1.277849e+00
39627780865920808 1.306979e+00 8.729804e+00 5.243782e-02 1.921588e+00 1.229584e+00 8.777425e+00 4.359476e-02 2.981097e+00
39627773152600704 1.760614e+00 1.072237e+01 2.963385e-01 -1.435625e-01 1.736842e+00 1.120016e+01 3.055105e-01 -1.089226e+00
39627824578957440 1.622590e+00 1.096688e+01 2.678438e-01 1.549016e+00 1.640070e+00 1.077377e+01 2.620104e-01 1.188968e+00
39627740009205632 1.119718e+00 1.010590e+01 3.175975e-01 5.796026e+00 1.150995e+00 1.038034e+01 3.436636e-01 3.638513e+00
39627773005795376 1.177316e+00 9.740124e+00 1.825348e-01 2.891031e+00 1.187772e+00 9.806089e+00 1.751554e-01 3.513338e+00
39627791083241904 1.753627e+00 9.687429e+00 4.785879e-02 -2.216926e-01 1.719578e+00 9.588999e+00 2.930471e-02 -4.602036e-01
39627751493206136 1.283812e+00 9.675735e+00 1.635330e-01 4.443815e+00 1.244401e+00 9.878673e+00 1.402751e-01 3.017926e+00
39627811182348336 1.257318e+00 1.009315e+01 1.467313e-01 -1.085154e+00 1.292206e+00 1.037108e+01 1.651648e-01 -4.542093e-01
39627814734926368 1.132608e+00 9.722623e+00 1.354237e-01 4.589067e+00 1.129796e+00 9.745911e+00 1.422510e-01 4.387858e+00
39627814860759856 1.703819e+00 1.027675e+01 9.317901e-02 -2.020191e+00 1.750641e+00 1.015230e+01 7.376772e-02 -1.044056e+00
39627670681551952 1.667929e+00 1.033012e+01 1.916020e-01 5.791184e-01 1.720354e+00 1.061874e+01 1.919141e-01 -7.788527e-01
39627727795389080 1.696736e+00 1.087941e+01 2.428974e-01 -1.092329e+00 1.703465e+00 1.096003e+01 2.711757e-01 -9.105235e-01
39627746023834000 1.698648e+00 1.006836e+01 1.289239e-01 -2.238778e+00 1.583344e+00 1.010209e+01 1.277015e-01 -1.451669e+00
39627740139229768 1.152181e+00 1.012436e+01 1.741921e-01 1.154348e+00 1.217360e+00 1.002390e+01 1.386047e-01 2.737293e+00
39633282656110048 1.066949e+00 1.046960e+01 2.461277e-01 3.949845e-01 1.267540e+00 1.047145e+01 2.553933e-01 9.820144e-01
39627806543450448 1.634166e+00 1.103334e+01 3.292908e-01 2.655288e-01 1.696938e+00 1.095683e+01 3.377983e-01 -7.453517e-01
39627784569488584 1.167011e+00 9.116886e+00 9.110933e-02 6.229751e+00 1.170784e+00 8.823322e+00 6.778218e-02 3.367409e+00
39627766538176016 1.097329e+00 8.693655e+00 1.174034e-01 4.840329e+00 1.112470e+00 9.026101e+00 1.252183e-01 3.798774e+00
39627799966777568 1.533816e+00 1.134290e+01 4.740135e-01 -4.726777e-01 1.657537e+00 1.107368e+01 4.975198e-01 -1.949028e-01
39627847437910304 1.217763e+00 8.631855e+00 3.896311e-02 2.986631e+00 1.239036e+00 8.346347e+00 4.675910e-03 3.335141e+00
39627770334022552 1.178907e+00 9.190917e+00 1.469450e-01 3.138083e+00 1.160876e+00 9.621182e+00 1.628476e-01 4.023357e+00
39633131766025328 1.829733e+00 1.052920e+01 1.358761e-01 -1.113413e+00 1.695173e+00 1.068645e+01 1.259734e-01 -1.232010e+00
39627756975162488 1.813977e+00 1.048426e+01 1.458869e-01 -1.912829e+00 1.785145e+00 1.058124e+01 1.363878e-01 -1.182858e+00
39627652461498672 1.875173e+00 1.110504e+01 3.131200e-01 -1.905650e+00 1.772414e+00 1.119258e+01 3.341160e-01 -6.967779e-01
39627814684596512 1.874447e+00 1.101395e+01 5.096664e-01 4.487433e-01 1.654929e+00 1.126408e+01 5.498239e-01 -1.201429e+00
39627805868168440 1.653160e+00 1.058141e+01 1.475178e-01 5.653315e-01 1.763542e+00 1.062450e+01 1.406447e-01 -5.479043e-01
39627796468731944 1.729199e+00 1.063328e+01 1.842336e-01 -2.609076e+00 1.768524e+00 1.069821e+01 1.748538e-01 -1.511504e+00
39627835979073368 1.839375e+00 1.071827e+01 1.924508e-01 -4.209596e-02 1.787297e+00 1.074811e+01 1.776444e-01 -8.135407e-01
39627835366704456 1.232554e+00 1.053684e+01 2.428001e-01 3.561367e+00 1.214518e+00 1.048035e+01 2.546613e-01 3.687717e+00
39627766194250640 1.747879e+00 1.118112e+01 3.350995e-01 -1.251176e+00 1.663550e+00 1.141228e+01 4.019737e-01 -6.000286e-01
39627774880645416 1.680266e+00 1.132621e+01 5.074946e-01 -4.543476e+00 1.628084e+00 1.133888e+01 5.606214e-01 -8.045113e-01
39627745465994080 1.605510e+00 1.036130e+01 1.950614e-01 1.522123e+00 1.524033e+00 1.043327e+01 2.033832e-01 2.392456e+00
39627776222826672 1.548894e+00 1.078076e+01 1.380466e-01 -9.357859e-01 1.553632e+00 1.061952e+01 1.143960e-01 2.693403e-01
39627781658642552 1.258650e+00 1.038299e+01 9.494989e-02 2.672337e+00 1.275481e+00 1.038304e+01 9.503075e-02 2.694953e+00
39627793880847376 1.636030e+00 1.097340e+01 2.862178e-01 -5.430124e-01 1.791360e+00 1.095960e+01 2.894343e-01 -9.549102e-01
39633118772068456 1.899801e+00 1.102027e+01 2.933905e-01 -3.507102e+00 1.797104e+00 1.104150e+01 2.934217e-01 -9.987316e-01
39627808544133392 1.681937e+00 1.089641e+01 2.739622e-01 -1.255086e+00 1.674993e+00 1.099443e+01 2.754080e-01 -1.217540e+00
39627791079048544 1.401995e+00 1.059633e+01 2.163496e-01 2.897240e+00 1.358260e+00 1.083202e+01 1.940668e-01 -7.614092e-01
39627761068806768 1.635122e+00 1.031587e+01 1.351060e-01 -1.573163e+00 1.642263e+00 1.028856e+01 1.309858e-01 -3.466538e-01
39627793834705168 1.427652e+00 9.437577e+00 7.861330e-02 1.137468e+00 1.350234e+00 9.476353e+00 7.690242e-02 1.038308e+00
39627818493022576 1.336343e+00 9.934869e+00 1.449139e-01 3.842507e+00 1.345963e+00 9.706264e+00 1.121178e-01 1.228437e+00
39627776336074088 1.719907e+00 1.094134e+01 3.707375e-01 3.661943e-01 1.735296e+00 1.112507e+01 3.984008e-01 -5.925151e-01
39627762901715160 1.725741e+00 1.061130e+01 2.593085e-01 -1.967169e+00 1.714178e+00 1.086457e+01 2.627943e-01 -5.212376e-01
39627781662838168 1.129445e+00 8.790067e+00 8.430599e-02 2.637692e+00 1.139723e+00 8.636339e+00 7.036193e-02 1.988407e+00
39627676708769824 1.249615e+00 1.039841e+01 4.457256e-01 2.308032e+00 1.195195e+00 1.080607e+01 5.191914e-01 2.460523e+00
39627757470092096 1.833380e+00 1.094571e+01 2.081659e-01 -1.781520e+00 1.781009e+00 1.095307e+01 2.107163e-01 -7.194929e-01
39627784523359448 9.938183e-01 1.110615e+01 5.839895e-01 -4.733869e+00 1.029514e+00 1.083660e+01 5.732596e-01 -5.149623e-01
39627845030381224 2.088023e+00 1.131177e+01 3.943892e-01 -1.654007e+00 1.814270e+00 1.142309e+01 4.297510e-01 -5.946546e-01
39627835236680176 1.262129e+00 1.095814e+01 2.848163e-01 3.257190e+00 1.321630e+00 1.094999e+01 2.522721e-01 2.104469e+00
39627824159527416 1.336792e+00 9.939107e+00 8.156472e-02 3.078039e+00 1.361267e+00 9.950805e+00 5.423753e-02 2.054794e+00
39627899145292416 1.521701e+00 1.105045e+01 3.190231e-01 -2.401855e+00 1.599055e+00 1.110332e+01 3.296521e-01 -8.782443e-01
39627791112604480 1.930432e+00 1.109169e+01 3.848694e-01 -1.659832e+00 1.748685e+00 1.119506e+01 4.022923e-01 -8.602350e-01
39627800545591408 1.421459e+00 1.054458e+01 2.957132e-01 3.001251e+00 1.404875e+00 1.056845e+01 2.890798e-01 1.447200e+00
39627871794234160 1.360471e+00 1.087201e+01 5.454521e-01 -1.158547e+00 1.368013e+00 1.129834e+01 6.221409e-01 1.449016e+00
39627792958101288 1.115510e+00 9.400337e+00 7.820629e-02 3.177891e+00 1.156406e+00 9.059445e+00 6.009144e-02 4.206073e+00
39627800516232632 1.190612e+00 9.546092e+00 1.256393e-01 5.068132e+00 1.178270e+00 9.550382e+00 1.251580e-01 3.794479e+00
39627835354124264 1.697065e+00 1.002181e+01 1.022262e-01 -6.387255e-01 1.625435e+00 1.001513e+01 9.143591e-02 -4.719096e-01
39627787903964224 1.243214e+00 1.027090e+01 1.381895e-01 3.237897e+00 1.240955e+00 1.004434e+01 1.342400e-01 2.768569e+00
39627806480534792 1.260242e+00 9.551661e+00 1.252725e-01 -2.590212e-01 1.155435e+00 9.277041e+00 1.046209e-01 1.552422e+00
39627788466000976 1.238927e+00 1.002544e+01 1.474487e-01 2.237265e+00 1.241202e+00 9.788709e+00 1.359662e-01 1.271541e+00
39627782182929856 1.655130e+00 1.079003e+01 1.888991e-01 -1.286855e+00 1.709397e+00 1.088117e+01 1.893568e-01 -1.594073e+00
39627794493214992 1.774516e+00 1.112082e+01 4.405049e-01 -3.673721e+00 1.762983e+00 1.128193e+01 4.561810e-01 -8.064865e-01
39627778726822576 1.751645e+00 1.000210e+01 7.475377e-02 -4.199630e-01 1.743939e+00 9.991748e+00 5.599548e-02 -8.409870e-01
39627766928250944 1.378351e+00 1.108323e+01 4.422846e-01 -2.945534e-01 1.520516e+00 1.109128e+01 4.619136e-01 -1.357434e+00
39627835542864672 1.727220e+00 1.059532e+01 2.083758e-01 -2.848886e-01 1.608806e+00 1.059912e+01 2.070299e-01 1.776009e-01
39627829276574640 1.245279e+00 1.072569e+01 2.843907e-01 3.744531e-01 1.322903e+00 1.059902e+01 2.654473e-01 7.841373e-01
39627774859674112 1.446841e+00 1.028517e+01 1.271432e-01 1.956520e-01 1.423369e+00 1.043865e+01 1.298612e-01 1.998749e-01
39627749140203624 1.341484e+00 1.041114e+01 1.712587e-01 2.454031e+00 1.370071e+00 1.028831e+01 1.467180e-01 5.231634e-01
39633157993008064 1.173828e+00 1.045353e+01 1.064963e-01 1.556247e+00 1.202704e+00 1.038372e+01 8.521226e-02 2.923424e+00
39627835224097816 1.735781e+00 1.025501e+01 2.108770e-01 -2.706404e-01 1.562070e+00 1.053478e+01 2.099845e-01 -6.419053e-01
39627792945518032 1.506203e+00 1.077139e+01 2.727486e-01 -8.799036e-01 1.701236e+00 1.076945e+01 2.674792e-01 -1.004427e+00
39627782350702152 1.835646e+00 1.030652e+01 1.962486e-01 -3.854027e+00 1.641470e+00 1.036450e+01 1.987015e-01 -1.040741e+00
39627841393920296 1.281462e+00 1.060136e+01 2.673573e-01 5.418345e+00 1.248704e+00 1.070692e+01 2.496239e-01 3.357784e+00
39627764285837672 1.512032e+00 1.077929e+01 3.484906e-01 1.400303e+00 1.578766e+00 1.069746e+01 3.588915e-01 2.519278e+00
39627811161378328 1.352952e+00 1.010355e+01 2.197599e-01 -3.225191e+00 1.274888e+00 1.029029e+01 2.583273e-01 6.904315e-01
39627764210338880 1.749921e+00 1.057596e+01 2.577879e-01 5.352096e-01 1.613264e+00 1.058926e+01 2.588612e-01 1.325811e+00
39627800256189672 1.799985e+00 1.133312e+01 4.725152e-01 -1.987681e+00 1.721530e+00 1.122235e+01 4.830052e-01 -6.872201e-01
39627824574760368 1.647428e+00 1.047114e+01 1.906338e-01 -3.630719e-01 1.579095e+00 1.064067e+01 1.920018e-01 -4.186851e-01
39633127689159824 1.233311e+00 1.119909e+01 5.295892e-01 2.196146e+00 1.247532e+00 1.099276e+01 5.801483e-01 2.029698e+00
39627752231404904 1.223298e+00 1.066338e+01 3.196266e-01 1.651609e+00 1.264187e+00 1.112585e+01 3.318121e-01 1.875449e+00
39627772909330384 1.425626e+00 1.131385e+01 4.551733e-01 -6.405499e-01 1.513407e+00 1.120094e+01 4.220794e-01 9.114146e-04
39627859739805280 1.776182e+00 1.038472e+01 1.044808e-01 1.233814e-01 1.762026e+00 1.022900e+01 8.472873e-02 -1.155044e+00
39627751954584664 1.304296e+00 1.053222e+01 1.888206e-01 3.606280e+00 1.293393e+00 1.044254e+01 1.565808e-01 2.415143e+00
39627835396066656 1.441313e+00 1.017053e+01 1.607998e-01 -5.538169e-02 1.389645e+00 1.023876e+01 1.235809e-01 2.329224e-02
39627758199898736 1.216754e+00 1.037601e+01 2.153509e-01 4.292289e+00 1.217041e+00 1.048457e+01 2.259636e-01 3.779508e+00
39627781633476944 1.361607e+00 1.052360e+01 1.876270e-01 1.615501e+00 1.438552e+00 1.050866e+01 1.716976e-01 1.249457e+00
39627757642060576 1.331117e+00 1.071145e+01 1.954392e-01 2.931221e+00 1.480078e+00 1.024126e+01 1.385142e-01 1.516972e+00
39627790407965496 1.256993e+00 1.038094e+01 1.428139e-01 -2.524109e-01 1.641933e+00 1.021251e+01 1.214119e-01 -5.351584e-01
39627793872458136 1.593984e+00 1.114937e+01 4.064783e-01 -2.898482e+00 1.696491e+00 1.114942e+01 4.355198e-01 -9.304652e-01
39627799098558632 1.004011e+00 8.509461e+00 5.321318e-02 5.682588e+00 1.109018e+00 7.916935e+00 2.953628e-02 1.875484e+00
39627758166349104 1.597042e+00 1.037521e+01 2.622341e-01 8.900080e-01 1.606152e+00 1.079177e+01 2.578210e-01 1.410106e+00
39627883630563720 1.630736e+00 1.090331e+01 4.555470e-01 -1.332833e+00 1.686266e+00 1.121466e+01 4.726175e-01 -1.154195e+00
39627811165569408 1.662375e+00 1.083121e+01 2.586328e-01 -2.086937e+00 1.664427e+00 1.087428e+01 2.486286e-01 -9.939425e-01
39627830631335632 1.341965e+00 1.039785e+01 1.692490e-01 2.369734e-01 1.466352e+00 1.039837e+01 1.372053e-01 -3.636426e-02
39627748972431048 1.717115e+00 1.121817e+01 5.014380e-01 -4.496363e-01 1.588660e+00 1.121997e+01 5.283525e-01 8.302647e-02
39627805176104248 1.373604e+00 1.026049e+01 3.059311e-01 2.447773e+00 1.353480e+00 1.083884e+01 3.324727e-01 2.173270e+00
39627763648303728 1.783309e+00 1.008428e+01 7.917725e-02 -4.984597e-01 1.754268e+00 1.005147e+01 6.036760e-02 -8.930948e-01
39627830597783640 1.909703e+00 1.105337e+01 3.168232e-01 -2.423915e+00 1.693841e+00 1.107687e+01 3.404969e-01 -4.847473e-01
39627739359087800 1.852650e+00 1.040827e+01 1.255404e-01 -1.158687e+00 1.736240e+00 1.044288e+01 1.292348e-01 -3.947481e-01
39627796590369976 1.268931e+00 9.081734e+00 6.066758e-02 1.402017e+00 1.273140e+00 9.293165e+00 6.782086e-02 2.429781e+00
39627758086656936 1.527871e+00 1.000919e+01 1.404987e-01 1.061948e+00 1.625941e+00 1.000035e+01 1.230628e-01 -1.146023e-01
39627799031450320 1.518447e+00 1.075163e+01 2.323734e-01 6.039571e-03 1.454718e+00 1.074436e+01 2.491209e-01 9.452070e-01
39627817415084144 1.713862e+00 1.091459e+01 3.790894e-01 5.941838e-02 1.747864e+00 1.113616e+01 3.868590e-01 -4.330255e-01
39627799836755904 1.559907e+00 1.129452e+01 5.201797e-01 -1.702896e+00 1.499361e+00 1.125442e+01 5.439391e-01 -1.700661e-01
39627841310032704 1.347780e+00 1.007519e+01 1.338079e-01 3.558082e+00 1.328468e+00 1.009084e+01 1.319580e-01 3.509388e+00
39627847664405232 1.881771e+00 1.104115e+01 3.739905e-01 -1.440196e+00 1.784772e+00 1.125943e+01 3.891577e-01 -5.121208e-01
39627800449126064 1.768066e+00 9.918401e+00 1.491429e-01 -6.452904e-01 1.677785e+00 1.015029e+01 1.257999e-01 -9.778355e-01
39627812507749672 1.501010e+00 1.022001e+01 1.260856e-01 -5.749133e-01 1.589127e+00 1.013472e+01 1.102474e-01 -2.336728e-01
39627760905227080 1.644798e+00 1.114254e+01 5.273432e-01 1.201093e+00 1.412176e+00 1.125690e+01 5.682917e-01 9.922923e-01
39627818040038240 1.184234e+00 9.741486e+00 8.958952e-02 3.943817e+00 1.206559e+00 1.003645e+01 9.262492e-02 3.565429e+00
39627874864468248 1.617890e+00 1.086715e+01 3.634400e-01 -3.244638e+00 1.688636e+00 1.122146e+01 4.124772e-01 -9.728873e-01
39627760351582640 1.554957e+00 1.123966e+01 3.845802e-01 -7.164747e-02 1.717791e+00 1.107517e+01 3.903433e-01 -5.035653e-01
39633127714328200 1.767182e+00 1.082278e+01 5.099390e-01 2.480742e-01 1.680088e+00 1.130961e+01 5.377225e-01 -4.707876e-01
39627794489020128 1.134938e+00 9.891209e+00 1.480432e-01 -1.309576e+00 1.207175e+00 9.617507e+00 1.395617e-01 2.243770e+00
39633118671407392 1.511179e+00 1.134589e+01 5.376251e-01 -1.372340e+00 1.664950e+00 1.127800e+01 5.566749e-01 -1.258556e-01
39627787845240616 1.480364e+00 9.615341e+00 1.169473e-01 1.180032e+00 1.512055e+00 9.407552e+00 6.431045e-02 8.139776e-01
39627782275208256 1.106901e+00 9.824368e+00 1.844524e-01 4.022690e+00 1.153618e+00 9.376431e+00 1.799385e-01 3.780241e+00
39627824453128504 1.365661e+00 1.024075e+01 9.284395e-02 2.365196e+00 1.344961e+00 1.031565e+01 9.217528e-02 2.549185e+00
39627780949804496 1.341987e+00 1.030336e+01 2.347659e-01 2.976727e+00 1.253127e+00 1.060256e+01 2.412037e-01 3.260658e+00
39627700834403432 1.695764e+00 1.114414e+01 6.023477e-01 3.492019e-02 1.672708e+00 1.149166e+01 6.445919e-01 -1.047043e-01
39627799878699952 1.335278e+00 1.031624e+01 1.258365e-01 2.215484e+00 1.325572e+00 1.019046e+01 1.133329e-01 2.169152e+00
39627784229754248 1.214034e+00 1.003740e+01 1.774736e-01 3.134384e+00 1.223443e+00 9.774487e+00 1.615030e-01 2.523057e+00
39627799035642024 1.608417e+00 1.042150e+01 1.569444e-01 -1.526604e+00 1.690473e+00 1.036940e+01 1.273242e-01 -8.648332e-01
39627853335107432 1.778257e+00 1.075217e+01 1.110899e-01 -1.102878e+00 1.742665e+00 1.072459e+01 1.038611e-01 -1.072873e+00
39627787018965072 1.647896e+00 1.068401e+01 1.994313e-01 1.436219e+00 1.655963e+00 1.065238e+01 1.902220e-01 5.468388e-01
39627805792667096 1.589780e+00 1.120982e+01 3.105984e-01 -3.745483e-01 1.726870e+00 1.117250e+01 3.157148e-01 -1.152193e+00
39627760309639280 1.604196e+00 1.131032e+01 5.025328e-01 8.735662e-01 1.507932e+00 1.134140e+01 5.717007e-01 7.862926e-01
39627772179518144 1.432815e+00 1.104486e+01 4.906429e-01 2.586528e+00 1.424629e+00 1.118654e+01 5.321002e-01 5.059221e-01
39627893080329496 1.741896e+00 1.102817e+01 3.064318e-01 -2.425981e+00 1.740853e+00 1.105805e+01 3.263353e-01 -1.064072e+00
39627836792769888 1.301259e+00 1.041223e+01 3.245245e-01 3.338422e+00 1.285094e+00 1.062115e+01 3.263961e-01 2.749080e+00
39627806430203512 1.908262e+00 1.102702e+01 2.649278e-01 -1.546258e+00 1.842069e+00 1.122356e+01 2.756823e-01 -9.942690e-01
39627760930395840 1.513269e+00 8.098015e+00 1.455663e-02 1.535768e+00 1.497974e+00 8.010784e+00 0.000000e+00 1.918028e-01
39627746011253712 1.542957e+00 1.050155e+01 1.848921e-01 -4.447308e-01 1.637783e+00 1.046429e+01 1.709911e-01 -1.667200e+00
39627853364464120 9.900650e-01 9.390508e+00 7.638182e-02 3.641882e+00 1.051218e+00 9.055939e+00 5.602531e-02 3.764926e+00
39633122962179104 1.668367e+00 1.102865e+01 3.362469e-01 -7.647326e-01 1.673821e+00 1.091468e+01 3.366608e-01 -8.775688e-01
39627805826224032 1.629331e+00 1.037924e+01 1.398682e-01 1.103965e+00 1.573336e+00 1.046290e+01 1.498728e-01 -1.586277e+00
39627755129671104 1.157479e+00 8.321995e+00 5.712260e-02 4.349239e+00 1.118487e+00 8.280731e+00 3.951564e-02 1.247602e+00
39627824637678048 1.388003e+00 1.055354e+01 1.914516e-01 2.967335e+00 1.394836e+00 1.047591e+01 1.877829e-01 1.080441e+00
39627782342316112 1.594608e+00 1.063883e+01 2.106381e-01 -7.908171e-01 1.595005e+00 1.064077e+01 2.138757e-01 -3.422788e-01
39627868967277184 1.740761e+00 1.114591e+01 2.988272e-01 -8.241111e-01 1.834955e+00 1.119755e+01 2.934897e-01 -1.286355e+00
39627775585289344 1.239671e+00 9.825563e+00 1.246083e-01 3.095283e+00 1.246501e+00 9.708393e+00 1.279150e-01 2.058964e+00
39627811249456584 1.206355e+00 1.107935e+01 3.863440e-01 5.749726e+00 1.194477e+00 1.083810e+01 3.904697e-01 5.928953e+00
39627808758044384 1.387452e+00 1.121503e+01 5.453514e-01 -1.487878e-01 1.422827e+00 1.120738e+01 5.856578e-01 7.500377e-01
39627790458297056 1.644270e+00 1.030604e+01 1.272325e-01 5.371975e-01 1.755297e+00 1.042699e+01 1.130572e-01 -1.023522e+00
39627658585178680 1.356596e+00 1.139260e+01 3.585076e-01 1.898565e+00 1.288748e+00 1.123454e+01 3.586912e-01 1.176631e+00
39627752097190592 1.606737e+00 1.056133e+01 1.586660e-01 1.298216e-01 1.675244e+00 1.056328e+01 1.380057e-01 -1.007269e+00
39627780945611496 1.832368e+00 1.061282e+01 2.225730e-01 -1.881733e-01 1.762435e+00 1.075458e+01 2.133236e-01 -9.519085e-01
39627800600119432 1.343659e+00 9.417338e+00 9.679486e-02 3.570799e+00 1.264608e+00 9.558368e+00 9.742598e-02 9.209686e-01
39627941172217536 1.463057e+00 1.120418e+01 3.068371e-01 -1.230936e+00 1.557258e+00 1.137361e+01 3.536339e-01 1.406258e-01
39627818136504424 1.751988e+00 1.112540e+01 4.641634e-01 -7.095941e-01 1.685691e+00 1.120974e+01 5.123290e-01 -4.438645e-02
39627755079338168 1.290603e+00 1.045606e+01 1.913285e-01 4.780409e+00 1.249952e+00 1.033603e+01 2.121524e-01 2.629116e+00
39627769662934656 1.012045e+00 9.778023e+00 1.790859e-01 -1.464113e+00 9.159091e-01 9.408091e+00 1.490488e-01 -9.282289e-01
39627769662933224 1.515976e+00 1.064764e+01 3.245203e-01 3.091439e+00 1.408116e+00 1.079130e+01 3.667291e-01 3.397286e-01
39627792983266688 1.514647e+00 1.050262e+01 1.556385e-01 -5.428520e-01 1.643833e+00 1.045277e+01 1.522965e-01 -1.671758e+00
39627733986182944 1.191023e+00 9.299784e+00 7.675680e-02 3.943777e+00 1.228374e+00 9.250905e+00 6.425107e-02 3.591275e+00
39627811337540688 1.518992e+00 1.038301e+01 1.222451e-01 1.727475e-01 1.537653e+00 1.067959e+01 1.389405e-01 -4.377947e-01
39627745453411008 1.276073e+00 1.000508e+01 2.810930e-01 1.687877e+00 1.346656e+00 1.044075e+01 2.752731e-01 -2.854575e-01
39633158269830864 1.412754e+00 9.845974e+00 6.945168e-02 1.303230e+00 1.407329e+00 9.897092e+00 5.077566e-02 1.603402e+00
39627815242438184 1.010251e+00 9.603603e+00 2.342336e-01 3.310218e+00 1.028087e+00 9.734629e+00 2.068202e-01 3.342143e+00
39627787694249048 1.419840e+00 1.100360e+01 3.143235e-01 -1.536000e+00 1.581238e+00 1.115320e+01 3.431822e-01 -1.898491e-01
39627781784470528 1.277143e+00 1.085636e+01 3.213712e-01 2.053153e+00 1.353514e+00 1.088699e+01 3.416108e-01 1.835108e+00
39627758258622040 1.275243e+00 1.065481e+01 2.499932e-01 1.121077e+00 1.349903e+00 1.052162e+01 2.603018e-01 9.663064e-01
39627817205372456 1.244901e+00 1.031513e+01 1.970425e-01 2.009317e+00 1.262615e+00 1.022068e+01 1.956604e-01 2.505863e+00
39627769579048680 1.712812e+00 1.066601e+01 1.533391e-01 -2.247653e-01 1.791681e+00 1.057659e+01 1.346807e-01 -8.500705e-01
39627847324667120 1.616409e+00 1.105773e+01 3.353716e-01 8.264673e-01 1.617278e+00 1.101772e+01 3.577026e-01 -6.534725e-02
39633118415555016 1.665923e+00 1.107005e+01 3.938765e-01 -1.583481e+00 1.671199e+00 1.101502e+01 3.970940e-01 -7.996936e-01
39627830597781960 1.539305e+00 1.067953e+01 2.611429e-01 -1.225702e+00 1.546543e+00 1.066542e+01 2.725106e-01 -5.492293e-01
39627786939272240 1.818677e+00 1.036689e+01 1.777881e-01 -1.456345e+00 1.733897e+00 1.051204e+01 1.707206e-01 -1.189148e+00
39627793062954216 1.483656e+00 1.083164e+01 2.040389e-01 1.100864e+00 1.458025e+00 1.087494e+01 2.099776e-01 7.084974e-01
39627812541304112 1.352391e+00 1.051685e+01 2.403254e-01 1.045831e+00 1.324039e+00 1.041500e+01 2.454290e-01 1.973732e+00
39627757495257072 1.242178e+00 9.470749e+00 7.787921e-02 3.098737e+00 1.236846e+00 9.298653e+00 5.175301e-02 3.198527e+00
39627724964236776 1.753879e+00 1.078348e+01 3.790722e-01 1.221709e+00 1.536155e+00 1.093962e+01 3.914543e-01 -1.003546e+00
39627802386894056 1.146758e+00 9.580818e+00 1.109674e-01 5.335413e+00 1.152348e+00 9.357950e+00 8.796772e-02 5.047426e+00
39627776390595864 1.704416e+00 1.030849e+01 7.825875e-02 5.388555e-03 1.524685e+00 1.058157e+01 1.095980e-01 6.456599e-01
39627751438684296 1.055778e+00 8.707545e+00 7.810725e-02 4.316716e+00 1.070187e+00 8.978947e+00 6.371634e-02 4.279233e+00
39627835312181776 1.399689e+00 1.011257e+01 2.192164e-01 3.918239e+00 1.313844e+00 1.056446e+01 2.482074e-01 5.414648e+00
39627805989803344 1.219593e+00 9.991519e+00 1.515146e-01 3.060789e-01 1.243466e+00 9.671440e+00 1.281974e-01 1.846847e+00
39627830685861472 1.336201e+00 1.014233e+01 1.387208e-01 2.992576e-01 1.326722e+00 9.964849e+00 1.298309e-01 7.357742e-01
39627775648206400 1.755019e+00 1.059003e+01 1.304028e-01 -1.414852e+00 1.795445e+00 1.059313e+01 1.250354e-01 -1.297512e+00
39627817977119320 1.531485e+00 1.065279e+01 2.518616e-01 5.618546e-03 1.708498e+00 1.070309e+01 2.411303e-01 -1.203605e+00
39627781063051400 1.136437e+00 1.037619e+01 2.083477e-01 3.496526e+00 1.233696e+00 9.927126e+00 1.440368e-01 3.519434e+00
39627739346507416 1.041482e+00 8.667014e+00 1.076616e-01 1.950928e+00 1.080055e+00 8.439605e+00 8.508727e-02 3.934891e+00
39627793914398400 1.621680e+00 1.074563e+01 1.642192e-01 -4.778932e-01 1.536808e+00 1.077985e+01 1.488368e-01 2.810924e-01
39627762897519704 1.807365e+00 1.094092e+01 2.819720e-01 -7.940676e-01 1.786372e+00 1.095037e+01 2.820864e-01 -8.654834e-01
39627823312276312 1.401333e+00 1.099250e+01 3.349889e-01 -4.143192e-01 1.202324e+00 1.092268e+01 3.825784e-01 3.736645e+00
39627757478478488 1.233923e+00 1.015352e+01 1.509154e-01 -1.862942e-01 1.260043e+00 1.022224e+01 1.824684e-01 3.342061e-01
39627796451953040 1.102361e+00 1.001923e+01 1.493962e-01 -9.456170e-01 1.135156e+00 9.798819e+00 1.340906e-01 -6.170790e-01
39627836817933904 1.764331e+00 1.145010e+01 6.124550e-01 -5.737412e-01 1.667941e+00 1.154446e+01 6.729459e-01 1.620414e-01
39627776323487440 1.343505e+00 1.138922e+01 5.491614e-01 3.171531e+00 1.327592e+00 1.120205e+01 6.457496e-01 5.186246e+00
39627812541303568 1.158192e+00 1.032469e+01 2.414683e-01 1.760940e+00 1.228647e+00 1.016368e+01 2.438590e-01 8.718798e-01
39627787174152784 2.019271e+00 1.059565e+01 1.278573e-01 -2.170880e+00 1.821429e+00 1.077475e+01 1.207588e-01 -1.444175e+00
39627850860467648 1.727040e+00 1.104101e+01 4.271062e-01 -5.741733e-01 1.659105e+00 1.123075e+01 4.479668e-01 -1.063682e+00
39627818581102200 1.262781e+00 1.017192e+01 2.194586e-01 1.782672e+00 1.226173e+00 1.027176e+01 2.451396e-01 3.349350e+00
39627847433717792 1.343588e+00 1.059555e+01 1.449758e-01 2.852752e+00 1.422252e+00 1.042599e+01 1.143287e-01 9.435769e-01
39627755020623064 1.359913e+00 1.098115e+01 4.890206e-01 -3.676853e-01 1.346982e+00 1.112691e+01 4.825609e-01 -4.981878e-01
39627812004430448 1.137982e+00 1.015321e+01 2.463182e-01 4.528045e+00 1.138842e+00 1.010776e+01 2.436727e-01 4.333049e+00
39627758208292840 1.024410e+00 9.373860e+00 1.081008e-01 2.729114e+00 1.137948e+00 8.716639e+00 7.999252e-02 3.090007e+00
39627836629192512 1.239108e+00 1.044250e+01 3.047992e-01 9.755507e-01 1.229306e+00 1.062732e+01 3.354605e-01 3.601984e+00
39627776273156000 1.764177e+00 1.109857e+01 5.017996e-01 -2.204837e+00 1.678610e+00 1.132689e+01 5.488375e-01 -3.803110e-02
39627757512035384 1.080537e+00 8.997877e+00 1.368569e-01 5.236043e+00 1.119688e+00 9.345827e+00 1.456032e-01 4.513622e+00
39627812449029248 1.272129e+00 1.013238e+01 1.459870e-01 3.208423e+00 1.266453e+00 1.020786e+01 1.329474e-01 2.818725e+00
39627763589582352 1.739712e+00 1.111674e+01 2.632564e-01 -9.591208e-01 1.770355e+00 1.111047e+01 2.523396e-01 -1.372564e+00
39627847479855872 1.619980e+00 9.680068e+00 8.650829e-02 -4.066850e-01 1.462676e+00 9.489958e+00 4.972769e-02 -2.940968e-01
39627805129969552 1.165624e+00 8.797712e+00 7.159541e-02 4.957920e+00 1.194160e+00 8.956055e+00 6.037240e-02 4.004688e+00
39627794535156824 1.645789e+00 1.118302e+01 5.373744e-01 2.640194e-01 1.659292e+00 1.135756e+01 6.046975e-01 3.084097e-01
39627778991065856 1.249236e+00 1.120045e+01 4.516971e-01 -1.885053e+00 1.384477e+00 1.110033e+01 4.609350e-01 4.030255e-01
39627778500332064 1.208766e+00 1.009545e+01 2.995453e-01 3.088486e+00 1.195592e+00 1.012997e+01 3.211914e-01 3.287754e+00
39627818484631200 1.623046e+00 1.083014e+01 3.179105e-01 1.688618e+00 1.484857e+00 1.104881e+01 3.265487e-01 6.947651e-01
39627769583244384 1.259149e+00 1.005502e+01 1.621982e-01 1.288722e-02 1.277960e+00 9.895186e+00 1.505924e-01 1.843110e+00
39627796732975416 1.169643e+00 9.454907e+00 8.235016e-02 1.724715e+00 1.173012e+00 1.025660e+01 1.309990e-01 -1.208492e+00
39627780974971344 1.274455e+00 9.066561e+00 1.006084e-01 2.302489e+00 1.175883e+00 9.201044e+00 9.807955e-02 2.245506e+00
39633290046475096 1.464947e+00 1.097008e+01 3.693854e-01 2.760051e+00 1.493749e+00 1.092725e+01 3.622957e-01 1.076752e+00
39627820632121176 1.214751e+00 9.930124e+00 1.421827e-01 3.223892e+00 1.237131e+00 9.865713e+00 1.415353e-01 2.863517e+00
39627768878596864 1.679815e+00 1.084399e+01 2.541851e-01 -3.255669e+00 1.704771e+00 1.085837e+01 2.758431e-01 -1.015110e+00
39627746128691528 1.683416e+00 1.084607e+01 2.408535e-01 -1.213065e+00 1.734403e+00 1.084135e+01 2.496688e-01 -4.566952e-01
39627745440829024 1.123228e+00 9.627202e+00 1.364541e-01 2.741226e+00 1.132643e+00 9.248155e+00 1.201166e-01 3.776296e+00
39627764210336304 1.591245e+00 1.089100e+01 2.630326e-01 -2.729878e+00 1.641101e+00 1.080637e+01 2.690229e-01 -1.236323e+00
39627776369625576 1.323710e+00 1.052074e+01 3.467821e-01 3.182338e+00 1.310754e+00 1.066624e+01 3.767367e-01 1.216921e+00
39627824587345976 1.559983e+00 1.130154e+01 4.701829e-01 6.682795e-01 1.487643e+00 1.129382e+01 4.901347e-01 -1.548076e-02
39627824012724416 1.220534e+00 9.980529e+00 8.348210e-02 -5.691159e-01 1.275401e+00 1.016049e+01 9.749141e-02 2.349518e+00
39627775019060016 1.789181e+00 1.110890e+01 3.609438e-01 -5.033324e-01 1.779695e+00 1.127545e+01 3.777791e-01 -5.984287e-01
39627835404455168 1.120273e+00 9.274394e+00 9.087511e-02 -1.825549e+00 1.170293e+00 8.885667e+00 7.060546e-02 1.516247e+00
39627763543447312 1.185341e+00 1.071072e+01 3.981605e-01 7.828040e+00 1.155321e+00 1.071810e+01 4.043930e-01 7.518438e+00
39627800524621960 1.165705e+00 9.596544e+00 1.165542e-01 6.498883e-01 1.173087e+00 9.444651e+00 9.819292e-02 1.137863e+00
39627752080413104 1.535237e+00 1.132431e+01 4.081109e-01 6.297885e-02 1.608097e+00 1.137089e+01 4.426600e-01 -1.034065e+00
39627652654438144 1.837104e+00 1.130936e+01 4.399157e-01 -1.018600e+00 1.680592e+00 1.128448e+01 4.391856e-01 -8.802353e-01
39627847475662232 1.812805e+00 1.102807e+01 2.107925e-01 -8.691873e-01 1.802354e+00 1.097310e+01 2.057101e-01 -1.384433e+00
39627766617872568 1.199168e+00 1.029292e+01 2.471825e-01 4.097441e+00 1.176070e+00 1.027654e+01 2.395163e-01 3.946530e+00
39627752176880536 1.455358e+00 1.073775e+01 3.233877e-01 -4.198383e-01 1.611943e+00 1.090138e+01 3.510464e-01 -7.942060e-01
39627808653181360 1.656769e+00 1.048929e+01 4.049534e-01 -1.412978e+00 1.625142e+00 1.099193e+01 4.365533e-01 -1.203382e+00
39627733323481304 1.383140e+00 1.068994e+01 1.329502e-01 1.177106e+00 1.402834e+00 1.068268e+01 1.272325e-01 1.844916e+00
39627793100703360 1.183593e+00 9.725120e+00 9.184497e-02 4.970860e+00 1.183772e+00 9.585423e+00 7.299912e-02 4.084698e+00
39627800432347968 1.129795e+00 9.881506e+00 1.133138e-01 4.217259e+00 1.169593e+00 9.724979e+00 1.040293e-01 4.289170e+00
39627820770526256 1.558145e+00 1.108838e+01 3.312541e-01 -1.092554e+00 1.619996e+00 1.113369e+01 3.828909e-01 -4.085848e-01
39627793742430496 1.350204e+00 1.030927e+01 1.619828e-01 3.177296e-01 1.305598e+00 1.035034e+01 1.508013e-01 2.264369e+00
39627818589491936 1.526845e+00 1.114571e+01 2.874374e-01 3.744074e-01 1.594539e+00 1.101774e+01 2.921199e-01 3.754214e-01
39633162434775624 1.746484e+00 1.090374e+01 2.450579e-01 2.858028e-01 1.662299e+00 1.096538e+01 2.773847e-01 -5.152578e-01
39627740088897072 1.614388e+00 9.897353e+00 8.878830e-02 2.345425e-01 1.578861e+00 9.551330e+00 4.001087e-02 -3.654414e-02
39627805197078568 1.280056e+00 1.001865e+01 1.968130e-01 2.785894e+00 1.249578e+00 1.017583e+01 2.117301e-01 2.768779e+00
39627824599930040 1.509542e+00 1.091577e+01 3.250421e-01 1.997874e+00 1.456623e+00 1.081548e+01 3.464391e-01 4.345055e+00
39627784485609480 1.849348e+00 1.103098e+01 3.123331e-01 -2.143536e+00 1.776151e+00 1.113092e+01 3.278942e-01 -1.101945e+00
39627841305843104 1.341666e+00 1.056665e+01 2.699256e-01 4.913435e+00 1.362280e+00 1.054982e+01 2.624377e-01 3.425503e+00
39627796347103088 1.150230e+00 9.934233e+00 1.615444e-01 3.461353e+00 1.188008e+00 9.780765e+00 1.447152e-01 3.792047e+00
39627814894310264 1.670262e+00 1.110451e+01 4.161360e-01 -1.138905e+00 1.703917e+00 1.118584e+01 4.259142e-01 -9.990978e-02
39627762889132528 1.592630e+00 1.132712e+01 5.833337e-01 1.120187e-01 1.585205e+00 1.140100e+01 6.318188e-01 4.254568e-01
39627823979170312 1.673285e+00 9.929858e+00 7.818931e-02 1.363504e+00 1.534613e+00 9.892416e+00 6.241536e-02 -4.144865e-02
39627796552621576 1.623049e+00 1.015219e+01 1.094269e-01 -2.987851e+00 1.641149e+00 1.033547e+01 1.143891e-01 -8.710735e-01
39627788449221072 1.090763e+00 1.067713e+01 2.892580e-01 3.425640e+00 1.169184e+00 1.041415e+01 2.736726e-01 4.167771e+00
39627768958287992 1.520515e+00 1.084470e+01 3.136210e-01 -3.045773e-01 1.476522e+00 1.093160e+01 3.570552e-01 5.272148e-01
39633122991541112 1.805959e+00 1.052591e+01 2.165471e-01 -1.157560e+00 1.743824e+00 1.064651e+01 2.056147e-01 -8.243424e-01
39627766420738032 1.767244e+00 1.116269e+01 3.829767e-01 -2.433831e+00 1.709079e+00 1.105728e+01 4.081967e-01 -9.761218e-01
39627752231403912 1.779406e+00 1.046732e+01 2.855627e-01 -6.332739e-01 1.735203e+00 1.083662e+01 2.821149e-01 -6.410306e-01
39627859504928296 1.211009e+00 1.003994e+01 1.542019e-01 3.784969e+00 1.235020e+00 9.835918e+00 1.509318e-01 2.445508e+00
39627763488916912 1.583213e+00 1.052592e+01 1.731449e-01 6.421732e-01 1.527537e+00 1.051439e+01 1.695790e-01 -3.984958e-01
39627781725753816 1.850322e+00 1.056714e+01 1.307339e-01 -1.822532e+00 1.794642e+00 1.056009e+01 1.291139e-01 -1.177237e+00
39627815208879680 1.612520e+00 1.127358e+01 4.219314e-01 -1.706912e+00 1.741126e+00 1.120714e+01 4.202878e-01 -8.421441e-01
39627745596017392 1.396377e+00 1.112496e+01 5.106782e-01 -3.971210e+00 1.443112e+00 1.116864e+01 5.538989e-01 -4.414850e-02
39627757709166768 1.542612e+00 1.056650e+01 1.529635e-01 -7.678672e-03 1.492184e+00 1.059706e+01 1.409578e-01 6.886466e-01
39627772192104800 1.471964e+00 1.001058e+01 7.174470e-02 1.609957e+00 1.623492e+00 1.013465e+01 5.166714e-02 -2.134296e-01
39627786922492120 1.486898e+00 1.029679e+01 1.646321e-01 -4.678017e-01 1.676530e+00 1.027226e+01 1.516469e-01 -1.197143e+00
39627793675322192 1.412911e+00 1.074088e+01 1.974740e-01 2.400114e+00 1.512732e+00 1.075308e+01 1.859049e-01 4.467668e-01
39627811937321600 1.025365e+00 7.484730e+00 2.127948e-02 -8.684798e-01 1.035483e+00 6.984329e+00 0.000000e+00 1.192872e+00
39627770371770320 1.514837e+00 1.032187e+01 1.005170e-01 1.631118e+00 1.467799e+00 1.048184e+01 9.601125e-02 1.299790e+00
39633149390488544 1.588608e+00 1.056703e+01 1.835927e-01 1.833974e+00 1.694065e+00 1.051718e+01 1.630801e-01 2.012556e-01
39627859383292872 1.277470e+00 1.029009e+01 1.938918e-01 2.242834e+00 1.342657e+00 1.024856e+01 1.567524e-01 4.978835e-01
39627898969132992 1.749039e+00 1.119120e+01 4.127376e-01 -5.629016e-01 1.716040e+00 1.121520e+01 4.512023e-01 -9.745026e-01
39627781818024272 1.696285e+00 1.030209e+01 7.940245e-02 -7.239462e-01 1.560265e+00 1.025470e+01 5.016974e-02 3.405799e-01
39627796523258800 1.376580e+00 1.082116e+01 2.256746e-01 7.943457e-01 1.726826e+00 1.097227e+01 2.091440e-01 -1.649723e+00
39627805859776080 1.726069e+00 1.079640e+01 3.321962e-01 5.733166e-01 1.742779e+00 1.106800e+01 3.388886e-01 -4.520669e-01
39627824654456384 1.086500e+00 9.178282e+00 1.905015e-01 2.148190e+00 1.139888e+00 9.401701e+00 1.890996e-01 2.778704e+00
39627769021203824 1.475156e+00 1.125991e+01 5.271350e-01 -1.254010e+00 1.485834e+00 1.132479e+01 5.724573e-01 1.398534e+00
39627853339301704 1.725345e+00 1.048682e+01 3.090986e-01 -3.923591e-01 1.703384e+00 1.094802e+01 3.324362e-01 -5.552871e-01
39627775551735992 1.944975e+00 1.063578e+01 1.323576e-01 -9.811265e-01 1.790162e+00 1.066094e+01 1.101386e-01 -1.392540e+00
39627793738238752 1.221474e+00 9.951637e+00 2.222728e-01 4.938065e+00 1.180189e+00 1.024386e+01 2.422050e-01 4.186910e+00
39627682584986472 1.548795e+00 1.007263e+01 1.308592e-01 -4.669560e-01 1.662329e+00 9.975645e+00 1.132496e-01 -8.423039e-01
39627776235406696 1.739419e+00 1.052134e+01 1.434574e-01 -1.565432e+00 1.786381e+00 1.059554e+01 1.297576e-01 -1.407342e+00
39627794379965136 1.457837e+00 1.017519e+01 1.954134e-01 -3.311495e-01 1.401175e+00 1.025590e+01 1.938165e-01 -4.406015e-01
39627796581974264 1.532377e+00 9.645593e+00 7.459407e-02 1.350948e+00 1.511887e+00 9.935763e+00 6.732765e-02 1.237241e+00
39627847446300072 1.874735e+00 1.101979e+01 2.431062e-01 -1.017413e+00 1.816142e+00 1.113392e+01 2.579663e-01 -8.828421e-01
39627836037796960 1.257308e+00 1.067133e+01 2.607418e-01 2.919091e+00 1.305249e+00 1.056831e+01 2.457588e-01 2.419642e+00
39627824067250496 1.717323e+00 1.046370e+01 1.879696e-01 -1.114863e+00 1.759595e+00 1.056368e+01 1.985240e-01 -8.817613e-01
39627794338024192 1.154282e+00 8.967559e+00 5.295604e-02 2.482548e+00 1.199581e+00 8.293449e+00 9.199783e-03 3.552197e+00
39627758149570456 1.765051e+00 1.033054e+01 1.373987e-01 -1.627455e+00 1.680816e+00 1.034655e+01 1.401981e-01 -1.161653e+00
39627814588127536 1.843686e+00 1.114997e+01 2.786125e-01 -1.906472e+00 1.854112e+00 1.119936e+01 2.695168e-01 -1.197418e+00
39627787715216800 1.381594e+00 8.838136e+00 5.948500e-02 -6.680121e-01 1.394349e+00 8.634325e+00 3.279103e-02 -2.696723e-02
39627824729954248 1.413534e+00 9.254313e+00 4.401402e-02 6.712167e-01 1.416677e+00 9.634645e+00 4.456526e-02 1.123031e+00
39627776231215304 2.034579e+00 1.049411e+01 1.380644e-01 -1.489339e+00 1.762226e+00 1.050360e+01 1.287461e-01 -1.267543e+00
39627796342904768 1.776421e+00 1.074675e+01 1.742972e-01 -7.663906e-01 1.758551e+00 1.077300e+01 1.523661e-01 -1.534153e+00
39627769511940544 1.089818e+00 9.288196e+00 7.750057e-02 4.132023e+00 1.118320e+00 9.349352e+00 6.018870e-02 4.911955e+00
39633154041975080 1.859044e+00 1.125131e+01 4.765972e-01 -1.069256e+00 1.745735e+00 1.132476e+01 5.089167e-01 -3.222307e-01
39627770132699136 1.564514e+00 1.127835e+01 4.181741e-01 3.648858e-01 1.585082e+00 1.121905e+01 4.739379e-01 -3.082108e-01
39627754093675992 1.785755e+00 1.038653e+01 9.903994e-02 -1.404094e+00 1.823492e+00 1.065631e+01 8.734253e-02 -1.329449e+00
39627805259992344 1.576100e+00 1.128489e+01 3.604285e-01 -1.900597e+00 1.656560e+00 1.128738e+01 3.831787e-01 -8.852081e-01
39627871781651968 1.870655e+00 1.071526e+01 1.254042e-01 -1.546830e+00 1.680225e+00 1.081806e+01 1.122520e-01 -1.114454e+00
39627781708976552 1.868317e+00 1.098273e+01 4.961502e-01 -1.712998e+00 1.711140e+00 1.130837e+01 5.299214e-01 -9.910837e-01
39627733457699808 1.794268e+00 1.108694e+01 3.673809e-01 -8.953375e-01 1.712050e+00 1.106259e+01 3.920829e-01 -6.008568e-01
39627740059535888 1.080772e+00 7.547894e+00 3.025657e-02 2.720573e+00 1.108192e+00 8.010349e+00 5.766904e-02 3.177034e+00
39627772447954192 1.606913e+00 1.097536e+01 3.818803e-01 -3.337011e+00 1.685294e+00 1.102322e+01 4.094892e-01 -9.735322e-01
39627830111243648 1.731427e+00 9.911188e+00 6.849748e-02 1.186556e+00 1.752644e+00 1.018039e+01 8.062585e-02 -7.904173e-01
39627670555726608 1.671127e+00 1.089907e+01 4.347998e-01 4.658896e-01 1.601625e+00 1.117632e+01 4.905392e-01 -3.911825e-01
39627844631925512 1.146483e+00 1.030099e+01 1.960714e-01 3.801525e+00 1.137091e+00 1.030182e+01 1.844067e-01 3.794770e+00
39633149461793376 1.731349e+00 1.086804e+01 2.416494e-01 8.874680e-01 1.773095e+00 1.091535e+01 2.397268e-01 -8.343682e-01
39627746174831472 1.717916e+00 1.112154e+01 5.543991e-01 8.980007e-01 1.692468e+00 1.140204e+01 6.103175e-01 -1.215644e-01
39627794321246760 1.225359e+00 9.026527e+00 1.061301e-01 8.955104e-01 1.132414e+00 9.144514e+00 1.057206e-01 1.108253e+00
39627764197753840 1.146130e+00 9.076745e+00 1.008102e-01 3.284506e-01 1.166695e+00 8.760646e+00 6.755365e-02 2.216297e+00
39627820837641552 1.761533e+00 1.114680e+01 4.413033e-01 -3.501473e+00 1.681017e+00 1.121703e+01 4.640192e-01 -1.152938e+00
39627764252279816 1.498296e+00 1.091757e+01 3.590733e-01 -3.175807e+00 1.450111e+00 1.093005e+01 3.733212e-01 3.036952e-02
39627913816967792 1.792160e+00 1.113388e+01 2.162977e-01 -9.552767e-01 1.829037e+00 1.103741e+01 1.959119e-01 -1.364643e+00
39627812084122456 1.632367e+00 1.015271e+01 8.969089e-02 -7.579623e-01 1.700326e+00 1.004296e+01 6.568591e-02 -7.382702e-01
39627829263994536 1.068181e+00 9.418110e+00 1.648598e-01 6.261080e+00 1.116704e+00 9.482929e+00 1.023404e-01 5.772429e+00
39627766903085520 1.137552e+00 1.001296e+01 1.535030e-01 3.606497e+00 1.146966e+00 9.756395e+00 1.338011e-01 4.271363e+00
39627812495167464 1.739291e+00 1.040707e+01 1.693141e-01 3.550054e-01 1.777050e+00 1.055183e+01 1.600479e-01 -1.176829e+00
39633118742708984 1.667819e+00 1.108587e+01 4.759183e-01 4.069941e-01 1.717312e+00 1.125143e+01 4.809901e-01 -5.009674e-01
39627805767504024 1.114880e+00 9.411773e+00 7.276246e-02 5.550676e+00 1.148620e+00 9.572479e+00 4.898058e-02 4.577885e+00
39627734082652728 1.971371e+00 1.076600e+01 1.439448e-01 -2.245984e+00 1.722616e+00 1.077030e+01 1.475577e-01 -1.701808e+00
39627824520234280 1.220493e+00 1.067521e+01 1.992797e-01 3.354883e+00 1.237831e+00 1.056796e+01 1.853852e-01 3.556464e+00
39627781641863656 1.182097e+00 1.060189e+01 1.379826e-01 2.478264e+00 1.172448e+00 1.056822e+01 1.698991e-01 3.713830e+00
39627820850224784 1.814492e+00 1.114648e+01 4.865035e-01 1.619977e-01 1.706970e+00 1.135564e+01 5.156444e-01 -1.182525e+00
39627799803203984 1.743390e+00 1.095188e+01 2.648468e-01 -7.763730e-01 1.716591e+00 1.085032e+01 2.679540e-01 -5.115932e-01
39627929080040288 1.769825e+00 1.103859e+01 2.516439e-01 -2.235264e+00 1.754829e+00 1.115726e+01 2.682442e-01 -1.265385e+00
39627829561787768 1.582999e+00 1.103072e+01 4.720752e-01 -8.583901e-01 1.594216e+00 1.127428e+01 4.908067e-01 -1.016333e+00
39627818438494128 1.404453e+00 1.151630e+01 5.631419e-01 -1.385072e+00 1.656564e+00 1.152868e+01 6.506789e-01 2.677602e-02
39627775211999984 1.491840e+00 1.105725e+01 4.377591e-01 -1.025657e+00 1.621207e+00 1.121064e+01 4.816646e-01 -2.769147e-01
39627847433717544 1.619197e+00 1.068153e+01 2.104819e-01 -3.655060e+00 1.598296e+00 1.084695e+01 2.145096e-01 -8.240979e-01
39627780857529160 1.610698e+00 1.109250e+01 2.818736e-01 -2.318599e-01 1.691255e+00 1.095146e+01 2.798820e-01 -1.087609e+00
39627818513990952 1.301616e+00 9.899806e+00 6.908611e-02 2.864122e+00 1.337729e+00 9.867890e+00 4.512967e-02 2.631009e+00
39627815242436416 1.164979e+00 9.596530e+00 1.224037e-01 3.539467e+00 1.149076e+00 9.556840e+00 1.309549e-01 4.257117e+00
39627774872258216 1.514830e+00 1.131769e+01 4.004419e-01 1.297587e+00 1.496907e+00 1.117312e+01 3.814517e-01 -1.284124e-01
39627776214436904 1.332273e+00 9.918799e+00 2.086468e-01 1.965779e+00 1.277858e+00 1.017146e+01 1.655637e-01 2.790965e+00
39627811299791456 1.685195e+00 1.022604e+01 6.076267e-02 -4.129911e-02 1.678192e+00 1.020986e+01 4.148687e-02 -6.194172e-01
39627812029597864 1.227789e+00 9.038897e+00 2.319530e-02 3.808475e+00 1.205526e+00 8.902166e+00 8.626759e-03 4.037512e+00
39627740034371504 1.567228e+00 1.062067e+01 1.740382e-01 -1.110201e-01 1.586062e+00 1.092812e+01 1.614296e-01 2.024382e-02
39627764189368552 1.674354e+00 1.046683e+01 1.020999e-01 -1.240893e+00 1.691728e+00 1.024418e+01 6.973469e-02 -8.970913e-01
39627830115436272 1.643415e+00 1.093882e+01 2.670907e-01 -2.860914e+00 1.739467e+00 1.086865e+01 2.842620e-01 -4.693117e-01
39627775639818168 1.864793e+00 1.136810e+01 6.128115e-01 -1.983062e+00 1.601965e+00 1.141809e+01 6.437683e-01 -8.196825e-02
39627772603138688 1.038462e+00 8.877180e+00 9.239812e-02 -1.194382e+00 1.058400e+00 8.517492e+00 6.541727e-02 3.768249e-01
39627799799009072 1.664128e+00 1.122550e+01 5.037749e-01 -3.600530e+00 1.570884e+00 1.134074e+01 5.631306e-01 -4.779577e-02
39627784414306848 1.169918e+00 1.005835e+01 1.714618e-01 -1.806515e+00 1.258349e+00 9.801087e+00 1.487456e-01 1.938067e+00
39627799144695944 1.746457e+00 1.091421e+01 3.028705e-01 -3.414674e-02 1.744412e+00 1.090770e+01 3.021921e-01 -1.156278e+00
39627805352269152 1.142227e+00 1.006611e+01 6.433983e-02 -3.272961e+00 1.318285e+00 9.925159e+00 7.210946e-02 -8.552244e-01
39627796321934216 1.046891e+00 9.688580e+00 1.436445e-01 3.330963e+00 1.196410e+00 9.634128e+00 1.365221e-01 3.300810e+00
39627770279496080 1.314399e+00 1.057658e+01 2.561325e-01 1.749984e-01 1.368402e+00 1.074462e+01 2.785152e-01 7.690094e-01
39627844816472096 1.532162e+00 1.098368e+01 4.410702e-01 -2.809530e+00 1.589400e+00 1.111283e+01 4.886925e-01 -1.672727e+00
39627752260766096 1.137246e+00 9.649509e+00 9.866802e-02 5.588738e+00 1.134705e+00 9.438345e+00 8.327468e-02 4.535519e+00
39627787845240080 1.231524e+00 9.503887e+00 1.155449e-01 3.545759e+00 1.209697e+00 9.389166e+00 8.902796e-02 2.974174e+00
39627823891091904 1.056205e+00 9.745485e+00 1.349091e-01 3.246911e+00 1.165399e+00 9.617156e+00 1.130965e-01 4.202574e+00
39627778466779520 1.730092e+00 1.074608e+01 3.457751e-01 -3.890379e-02 1.684092e+00 1.097002e+01 3.584150e-01 -5.381082e-01
39627799840954144 1.166975e+00 9.948796e+00 2.099740e-01 4.747067e+00 1.190313e+00 1.009699e+01 2.089028e-01 3.681669e+00
39627793775985088 1.310829e+00 1.032474e+01 1.291782e-01 -1.571334e+00 1.430899e+00 1.030705e+01 1.412134e-01 -7.113203e-01
39633145368153568 1.608469e+00 1.116835e+01 3.811585e-01 3.915936e-01 1.714334e+00 1.123403e+01 4.326845e-01 -4.770545e-01
39627859479757056 1.151502e+00 1.006478e+01 2.869972e-01 4.753463e+00 1.161969e+00 1.014062e+01 2.835400e-01 4.615131e+00
39627758195707264 1.458668e+00 1.061834e+01 2.872148e-01 1.285140e+00 1.368390e+00 1.049747e+01 2.556967e-01 1.724153e+00
39627746116113776 1.621596e+00 1.121053e+01 3.256604e-01 -4.181702e-01 1.702534e+00 1.126184e+01 3.345992e-01 -1.201116e+00
39627823136115280 1.789443e+00 1.079677e+01 3.469640e-01 -6.521330e-01 1.710678e+00 1.110143e+01 3.699172e-01 -8.664476e-01
39627758153764448 1.615775e+00 1.058120e+01 2.513798e-01 -6.011736e-01 1.705094e+00 1.069702e+01 2.672939e-01 -3.913416e-01
39627758308953872 1.024859e+00 1.052623e+01 2.298477e-01 2.575528e+00 1.064927e+00 1.028266e+01 1.945482e-01 2.697277e+00
39633123218033520 1.765747e+00 1.046423e+01 1.370235e-01 -9.268390e-01 1.740299e+00 1.047648e+01 1.217959e-01 -1.114341e+00
39627752109771128 1.639317e+00 1.098604e+01 3.567416e-01 -5.837037e-01 1.675267e+00 1.108373e+01 3.772811e-01 -6.635665e-01
39627616503733032 1.605764e+00 1.161223e+01 6.070606e-01 -6.249757e-01 1.646408e+00 1.163697e+01 6.544014e-01 -1.040471e-01
39627781927079000 1.444317e+00 1.039424e+01 8.965765e-02 -2.345258e-01 1.482578e+00 1.040413e+01 8.547749e-02 8.378613e-01
39627812625191656 1.878781e+00 1.046359e+01 1.194082e-01 -1.758361e+00 1.803221e+00 1.058551e+01 1.214016e-01 -1.213298e+00
39627823974978248 1.729816e+00 1.088705e+01 2.118512e-01 -1.161088e+00 1.752477e+00 1.089722e+01 1.990727e-01 -1.218367e+00
39627829263992176 1.623039e+00 1.041700e+01 2.621071e-01 -1.983066e+00 1.544397e+00 1.075613e+01 2.827912e-01 -5.712854e-01
39633140917994016 1.603155e+00 1.008877e+01 8.472840e-02 6.120417e-02 1.602393e+00 1.022260e+01 6.372772e-02 -1.605231e-01
39627788415669328 1.516912e+00 9.946848e+00 2.028265e-01 -1.593953e+00 1.332031e+00 1.039306e+01 1.728880e-01 1.482586e+00
39627814625877272 1.442536e+00 1.056991e+01 1.642123e-01 3.203630e-01 1.648709e+00 1.064356e+01 1.284837e-01 -6.956849e-01
39627836620804200 1.527864e+00 1.035562e+01 9.348850e-02 5.416039e-01 1.530610e+00 9.991755e+00 4.665878e-02 8.500929e-01
39627806480536168 1.986825e+00 1.063929e+01 1.239277e-01 -2.383018e+00 1.768420e+00 1.059531e+01 1.346726e-01 -8.269743e-01
39633162627713744 1.663180e+00 1.120939e+01 4.137149e-01 -2.427120e+00 1.675786e+00 1.117394e+01 4.397927e-01 -7.655559e-01
39627823886896736 1.292741e+00 1.040115e+01 1.969812e-01 1.155345e+00 1.242120e+00 1.033818e+01 1.778306e-01 2.391820e+00
39633158332744688 1.455163e+00 1.171084e+01 6.805350e-01 1.549314e+00 1.480363e+00 1.132854e+01 7.183604e-01 4.952165e+00
39627752189466080 1.585817e+00 1.094312e+01 3.073019e-01 7.338516e-01 1.607776e+00 1.101290e+01 3.130721e-01 -4.937654e-01
39627817989706152 1.734129e+00 1.093242e+01 2.954009e-01 -3.298510e-01 1.649621e+00 1.099216e+01 3.156788e-01 -9.298006e-01
39627752227212216 1.769998e+00 1.002122e+01 2.208557e-01 1.506948e+00 1.553298e+00 1.036438e+01 2.185147e-01 1.477547e+00
39627778219312216 1.732123e+00 1.015255e+01 9.670338e-02 -1.831867e-01 1.663170e+00 1.025002e+01 8.761573e-02 -1.200538e+00
39627859530089784 1.615377e+00 1.057670e+01 1.608928e-01 2.811004e-01 1.716438e+00 1.051246e+01 1.694694e-01 -7.936422e-01
39627770346605616 1.301060e+00 1.038111e+01 2.894506e-01 -2.855750e-01 1.361722e+00 1.054532e+01 2.983235e-01 -4.258454e-03
39627746166440104 1.212336e+00 1.057257e+01 1.870556e-01 3.230976e+00 1.249653e+00 1.043152e+01 1.877097e-01 3.239127e+00
39627760590653264 1.962684e+00 1.097602e+01 3.990578e-01 -3.030981e+00 1.696889e+00 1.116770e+01 4.232096e-01 -7.319632e-01
39627812520334328 1.800123e+00 1.101482e+01 2.819380e-01 2.812668e-01 1.804255e+00 1.101202e+01 2.667480e-01 -7.867612e-01
39627740147614576 1.167852e+00 1.086060e+01 4.035441e-01 1.510809e+00 1.233677e+00 1.088749e+01 3.688641e-01 1.830414e+00
39633136191015504 1.649024e+00 1.011635e+01 9.662384e-02 -6.352648e-01 1.545583e+00 9.989273e+00 8.451672e-02 7.450532e-01
39627811127824160 1.797705e+00 1.087316e+01 3.215205e-01 -2.770586e+00 1.693276e+00 1.100116e+01 3.396703e-01 -9.386797e-01
39627817905819008 1.830088e+00 1.101259e+01 2.906474e-01 -2.674065e+00 1.777620e+00 1.100941e+01 3.050146e-01 -9.965378e-01
39627758006960872 1.288998e+00 9.910781e+00 1.274243e-01 2.159249e+00 1.251321e+00 1.003922e+01 1.341543e-01 2.610725e+00
39627853427376720 1.744002e+00 1.068714e+01 3.050099e-01 1.310165e+00 1.784471e+00 1.096309e+01 2.916291e-01 -9.845651e-01
39627752113964288 1.607386e+00 1.132686e+01 5.614480e-01 5.671188e-01 1.635151e+00 1.145473e+01 6.221807e-01 7.028252e-02
39627865578279256 1.165931e+00 9.259517e+00 5.682828e-02 3.657185e+00 1.226473e+00 8.816202e+00 2.010533e-02 3.585776e+00
39627812537107904 1.399731e+00 1.026842e+01 1.626656e-01 9.585332e-01 1.418690e+00 1.027760e+01 1.489861e-01 1.010661e+00
39627766592700856 1.083979e+00 8.883832e+00 1.423261e-01 1.704417e+00 1.145028e+00 9.316127e+00 1.565255e-01 2.388505e+00
39627736951562384 1.630587e+00 1.109947e+01 6.069673e-01 7.677608e-01 1.649512e+00 1.150593e+01 6.492822e-01 3.894410e-01
39627841351979880 1.545277e+00 1.073399e+01 2.004520e-01 8.701188e-01 1.462288e+00 1.086642e+01 2.118217e-01 1.685638e+00
39627775748867360 1.795277e+00 1.069206e+01 5.046455e-01 3.430922e-01 1.597325e+00 1.107755e+01 5.650775e-01 5.075954e-01
39627739984040688 1.537024e+00 1.013052e+01 2.043629e-01 1.027765e-01 1.478383e+00 1.033108e+01 1.962078e-01 -1.293667e+00
39627775052612032 1.557815e+00 1.108369e+01 2.792456e-01 -2.899591e+00 1.748328e+00 1.109377e+01 2.909787e-01 -1.425202e+00
39627670702523608 1.545110e+00 1.117109e+01 3.956538e-01 -1.727031e+00 1.638429e+00 1.119860e+01 4.358629e-01 -8.868654e-01
39627751409323424 1.877357e+00 1.055996e+01 1.807975e-01 -6.434352e-01 1.818626e+00 1.082610e+01 1.602392e-01 -9.794312e-01
39627775866310040 1.575118e+00 9.881862e+00 8.353821e-02 1.994785e-01 1.360088e+00 1.000816e+01 8.065078e-02 2.287013e+00
39627787786520704 1.855004e+00 1.061800e+01 2.046830e-01 -1.640072e+00 1.787438e+00 1.079858e+01 2.072639e-01 -8.285872e-01
39627664599811760 1.236170e+00 1.040773e+01 5.533722e-01 4.474543e+00 1.175067e+00 1.059302e+01 6.269068e-01 3.828649e+00
39627634484709440 1.796138e+00 1.107133e+01 3.362141e-01 -9.549730e-01 1.725427e+00 1.117255e+01 3.456489e-01 -5.335829e-01
39627758212481416 1.387671e+00 1.029590e+01 1.202807e-01 -1.109004e+00 1.366667e+00 1.027014e+01 1.295909e-01 2.699327e-01
39627799190835288 1.589678e+00 1.038347e+01 1.351103e-01 1.363705e+00 1.536573e+00 1.048136e+01 1.164932e-01 3.427958e-01
39627782409425568 1.558646e+00 9.677115e+00 1.385304e-01 1.577513e+00 1.526033e+00 9.812473e+00 1.213897e-01 1.356311e+00
39627799056617944 1.431533e+00 1.058538e+01 2.770193e-01 9.064619e-01 1.443636e+00 1.062682e+01 2.516144e-01 8.791830e-01
39627776243795496 1.189675e+00 8.145873e+00 3.650741e-02 4.052293e+00 1.166464e+00 7.560947e+00 0.000000e+00 4.180519e+00
39627764210336368 1.282679e+00 1.049281e+01 2.639900e-01 6.653401e-01 1.329475e+00 1.049040e+01 2.705388e-01 9.540280e-01
39627782354900096 1.293355e+00 9.678932e+00 1.296408e-01 4.815919e+00 1.241875e+00 9.674890e+00 1.385111e-01 4.575980e+00
39627778433229344 1.504937e+00 1.029147e+01 1.779050e-01 3.118863e+00 1.450494e+00 1.024381e+01 1.396881e-01 -5.134773e-02
39627792949709248 1.130252e+00 9.558311e+00 1.586142e-01 5.263014e+00 1.187815e+00 9.594783e+00 1.394987e-01 3.779822e+00
39627892912556224 1.538720e+00 1.133981e+01 5.210366e-01 -2.436702e+00 1.641613e+00 1.136699e+01 5.580376e-01 -1.021735e+00
39627782346508704 1.553658e+00 1.021779e+01 1.368432e-01 -4.858617e-02 1.532598e+00 1.017855e+01 1.283008e-01 -2.955002e-01
39627775664981408 1.937180e+00 1.078485e+01 2.279718e-01 -4.942424e+00 1.716171e+00 1.078705e+01 2.402306e-01 -9.411442e-01
39627901724789560 1.888152e+00 1.082637e+01 2.053640e-01 -1.964166e+00 1.814343e+00 1.085189e+01 1.977278e-01 -1.032363e+00
39627784389138744 1.516550e+00 1.112647e+01 4.397351e-01 -1.867093e+00 1.665871e+00 1.118205e+01 4.730740e-01 -9.576441e-01
39627774951950672 1.785128e+00 1.087514e+01 2.194206e-01 -5.118828e-01 1.823673e+00 1.104494e+01 2.072132e-01 -8.900969e-01
39627824599926848 1.592584e+00 1.137093e+01 4.783779e-01 9.552601e-01 1.665985e+00 1.137851e+01 4.953100e-01 -9.336182e-01
39627751463850248 1.319548e+00 1.035031e+01 1.755941e-01 2.198356e+00 1.354615e+00 1.024839e+01 1.596118e-01 1.448630e+00
39627836012631816 1.125547e+00 1.017399e+01 2.643221e-01 3.695599e+00 1.150732e+00 9.880580e+00 2.600812e-01 4.061550e+00
39627646534950936 1.628049e+00 1.104669e+01 4.279721e-01 -1.410556e+00 1.638635e+00 1.111472e+01 4.340049e-01 -1.179616e+00
39627764046759832 1.698316e+00 1.119121e+01 5.167018e-01 -2.477056e+00 1.700241e+00 1.138159e+01 5.652128e-01 -6.720456e-01
39627788361138496 1.752506e+00 1.065097e+01 1.916903e-01 -2.084231e+00 1.750872e+00 1.056586e+01 1.937228e-01 -8.245505e-01
39627778479366824 1.828454e+00 1.037914e+01 1.214599e-01 -1.957547e+00 1.786109e+00 1.044280e+01 1.074512e-01 -1.164288e+00
39627794388354912 1.753395e+00 1.054375e+01 1.434772e-01 -2.135700e+00 1.721830e+00 1.056999e+01 1.401035e-01 -1.300885e+00
39633136228762456 1.756125e+00 1.028279e+01 8.374611e-02 2.112976e-01 1.779799e+00 1.015943e+01 5.643696e-02 -1.023194e+00
39627793868262872 1.610251e+00 1.095032e+01 2.590397e-01 -2.342512e-01 1.655614e+00 1.082542e+01 2.691794e-01 -6.232294e-01
39627784531745368 1.335420e+00 9.205405e+00 2.815302e-02 2.409405e+00 1.298058e+00 1.000816e+01 6.180131e-02 2.936899e+00
39627817985509920 1.250620e+00 1.053822e+01 2.727972e-01 5.100350e+00 1.243634e+00 1.045782e+01 2.573368e-01 3.674015e+00
39627814676204840 1.543269e+00 1.091285e+01 4.446258e-01 -1.124161e+00 1.642331e+00 1.114305e+01 4.523077e-01 -1.588874e+00
39627658560017560 1.787924e+00 1.112313e+01 3.543756e-01 -1.030196e+00 1.724274e+00 1.116889e+01 3.739305e-01 -1.629127e-01
39627772351488880 1.671751e+00 1.123729e+01 3.509057e-01 -9.399533e-01 1.745060e+00 1.130205e+01 3.902333e-01 -7.979522e-01
39627823916258360 1.153265e+00 9.733661e+00 1.267758e-01 2.776019e+00 1.178682e+00 9.717205e+00 1.145406e-01 3.245858e+00
39627889708108704 1.820219e+00 1.123170e+01 5.733992e-01 -1.872736e+00 1.671358e+00 1.158055e+01 6.482076e-01 -1.596543e-01
39633140955746512 1.763101e+00 1.063748e+01 4.431019e-01 1.153076e+00 1.673967e+00 1.118337e+01 4.325515e-01 -4.416276e-01
39627746040611432 1.197730e+00 8.728189e+00 7.883243e-02 3.906384e+00 1.124454e+00 8.521991e+00 5.871636e-02 1.487571e+00
39627776348653672 1.255402e+00 1.013367e+01 1.483166e-01 3.322473e+00 1.263755e+00 1.009603e+01 1.333894e-01 2.388043e+00
39627788499550632 1.715801e+00 1.124590e+01 2.344808e-01 -1.843080e+00 1.826749e+00 1.112592e+01 2.302498e-01 -1.178482e+00
39627745445023856 1.326939e+00 1.040660e+01 1.380847e-01 2.227366e+00 1.315830e+00 1.057201e+01 1.435018e-01 2.693925e+00
39627740114060656 1.294730e+00 1.021857e+01 1.184130e-01 6.365188e-01 1.394074e+00 1.014108e+01 1.084328e-01 9.279169e-01
39627778483552960 1.107737e+00 9.106087e+00 1.115643e-01 2.807799e+00 1.135964e+00 9.108990e+00 1.143485e-01 3.033551e+00
39627830098661264 1.628985e+00 1.031130e+01 1.859078e-01 -4.494914e-01 1.599785e+00 1.039094e+01 1.733389e-01 -8.159435e-02
39627774943561968 1.708811e+00 1.103052e+01 2.208843e-01 6.322383e-01 1.708129e+00 1.100128e+01 2.132732e-01 -1.267491e+00
39627787845243664 1.260450e+00 1.026879e+01 2.135456e-01 3.810710e-01 1.271195e+00 1.026393e+01 2.013887e-01 2.625069e+00
39627700813436488 1.509620e+00 1.104890e+01 3.159152e-01 -3.548593e+00 1.550439e+00 1.110953e+01 3.315093e-01 -6.443846e-01
39627805390015592 1.289948e+00 8.818797e+00 2.124752e-02 4.416120e+00 1.326147e+00 9.521585e+00 1.615447e-02 2.542346e+00
39627818639818888 1.102353e+00 8.874421e+00 1.820662e-01 4.350098e+00 1.149523e+00 9.515682e+00 1.707663e-01 4.012583e+00
39627757549785400 1.069744e+00 8.158063e+00 2.096746e-02 5.513322e+00 1.125290e+00 7.706276e+00 0.000000e+00 5.218099e+00
39627778647132408 9.430677e-01 8.770116e+00 9.165889e-02 3.404138e+00 1.043818e+00 8.244547e+00 5.164604e-02 3.388864e+00
39627800000331912 1.796287e+00 1.124620e+01 3.748474e-01 -1.412118e+00 1.771159e+00 1.120957e+01 3.999743e-01 -7.832175e-01
39627823501021080 1.074560e+00 9.522177e+00 9.382755e-02 3.018368e+00 1.186794e+00 9.545294e+00 9.216304e-02 2.358365e+00
39627823190640832 1.320305e+00 1.076295e+01 2.593947e-01 4.076795e-01 1.645359e+00 1.062863e+01 2.609058e-01 -8.112161e-01
39627736905417856 1.788084e+00 1.066589e+01 1.368912e-01 -1.752829e+00 1.765177e+00 1.059056e+01 1.271836e-01 -1.140215e+00
39627782304567672 1.189399e+00 9.968837e+00 3.063561e-01 4.499458e+00 1.156290e+00 1.034310e+01 3.379080e-01 4.389812e+00
39627835219904792 1.635296e+00 1.085566e+01 3.452516e-01 2.884041e-01 1.650672e+00 1.092947e+01 3.781176e-01 -7.201462e-01
39627788424055248 1.266764e+00 1.017982e+01 1.404022e-01 1.043028e+00 1.336964e+00 1.025172e+01 1.671439e-01 7.020572e-01
39633132009294768 1.403858e+00 1.066505e+01 1.431924e-01 1.815768e+00 1.433525e+00 1.055406e+01 1.160164e-01 1.457670e+00
39633293708101040 1.227596e+00 1.031723e+01 2.978096e-01 4.019022e+00 1.181890e+00 1.022569e+01 3.250554e-01 4.017765e+00
39627808602849536 1.894372e+00 1.092323e+01 1.524502e-01 -1.680355e+00 1.852262e+00 1.096463e+01 1.402709e-01 -1.435093e+00
39627760284472112 1.208970e+00 9.453355e+00 6.730481e-02 3.407125e+00 1.253618e+00 9.542105e+00 5.071272e-02 3.050780e+00
39627794312856760 1.514554e+00 1.114161e+01 4.467951e-01 -9.450372e-01 1.527794e+00 1.108598e+01 4.757087e-01 -1.299727e+00
39627851036624576 1.547796e+00 1.123900e+01 4.611827e-01 -2.921999e-02 1.568098e+00 1.117262e+01 5.243295e-01 8.295553e-01
39627758237648200 1.770863e+00 1.075748e+01 3.060392e-01 -5.968407e-01 1.705116e+00 1.084734e+01 3.230277e-01 -2.971605e-01
39627770292078992 1.559339e+00 1.013937e+01 1.397972e-01 -1.339905e+00 1.695705e+00 1.014784e+01 1.277784e-01 -7.538401e-01
39627799060808720 1.203177e+00 9.802648e+00 1.764552e-01 3.378614e+00 1.238333e+00 9.904536e+00 1.634716e-01 2.371235e+00
39627770174637184 1.248990e+00 1.060090e+01 2.636451e-01 4.096262e+00 1.281250e+00 1.030855e+01 2.326584e-01 3.502690e+00
39627757533006392 1.658784e+00 1.033107e+01 1.703309e-01 -8.375233e-01 1.628379e+00 1.039568e+01 1.524809e-01 -5.183547e-01
39627788361142736 1.542880e+00 1.085648e+01 3.816345e-01 -3.413843e-01 1.577841e+00 1.091213e+01 3.736131e-01 -5.644457e-01
39627754458587352 1.644227e+00 1.100062e+01 2.810098e-01 -1.918610e+00 1.778156e+00 1.102200e+01 3.095152e-01 -1.251411e+00
39627893076136128 1.696743e+00 1.109852e+01 4.116393e-01 -1.271769e+00 1.584198e+00 1.106166e+01 4.142510e-01 -1.196915e+00
39627774855483032 1.321606e+00 1.017483e+01 1.547589e-01 2.064814e+00 1.264181e+00 1.018105e+01 1.683085e-01 2.555256e+00
39627763564417392 1.471480e+00 9.642091e+00 6.375689e-02 7.704344e-01 1.455380e+00 9.715954e+00 4.102102e-02 1.069751e+00
39627805012525728 1.385038e+00 1.057091e+01 2.004967e-01 2.843529e+00 1.517643e+00 1.022810e+01 1.584936e-01 7.486892e-01
39627793809539448 1.283243e+00 1.028316e+01 1.594740e-01 -8.920417e-02 1.305724e+00 1.029669e+01 1.619608e-01 1.720683e+00
39627814567155296 1.270087e+00 9.765473e+00 1.475068e-01 8.877584e-01 1.283542e+00 9.889050e+00 1.383240e-01 9.802840e-01
39627792928740128 1.568819e+00 1.143409e+01 5.749883e-01 -7.859740e-01 1.635460e+00 1.149795e+01 6.291603e-01 -4.395986e-02
39627745520520064 1.702857e+00 1.066533e+01 3.252897e-01 -5.250483e-01 1.519351e+00 1.103861e+01 3.621300e-01 1.068125e+00
39633158064311640 1.619061e+00 1.104992e+01 2.950085e-01 -2.718575e-01 1.587152e+00 1.118788e+01 3.247664e-01 -5.112228e-01
39633131803773544 1.261430e+00 1.041352e+01 8.784208e-02 2.394853e+00 1.272928e+00 1.013642e+01 5.734017e-02 2.636786e+00
39627781658644184 1.184732e+00 9.671289e+00 1.547053e-01 -2.583823e+00 1.240983e+00 9.717760e+00 1.526903e-01 7.663400e-01
39627778219316232 1.819599e+00 1.073373e+01 1.964158e-01 -8.309052e-01 1.814401e+00 1.078839e+01 1.913278e-01 -1.289233e+00
39627780949805608 1.713051e+00 9.941409e+00 1.740955e-01 -1.079485e+00 1.602447e+00 1.022086e+01 1.652347e-01 -1.133954e+00
39627782321345472 1.557908e+00 1.024658e+01 1.574836e-01 4.797608e-01 1.586962e+00 1.014295e+01 1.487857e-01 5.491832e-01
39627776268963048 1.692869e+00 1.029070e+01 8.477560e-02 1.666194e-01 1.710150e+00 1.016743e+01 5.622970e-02 -8.933512e-01
39627756828361816 1.634904e+00 1.107968e+01 5.128506e-01 -7.859610e-01 1.433890e+00 1.130931e+01 5.763968e-01 1.309621e+00
39627839359700536 1.785360e+00 1.092131e+01 3.867386e-01 9.797441e-01 1.728025e+00 1.119884e+01 3.972508e-01 -1.509715e-01
39627775023253632 1.788836e+00 1.124038e+01 3.416840e-01 -2.260132e+00 1.762120e+00 1.125156e+01 3.716286e-01 -8.576655e-01
39627764273254968 1.419258e+00 9.123762e+00 4.438547e-02 4.198987e-01 1.523144e+00 9.373573e+00 3.777361e-02 5.301146e-01
39627805893330336 1.158833e+00 8.784666e+00 8.171812e-02 2.528611e+00 1.165195e+00 8.602212e+00 6.064907e-02 3.527223e+00
39627793138451736 1.140172e+00 9.247414e+00 7.362660e-02 4.901203e+00 1.113260e+00 9.181912e+00 5.076042e-02 4.742504e+00
39627794379965408 1.176583e+00 9.731146e+00 1.267148e-01 3.180752e+00 1.176582e+00 9.717461e+00 1.378472e-01 3.881456e+00
39627788252090144 1.776117e+00 1.136162e+01 5.739092e-01 -2.269755e+00 1.660766e+00 1.148781e+01 6.436847e-01 3.364986e-02
39627787664885952 1.544627e+00 1.139878e+01 4.857567e-01 -2.457311e+00 1.639701e+00 1.118476e+01 5.004749e-01 -3.637677e-02
39627799161471040 1.399635e+00 1.037583e+01 1.750415e-01 -6.578286e-02 1.726536e+00 1.059623e+01 1.769053e-01 -1.329650e+00
39627794493210944 1.146511e+00 9.920032e+00 2.718955e-01 1.693467e+00 1.163538e+00 9.733879e+00 2.481022e-01 3.297830e+00
39627830581008368 1.589331e+00 1.078467e+01 2.883719e-01 -3.291498e-01 1.680854e+00 1.077714e+01 2.809367e-01 -9.997613e-01
39627740000815872 1.525464e+00 1.120757e+01 4.653275e-01 -2.234183e+00 1.562074e+00 1.125589e+01 5.044003e-01 -7.881852e-01
39627817356363792 1.718172e+00 1.046884e+01 1.590560e-01 -2.305652e-01 1.793139e+00 1.066367e+01 1.504861e-01 -1.228715e+00
39633158227889000 1.807508e+00 1.095877e+01 3.953002e-01 -7.004935e-01 1.730856e+00 1.114040e+01 3.982508e-01 -3.741133e-01
39627811945715176 1.782914e+00 1.114674e+01 2.849055e-01 -1.020663e+00 1.795700e+00 1.111724e+01 2.968308e-01 -6.577817e-01
39627812612604856 1.423785e+00 1.060032e+01 1.684885e-01 1.528930e+00 1.555551e+00 1.048834e+01 1.143980e-01 5.505638e-01
39627818061009968 1.824554e+00 1.072174e+01 1.824945e-01 -1.114817e+00 1.800718e+00 1.084167e+01 1.825031e-01 -1.155394e+00
39627871571940032 1.156413e+00 8.022813e+00 2.712537e-02 1.570508e+00 1.157202e+00 7.259712e+00 0.000000e+00 3.322601e+00
39627782245844072 1.491991e+00 1.072611e+01 3.145034e-01 1.471853e+00 1.324276e+00 1.077030e+01 3.340916e-01 2.782693e+00
39633162468328176 1.667642e+00 1.127959e+01 3.800111e-01 1.116783e+00 1.785383e+00 1.129576e+01 3.890258e-01 -5.765916e-01
39627784510771296 1.245036e+00 1.143087e+01 3.913534e-01 3.643782e+00 1.291935e+00 1.104284e+01 3.824240e-01 3.881725e+00
39627746120304968 1.630724e+00 1.026565e+01 2.852905e-01 4.027535e-01 1.639592e+00 1.063741e+01 2.800180e-01 6.171319e-01
39627802646940560 1.620173e+00 1.115140e+01 3.226037e-01 -2.420986e+00 1.527743e+00 1.118331e+01 3.135103e-01 3.385670e-01
39627811022966536 1.779207e+00 1.094245e+01 2.149048e-01 -2.910869e-01 1.775709e+00 1.087358e+01 2.131975e-01 -8.949963e-01
39627886897925360 1.522073e+00 1.131983e+01 4.550033e-01 9.030423e-01 1.653560e+00 1.139855e+01 4.337360e-01 -9.535935e-01
39627790324072848 1.762653e+00 1.054966e+01 1.251911e-01 -9.476052e-01 1.727582e+00 1.067600e+01 1.160438e-01 -1.334980e+00
39627841599441304 1.774038e+00 1.105817e+01 3.713317e-01 -4.786930e-01 1.737397e+00 1.108130e+01 3.931918e-01 -5.996448e-01
39627830769751352 1.373131e+00 9.882648e+00 1.120257e-01 1.268147e+00 1.267381e+00 1.009101e+01 1.194283e-01 2.755513e+00
39627757545590672 1.383936e+00 1.050013e+01 3.239413e-01 5.763298e+00 1.316535e+00 1.062894e+01 3.545470e-01 6.659295e+00
39627818476245896 1.233893e+00 1.022344e+01 1.676381e-01 -2.968348e+00 1.312804e+00 1.021790e+01 1.968058e-01 1.732350e+00
39627793885038656 1.707475e+00 1.104433e+01 4.572331e-01 -3.240777e+00 1.630871e+00 1.113638e+01 4.738694e-01 -1.445960e+00
39627770329826344 1.235509e+00 9.739226e+00 1.432572e-01 4.194408e+00 1.184615e+00 9.773438e+00 1.530730e-01 4.068212e+00
39627782271010112 1.880232e+00 1.039358e+01 1.357274e-01 -1.308296e-01 1.750469e+00 1.046760e+01 1.163450e-01 -1.198435e+00
39627788377916256 1.705335e+00 1.086578e+01 2.360461e-01 -2.060957e+00 1.621338e+00 1.087142e+01 2.554311e-01 -2.203298e-01
39627824729950088 1.763996e+00 9.788968e+00 6.358700e-02 2.780567e-02 1.733386e+00 9.919159e+00 5.812915e-02 -7.697558e-01
39627788512138400 1.747187e+00 1.101101e+01 3.374452e-01 4.035105e-01 1.738280e+00 1.124933e+01 3.509674e-01 -6.239798e-01
39627634530849320 1.590358e+00 1.102940e+01 3.908541e-01 -1.587713e-01 1.395390e+00 1.101068e+01 3.764250e-01 1.123623e-01
39627782350704744 1.207242e+00 1.123938e+01 5.484178e-01 1.967866e-01 1.279864e+00 1.117289e+01 6.178007e-01 2.424293e+00
39627775744672704 1.183476e+00 1.010611e+01 1.331166e-01 -1.882025e+00 1.250067e+00 1.001625e+01 1.223846e-01 2.423470e+00
39627752210433592 1.652364e+00 1.012107e+01 1.510400e-01 -7.105623e-02 1.721142e+00 1.030589e+01 1.345853e-01 -1.147709e+00
39627805033502552 1.226355e+00 1.017407e+01 2.063570e-01 4.192823e+00 1.263512e+00 9.940117e+00 1.803846e-01 1.774493e+00
39627836650163376 1.433110e+00 1.000721e+01 7.905958e-02 3.247802e+00 1.451011e+00 1.005996e+01 5.112299e-02 1.229784e+00
39627799769648048 1.110731e+00 1.037829e+01 2.542255e-01 5.067000e+00 1.159114e+00 1.033033e+01 2.300674e-01 3.881552e+00
39627782367483336 1.230389e+00 1.019266e+01 2.549962e-01 2.968558e+00 1.227313e+00 1.033533e+01 2.349164e-01 1.013166e+00
39627823954003096 1.524919e+00 1.024941e+01 2.634646e-01 8.914065e-01 1.623826e+00 1.049300e+01 2.649730e-01 -1.737136e-01
39627794455464080 1.319742e+00 1.052403e+01 2.572169e-01 2.201217e+00 1.335314e+00 1.067490e+01 2.622927e-01 2.025821e+00
39627812520331200 1.248548e+00 9.576582e+00 8.542772e-02 -2.168561e+00 1.260087e+00 8.964382e+00 4.424255e-02 2.716926e+00
39627763723800424 1.741783e+00 1.003281e+01 7.202084e-02 -4.687247e-01 1.776219e+00 1.013977e+01 5.128914e-02 -1.026127e+00
39627774968727328 1.246948e+00 1.016970e+01 1.612339e-01 -4.040420e+00 1.389216e+00 1.017134e+01 1.605586e-01 -1.240642e+00
39627769188976464 1.159627e+00 1.009326e+01 9.968751e-02 4.796685e+00 1.141868e+00 9.926888e+00 7.044132e-02 4.346371e+00
39627823312275512 1.316784e+00 1.068931e+01 2.852793e-01 1.472410e+00 1.381748e+00 1.059788e+01 2.749261e-01 4.544854e-04
39633114074450080 1.676054e+00 1.101540e+01 3.360251e-01 -1.031718e+00 1.687264e+00 1.102172e+01 3.684868e-01 4.603163e-01
39627811073299584 1.645607e+00 1.064890e+01 2.954524e-01 -3.268678e+00 1.619575e+00 1.085210e+01 3.222767e-01 -2.227396e-02
39633145355570032 1.773856e+00 1.105667e+01 3.019043e-01 -1.172527e+00 1.744503e+00 1.108655e+01 3.182631e-01 -1.280126e+00
39627811173961408 1.313719e+00 1.071951e+01 2.806169e-01 2.924353e+00 1.355693e+00 1.062685e+01 2.290321e-01 2.261259e+00
39627766441707728 1.204078e+00 1.069874e+01 1.868549e-01 3.395717e+00 1.359051e+00 1.039885e+01 1.250617e-01 1.769165e+00
39627794447074448 1.175782e+00 9.550891e+00 1.384128e-01 2.454872e+00 1.183234e+00 9.635050e+00 1.309023e-01 3.553514e+00
39627796309351144 1.740404e+00 1.020718e+01 9.830607e-02 -1.906027e+00 1.699857e+00 1.023312e+01 7.591783e-02 -9.955033e-01
39627802688885320 1.359942e+00 9.908847e+00 9.007094e-02 2.941697e+00 1.336727e+00 9.934168e+00 6.288819e-02 2.223680e+00
39627785081198144 1.652550e+00 1.113127e+01 3.536839e-01 -1.182086e+00 1.730485e+00 1.108726e+01 3.848677e-01 -6.386201e-01
39627823224197936 1.187479e+00 1.041191e+01 1.767405e-01 2.493706e+00 1.224128e+00 1.018884e+01 1.498980e-01 2.672820e+00
39627766659812416 1.376824e+00 1.085754e+01 2.260769e-01 1.057366e+00 1.490146e+00 1.071517e+01 1.979685e-01 9.336581e-01
39627829335297504 1.806420e+00 1.083884e+01 2.259159e-01 -2.314947e+00 1.756833e+00 1.077254e+01 2.273044e-01 -1.043058e+00
39627824180495328 1.320782e+00 1.103855e+01 5.943419e-01 5.067190e+00 1.332360e+00 1.112953e+01 6.295344e-01 4.274460e+00
39627763056906272 1.627512e+00 1.000456e+01 8.974949e-02 -5.227394e-01 1.685786e+00 9.993104e+00 6.784116e-02 -7.312905e-01
39627826705465728 9.852255e-01 1.079222e+01 2.838748e-01 -5.826016e-01 1.343887e+00 1.119032e+01 3.629533e-01 -2.697908e-01
39627787069294016 1.480196e+00 1.033212e+01 2.210368e-01 7.984228e-01 1.586954e+00 1.040782e+01 2.072099e-01 1.112657e+00
39627793021014880 1.180501e+00 9.950324e+00 2.112387e-01 1.737363e+00 1.208345e+00 9.784792e+00 1.905721e-01 2.296906e+00
39627929080041272 1.643118e+00 1.103746e+01 3.626424e-01 -1.982046e-01 1.618015e+00 1.111357e+01 3.744521e-01 -8.530010e-01
39627800482677128 1.200653e+00 1.045519e+01 4.332623e-01 3.638072e+00 1.183492e+00 1.092816e+01 5.209260e-01 4.453912e+00
39627838730537496 1.760846e+00 1.125737e+01 4.664179e-01 6.557870e-01 1.672743e+00 1.132687e+01 5.270416e-01 -8.257220e-01
39627784775008704 1.648974e+00 1.112044e+01 3.776658e-01 1.715369e-01 1.725848e+00 1.107515e+01 3.796307e-01 -1.505308e-01
39627805792671376 1.463917e+00 1.069766e+01 2.334261e-01 -1.374154e+00 1.477316e+00 1.080895e+01 2.611003e-01 9.472765e-01
39627800549786824 1.776850e+00 1.067700e+01 1.917988e-01 -1.455517e+00 1.801533e+00 1.085876e+01 1.936132e-01 -9.655268e-01
39627841263897808 1.380446e+00 1.085606e+01 5.028801e-01 -1.468529e+00 1.481448e+00 1.133975e+01 5.639564e-01 -4.304608e-01
39627799123723168 1.474032e+00 1.052913e+01 1.623902e-01 -6.363753e-02 1.486829e+00 1.054026e+01 1.572381e-01 -7.623841e-01
39627874914796208 1.640938e+00 1.093161e+01 4.723783e-01 2.225431e+00 1.651114e+00 1.134691e+01 4.720591e-01 -7.147317e-01
39633153819673120 1.700774e+00 1.092566e+01 2.966399e-01 1.192571e+00 1.755969e+00 1.095865e+01 3.082508e-01 -6.888064e-01
39627763690245192 1.532236e+00 1.101950e+01 3.661684e-01 2.139921e-01 1.577664e+00 1.093737e+01 3.948528e-01 -7.951930e-01
39627751593870872 1.839596e+00 1.048697e+01 1.531517e-01 -1.680152e+00 1.795861e+00 1.063727e+01 1.453342e-01 -9.873968e-01
39627640620977200 1.762553e+00 1.130110e+01 3.543309e-01 -7.442715e-01 1.765542e+00 1.116077e+01 3.747286e-01 -4.463824e-01
39627634551821536 1.825060e+00 1.105466e+01 3.558311e-01 -8.204876e-01 1.785606e+00 1.128366e+01 3.636340e-01 -5.808855e-01
39627790722539456 1.857672e+00 1.118442e+01 4.188940e-01 -1.392781e+00 1.803343e+00 1.136973e+01 4.407422e-01 -7.057371e-01
39627805893331128 1.612204e+00 1.128444e+01 3.944981e-01 -2.558597e+00 1.750865e+00 1.126419e+01 4.105194e-01 -7.813268e-01
39627776273156992 1.741761e+00 1.021307e+01 1.500314e-01 -4.651655e-02 1.705746e+00 1.019635e+01 1.337549e-01 -9.166205e-01
39627756920637424 1.548982e+00 1.148703e+01 5.567516e-01 -9.459133e-01 1.674548e+00 1.139536e+01 6.124439e-01 -1.647243e-01
39627799786423064 1.026346e+00 1.015205e+01 1.395736e-01 6.644306e-01 1.224258e+00 1.000205e+01 1.177909e-01 -1.315764e+00
39627814806233464 1.181097e+00 1.015882e+01 3.518856e-01 6.806604e+00 1.115406e+00 1.030154e+01 3.689525e-01 5.066477e+00
39627829926692576 1.767175e+00 1.034346e+01 2.140611e-01 -4.606214e-01 1.658205e+00 1.044221e+01 2.003675e-01 -1.377498e+00
39627732744668904 1.453845e+00 1.124643e+01 5.244503e-01 -3.180369e+00 1.444256e+00 1.117055e+01 5.954214e-01 2.613518e+00
39627764139037960 1.485506e+00 1.002716e+01 1.813987e-01 -2.258837e-01 1.513128e+00 1.002684e+01 1.652647e-01 -1.425432e+00
39627808623823784 1.738769e+00 1.089042e+01 1.562246e-01 -1.040223e+00 1.849909e+00 1.091993e+01 1.481305e-01 -1.225440e+00
39627817431863360 1.696483e+00 1.046109e+01 4.326336e-01 1.033679e+00 1.694704e+00 1.105027e+01 4.285655e-01 -6.104722e-01
39633145225545088 1.609958e+00 1.092060e+01 4.438046e-01 -3.469836e-01 1.717471e+00 1.121206e+01 4.718146e-01 -7.079014e-01
39633131896049536 1.743720e+00 1.088397e+01 3.537241e-01 4.187969e-01 1.778331e+00 1.118810e+01 3.773410e-01 -6.151915e-01
39633136572695632 1.635152e+00 1.055455e+01 3.144701e-01 6.458627e-02 1.611501e+00 1.067789e+01 3.263021e-01 9.427037e-01
39627764235504744 1.852277e+00 1.046761e+01 2.186630e-01 -2.960182e+00 1.737419e+00 1.060148e+01 2.071271e-01 -1.092888e+00
39633145229739328 1.609046e+00 1.070773e+01 1.444277e-01 2.023275e-02 1.712276e+00 1.069423e+01 1.172465e-01 -1.341115e+00
39627782245848768 1.701660e+00 1.077300e+01 2.590547e-01 -3.119198e-01 1.743695e+00 1.083508e+01 2.610552e-01 -1.166065e-01
39627775711121048 1.723265e+00 1.046631e+01 1.820366e-01 -1.283177e+00 1.732453e+00 1.043142e+01 1.654171e-01 -1.193082e+00
39627760938781312 1.109064e+00 9.244575e+00 1.640220e-01 4.211212e+00 1.126256e+00 9.298038e+00 1.410246e-01 4.420928e+00
39627778227702496 1.452035e+00 1.138282e+01 4.959696e-01 2.930025e+00 1.707115e+00 1.127910e+01 4.781733e-01 -8.848407e-01
39627835228296864 1.220692e+00 1.013013e+01 7.353775e-02 2.855367e+00 1.204418e+00 1.031843e+01 7.621033e-02 2.642109e+00
39627761127530224 1.238781e+00 1.014754e+01 2.113466e-01 2.062617e+00 1.316748e+00 1.012973e+01 1.958614e-01 4.285664e-01
39627805947859648 1.298987e+00 8.540931e+00 4.171958e-02 2.898226e+00 1.216961e+00 8.051168e+00 8.886024e-03 3.705546e+00
39633136459451224 1.147075e+00 9.608299e+00 9.597584e-02 4.283444e+00 1.153424e+00 9.430606e+00 8.101268e-02 4.571892e+00
39627688687702312 1.717218e+00 1.005693e+01 1.364912e-01 -3.117960e+00 1.538237e+00 1.018354e+01 1.471448e-01 -3.276509e-02
39627812558078176 1.126579e+00 9.245712e+00 1.251886e-01 5.908770e+00 1.153206e+00 9.161945e+00 1.181592e-01 4.167611e+00
39627794325440648 1.717818e+00 1.014415e+01 1.053367e-01 -8.611258e-01 1.672766e+00 1.012015e+01 1.005373e-01 -5.492978e-01
39633118407166696 1.737404e+00 1.108055e+01 2.846740e-01 -2.420195e+00 1.635603e+00 1.110694e+01 2.931536e-01 -1.201415e+00
39627751547734400 1.566655e+00 1.113990e+01 4.003386e-01 -1.372909e+00 1.689401e+00 1.103295e+01 3.989426e-01 -4.836179e-01
39627772548612840 1.541175e+00 1.081499e+01 2.766580e-01 -1.987791e+00 1.631501e+00 1.090367e+01 3.042375e-01 -1.590542e+00
39627812499361704 1.671813e+00 1.032526e+01 1.695810e-01 -5.463064e-01 1.661821e+00 1.025932e+01 1.496282e-01 -1.110692e+00
39627802495944472 1.229875e+00 1.015366e+01 1.430795e-01 2.957373e+00 1.280911e+00 1.025784e+01 1.439021e-01 2.576154e+00
39627830576808680 1.596583e+00 1.053253e+01 1.783658e-01 -7.829785e-01 1.723422e+00 1.042416e+01 1.641374e-01 -9.474956e-01
39627802701465960 1.106600e+00 8.932681e+00 8.065400e-02 4.911482e+00 1.133606e+00 8.822346e+00 7.286108e-02 3.154624e+00
39627781675420760 1.266228e+00 9.399857e+00 1.272569e-01 3.230603e+00 1.224370e+00 9.693575e+00 1.534710e-01 2.845215e+00
39627751426100576 1.916069e+00 1.039715e+01 1.536227e-01 -5.925085e-01 1.743323e+00 1.048231e+01 1.427365e-01 -1.029406e+00
39627682761152368 1.918171e+00 1.069078e+01 1.399301e-01 -1.692304e+00 1.768707e+00 1.066793e+01 1.241886e-01 -1.315673e+00
39627790479265096 1.723073e+00 1.114056e+01 2.497104e-01 -1.294349e+00 1.839302e+00 1.113836e+01 2.452620e-01 -1.359425e+00
39627733961017728 1.682322e+00 1.113032e+01 3.341778e-01 -8.764337e-02 1.707438e+00 1.112665e+01 3.695189e-01 -5.628074e-01
39627830492923640 1.663356e+00 1.052107e+01 9.544089e-02 -7.004899e-01 1.433315e+00 1.071266e+01 1.020995e-01 1.580192e+00
39627865599250040 1.197074e+00 1.079951e+01 1.740548e-01 5.948608e+00 1.279133e+00 1.061824e+01 1.405690e-01 3.177525e+00
39627782417809792 1.139686e+00 9.379112e+00 8.591495e-02 5.866554e+00 1.143855e+00 9.106962e+00 6.781664e-02 4.702550e+00
39627763560222568 1.895615e+00 1.049253e+01 1.323635e-01 -1.374063e+00 1.787618e+00 1.057165e+01 1.331553e-01 -1.055465e+00
39627899090765976 1.589839e+00 1.098822e+01 2.870336e-01 -5.472034e-01 1.809899e+00 1.098352e+01 2.828345e-01 -1.334890e+00
39627778705853248 1.087263e+00 8.847059e+00 1.534711e-01 3.430898e+00 1.082073e+00 9.168608e+00 1.641785e-01 4.353289e+00
39627751547735560 1.350893e+00 1.046586e+01 2.023550e-01 2.357121e+00 1.188176e+00 1.041424e+01 2.005445e-01 -1.608554e+00
39627917205967728 1.632616e+00 1.065052e+01 4.361309e-01 -2.172949e+00 1.658131e+00 1.115783e+01 4.480461e-01 -7.661054e-01
39627818593681984 1.114193e+00 9.192747e+00 1.113469e-01 3.532375e+00 1.163492e+00 9.100249e+00 8.163594e-02 2.965830e+00
39627856854126008 1.524876e+00 1.101706e+01 3.134467e-01 9.046391e-01 1.660260e+00 1.111018e+01 3.412836e-01 -7.481169e-01
39627811408838976 1.205828e+00 1.027004e+01 9.752675e-02 3.663143e+00 1.195869e+00 1.046729e+01 9.614155e-02 3.176639e+00
39627811966684288 1.640708e+00 9.815306e+00 1.539746e-01 5.351675e-01 1.533910e+00 9.973679e+00 1.401493e-01 -7.085065e-01
39627781763501432 1.281648e+00 9.843348e+00 1.189970e-01 2.641510e+00 1.311502e+00 9.827388e+00 1.220239e-01 2.069878e+00
39627824163719704 1.597429e+00 1.094175e+01 3.425732e-01 -4.547888e-01 1.706803e+00 1.099234e+01 3.747405e-01 -2.356950e-01
39627770224974088 1.330914e+00 1.073819e+01 2.627963e-01 -8.785214e-01 1.393121e+00 1.059409e+01 2.665230e-01 6.346518e-02
39627794010869656 1.717564e+00 1.098498e+01 4.168774e-01 -1.556587e+00 1.697376e+00 1.119228e+01 4.438055e-01 -5.800009e-01
39627805910111432 1.816361e+00 1.094539e+01 2.691159e-01 -2.002505e+00 1.733356e+00 1.092452e+01 2.755356e-01 -1.235914e+00
39627790558954472 1.918843e+00 1.108735e+01 3.409390e-01 -1.698224e+00 1.753858e+00 1.118975e+01 3.533975e-01 -5.435630e-01
39627664637562560 1.650584e+00 1.082442e+01 4.873477e-01 7.103008e-01 1.399124e+00 1.101600e+01 5.357792e-01 -1.020305e-01
39627823291304752 1.325147e+00 1.085456e+01 3.899159e-01 1.043604e+00 1.362507e+00 1.093172e+01 3.739346e-01 2.131536e+00
39627775648204584 1.666886e+00 1.085245e+01 2.466661e-01 -1.799924e+00 1.785712e+00 1.090309e+01 2.515665e-01 -9.960692e-01
39627782304564248 1.818427e+00 1.095178e+01 3.209402e-01 -8.197168e-01 1.689242e+00 1.096710e+01 3.363249e-01 -7.548457e-01
39627751606454936 1.227389e+00 9.648710e+00 1.207685e-01 3.626179e+00 1.205448e+00 9.433252e+00 1.024592e-01 3.332695e+00
39627796867192248 1.749342e+00 1.132131e+01 5.683140e-01 -1.421646e-01 1.643427e+00 1.149872e+01 6.515538e-01 1.339850e-01
39627770191413832 1.504884e+00 1.078878e+01 5.119582e-01 -3.625036e+00 1.662880e+00 1.128676e+01 5.612111e-01 -7.109307e-01
39627758212484048 1.147650e+00 9.914932e+00 1.226439e-01 4.142195e+00 1.158298e+00 1.015368e+01 1.096001e-01 3.609858e+00
39627802625967336 1.586919e+00 1.107506e+01 3.832234e-01 -3.349628e-02 1.615211e+00 1.107601e+01 3.795381e-01 -3.587543e-01
39627770329830416 1.340239e+00 1.005173e+01 1.236895e-01 8.362989e-01 1.405170e+00 1.009851e+01 1.188417e-01 4.598387e-01
39627740147616960 1.229471e+00 9.926562e+00 2.011610e-01 2.118467e+00 1.253217e+00 1.011281e+01 2.178710e-01 6.444780e-01
39627877653679144 1.649730e+00 1.099396e+01 2.265986e-01 -2.115173e-01 1.621149e+00 1.106726e+01 2.304271e-01 -2.028102e-01
39627758208289424 1.746559e+00 1.082028e+01 2.866269e-01 -2.095221e+00 1.774622e+00 1.096154e+01 2.911572e-01 -1.087739e+00
39627775635620720 1.624896e+00 1.103800e+01 3.409785e-01 1.420547e+00 1.720261e+00 1.111055e+01 3.414168e-01 6.599168e-01
39627814772678360 1.184402e+00 1.006628e+01 2.160937e-01 1.497019e+00 1.169126e+00 9.817596e+00 2.109958e-01 3.325633e+00
39627794283499808 1.751226e+00 1.051308e+01 1.517738e-01 -2.304878e-01 1.783843e+00 1.061940e+01 1.429114e-01 -8.626307e-01
39627814617484240 1.146260e+00 8.836428e+00 5.817261e-02 4.403529e+00 1.192485e+00 8.444818e+00 2.651556e-02 4.017213e+00
39627794484827160 1.756513e+00 1.070614e+01 1.721256e-01 -1.284303e+00 1.776652e+00 1.069887e+01 1.559933e-01 -1.324661e+00
39627774876451712 1.593556e+00 1.107465e+01 2.689687e-01 -4.428754e-02 1.634824e+00 1.095519e+01 2.765191e-01 -5.208151e-01
39627758204096176 1.141229e+00 1.050341e+01 2.838670e-01 4.648729e+00 1.194457e+00 1.003175e+01 2.562483e-01 3.749986e+00
39627778441611296 1.505394e+00 1.060954e+01 3.043788e-01 -2.420070e-01 1.602226e+00 1.080684e+01 3.252159e-01 -1.155319e+00
39633132139316720 1.586473e+00 1.033807e+01 1.274634e-01 3.379720e-01 1.645596e+00 1.022145e+01 1.062895e-01 1.670042e-01
39633145082938288 1.126530e+00 1.040958e+01 1.697199e-01 2.891834e+00 1.125114e+00 1.043935e+01 1.962750e-01 4.246534e+00
39627782275204648 1.177680e+00 1.001368e+01 1.249843e-01 3.977429e+00 1.199503e+00 9.949904e+00 1.106303e-01 3.764547e+00
39627793771794480 1.204750e+00 1.072400e+01 2.417520e-01 2.718538e+00 1.241992e+00 1.061845e+01 2.572452e-01 3.456244e+00
39627775606260272 1.869995e+00 1.088181e+01 2.566473e-01 -5.679684e-01 1.802200e+00 1.104386e+01 2.805117e-01 -9.004651e-01
39627752013300576 1.315287e+00 9.705112e+00 1.148552e-01 1.695507e+00 1.204374e+00 9.762987e+00 9.866683e-02 1.280728e+00
39627791037110160 1.328157e+00 1.081510e+01 2.931710e-01 2.221922e+00 1.399874e+00 1.069674e+01 2.750021e-01 1.763709e+00
39627787102850304 1.577175e+00 1.100949e+01 3.291383e-01 -1.457477e+00 1.695775e+00 1.101164e+01 3.679506e-01 -6.489918e-01
39627767112796824 1.627748e+00 1.076541e+01 3.769846e-01 -1.510417e+00 1.623963e+00 1.086313e+01 3.934307e-01 -7.181739e-01
39627823299693016 1.319820e+00 1.069756e+01 3.605193e-01 5.641719e+00 1.250304e+00 1.084546e+01 3.693091e-01 4.039639e+00
39627770304666024 1.105987e+00 8.948022e+00 1.108306e-01 3.779137e+00 1.155308e+00 8.901660e+00 8.855189e-02 3.188662e+00
39627830585196592 1.342335e+00 1.047676e+01 3.655670e-01 3.518173e+00 1.286330e+00 1.080267e+01 3.750741e-01 2.347429e+00
39633158320164456 1.516281e+00 1.104624e+01 5.519793e-01 2.836762e+00 1.396598e+00 1.117104e+01 6.427158e-01 4.806940e+00
39627779192391056 1.591260e+00 9.997837e+00 1.251217e-01 1.029893e+00 1.537047e+00 1.014725e+01 1.205467e-01 2.918001e-01
39627780891084152 1.588274e+00 1.061041e+01 1.652129e-01 -4.105102e+00 1.552209e+00 1.057334e+01 1.550239e-01 -1.728654e+00
39627788344367048 1.509179e+00 1.103367e+01 3.191282e-01 2.443334e-02 1.526611e+00 1.112951e+01 3.389027e-01 4.737347e-01
39627794417717480 1.341886e+00 1.029508e+01 1.735009e-01 -1.502874e+00 1.495214e+00 1.015666e+01 1.630909e-01 -8.682185e-01
39627847370804288 1.630641e+00 1.108804e+01 2.810544e-01 -7.007903e-01 1.589476e+00 1.125184e+01 2.765911e-01 -8.087476e-01
39627787203513728 1.823108e+00 1.080668e+01 3.270828e-01 -8.371080e-01 1.777633e+00 1.126451e+01 3.327056e-01 -8.152297e-01
39627818564324880 1.258967e+00 1.047779e+01 2.890782e-01 1.244772e+00 1.319889e+00 1.048040e+01 2.741927e-01 2.370537e+00
39627745482768688 1.313848e+00 1.054781e+01 2.436869e-01 5.796798e-01 1.423627e+00 1.038598e+01 2.448921e-01 5.276555e-02
39627739350699848 1.126022e+00 9.352739e+00 1.062336e-01 5.221848e+00 1.154311e+00 8.766784e+00 5.797067e-02 4.769758e+00
39633127668190528 1.197605e+00 9.164358e+00 6.068487e-02 3.618802e+00 1.216160e+00 8.779759e+00 2.469292e-02 3.862035e+00
39627802802127728 1.823531e+00 1.021197e+01 7.135582e-02 -1.371963e+00 1.783597e+00 1.024768e+01 5.001409e-02 -1.229929e+00
39627788281449912 1.803733e+00 1.075486e+01 1.651535e-01 -1.537872e+00 1.832069e+00 1.084009e+01 1.647809e-01 -1.196987e+00
39627806476338856 1.280302e+00 1.092566e+01 3.430835e-01 5.897708e-01 1.321416e+00 1.076953e+01 3.845212e-01 1.408692e+00
39627766617867528 1.121588e+00 8.639629e+00 7.605992e-02 -6.884971e-01 1.107225e+00 8.355166e+00 3.894751e-02 5.915461e-01
39627784271694288 1.932058e+00 1.059996e+01 1.804914e-01 -1.097411e+00 1.780088e+00 1.069727e+01 1.724377e-01 -1.396861e+00
39627764273254408 1.714167e+00 1.111534e+01 5.612726e-01 5.141843e-01 1.628517e+00 1.144197e+01 6.228248e-01 5.011133e-01
39627763912544736 1.437356e+00 9.779646e+00 8.340560e-02 6.300502e-01 1.390754e+00 9.656011e+00 6.333855e-02 1.397560e+00
39627803221565192 1.805877e+00 1.104499e+01 2.704362e-01 -4.216240e-01 1.806957e+00 1.102567e+01 2.690023e-01 -7.879192e-01
39627779188197064 1.142628e+00 8.293866e+00 4.051222e-02 4.833186e+00 1.138562e+00 8.030005e+00 1.026727e-02 5.021775e+00
39627794354804392 1.343516e+00 1.023315e+01 1.326138e-01 1.185685e+00 1.341781e+00 1.027444e+01 1.282009e-01 1.672658e+00
39633145355567912 1.424771e+00 9.410662e+00 8.284578e-02 1.260962e+00 1.293215e+00 9.421673e+00 6.905524e-02 1.635160e+00
39627774897425720 1.287402e+00 1.037356e+01 2.129134e-01 3.146267e+00 1.364208e+00 1.055403e+01 2.173759e-01 8.089937e-01
39627745524716496 1.148702e+00 9.713120e+00 1.626289e-01 4.028945e+00 1.181353e+00 9.382697e+00 1.234689e-01 3.947989e+00
39627847312083520 1.629208e+00 1.065745e+01 1.814510e-01 -1.273501e+00 1.712920e+00 1.063417e+01 1.654246e-01 -1.028876e+00
39627811136212240 1.233665e+00 1.072009e+01 2.237130e-01 2.514796e+00 1.333182e+00 1.058513e+01 2.184012e-01 2.801124e+00
39627769063148152 1.914348e+00 1.068478e+01 2.713437e-01 -1.137179e+00 1.835427e+00 1.114477e+01 2.794492e-01 -1.194145e+00
39627812436445992 1.399991e+00 1.089949e+01 3.587785e-01 4.033900e+00 1.361012e+00 1.085854e+01 3.766000e-01 1.396477e+00
39627768903762776 1.367240e+00 9.901942e+00 1.322750e-01 2.750805e-01 1.281004e+00 9.929196e+00 1.336917e-01 2.339427e+00
39627805952051392 1.732596e+00 1.039048e+01 1.109590e-01 -1.415890e+00 1.747391e+00 1.042405e+01 9.177685e-02 -1.347185e+00
39627762796860992 1.105054e+00 9.547631e+00 9.793562e-02 5.463363e+00 1.150196e+00 9.045584e+00 7.351798e-02 4.693465e+00
39627752218825472 1.399520e+00 9.681636e+00 1.087114e-01 -6.024178e-01 1.388881e+00 9.804410e+00 1.151761e-01 -1.402121e-01
39627775664984968 1.224368e+00 1.009653e+01 1.514002e-01 5.102399e+00 1.216146e+00 1.023527e+01 1.535324e-01 3.256990e+00
39627787090265216 1.376227e+00 1.076509e+01 2.837516e-01 2.554699e+00 1.449337e+00 1.063675e+01 2.575747e-01 1.300698e+00
39627782384257248 1.276891e+00 1.000595e+01 1.786441e-01 4.014104e+00 1.267676e+00 9.983455e+00 1.812373e-01 1.666249e+00
39627664591427128 1.551895e+00 1.122126e+01 5.042211e-01 7.190984e-02 1.559458e+00 1.134564e+01 5.653734e-01 -6.316543e-01
39627805859777728 1.045631e+00 8.764760e+00 6.120256e-02 8.039509e-01 1.101192e+00 8.324457e+00 4.962562e-02 8.678409e-01
39627751430295768 1.759586e+00 1.103752e+01 4.591284e-01 -1.387908e+00 1.683863e+00 1.116139e+01 4.894204e-01 -6.858668e-01
39627823287110160 1.053024e+00 1.028662e+01 2.952353e-01 4.180028e+00 1.104351e+00 1.014043e+01 3.579293e-01 5.353117e+00
39627817125675984 1.683750e+00 1.084474e+01 2.844429e-01 3.781759e-01 1.778183e+00 1.096856e+01 2.740869e-01 -1.230202e+00
39627751497404704 1.400653e+00 1.047978e+01 1.654581e-01 -4.027965e-01 1.385808e+00 1.035985e+01 1.550176e-01 1.446434e+00
39627788243700512 1.750258e+00 1.089471e+01 3.590870e-01 -1.271072e-03 1.685592e+00 1.105450e+01 3.870511e-01 -4.813644e-01
39633131921213848 1.380929e+00 1.121683e+01 3.545178e-01 4.981387e-01 1.535395e+00 1.116037e+01 3.416738e-01 -8.498770e-01
39627806459562800 1.853580e+00 1.087270e+01 1.699516e-01 -1.829509e+00 1.806170e+00 1.077070e+01 1.603991e-01 -1.305905e+00
39627818430107232 1.470348e+00 1.038501e+01 1.285813e-01 7.220109e-01 1.557329e+00 1.028870e+01 1.075100e-01 -2.725018e-01
39627784389139648 1.206101e+00 9.197563e+00 8.644496e-02 1.361282e+00 1.217289e+00 9.318776e+00 9.134133e-02 1.636610e+00
39627764310999080 1.862921e+00 1.106034e+01 2.859285e-01 -9.384306e-01 1.803025e+00 1.119153e+01 2.744260e-01 -1.179335e+00
39627835215711424 1.131777e+00 1.081246e+01 2.438873e-01 4.248573e+00 1.176594e+00 1.074039e+01 2.308872e-01 3.430052e+00
39627746170635488 1.072984e+00 8.679383e+00 7.618452e-02 4.734742e+00 1.158019e+00 8.782839e+00 6.022231e-02 4.058441e+00
39627776247990256 1.680654e+00 1.019585e+01 1.775002e-01 -3.802046e-01 1.659013e+00 1.033793e+01 1.659149e-01 -1.768774e+00
39627811056520608 1.152152e+00 7.863178e+00 3.041048e-02 4.941264e+00 1.125946e+00 7.064219e+00 0.000000e+00 4.783855e+00
39633162325723464 1.776030e+00 1.030845e+01 9.051940e-02 -1.973022e+00 1.767257e+00 1.031405e+01 5.996461e-02 -1.102557e+00
39627760884259312 1.263438e+00 1.017530e+01 7.281759e-02 3.929268e+00 1.301444e+00 1.005307e+01 5.457556e-02 2.354366e+00
39627779179810872 1.542183e+00 1.072013e+01 3.807285e-01 -1.214221e-01 1.620522e+00 1.098305e+01 4.485118e-01 -1.321432e+00
39627817377333728 1.134532e+00 1.047417e+01 1.631766e-01 3.950256e+00 1.210609e+00 1.037605e+01 1.370617e-01 3.288550e+00
39627758246040840 1.103906e+00 1.014405e+01 1.449977e-01 -2.724575e+00 1.177787e+00 9.874389e+00 1.189365e-01 -3.999748e-01
39627824532817800 1.668453e+00 1.054949e+01 2.946148e-01 1.078289e+00 1.737922e+00 1.076738e+01 2.876098e-01 -8.047669e-01
39627799341829968 1.422737e+00 8.841102e+00 4.629830e-02 3.079535e+00 1.280704e+00 9.482184e+00 3.989144e-02 3.742870e+00
39627740143423488 1.374195e+00 1.009942e+01 1.476100e-01 -3.018717e+00 1.290172e+00 1.025293e+01 1.480063e-01 8.826628e-01
39627768920544824 1.243713e+00 9.493512e+00 7.011825e-02 3.056441e+00 1.192315e+00 9.683257e+00 4.862387e-02 3.999287e+00
39627841435863168 1.253509e+00 9.832595e+00 8.588863e-02 2.205140e+00 1.274158e+00 9.911932e+00 6.580216e-02 2.665089e+00
39627772192101880 1.627863e+00 1.115568e+01 3.965811e-01 -4.091873e-01 1.666746e+00 1.113539e+01 4.109843e-01 -1.170144e+00
39627755041589264 1.517745e+00 8.866478e+00 4.177825e-02 1.817590e+00 1.411374e+00 8.789451e+00 3.361826e-02 -3.855751e-01
39627757528811184 1.756313e+00 1.080305e+01 2.033838e-01 -1.249275e+00 1.653510e+00 1.084356e+01 2.061662e-01 -4.249305e-01
39627610593958624 1.650508e+00 1.054222e+01 2.117779e-01 2.336053e-02 1.725945e+00 1.064514e+01 2.298231e-01 -8.405257e-01
39627824650260568 1.207461e+00 1.024642e+01 2.002082e-01 1.410586e+00 1.239516e+00 1.007813e+01 1.934067e-01 -1.448977e-02
39627811337539584 1.896642e+00 1.097327e+01 4.285673e-01 -7.934429e-01 1.750470e+00 1.131119e+01 4.788547e-01 -1.064933e+00
39627766236190304 1.440897e+00 1.117951e+01 5.437367e-01 -3.290888e+00 1.502327e+00 1.133135e+01 5.545329e-01 -9.117546e-01
39633153983253488 1.350819e+00 1.158564e+01 4.954979e-01 -2.225875e+00 1.792959e+00 1.144580e+01 5.135078e-01 -6.066651e-01
39627802797938344 1.635643e+00 1.083651e+01 1.801922e-01 -9.620424e-01 1.642885e+00 1.081355e+01 1.567300e-01 -1.461954e+00
39627774943561552 1.751030e+00 1.084806e+01 2.201817e-01 -2.516605e+00 1.759951e+00 1.076101e+01 2.087865e-01 -1.279683e+00
39627768907958128 1.531529e+00 1.071109e+01 2.188877e-01 -2.982322e-01 1.443185e+00 1.080711e+01 2.341617e-01 1.874038e+00
39627910998397360 1.658503e+00 1.091537e+01 3.196513e-01 -3.951670e-01 1.731174e+00 1.113555e+01 3.396875e-01 -7.118180e-01
39627817951953968 1.839737e+00 1.051679e+01 1.398739e-01 -2.241693e+00 1.726610e+00 1.054060e+01 1.385091e-01 -1.154648e+00
39627770329825872 9.924628e-01 8.233058e+00 4.182036e-02 3.021319e+00 1.066399e+00 7.618924e+00 8.638963e-03 8.886719e-01
39627764160008760 1.114589e+00 9.761087e+00 1.874168e-01 2.377736e+00 1.121189e+00 9.341962e+00 1.695530e-01 4.460416e-01
39627877565596632 1.763514e+00 1.105588e+01 4.678515e-01 -2.492071e+00 1.566561e+00 1.140321e+01 5.176156e-01 -1.769690e-01
39627853473515240 1.644701e+00 1.112880e+01 4.480157e-01 8.693970e-01 1.708930e+00 1.123471e+01 4.638864e-01 -5.629411e-01
39627746216775776 1.688535e+00 1.112224e+01 4.236576e-01 1.866909e-01 1.725289e+00 1.131295e+01 4.795075e-01 -5.423571e-01
39627814600711520 1.135522e+00 1.045443e+01 2.815627e-01 3.393309e+00 1.234287e+00 1.029460e+01 2.158646e-01 3.793556e+00
39627786985411328 1.721540e+00 1.091330e+01 2.660612e-01 -1.300797e+00 1.675138e+00 1.113029e+01 2.771944e-01 -7.494147e-01
39627839028331696 1.371263e+00 1.158364e+01 5.863222e-01 -4.236839e+00 1.428811e+00 1.150822e+01 7.114072e-01 2.806412e+00
39627760284467280 1.520702e+00 1.102742e+01 3.774526e-01 -1.255285e+00 1.730089e+00 1.113630e+01 4.286311e-01 -5.235752e-01
39627766550762384 1.696533e+00 1.116650e+01 5.043656e-01 -1.205409e+00 1.672060e+00 1.121002e+01 5.577845e-01 8.380535e-01
39627764218726448 1.826266e+00 1.094105e+01 2.197106e-01 -1.639041e+00 1.803442e+00 1.091627e+01 2.084462e-01 -1.086526e+00
39627788298224704 1.306417e+00 1.035035e+01 1.365683e-01 2.748895e+00 1.299454e+00 1.027058e+01 1.267344e-01 2.622199e+00
39627812356756496 1.518709e+00 1.114938e+01 4.191727e-01 2.628817e+00 1.503385e+00 1.116922e+01 4.334706e-01 -5.607009e-01
39627923124126144 1.847294e+00 1.113153e+01 4.739102e-01 -6.167634e-01 1.681943e+00 1.139453e+01 5.348593e-01 -8.383771e-01
39627824612508416 1.215992e+00 1.019898e+01 1.516556e-01 6.755105e-01 1.224241e+00 9.964719e+00 1.191458e-01 1.657692e-01
39627740156005616 1.109980e+00 1.007375e+01 9.923883e-02 3.790605e+00 1.159731e+00 9.834954e+00 6.418653e-02 3.847058e+00
39627781000137312 1.749614e+00 1.097982e+01 2.459276e-01 -1.218552e+00 1.817951e+00 1.101164e+01 2.317225e-01 -9.910554e-01
39627775623040552 1.530491e+00 1.108092e+01 5.723037e-01 4.212513e+00 1.407692e+00 1.125600e+01 6.441224e-01 3.978037e+00
39627752193655328 1.690869e+00 1.063259e+01 2.044227e-01 -2.434214e+00 1.682205e+00 1.061322e+01 1.923116e-01 -1.906221e+00
39627781931270448 1.339729e+00 1.009321e+01 8.436606e-02 4.190756e+00 1.257414e+00 1.032853e+01 9.075694e-02 2.864459e+00
39627746065779008 1.109450e+00 8.785283e+00 8.207607e-02 5.430390e+00 1.067551e+00 8.392077e+00 5.907238e-02 1.532269e+00
39627812469998336 1.603636e+00 1.072261e+01 1.797333e-01 -1.720219e+00 1.661447e+00 1.065354e+01 1.651038e-01 -9.934658e-01
39627808669963792 1.741047e+00 1.095460e+01 3.340692e-01 1.865230e+00 1.684568e+00 1.102035e+01 3.325416e-01 -9.630430e-01
39627774893228464 1.308814e+00 1.038447e+01 1.769913e-01 9.058212e-01 1.324690e+00 1.031087e+01 1.791320e-01 4.741282e-01
39627835303790056 1.654158e+00 1.050653e+01 1.925372e-01 -1.923528e+00 1.742488e+00 1.058082e+01 1.907596e-01 -1.169938e+00
39633149721840144 1.763127e+00 1.105921e+01 4.417974e-01 -1.344014e+00 1.694844e+00 1.121428e+01 4.894094e-01 -3.502493e-01
39627812549692600 1.128629e+00 9.578712e+00 1.556437e-01 3.340296e+00 1.147918e+00 1.007128e+01 1.536009e-01 4.277598e+00
39627764298417056 1.111818e+00 8.569423e+00 2.758183e-02 3.209961e+00 1.229815e+00 8.130093e+00 0.000000e+00 3.268601e+00
39633149692480120 1.833119e+00 1.080859e+01 2.142251e-01 -1.569617e+00 1.793393e+00 1.083564e+01 2.187282e-01 -6.962955e-01
39633293691324976 1.544801e+00 9.526042e+00 7.396630e-02 1.030580e+00 1.593603e+00 9.514018e+00 3.323959e-02 5.588791e-01
39627812570661232 1.605697e+00 1.035271e+01 1.346207e-01 -5.795743e-01 1.721539e+00 1.026111e+01 1.196254e-01 -6.802115e-01
39627865599246400 1.642881e+00 1.119224e+01 4.688049e-01 4.712625e-01 1.685070e+00 1.128026e+01 4.954713e-01 -5.973176e-01
39627794367385384 1.165141e+00 9.744174e+00 5.309063e-02 4.031004e+00 1.192718e+00 9.437758e+00 2.424122e-02 3.913381e+00
39627746116113544 1.239599e+00 1.033640e+01 2.901624e-01 2.563214e-01 1.311707e+00 1.069607e+01 2.900262e-01 2.368588e+00
39633140951549288 1.772749e+00 1.078622e+01 1.874059e-01 -1.113304e+00 1.772998e+00 1.082614e+01 1.867582e-01 -9.860699e-01
39627839368078104 1.741452e+00 9.893381e+00 4.754856e-02 -6.093882e-01 1.750749e+00 9.841907e+00 3.634650e-02 -7.287705e-01
39627823899478896 1.223715e+00 9.232382e+00 7.618381e-02 4.188229e+00 1.204652e+00 8.611176e+00 2.908882e-02 3.816082e+00
39627799828367368 1.085794e+00 8.781948e+00 6.208095e-02 3.362199e+00 1.144244e+00 8.433805e+00 5.502796e-02 2.067538e+00
39627778424840624 1.678541e+00 1.071592e+01 3.528989e-01 -1.172014e+00 1.708659e+00 1.098466e+01 3.404002e-01 -1.068192e+00
39627805855580728 1.206969e+00 9.220930e+00 1.093179e-01 3.779621e+00 1.153414e+00 9.395293e+00 1.175238e-01 3.765471e+00
39627830593587096 1.388535e+00 1.010691e+01 1.858825e-01 1.925308e+00 1.460033e+00 9.930700e+00 1.647507e-01 -4.196532e-01
39633118419749568 1.426751e+00 1.126452e+01 4.787039e-01 2.796937e+00 1.688402e+00 1.118434e+01 4.502911e-01 1.929581e-02
39627757625282208 1.627304e+00 9.746256e+00 7.057619e-02 -1.467569e+00 1.599403e+00 9.582208e+00 6.049903e-02 -1.761308e-01
39627780937222832 1.304970e+00 1.018189e+01 1.546248e-01 -2.881845e+00 1.452715e+00 9.984976e+00 1.926802e-01 1.828519e+00
39627812516137872 1.282988e+00 1.066663e+01 2.812809e-01 1.665695e+00 1.629474e+00 1.060412e+01 2.592749e-01 -5.948069e-01
39627868883388680 1.778425e+00 1.056778e+01 8.583841e-02 4.648580e-01 1.779414e+00 1.066196e+01 6.233050e-02 -1.384591e+00
39627760578069240 1.426368e+00 1.050463e+01 2.477387e-01 2.049232e+00 1.415614e+00 1.046693e+01 2.452548e-01 -1.681638e-01
39627776390595584 1.577763e+00 1.052705e+01 1.228511e-01 -7.224828e-01 1.742212e+00 1.040309e+01 1.041584e-01 -1.128794e+00
39627781906105848 1.228113e+00 1.055128e+01 1.261348e-01 3.514812e+00 1.232545e+00 1.058417e+01 1.341243e-01 3.152217e+00
39627824566375648 1.670462e+00 1.072414e+01 3.121851e-01 -1.911240e+00 1.668864e+00 1.082544e+01 3.092618e-01 -1.002426e+00
39627751468043840 1.753264e+00 1.030276e+01 1.546781e-01 -1.700878e-01 1.638888e+00 1.024804e+01 1.424001e-01 -7.778720e-01
39627787786520304 1.581657e+00 1.034928e+01 1.782389e-01 6.454667e-01 1.595644e+00 1.037389e+01 1.793648e-01 -9.254853e-01
39627786901524664 1.664741e+00 1.055043e+01 2.419219e-01 -9.623006e-01 1.735488e+00 1.079065e+01 2.452618e-01 -9.533283e-01
39627769021205512 1.238318e+00 9.905282e+00 1.027106e-01 5.413767e+00 1.204916e+00 9.892600e+00 8.741403e-02 3.444813e+00
39627770283689232 1.257336e+00 1.040211e+01 3.345702e-01 2.673307e+00 1.167635e+00 1.060051e+01 3.003970e-01 1.890925e+00
39627787773939456 1.277870e+00 1.025795e+01 1.156247e-01 3.146067e+00 1.295818e+00 1.032360e+01 1.086970e-01 2.664768e+00
39627818534965200 1.417385e+00 1.037107e+01 3.292017e-01 2.192636e+00 1.372922e+00 1.077943e+01 3.397186e-01 1.712201e+00
39627740135030976 1.790162e+00 1.034638e+01 2.611456e-01 -9.484335e-01 1.733604e+00 1.077660e+01 2.670521e-01 -9.225293e-01
39627844669674368 1.903230e+00 1.119444e+01 2.340424e-01 -1.331280e+00 1.854290e+00 1.126707e+01 2.293364e-01 -1.125330e+00
39627836771798544 1.152528e+00 1.024093e+01 1.960039e-01 -3.678567e+00 1.229416e+00 9.958163e+00 1.863899e-01 8.438965e-01
39627788361141536 1.308435e+00 1.104645e+01 5.586255e-01 1.858193e+00 1.365417e+00 1.118209e+01 5.853791e-01 1.379039e+00
39627794358998752 1.194863e+00 9.918066e+00 2.299485e-01 3.385112e+00 1.185221e+00 9.944604e+00 2.444264e-01 3.418355e+00
39627883668313248 1.678031e+00 1.102507e+01 4.082694e-01 -3.716528e-02 1.657836e+00 1.109783e+01 4.348751e-01 -7.281717e-01
39627775119722152 1.163858e+00 1.020430e+01 1.253880e-01 4.085040e+00 1.220894e+00 1.016068e+01 1.239666e-01 3.424754e+00
39627796858799640 1.135800e+00 8.699354e+00 6.490766e-02 4.478633e+00 1.158455e+00 8.516241e+00 4.552354e-02 4.299300e+00
39627760225754688 1.231365e+00 9.478059e+00 5.873797e-02 4.296585e+00 1.221378e+00 9.067722e+00 2.993174e-02 3.976303e+00
39627799773842408 1.146141e+00 8.787026e+00 7.745244e-02 1.559963e+00 1.146956e+00 8.724905e+00 7.660283e-02 3.257827e+00
39627830706836448 1.069903e+00 9.881453e+00 1.571914e-01 2.090691e+00 1.186542e+00 9.370713e+00 1.316971e-01 2.709592e+00
39633145208767344 1.520189e+00 1.089392e+01 2.601165e-01 -2.374683e+00 1.617682e+00 1.111691e+01 2.865225e-01 -1.644721e+00
39627694748468592 1.539409e+00 1.109542e+01 4.374028e-01 -1.216552e+00 1.644772e+00 1.120440e+01 4.242478e-01 -8.252313e-01
39627877636903192 1.646855e+00 1.112186e+01 3.999464e-01 -3.384128e-01 1.686255e+00 1.104544e+01 3.917510e-01 -6.857022e-01
39627788390498688 1.468988e+00 1.086902e+01 3.311363e-01 1.792963e+00 1.440700e+00 1.093394e+01 3.390269e-01 1.475995e+00
39627803162844264 1.803355e+00 1.077509e+01 4.332157e-01 -1.325299e+00 1.688689e+00 1.124383e+01 4.574904e-01 -5.611891e-01
39627812507748960 1.308427e+00 1.080822e+01 2.222956e-01 4.974505e+00 1.427739e+00 1.055633e+01 1.854256e-01 1.704834e+00
39633131807965432 1.665651e+00 1.102918e+01 3.848226e-01 -5.970517e-01 1.662351e+00 1.111638e+01 4.120983e-01 -6.676183e-01
39627799803199904 1.247258e+00 9.148792e+00 1.066663e-01 3.893869e+00 1.159635e+00 9.279144e+00 1.231804e-01 4.087786e+00
39627746090947784 1.638777e+00 1.062551e+01 2.337937e-01 -7.638006e-01 1.656881e+00 1.061458e+01 2.226113e-01 -7.804606e-01
39627740072122664 2.045825e+00 1.098475e+01 4.048446e-01 -1.455660e+00 1.786567e+00 1.131793e+01 4.082768e-01 -7.002847e-01
39627798993705768 1.471198e+00 1.058148e+01 2.683693e-01 1.756174e+00 1.424806e+00 1.062873e+01 2.791248e-01 -1.989288e-01
39627740084701152 1.650936e+00 1.019377e+01 1.467861e-01 -4.648849e-01 1.568070e+00 1.038615e+01 1.551350e-01 -2.168166e-01
39627766269744360 1.195075e+00 1.053517e+01 2.777059e-01 2.023827e+00 1.223279e+00 1.041503e+01 2.315823e-01 3.085649e+00
39627761077190952 1.461209e+00 1.113527e+01 3.610438e-01 5.256560e-02 1.506310e+00 1.113403e+01 3.652446e-01 -3.045150e-01
39627775644010960 1.710914e+00 1.068210e+01 2.394998e-01 -1.206529e-01 1.687445e+00 1.062944e+01 2.204921e-01 -7.706116e-01
39627790793836432 1.655272e+00 1.095469e+01 2.798931e-01 1.712618e-01 1.643895e+00 1.108516e+01 2.942854e-01 -1.419940e+00
39627746049002888 1.555528e+00 1.048857e+01 1.876314e-01 -5.038380e-02 1.703071e+00 1.043618e+01 1.745695e-01 -8.570420e-01
39627812570661944 1.515444e+00 1.078289e+01 2.571126e-01 3.793414e-01 1.523821e+00 1.076079e+01 2.620702e-01 3.191600e-01
39633136220375424 1.697980e+00 1.087833e+01 2.477501e-01 -3.153780e+00 1.797181e+00 1.106249e+01 2.771125e-01 -1.150644e+00
39627758166344672 1.770893e+00 1.057066e+01 2.557199e-01 -8.240080e-01 1.688798e+00 1.071547e+01 2.563154e-01 -1.261850e+00
39627782338122040 1.695085e+00 1.069670e+01 2.903499e-01 -1.049668e+00 1.609568e+00 1.069960e+01 2.907357e-01 -1.063662e+00
39627880958791272 1.835744e+00 1.083115e+01 1.645296e-01 -1.882621e+00 1.821433e+00 1.091378e+01 1.602969e-01 -1.512874e+00
39627820812476168 1.693478e+00 1.097484e+01 2.165644e-01 -4.572928e-01 1.672781e+00 1.109681e+01 2.101821e-01 -3.805083e-01
39633154046168472 1.534334e+00 1.112370e+01 3.373261e-01 4.663121e-01 1.585736e+00 1.116456e+01 3.484443e-01 1.271310e-01
39627764243891288 1.277677e+00 1.017975e+01 1.953324e-01 -3.033125e-01 1.346468e+00 1.022881e+01 1.647500e-01 -1.209731e+00
39627769654545320 1.536786e+00 1.050214e+01 2.348123e-01 1.790535e+00 1.698718e+00 1.063754e+01 2.071291e-01 3.867668e-02
39627763782518320 1.598849e+00 1.120980e+01 4.879836e-01 -1.873489e-01 1.668886e+00 1.125728e+01 5.175329e-01 -4.049788e-01
39627805914300632 1.214502e+00 1.039475e+01 2.430847e-01 8.668680e-01 1.350140e+00 1.032514e+01 2.400969e-01 1.124922e+00
39627782367481984 1.540238e+00 9.918765e+00 1.420751e-01 -1.946991e+00 1.480587e+00 9.848815e+00 1.317804e-01 -8.676094e-01
39627823148700000 1.698745e+00 1.138472e+01 4.529446e-01 -3.372844e+00 1.689503e+00 1.123614e+01 4.809716e-01 -1.117258e+00
39627805096414848 1.441093e+00 1.112115e+01 3.208118e-01 5.634850e-01 1.650491e+00 1.097024e+01 3.153372e-01 -1.405996e+00
39627814592322672 1.948052e+00 1.082498e+01 1.881618e-01 -1.080852e+00 1.816017e+00 1.092223e+01 1.842604e-01 -1.358353e+00
39633136329428584 1.729709e+00 1.125684e+01 4.279373e-01 -1.232492e+00 1.708345e+00 1.112507e+01 4.572760e-01 -6.188836e-01
39627824616706456 1.717146e+00 1.037847e+01 2.119564e-01 -1.144131e+00 1.672413e+00 1.046952e+01 2.111947e-01 -5.338956e-01
39627788298225616 1.258299e+00 9.833010e+00 1.281432e-01 2.416338e+00 1.236180e+00 9.993820e+00 1.454369e-01 2.940731e+00
39627763568610672 1.750113e+00 1.101675e+01 3.393003e-01 -5.680137e-01 1.746911e+00 1.107526e+01 3.572232e-01 -3.941205e-01
39627799283107112 1.435486e+00 9.976727e+00 7.179686e-02 2.088963e+00 1.379922e+00 1.020707e+01 6.943737e-02 1.778109e+00
39627871764874752 1.902305e+00 1.118988e+01 4.206972e-01 -8.769740e-01 1.777117e+00 1.137405e+01 4.424025e-01 -5.902345e-01
39627762859770248 1.312559e+00 1.051535e+01 1.992180e-01 3.746037e+00 1.363794e+00 1.069901e+01 2.230280e-01 3.627039e+00
39627752113965696 1.700992e+00 1.090414e+01 2.505190e-01 -3.822961e-01 1.763898e+00 1.090814e+01 2.468579e-01 -9.007990e-01
39627793104897968 1.194577e+00 9.955280e+00 5.406983e-02 2.948291e+00 1.174049e+00 9.406387e+00 3.116821e-02 4.184292e+00
39627823152891576 1.424101e+00 1.119110e+01 4.070931e-01 1.064842e-01 1.555601e+00 1.116526e+01 4.015969e-01 -4.967432e-01
39633158274025808 1.429293e+00 1.040658e+01 1.302280e-01 1.382796e+00 1.316863e+00 1.068248e+01 1.776773e-01 2.715104e+00
39627761131725408 1.190313e+00 9.957868e+00 1.779352e-01 3.681235e+00 1.245359e+00 9.948777e+00 1.175952e-01 3.063807e+00
39627768777936456 1.259595e+00 1.091675e+01 2.104338e-01 6.086989e-01 1.329196e+00 1.088968e+01 2.437697e-01 2.341695e+00
39627788440835008 1.211765e+00 1.091712e+01 3.414705e-01 2.792359e+00 1.282094e+00 1.078211e+01 3.576930e-01 1.314384e+00
39633162619322864 1.611882e+00 1.055307e+01 1.317027e-01 -1.074946e+00 1.504705e+00 1.055058e+01 1.137872e-01 6.519396e-01
39633140678921232 1.667745e+00 1.168111e+01 6.719638e-01 1.274525e+00 1.693835e+00 1.171185e+01 7.215581e-01 2.002506e-01
39627847404358640 1.757785e+00 1.070296e+01 2.249053e-01 -3.181576e+00 1.694556e+00 1.086082e+01 2.591179e-01 -1.338496e+00
39627836742438368 1.258753e+00 1.016069e+01 1.572660e-01 2.179775e+00 1.311043e+00 1.011121e+01 1.119329e-01 1.993962e+00
39627800260381872 1.089085e+00 9.747622e+00 1.014101e-01 5.149552e+00 1.092709e+00 9.691134e+00 8.435054e-02 5.008425e+00
39627808867097272 1.300482e+00 1.056150e+01 1.513120e-01 2.258479e+00 1.363257e+00 1.037475e+01 1.223831e-01 1.587182e+00
39627835316374704 1.318404e+00 1.020856e+01 2.058840e-01 3.756680e+00 1.318659e+00 1.032049e+01 1.829514e-01 2.160683e+00
39627802693079088 1.388169e+00 1.004685e+01 1.184839e-01 5.416405e-01 1.460227e+00 1.013459e+01 1.007658e-01 3.134421e-01
39627857198058120 1.777546e+00 1.095605e+01 2.622703e-01 1.228334e-01 1.597688e+00 1.117133e+01 3.045940e-01 -6.015134e-01
39627829259800696 1.526815e+00 1.088467e+01 2.549102e-01 -1.444498e+00 1.610245e+00 1.096570e+01 2.729314e-01 -8.096823e-01
39627769620993544 1.781655e+00 1.104016e+01 3.810195e-01 1.655320e-01 1.772923e+00 1.120809e+01 3.871028e-01 -5.084410e-01
39627806501506672 1.251936e+00 9.493238e+00 9.529982e-02 4.345371e+00 1.237009e+00 9.587447e+00 9.452261e-02 2.943954e+00
39633149692478928 1.862446e+00 1.076002e+01 2.120436e-01 -1.550848e+00 1.804415e+00 1.088942e+01 2.154015e-01 -9.112775e-01
39627806526673464 1.630358e+00 1.017010e+01 1.306012e-01 1.763156e-01 1.494605e+00 1.040827e+01 1.170438e-01 3.124529e-01
39627745415663464 1.383997e+00 9.669181e+00 1.221124e-01 -5.969357e-01 1.306783e+00 9.940709e+00 1.381877e-01 1.419552e+00
39636574471724144 1.402782e+00 1.087545e+01 2.014895e-01 8.936822e-02 1.545025e+00 1.085310e+01 1.666874e-01 -2.317359e+00
39627806509896816 1.723600e+00 1.016691e+01 1.153935e-01 -1.775949e-01 1.757424e+00 1.028392e+01 9.730066e-02 -9.648347e-01
39627832711713936 1.840393e+00 1.071867e+01 2.411316e-01 -2.416709e-01 1.792046e+00 1.091545e+01 2.181622e-01 -1.599344e+00
39627794350609424 1.834572e+00 1.016436e+01 1.237215e-01 -1.068279e+00 1.665599e+00 1.019124e+01 1.168776e-01 -5.993243e-01
39627745994477576 1.280626e+00 1.028564e+01 1.077720e-01 2.641075e+00 1.248750e+00 1.034450e+01 1.211174e-01 2.939963e+00
39627788436638072 1.381286e+00 1.067130e+01 2.858539e-01 2.812055e+00 1.515612e+00 1.092310e+01 2.724258e-01 1.623304e-01
39627775648207384 1.598932e+00 1.052921e+01 1.293608e-01 2.146150e-01 1.574837e+00 1.031758e+01 1.115897e-01 -7.017398e-02
39627853507073248 1.646698e+00 1.065893e+01 1.972467e-01 -1.362865e+00 1.754445e+00 1.067611e+01 1.990998e-01 -9.627484e-01
39627781037883432 1.628109e+00 1.046014e+01 2.152693e-01 1.054132e+00 1.705854e+00 1.057126e+01 2.013488e-01 2.225356e-01
39627772359872928 1.872187e+00 1.074707e+01 1.691006e-01 -2.463323e+00 1.828454e+00 1.082833e+01 1.583951e-01 -1.471930e+00
39627812499360872 1.174645e+00 9.707725e+00 1.825276e-01 5.297516e+00 1.157330e+00 9.666446e+00 2.258817e-01 4.224121e+00
39627805805250280 1.239874e+00 9.903204e+00 2.441338e-01 4.890014e+00 1.192076e+00 1.007492e+01 2.505735e-01 3.679780e+00
39627823937228304 1.278842e+00 9.717973e+00 1.589843e-01 3.608367e+00 1.171220e+00 9.701612e+00 1.606659e-01 3.987588e+00
39627752231408904 1.284873e+00 1.078306e+01 3.162604e-01 -3.311602e+00 1.450905e+00 1.090043e+01 3.547387e-01 -1.180073e+00
39627628491050712 1.675814e+00 1.100449e+01 4.118690e-01 -2.131387e+00 1.529493e+00 1.085982e+01 4.564928e-01 -1.721648e-01
39627788419860448 1.734991e+00 1.120080e+01 4.010980e-01 -1.756429e+00 1.614828e+00 1.119774e+01 4.071175e-01 -1.074973e+00
39627724880350392 1.439186e+00 1.090459e+01 4.652000e-01 -3.071822e-01 1.496947e+00 1.124057e+01 5.576196e-01 1.371865e+00
39633127408144040 1.793571e+00 1.084452e+01 2.633901e-01 -1.620629e+00 1.758619e+00 1.087533e+01 2.774180e-01 -8.170011e-01
39627769604215904 1.753482e+00 1.103450e+01 3.095685e-01 -2.291190e+00 1.724229e+00 1.123229e+01 3.104193e-01 -1.149300e+00
39627817150844960 1.130751e+00 8.776241e+00 5.120542e-02 8.967053e-01 1.173266e+00 8.370047e+00 2.886590e-02 3.421893e+00
39627780924641656 1.725679e+00 1.047111e+01 1.915606e-01 -9.617720e-01 1.741199e+00 1.048991e+01 1.822938e-01 -8.965427e-01
39627796401625360 1.820593e+00 1.061369e+01 1.117059e-01 -1.819707e+00 1.815926e+00 1.070541e+01 1.096943e-01 -1.490761e+00
39627781671227264 1.636416e+00 9.520213e+00 9.497116e-02 1.383899e+00 1.515322e+00 9.659043e+00 9.510715e-02 -7.445991e-03
39627817993899136 1.261247e+00 1.028454e+01 2.693318e-01 1.212762e+00 1.270821e+00 1.033747e+01 3.021248e-01 1.490940e+00
39627740151810864 1.447872e+00 1.039169e+01 1.812992e-01 8.912119e-02 1.387758e+00 1.029555e+01 1.532852e-01 6.029173e-01
39627775761453528 1.653078e+00 1.096672e+01 2.931927e-01 -1.285305e+00 1.632132e+00 1.090975e+01 3.063014e-01 -8.010633e-01
39633118486857504 1.649525e+00 1.116969e+01 3.495884e-01 -1.083092e+00 1.766254e+00 1.119081e+01 3.907540e-01 -6.225839e-01
39627841272287336 1.221323e+00 1.026039e+01 1.592835e-01 3.566276e+00 1.300384e+00 9.990248e+00 1.392555e-01 2.498797e+00
39627841389727816 1.470544e+00 1.051053e+01 2.692837e-01 3.158691e+00 1.526031e+00 1.073862e+01 2.467095e-01 1.289764e+00
39627746007057472 1.642196e+00 1.023691e+01 1.338971e-01 -2.473890e+00 1.682927e+00 1.016497e+01 1.127606e-01 -1.131220e+00
39627766328466304 1.882125e+00 1.073845e+01 3.439440e-01 -2.068760e+00 1.755402e+00 1.124121e+01 3.771709e-01 -9.101478e-01
39627877641096760 1.663460e+00 1.054992e+01 1.034631e-01 -8.216890e-01 1.698081e+00 1.058462e+01 9.182502e-02 -9.940711e-01
39627805209662200 1.048970e+00 7.318246e+00 1.693741e-02 3.685434e-01 1.049603e+00 7.072127e+00 0.000000e+00 1.020020e+00
39627806577006264 1.143614e+00 9.606500e+00 1.400902e-01 4.736014e+00 1.161309e+00 9.120918e+00 1.075765e-01 3.436097e+00
39627758153764464 2.036509e+00 1.066718e+01 2.499507e-01 -5.428889e-01 1.744912e+00 1.081420e+01 2.659014e-01 -7.649736e-01
39627763061098912 1.832988e+00 1.117493e+01 3.582777e-01 -4.838130e-01 1.819594e+00 1.138640e+01 3.458504e-01 -6.766530e-01
39627778236093480 1.219896e+00 1.018021e+01 1.828218e-01 1.270624e+00 1.269094e+00 1.013124e+01 1.815502e-01 5.343169e-01
39627752105577520 1.214948e+00 1.100527e+01 6.620426e-01 7.540375e+00 1.291303e+00 1.122198e+01 7.081537e-01 4.956904e+00
39633118600102144 1.761708e+00 9.922006e+00 6.721205e-02 1.259829e+00 1.622365e+00 1.010741e+01 7.491189e-02 -1.092727e-01
39627758090850904 1.245745e+00 1.024461e+01 1.746228e-01 1.466134e+00 1.275051e+00 1.002524e+01 1.543305e-01 5.004680e-01
39627811928935200 1.787320e+00 1.031098e+01 8.597218e-02 -1.275991e+00 1.748978e+00 1.006751e+01 6.154513e-02 -7.892715e-01
39627823958200552 1.193235e+00 1.015659e+01 2.465553e-01 1.766351e+00 1.166445e+00 1.054411e+01 2.723871e-01 3.934157e+00
39627824646067072 1.249432e+00 1.007738e+01 1.377429e-01 -3.201055e+00 1.212675e+00 9.973431e+00 1.423776e-01 -6.371262e-01
39627829394018752 1.552746e+00 1.004789e+01 1.213126e-01 5.218588e-01 1.373283e+00 1.012079e+01 1.388907e-01 1.335670e+00
39627823891088240 1.711676e+00 1.064627e+01 2.314809e-01 -5.334407e-01 1.643817e+00 1.067649e+01 2.315838e-01 3.693132e-01
39627836239121904 1.565550e+00 1.107018e+01 4.247410e-01 -1.934904e+00 1.574075e+00 1.101134e+01 4.591205e-01 -1.273365e+00
39627775711117928 1.224586e+00 1.009326e+01 1.822625e-01 2.531034e+00 1.263723e+00 1.034856e+01 1.991403e-01 3.207112e+00
39627757113575952 1.180302e+00 1.077684e+01 1.721092e-01 3.510893e+00 1.297485e+00 1.020694e+01 8.058862e-02 1.985227e+00
39627829377237912 1.867458e+00 1.096486e+01 1.761937e-01 -1.015205e+00 1.833044e+00 1.090438e+01 1.694996e-01 -1.257514e+00
39627847471466632 1.147428e+00 8.462676e+00 5.622409e-02 1.979229e+00 1.188487e+00 8.492002e+00 2.591236e-02 3.838899e+00
39627746166441984 1.237456e+00 1.089467e+01 3.476785e-01 4.061953e+00 1.282774e+00 1.081370e+01 3.408883e-01 3.308661e+00
39627853339298856 1.296749e+00 1.057869e+01 1.952290e-01 4.213054e+00 1.390364e+00 1.038073e+01 1.748252e-01 8.116962e-01
39627812042179184 1.278600e+00 1.036530e+01 9.368631e-02 4.125649e+00 1.312464e+00 1.021290e+01 7.949379e-02 2.305884e+00
39627757071635424 1.666607e+00 1.136909e+01 4.705938e-01 1.109383e+00 1.697716e+00 1.132627e+01 4.904486e-01 -4.373013e-01
39627758254426968 1.916991e+00 1.080027e+01 1.472514e-01 -1.388410e+00 1.846244e+00 1.086565e+01 1.325781e-01 -1.394678e+00
39627742982968816 1.771618e+00 1.087062e+01 2.980173e-01 -7.570360e-01 1.665772e+00 1.105719e+01 3.207357e-01 -3.989557e-01
39627817855485768 1.385698e+00 1.089647e+01 2.313958e-01 2.716119e+00 1.374170e+00 1.070156e+01 2.099173e-01 1.559351e+00
39627830715222800 1.158398e+00 1.033649e+01 2.515080e-01 4.819936e+00 1.199711e+00 1.003867e+01 2.599875e-01 3.348711e+00
39627892950308248 1.915200e+00 1.109802e+01 2.588692e-01 -8.761375e-01 1.826132e+00 1.109133e+01 2.490117e-01 -1.141977e+00
39627802491750576 1.410041e+00 1.022572e+01 1.505288e-01 1.176214e+00 1.343928e+00 1.024930e+01 1.329537e-01 1.556755e+00
39627818555934136 1.241055e+00 1.029807e+01 2.667027e-01 2.143770e+00 1.174575e+00 1.020447e+01 3.650736e-01 3.019777e+00
39627780945609376 1.639032e+00 1.112770e+01 5.634040e-01 5.225520e-01 1.498374e+00 1.123270e+01 6.391408e-01 2.573091e+00
39627830069302608 1.197389e+00 1.052538e+01 2.968431e-01 4.274315e+00 1.198801e+00 1.021644e+01 3.038476e-01 4.149338e+00
39627775748870928 1.581353e+00 1.080269e+01 1.551636e-01 -2.335625e+00 1.706142e+00 1.083126e+01 1.768413e-01 -1.886923e+00
39627790466680600 1.587384e+00 1.015835e+01 8.437801e-02 -2.759040e+00 1.546445e+00 1.042364e+01 9.983449e-02 2.730048e-02
39627712909808272 1.785226e+00 1.147160e+01 3.370485e-01 -1.327992e-01 1.803174e+00 1.127697e+01 3.337659e-01 -8.153199e-01
39627818597879848 1.595294e+00 1.085020e+01 2.891273e-01 8.252576e-01 1.610488e+00 1.098783e+01 2.639345e-01 -2.397709e-01
39633153945504952 1.217456e+00 1.098884e+01 6.076472e-01 3.273003e+00 1.236709e+00 1.113634e+01 6.407311e-01 4.374527e+00
39633149390489240 1.520960e+00 1.118825e+01 4.841312e-01 -3.826873e-01 1.643489e+00 1.118070e+01 5.220376e-01 -1.264531e+00
39627811878602640 1.568129e+00 1.039944e+01 1.979831e-01 -1.635234e-01 1.649671e+00 1.046603e+01 1.997784e-01 -1.770180e-01
39627745432438112 1.797975e+00 1.103220e+01 3.399269e-01 -2.311197e+00 1.747846e+00 1.107562e+01 3.608149e-01 -5.198513e-01
39627724934876800 1.727652e+00 1.101299e+01 2.613221e-01 -8.065868e-01 1.774760e+00 1.114451e+01 2.671100e-01 -1.087582e+00
39627830060911296 1.561780e+00 1.003474e+01 1.600434e-01 9.002858e-01 1.533704e+00 1.018321e+01 1.588323e-01 2.059914e-01
39627799744481696 1.141836e+00 7.993363e+00 4.050664e-02 2.497711e+00 1.100114e+00 7.740934e+00 1.787917e-02 1.469690e+00
39627757629473880 1.679467e+00 1.080957e+01 1.766548e-01 -1.597342e+00 1.722050e+00 1.077452e+01 1.718036e-01 -1.520141e+00
39627751501597168 1.118043e+00 9.499156e+00 1.402151e-01 3.418552e+00 1.130982e+00 9.062029e+00 1.240563e-01 4.017701e+00
39627781625087264 1.502825e+00 1.090272e+01 2.640170e-01 -1.763827e+00 1.592042e+00 1.082007e+01 2.655469e-01 -3.846458e-01
39627844816475872 1.695320e+00 1.076391e+01 1.535111e-01 -4.494703e-01 1.748851e+00 1.074919e+01 1.267970e-01 -1.568721e+00
39627812549690448 1.787845e+00 1.063907e+01 2.944235e-01 -1.219644e+00 1.688962e+00 1.074954e+01 2.744684e-01 -7.722344e-01
39627823907866192 1.518792e+00 1.123799e+01 4.727764e-01 -1.193552e+00 1.650642e+00 1.131021e+01 5.119194e-01 -1.229030e-02
39627746124497272 1.463264e+00 1.076918e+01 3.031838e-01 2.064795e+00 1.559913e+00 1.071531e+01 3.139769e-01 2.208138e+00
39627782245846936 1.209117e+00 9.293128e+00 7.664257e-02 2.810451e+00 1.253595e+00 9.067896e+00 4.633309e-02 3.083428e+00
39627829184301208 1.142441e+00 8.854294e+00 1.110188e-01 2.916190e+00 1.092230e+00 8.506913e+00 7.961592e-02 2.022787e+00
39627796321935088 1.782393e+00 1.068519e+01 1.090825e-01 -2.402343e+00 1.825241e+00 1.071407e+01 9.445833e-02 -1.387163e+00
39627829427571544 1.779065e+00 1.111535e+01 4.353997e-01 -3.066881e+00 1.750796e+00 1.136663e+01 4.478402e-01 -9.270095e-01
39627811874407888 1.753057e+00 1.126989e+01 4.903668e-01 3.333623e-01 1.741579e+00 1.138654e+01 5.311764e-01 -6.327043e-01
39627782434587512 1.864239e+00 1.091304e+01 2.281639e-01 -1.331922e+00 1.794507e+00 1.093883e+01 2.238422e-01 -1.239936e+00
39627802655329280 1.815547e+00 1.143504e+01 3.700035e-01 -1.614350e+00 1.808090e+00 1.133728e+01 3.916827e-01 -6.615598e-01
39627836109100736 1.558065e+00 1.036427e+01 1.909793e-01 -9.924709e-01 1.436470e+00 1.050017e+01 2.040880e-01 9.645650e-01
39627745398884856 1.594452e+00 1.028056e+01 1.021186e-01 -1.504390e+00 1.643271e+00 1.030287e+01 1.167840e-01 -4.018312e-01
39627740135032328 1.462319e+00 1.032242e+01 1.728755e-01 -9.301630e-02 1.348701e+00 1.001894e+01 1.281815e-01 8.852184e-02
39627787660690200 1.641987e+00 1.072237e+01 2.746857e-01 8.550479e-01 1.680150e+00 1.084850e+01 2.702364e-01 1.727877e-01
39627808909039960 1.005854e+00 9.788268e+00 1.107937e-01 -6.945775e-01 1.155821e+00 9.592438e+00 9.025103e-02 -1.813951e-01
39627802403673600 1.446313e+00 1.062782e+01 3.526674e-01 1.807900e+00 1.401052e+00 1.092993e+01 3.718025e-01 1.715216e+00
39627809160698616 1.972024e+00 1.082357e+01 3.366569e-01 -2.517318e+00 1.645566e+00 1.093395e+01 3.640511e-01 -9.405179e-01
39627782363285584 1.422584e+00 1.053988e+01 3.015459e-01 2.036482e+00 1.363979e+00 1.068576e+01 3.197291e-01 2.393924e+00
39627794333831792 1.612279e+00 1.069150e+01 2.357550e-01 -1.533790e+00 1.675684e+00 1.053534e+01 2.341747e-01 -1.148611e+00
39627787006379592 1.379364e+00 1.049473e+01 1.968116e-01 -1.101831e+00 1.466206e+00 1.068032e+01 1.932190e-01 -6.486050e-01
39627758082458080 1.084395e+00 9.545856e+00 1.164681e-01 3.479790e+00 1.174773e+00 9.130239e+00 9.677447e-02 3.897735e+00
39627757491061648 1.228174e+00 1.041120e+01 1.186020e-01 1.644082e+00 1.279060e+00 9.972672e+00 8.285306e-02 1.673780e+00
39627757621084496 1.166523e+00 9.839450e+00 2.025220e-01 9.545955e-01 1.173826e+00 9.555309e+00 1.837581e-01 3.071735e+00
39627757503644904 1.600327e+00 9.884990e+00 8.056302e-02 8.615200e-02 1.661307e+00 9.729531e+00 6.339943e-02 -5.730129e-01
39633118541385512 1.367869e+00 8.982206e+00 5.038970e-02 2.790184e+00 1.256747e+00 9.074328e+00 2.509665e-02 3.128821e+00
39627824088220464 1.623411e+00 9.890515e+00 7.629669e-02 1.316792e-01 1.691585e+00 9.865570e+00 6.046012e-02 -1.980071e-01
39627775673371936 1.469113e+00 1.114699e+01 5.895541e-01 3.165998e+00 1.506546e+00 1.138632e+01 6.425865e-01 1.997811e+00
39627776319297320 1.585304e+00 1.059498e+01 2.096686e-01 3.683324e-02 1.651082e+00 1.048971e+01 1.983534e-01 -5.468726e-02
39627775656592848 1.253294e+00 9.660434e+00 1.241468e-01 3.567811e+00 1.237341e+00 9.620183e+00 1.271092e-01 2.079934e+00
39627745440829040 1.149153e+00 1.005571e+01 8.666489e-02 2.739531e+00 1.178248e+00 1.003019e+01 8.073427e-02 3.807575e+00
39627769537102496 1.734281e+00 1.088559e+01 3.248227e-01 -1.564385e+00 1.702650e+00 1.110725e+01 3.285258e-01 -5.526752e-01
39627805822028576 1.250086e+00 1.127281e+01 6.935675e-01 5.373953e+00 1.196479e+00 1.138277e+01 7.351233e-01 4.498240e+00
39627815250823896 9.850383e-01 9.267950e+00 2.188390e-01 4.461644e+00 1.047625e+00 9.450674e+00 2.014397e-01 4.057096e+00
39627781620896032 1.748082e+00 1.095823e+01 3.265504e-01 -1.131990e+00 1.665350e+00 1.088258e+01 3.554564e-01 2.925977e-01
39627758086654456 1.775708e+00 1.059323e+01 2.109683e-01 -2.194039e+00 1.742490e+00 1.071924e+01 1.986800e-01 -1.663514e+00
39627847354025480 1.383822e+00 1.121003e+01 5.416676e-01 4.205299e+00 1.433795e+00 1.124965e+01 5.684519e-01 1.486598e+00
39627794216388960 1.839120e+00 1.119745e+01 4.827711e-01 -8.365098e-01 1.700619e+00 1.142004e+01 5.183588e-01 -5.631357e-01
39627763501503224 1.604948e+00 1.078021e+01 2.288226e-01 -1.829968e+00 1.663841e+00 1.078246e+01 2.188331e-01 -9.416173e-01
39627877808868616 1.898948e+00 1.060172e+01 1.669327e-01 -1.055255e+00 1.805604e+00 1.069901e+01 1.483150e-01 -1.257610e+00
39627836654354512 1.197842e+00 1.048589e+01 2.566463e-01 2.426688e+00 1.225005e+00 1.008003e+01 1.432846e-01 1.624777e+00
39627805939470264 1.176741e+00 9.563494e+00 8.237410e-02 2.146671e+00 1.177556e+00 9.551573e+00 8.856285e-02 2.445192e+00
39627823496823512 1.442721e+00 1.006302e+01 1.658233e-01 8.622147e-01 1.508971e+00 9.976229e+00 1.357809e-01 -1.492391e+00
39627859496537936 1.318340e+00 1.116162e+01 5.028588e-01 -1.740431e+00 1.345675e+00 1.121923e+01 5.340416e-01 2.269416e-01
39627806405039592 1.138696e+00 9.470421e+00 1.788233e-01 2.506673e+00 1.148633e+00 9.361660e+00 1.620400e-01 3.535063e+00
39627658551626136 1.620605e+00 1.124251e+01 5.130641e-01 -1.604722e-01 1.582009e+00 1.113197e+01 5.508563e-01 -1.513808e-01
39627824067248736 1.145482e+00 9.958983e+00 1.137310e-01 4.143837e+00 1.123632e+00 1.008442e+01 1.084090e-01 4.085402e+00
39627772351489624 1.838107e+00 1.113780e+01 4.837345e-01 -1.506301e+00 1.730582e+00 1.142173e+01 5.290999e-01 -7.490804e-01
39627829364656432 1.213152e+00 9.371944e+00 8.611602e-02 3.990106e+00 1.165979e+00 9.977320e+00 1.796006e-01 4.031398e+00
39627778491944920 1.086686e+00 1.058004e+01 3.450596e-01 1.571967e-01 1.235142e+00 1.051916e+01 3.924665e-01 1.204244e+00
39627682639519664 1.148955e+00 1.074845e+01 4.872203e-01 3.297140e+00 1.176164e+00 1.080305e+01 5.067088e-01 3.175987e+00
39627818560130504 1.266499e+00 1.067821e+01 3.459089e-01 1.323592e+00 1.274834e+00 1.071958e+01 4.007009e-01 2.382084e+00
39627812570665864 1.211374e+00 9.855734e+00 2.577539e-01 -1.797353e+00 1.204209e+00 9.778135e+00 2.341713e-01 2.997896e+00
39627767142155320 1.142909e+00 1.055581e+01 2.127211e-01 2.697016e+00 1.204036e+00 1.029073e+01 1.597563e-01 3.058633e+00
39627788390500016 1.446511e+00 1.064970e+01 3.412758e-01 4.257151e-01 1.381318e+00 1.086270e+01 3.835129e-01 7.789767e-01
39627757570753480 1.386883e+00 1.027491e+01 9.637843e-02 3.698946e+00 1.411565e+00 1.006355e+01 5.788863e-02 1.541869e+00
39627809269743864 9.955732e-01 9.475242e+00 1.609037e-01 1.188595e+00 1.087147e+00 8.442313e+00 9.883960e-02 3.742421e+00
39627758074072032 1.797826e+00 1.069083e+01 1.154736e-01 -1.392325e+00 1.831004e+00 1.061050e+01 1.104558e-01 -1.200419e+00
39627758321537904 1.367177e+00 1.024643e+01 1.126523e-01 1.111267e+00 1.328679e+00 1.031480e+01 1.179852e-01 2.559164e-01
39627790537991056 1.686920e+00 1.089539e+01 3.747140e-01 -3.251739e-01 1.714027e+00 1.104012e+01 3.997269e-01 -6.144869e-01
39627739522667488 1.463868e+00 1.097668e+01 2.816564e-01 -1.917083e+00 1.630952e+00 1.107045e+01 2.976898e-01 -1.282781e+00
39627793742434944 1.388447e+00 9.954288e+00 7.830220e-02 3.669539e+00 1.382030e+00 9.886422e+00 5.309297e-02 1.520241e+00
39627793910205608 1.114624e+00 8.537151e+00 2.309063e-02 4.849130e+00 1.161236e+00 8.104521e+00 0.000000e+00 4.707776e+00
39627778353532320 1.473764e+00 1.024159e+01 1.291360e-01 1.501300e+00 1.374850e+00 1.024925e+01 1.023210e-01 1.652759e+00
39627817171815072 1.578963e+00 1.113066e+01 4.563680e-01 -7.322765e-01 1.633594e+00 1.121908e+01 4.890127e-01 -1.097565e+00
39627761064614104 1.569287e+00 1.066171e+01 2.103016e-01 2.432919e-01 1.587514e+00 1.070100e+01 1.980812e-01 1.529665e-01
39627812478390288 1.819819e+00 1.083346e+01 1.742645e-01 -1.536265e+00 1.707954e+00 1.076758e+01 1.644457e-01 -1.575794e+00
39633136220375984 1.755206e+00 1.028317e+01 7.150968e-02 -4.217542e-01 1.733619e+00 1.050908e+01 6.792167e-02 -1.109795e+00
39627763526665648 1.231868e+00 1.020268e+01 2.023941e-01 1.969343e-01 1.255493e+00 9.888574e+00 1.891988e-01 9.346060e-01
39627811324954632 1.257594e+00 1.053031e+01 1.675239e-01 9.382391e-01 1.357666e+00 1.059129e+01 1.683046e-01 2.043549e+00
39627808804180856 1.911829e+00 1.118653e+01 4.585345e-01 -1.459504e+00 1.741211e+00 1.127257e+01 5.038289e-01 -1.045553e+00
39627764164198976 1.753048e+00 1.057540e+01 2.274820e-01 -1.004540e+00 1.698393e+00 1.068808e+01 2.366716e-01 -1.255197e+00
39627805192885312 1.220511e+00 8.998778e+00 1.022106e-01 2.279638e+00 1.165124e+00 9.089634e+00 9.335607e-02 1.556656e+00
39627796531642648 1.682463e+00 1.089521e+01 3.907484e-01 -2.363549e+00 1.646210e+00 1.110833e+01 4.124551e-01 -1.235890e+00
39627811299787752 1.425188e+00 1.045047e+01 1.227210e-01 9.195532e-01 1.441951e+00 1.040229e+01 1.087741e-01 2.394612e+00
39627784326220944 1.346743e+00 1.015146e+01 9.608893e-02 9.042516e-01 1.346042e+00 1.016959e+01 7.483803e-02 1.633463e+00
39627782388451312 1.730210e+00 1.101254e+01 3.453629e-01 -2.894331e-01 1.738457e+00 1.110251e+01 3.617063e-01 -6.308379e-01
39627859723029992 1.375061e+00 9.471232e+00 6.862659e-02 5.639259e-01 1.396267e+00 9.611849e+00 4.030634e-02 8.594645e-01
39627772997408880 1.804582e+00 1.092056e+01 2.687515e-01 1.555982e-01 1.807349e+00 1.103141e+01 2.711140e-01 -8.802136e-01
39627799065002272 1.177816e+00 9.566012e+00 1.029715e-01 3.176623e+00 1.197569e+00 9.420345e+00 8.063649e-02 3.825294e+00
39627776285740592 1.149053e+00 9.257419e+00 7.335619e-02 4.573436e+00 1.136099e+00 9.098788e+00 4.933566e-02 5.057955e+00
39627770279494896 1.652424e+00 1.071382e+01 3.400106e-01 -7.937058e-02 1.642352e+00 1.087012e+01 3.294264e-01 -6.769204e-01
39627805108995616 1.834147e+00 1.098598e+01 1.889171e-01 -1.060839e+00 1.829873e+00 1.105086e+01 1.929142e-01 -9.627266e-01
39627818660791976 1.617033e+00 1.021220e+01 1.747947e-01 -4.782215e-01 1.617612e+00 1.021731e+01 1.310617e-01 -1.606369e+00
39627808678347880 1.398385e+00 9.771201e+00 1.179340e-01 2.544188e+00 1.446267e+00 1.002685e+01 6.275538e-02 1.393893e+00
39627755079338016 1.589408e+00 1.095415e+01 3.834518e-01 -1.739571e+00 1.611901e+00 1.097480e+01 3.988075e-01 -9.748513e-01
39627800533008560 1.621084e+00 1.062087e+01 1.476519e-01 -4.222095e+00 1.764572e+00 1.047653e+01 1.412078e-01 -1.338630e+00
39627817180205016 1.188155e+00 9.991122e+00 2.023689e-01 5.500398e+00 1.185245e+00 1.018118e+01 2.056169e-01 3.960889e+00
39627782359093960 1.738865e+00 1.076347e+01 2.858687e-01 -5.384883e-01 1.719125e+00 1.085933e+01 2.850210e-01 -1.017762e+00
39627812440639240 1.205135e+00 9.219501e+00 1.054284e-01 4.181410e+00 1.199631e+00 8.915556e+00 6.719899e-02 3.606627e+00
39627806358897648 1.745477e+00 1.087102e+01 4.767464e-01 3.250556e-01 1.531564e+00 1.127634e+01 5.917249e-01 2.439673e+00
39627829272380240 1.241941e+00 9.128298e+00 9.376480e-02 4.350474e+00 1.152556e+00 9.282474e+00 9.439164e-02 4.348449e+00
39627775656594144 1.694591e+00 1.068546e+01 2.610248e-01 1.006629e+00 1.724580e+00 1.070302e+01 2.467063e-01 -4.609904e-01
39627824696397648 1.170226e+00 9.370747e+00 1.115393e-01 8.338515e-02 1.166334e+00 9.351865e+00 1.412889e-01 5.819239e-01
39627806413426040 1.839435e+00 1.077462e+01 1.491367e-01 -1.231204e+00 1.784166e+00 1.072460e+01 1.549445e-01 -1.206460e+00
39627830639727848 1.641525e+00 9.897299e+00 1.917111e-01 1.558645e+00 1.577781e+00 1.004048e+01 1.659533e-01 5.119539e-01
39627788361141456 1.735066e+00 1.084526e+01 2.827842e-01 -1.862245e+00 1.732915e+00 1.091475e+01 2.855041e-01 -1.269309e+00
39627805947857768 1.630897e+00 9.941789e+00 9.915864e-02 1.179865e+00 1.641156e+00 9.580652e+00 5.326323e-02 1.119406e-01
39627787933322960 1.582170e+00 1.117915e+01 3.710026e-01 -1.497889e+00 1.491364e+00 1.117167e+01 3.964345e-01 1.267123e-01
39627640541288720 1.549311e+00 1.124808e+01 5.679626e-01 2.542481e+00 1.454242e+00 1.126652e+01 6.174641e-01 1.820752e+00
39627806480537808 1.630746e+00 1.073497e+01 2.001163e-01 -5.704207e-01 1.739409e+00 1.059161e+01 1.921570e-01 -7.050784e-01
39627746044809448 1.653934e+00 1.080838e+01 2.916903e-01 1.440737e+00 1.642286e+00 1.068141e+01 2.759123e-01 -7.457894e-01
39627799375384632 1.704462e+00 1.115941e+01 4.495261e-01 -6.252007e-01 1.675354e+00 1.124003e+01 4.677701e-01 -9.183446e-01
39627775610457728 1.677955e+00 1.130335e+01 3.689787e-01 -1.086542e+00 1.752095e+00 1.114868e+01 3.753164e-01 -3.399247e-01
39627757570756616 1.157620e+00 1.042915e+01 2.687636e-01 4.298979e+00 1.203295e+00 1.050146e+01 2.321038e-01 4.024511e+00
39627796724588656 1.229233e+00 8.703701e+00 5.969064e-02 3.739325e+00 1.228448e+00 8.664852e+00 3.737302e-02 2.643017e+00
39627770254333640 1.208045e+00 1.004187e+01 1.862156e-01 3.028313e+00 1.231847e+00 9.754053e+00 1.702923e-01 1.902362e+00
39627800457513424 1.630086e+00 1.025673e+01 1.482113e-01 -3.328256e+00 1.650656e+00 1.026545e+01 1.462958e-01 -1.748094e+00
39633136530752496 1.567865e+00 1.100834e+01 2.279165e-01 1.434650e+00 1.769019e+00 1.091051e+01 2.080145e-01 -1.210584e+00
39627754550858880 1.728420e+00 1.105009e+01 2.438552e-01 -8.751400e-01 1.659737e+00 1.115902e+01 2.693428e-01 -9.048176e-01
39627745939951688 1.337417e+00 1.081802e+01 2.057403e-01 4.498879e+00 1.349213e+00 1.075766e+01 2.030802e-01 3.702121e+00
39627706857427752 1.661183e+00 1.117707e+01 3.677011e-01 -1.073167e+00 1.767568e+00 1.125243e+01 4.039013e-01 -5.928918e-01
39627832678160216 1.482157e+00 1.117797e+01 3.575870e-01 5.668144e-01 1.532322e+00 1.120853e+01 3.664460e-01 -2.165496e-02
39627874956741088 1.688758e+00 1.075636e+01 2.840189e-01 -1.585630e+00 1.749869e+00 1.094663e+01 2.923689e-01 -1.362391e+00
39627797190149240 1.091621e+00 9.713829e+00 1.522983e-01 3.742969e+00 1.119282e+00 8.401061e+00 7.996127e-02 3.722000e+00
39627788428251432 1.276925e+00 1.035136e+01 1.486847e-01 -1.160118e+00 1.420065e+00 1.025048e+01 1.463905e-01 -6.811501e-01
39627762947854736 1.912165e+00 1.080405e+01 3.304476e-01 -4.147635e+00 1.653561e+00 1.110307e+01 3.859908e-01 -1.987521e-01
39627812574858424 1.584035e+00 1.123099e+01 3.128119e-01 7.805228e-01 1.744751e+00 1.113882e+01 3.371774e-01 -7.766649e-01
39627688788364000 1.576928e+00 1.125868e+01 3.722032e-01 -8.416284e-01 1.773810e+00 1.117331e+01 3.656568e-01 -7.111516e-01
39627853393822928 1.342666e+00 1.005264e+01 1.880026e-01 2.469629e+00 1.308903e+00 1.027348e+01 1.781854e-01 1.708487e+00
39627796439375760 1.139503e+00 1.025487e+01 1.268624e-01 2.851135e+00 1.208216e+00 1.021505e+01 1.040376e-01 3.157240e+00
39627763681857152 1.819066e+00 1.109223e+01 2.944973e-01 -1.349074e+00 1.853091e+00 1.125320e+01 2.813435e-01 -1.152307e+00
39627800344266168 1.701896e+00 1.122087e+01 5.166065e-01 -7.647961e-02 1.696411e+00 1.138111e+01 5.565507e-01 4.976630e-03
39627787782328856 1.720057e+00 9.949024e+00 1.535787e-01 4.660568e-03 1.633702e+00 1.017880e+01 1.448907e-01 -9.813572e-01
39627764139038008 1.740768e+00 1.110636e+01 3.522153e-01 -4.684522e-01 1.772629e+00 1.116787e+01 3.536251e-01 -7.870760e-01
39633158341133984 1.841861e+00 1.090942e+01 2.516090e-01 -6.802593e-01 1.788818e+00 1.101550e+01 2.700718e-01 -5.090569e-01
39627775010669008 1.132047e+00 8.114623e+00 5.481200e-02 3.423697e+00 1.086796e+00 7.899047e+00 2.798806e-02 1.828836e+00
39627772909329464 1.658034e+00 1.106004e+01 3.402151e-01 4.550455e-01 1.741399e+00 1.115966e+01 3.606480e-01 -5.612726e-01
39627817981316400 1.702626e+00 1.068607e+01 2.038792e-01 -2.789763e-01 1.734756e+00 1.072234e+01 1.979837e-01 -7.106833e-01
39627818568518504 1.451608e+00 1.088796e+01 2.993138e-01 1.905687e+00 1.518563e+00 1.090991e+01 3.070439e-01 2.665054e-01
39627752067829080 1.435957e+00 1.034884e+01 2.045241e-01 -1.782099e+00 1.414853e+00 1.055660e+01 2.279704e-01 9.237094e-01
39627763610552864 1.324747e+00 9.699035e+00 1.149918e-01 2.380219e+00 1.255102e+00 9.510896e+00 8.313145e-02 2.769989e+00
39627806530867520 1.779408e+00 1.074782e+01 2.807834e-01 -1.011947e+00 1.797903e+00 1.101277e+01 2.758066e-01 -1.050298e+00
39627812394500368 1.677545e+00 1.125204e+01 4.304840e-01 -9.178023e-01 1.694475e+00 1.118970e+01 4.668528e-01 -5.176343e-01
39627799140503480 1.679525e+00 1.112891e+01 3.603556e-01 -2.011904e+00 1.732793e+00 1.111435e+01 3.842506e-01 -6.508346e-01
39627835291207408 1.048913e+00 9.647060e+00 1.965951e-01 3.949507e+00 1.108289e+00 9.502580e+00 1.964784e-01 3.945335e+00
39627817406697400 1.721594e+00 1.010205e+01 8.799813e-02 -2.296530e+00 1.606711e+00 9.977472e+00 6.680517e-02 -3.664870e-01
39627792995845312 1.119776e+00 7.897132e+00 2.508812e-02 3.934651e+00 1.108015e+00 7.204771e+00 0.000000e+00 4.055757e+00
39627756836749800 1.732728e+00 1.062746e+01 1.633117e-01 -2.031108e+00 1.745770e+00 1.062218e+01 1.624686e-01 -1.223193e+00
39627752231410008 1.123260e+00 9.834461e+00 1.511549e-01 5.366948e-01 1.238147e+00 9.848877e+00 1.524946e-01 1.427191e+00
39627706748375384 1.821913e+00 1.078009e+01 2.432635e-01 -1.366540e+00 1.806870e+00 1.095480e+01 2.224936e-01 -1.148104e+00
39627769751014000 1.883150e+00 1.069840e+01 1.440948e-01 -1.249751e+00 1.616938e+00 1.080164e+01 1.657949e-01 2.106861e-01
39627824650262824 1.113058e+00 9.741648e+00 2.998065e-01 4.416427e+00 1.166455e+00 1.005330e+01 3.254144e-01 3.866712e+00
39627830471952512 1.853753e+00 1.117484e+01 4.220990e-01 -1.909395e+00 1.737241e+00 1.123624e+01 4.271705e-01 -5.059842e-01
39627764151618200 1.399643e+00 9.935242e+00 1.374500e-01 1.403567e+00 1.260634e+00 9.942780e+00 1.303972e-01 2.274546e+00
39627751413516656 1.835722e+00 1.073038e+01 3.392057e-01 -2.656970e+00 1.703721e+00 1.115110e+01 4.034134e-01 -1.119358e+00
39627757646252648 1.568281e+00 1.065451e+01 2.092557e-01 -5.614627e-01 1.654536e+00 1.066564e+01 2.072109e-01 -1.011618e+00
39627770187221824 1.739855e+00 1.034918e+01 1.172190e-01 -4.479386e-01 1.784310e+00 1.052842e+01 1.129510e-01 -1.180913e+00
39627790600896632 1.113919e+00 8.061803e+00 3.159307e-02 1.638368e+00 1.138026e+00 7.428213e+00 0.000000e+00 3.837266e-01
39627811324953624 1.796816e+00 1.063104e+01 4.461764e-01 -2.705081e-01 1.664827e+00 1.121325e+01 4.788471e-01 -9.909718e-01
39627788294033752 1.652557e+00 1.035892e+01 1.790355e-01 6.477954e-01 1.624681e+00 1.018715e+01 1.536673e-01 -1.541200e+00
39627670551534776 1.698105e+00 1.110176e+01 3.513863e-01 -3.119968e-01 1.685859e+00 1.112617e+01 3.584342e-01 1.448188e-01
39627835228291664 1.891732e+00 1.071550e+01 3.597451e-01 -1.079661e+00 1.759085e+00 1.110475e+01 3.884879e-01 -9.067523e-01
39627752160100696 1.220573e+00 9.661636e+00 1.463151e-01 3.608206e-01 1.241304e+00 9.703241e+00 1.529405e-01 1.391475e+00
39627806371482320 1.162959e+00 9.131113e+00 7.883525e-02 4.375923e+00 1.166158e+00 9.243496e+00 6.378473e-02 4.301704e+00
39627760590657032 1.561353e+00 1.122980e+01 4.023274e-01 -1.882920e+00 1.712711e+00 1.115570e+01 4.296487e-01 -6.302700e-01
39627751027641344 1.511436e+00 1.093627e+01 3.771594e-01 -4.153137e+00 1.651492e+00 1.110892e+01 4.069665e-01 -1.116207e+00
39627746074169280 1.838370e+00 1.063096e+01 2.641386e-01 -1.299396e+00 1.696158e+00 1.074515e+01 2.749041e-01 -1.008479e+00
39627758241844720 1.375619e+00 9.405635e+00 4.168438e-02 1.460960e+00 1.376216e+00 9.439428e+00 2.008457e-02 1.858667e+00
39633118663020216 2.005465e+00 1.031532e+01 7.646934e-02 -2.752963e+00 1.769172e+00 1.049901e+01 7.107915e-02 -1.258755e+00
39627751598068304 1.119848e+00 1.001408e+01 1.759345e-01 2.489499e+00 1.164585e+00 9.643055e+00 1.652843e-01 1.126309e+00
39627785051834600 1.269642e+00 1.079638e+01 3.442332e-01 9.004499e-01 1.301245e+00 1.068760e+01 3.500635e-01 2.386144e+00
39627796363878440 1.727726e+00 1.109861e+01 4.644251e-01 -1.961331e-01 1.609225e+00 1.134201e+01 4.947726e-01 -8.537322e-01
39627760200584856 1.282678e+00 9.598807e+00 9.008751e-02 -3.828590e+00 1.311725e+00 9.836813e+00 9.747422e-02 1.322628e+00
39627812616799088 1.275636e+00 9.537891e+00 7.509933e-02 2.587080e+00 1.288161e+00 9.597331e+00 4.791695e-02 2.507185e+00
39627853486100232 1.345403e+00 1.028787e+01 1.547645e-01 -3.383929e+00 1.331205e+00 1.039199e+01 1.885052e-01 1.685465e+00
39633158374687160 1.433225e+00 1.024194e+01 1.645763e-01 2.454729e+00 1.456729e+00 1.043785e+01 1.597388e-01 7.016314e-01
39627794459657152 1.267021e+00 1.032436e+01 1.877910e-01 3.993928e-01 1.337387e+00 1.013733e+01 1.958687e-01 7.325789e-01
39627812037988488 1.615674e+00 1.121411e+01 4.064962e-01 -2.193475e-01 1.677365e+00 1.117650e+01 4.235726e-01 -7.617477e-01
39627836683718472 1.717165e+00 1.080180e+01 2.843484e-01 -1.076884e+00 1.749676e+00 1.096058e+01 2.724697e-01 -7.136329e-01
39627763551832120 1.583895e+00 1.014631e+01 2.675536e-01 2.146898e+00 1.602457e+00 1.035791e+01 2.237081e-01 1.100858e+00
39627763635717136 1.900126e+00 1.099452e+01 1.798277e-01 -9.906753e-01 1.846981e+00 1.108332e+01 1.724221e-01 -1.008788e+00
39627820711811296 1.481759e+00 1.079661e+01 3.845184e-01 5.838501e-01 1.501227e+00 1.116762e+01 3.979512e-01 -3.676705e-01
39627646534949472 1.684471e+00 1.129961e+01 4.897036e-01 -2.621526e-01 1.671721e+00 1.132559e+01 5.260007e-01 -3.656292e-02
39627808799982832 1.186091e+00 9.728259e+00 1.405179e-01 9.921638e-01 1.214965e+00 9.800436e+00 1.539748e-01 5.307752e-01
39627895756294640 1.812962e+00 1.106937e+01 2.101074e-01 -8.117468e-01 1.850076e+00 1.112220e+01 2.055138e-01 -1.103245e+00
39627841431668976 1.224699e+00 9.957948e+00 2.005381e-01 8.385117e-01 1.237539e+00 1.006065e+01 1.960283e-01 2.174891e+00
39633145250710104 1.754843e+00 1.107446e+01 2.183396e-01 -4.462353e-01 1.822735e+00 1.107320e+01 2.299150e-01 -9.118173e-01
39627824566375328 1.275357e+00 1.000264e+01 2.271127e-01 4.524936e+00 1.274522e+00 1.028094e+01 2.007068e-01 2.336030e+00
39627817884847320 1.792617e+00 1.088466e+01 4.828721e-01 1.777553e-02 1.682528e+00 1.130651e+01 5.292468e-01 -3.128377e-01
39627838856369232 1.813722e+00 1.123227e+01 4.659916e-01 2.321673e-01 1.786366e+00 1.142335e+01 5.048839e-01 -6.703498e-01
39627751451267296 1.497378e+00 1.001353e+01 1.064805e-01 -1.090324e-01 1.588661e+00 1.013644e+01 1.028613e-01 -2.065289e-02
39627758212483208 1.777810e+00 1.115898e+01 3.147204e-01 -2.022051e+00 1.714705e+00 1.120980e+01 3.285128e-01 -1.017950e+00
39627739933708352 1.806787e+00 1.096668e+01 5.610497e-01 4.942327e-01 1.669023e+00 1.147545e+01 6.270254e-01 2.009382e-01
39627752172684376 1.155933e+00 1.003421e+01 1.361222e-01 3.601586e+00 1.180186e+00 9.847906e+00 1.164655e-01 3.554563e+00
39627739405224768 1.323452e+00 1.060357e+01 1.652141e-01 -4.634709e-01 1.484053e+00 1.046157e+01 1.497127e-01 7.637616e-01
39627818639819488 1.262775e+00 1.065919e+01 3.648615e-01 1.697941e+00 1.255697e+00 1.071643e+01 3.698553e-01 2.809919e+00
39627811807298512 1.158962e+00 9.466119e+00 1.002813e-01 6.223413e+00 1.165951e+00 1.006998e+01 9.414069e-02 4.163656e+00
39627751497401928 1.828820e+00 1.091159e+01 2.728315e-01 -2.782023e+00 1.715123e+00 1.080943e+01 2.773657e-01 -1.107967e+00
39627818543350552 1.419356e+00 9.479532e+00 5.495911e-02 1.564257e+00 1.376982e+00 9.462992e+00 4.388794e-02 1.430190e+00
39627794312857576 1.681241e+00 1.145880e+01 4.619999e-01 -1.293454e+00 1.743289e+00 1.135863e+01 4.932055e-01 -5.426821e-01
39627820787304664 1.154447e+00 9.791636e+00 1.292324e-01 2.905206e+00 1.177866e+00 9.690373e+00 1.340286e-01 3.482086e+00
39633136237150696 1.711084e+00 1.104304e+01 2.859963e-01 -1.078025e+00 1.800835e+00 1.099433e+01 2.805390e-01 -7.907407e-01
39627757595918808 1.715629e+00 1.072588e+01 2.921029e-01 -1.983710e-01 1.664431e+00 1.099672e+01 3.055975e-01 9.960717e-01
39627835274429464 1.138492e+00 1.104925e+01 4.132639e-01 -1.341281e+00 1.347774e+00 1.116546e+01 3.937471e-01 1.262922e+00
39627775635625776 1.196372e+00 9.556389e+00 1.384425e-01 4.891660e+00 1.186523e+00 9.562510e+00 1.388657e-01 2.848030e+00
39627746074170464 1.559706e+00 1.083148e+01 3.004154e-01 2.260615e-02 1.633165e+00 1.095726e+01 3.156427e-01 -1.173066e-01
39627812486778528 1.853173e+00 1.109333e+01 3.445617e-01 -1.616478e+00 1.699759e+00 1.128144e+01 3.816258e-01 -2.525225e-01
39627818493021968 1.408141e+00 1.021320e+01 1.457448e-01 2.454139e+00 1.401851e+00 1.021171e+01 1.413819e-01 6.412539e-01
39627800390403496 1.410276e+00 1.081829e+01 2.949306e-01 2.909169e+00 1.510193e+00 1.062562e+01 2.782049e-01 3.061557e+00
39627768903763800 1.941133e+00 1.118428e+01 3.130493e-01 -1.916792e+00 1.772283e+00 1.121410e+01 3.479149e-01 -4.515094e-01
39627799002089216 1.783059e+00 1.107448e+01 2.610233e-01 -2.232137e+00 1.836986e+00 1.111932e+01 2.649963e-01 -1.031285e+00
39627788277253848 1.269568e+00 9.730625e+00 9.271375e-02 4.305887e+00 1.280061e+00 9.423246e+00 7.975268e-02 1.299297e+00
39627785043447528 1.645697e+00 9.659659e+00 4.240574e-02 -1.084674e+00 1.759778e+00 9.998560e+00 3.940570e-02 -8.344617e-01
39627758250231696 1.568289e+00 1.041615e+01 2.076372e-01 2.073811e+00 1.517856e+00 1.040922e+01 2.187698e-01 2.567981e+00
39627853523846760 1.565884e+00 1.077451e+01 2.820048e-01 -1.931792e+00 1.544466e+00 1.077463e+01 2.807918e-01 -1.576117e+00
39627794417718120 1.522140e+00 1.003225e+01 1.321343e-01 3.430025e-01 1.513481e+00 1.002336e+01 1.146815e-01 -1.935434e-01
39627752105575432 1.554095e+00 1.105287e+01 2.783510e-01 4.453396e-01 1.606531e+00 1.101250e+01 2.710580e-01 -4.162214e-01
39627826810329832 1.390811e+00 1.106688e+01 1.865825e-01 -4.940577e+00 1.505980e+00 1.096371e+01 1.912754e-01 -9.604387e-01
39627772653473520 1.446426e+00 1.148436e+01 5.737004e-01 -2.705532e+00 1.655059e+00 1.143631e+01 6.370215e-01 -1.385369e-01
39633157988813896 1.775871e+00 1.050609e+01 1.064919e-01 -2.247110e+00 1.689305e+00 1.052294e+01 9.114473e-02 -9.843707e-01
39627712733649824 1.604543e+00 1.113818e+01 4.728673e-01 -6.674990e-01 1.717969e+00 1.129119e+01 4.968832e-01 -9.521867e-01
39627793239115376 1.526015e+00 1.099226e+01 3.222694e-01 -8.546004e-01 1.740821e+00 1.106048e+01 3.361348e-01 -5.407418e-01
39627764264864968 1.576908e+00 1.047224e+01 1.544514e-01 -3.181358e-01 1.595897e+00 1.043012e+01 1.416622e-01 -1.173721e+00
39627788298224968 1.648708e+00 1.042901e+01 1.684171e-01 3.925810e-02 1.597882e+00 1.034556e+01 1.578870e-01 -1.385255e+00
39627788298224872 1.677529e+00 1.037211e+01 1.679886e-01 -6.737772e-01 1.741614e+00 1.044670e+01 1.526023e-01 -1.249081e+00
39633158223695440 1.579723e+00 1.083024e+01 3.533946e-01 1.534339e+00 1.624089e+00 1.111166e+01 3.790346e-01 -5.258040e-01
39633140783778384 1.592846e+00 1.094106e+01 5.547776e-01 1.017343e+00 1.593880e+00 1.138137e+01 6.292815e-01 2.665104e-01
39627806484732168 1.290254e+00 9.465698e+00 1.147125e-01 6.498109e-01 1.234774e+00 9.447563e+00 1.240538e-01 1.320881e+00
39633118532996464 1.687788e+00 1.114656e+01 5.538285e-01 1.587963e-01 1.544465e+00 1.129884e+01 6.129681e-01 6.804930e-01
39627865448255312 1.486193e+00 1.107021e+01 5.293996e-01 -1.327282e-01 1.435976e+00 1.137923e+01 5.425596e-01 2.686559e-01
39627812507746560 1.447170e+00 1.057401e+01 2.541206e-01 2.744492e+00 1.445748e+00 1.060835e+01 2.686253e-01 7.821794e-01
39627772678639728 1.210383e+00 1.033348e+01 3.901207e-01 1.833280e+00 1.245246e+00 1.059334e+01 3.846958e-01 1.491960e+00
39627802659521000 1.724067e+00 1.091054e+01 3.852607e-01 -1.037116e+00 1.573225e+00 1.091813e+01 4.067943e-01 -1.087299e+00
39627811144601024 1.494553e+00 1.127213e+01 4.713518e-01 -1.873738e+00 1.484362e+00 1.125339e+01 5.327692e-01 -3.140949e-01
39627799778039664 1.474534e+00 1.029403e+01 1.011811e-01 8.555000e-02 1.493974e+00 1.029742e+01 9.364332e-02 3.842371e-01
39627782266819024 1.192023e+00 8.883633e+00 1.292084e-01 5.179262e+00 1.140085e+00 1.033545e+01 1.601380e-01 4.802779e+00
39633127441695616 1.756608e+00 1.021855e+01 9.298495e-02 -3.312115e-01 1.659698e+00 1.016152e+01 9.959207e-02 -4.593390e-02
39627758246037944 1.761891e+00 1.084570e+01 4.545547e-01 -2.634471e-01 1.707715e+00 1.118507e+01 4.642544e-01 -9.352268e-01
39627907781363704 1.896556e+00 1.080534e+01 3.552744e-01 -5.631214e-01 1.721827e+00 1.106403e+01 3.892992e-01 -8.166217e-01
39627830027355680 1.164417e+00 9.320498e+00 1.462791e-01 2.448963e+00 1.144584e+00 9.395543e+00 1.265612e-01 3.787835e+00
39627830086078976 1.228139e+00 9.093797e+00 1.084482e-01 4.547489e-01 1.168301e+00 9.119596e+00 9.380309e-02 1.503850e+00
39627746128695336 1.123284e+00 9.384316e+00 1.523535e-01 1.596130e+00 1.137860e+00 9.200655e+00 1.522528e-01 3.240740e+00
39633131870880728 1.739544e+00 1.049761e+01 1.911016e-01 1.194726e+00 1.732410e+00 1.059116e+01 1.861655e-01 -1.375741e-01
39627824620900512 1.665678e+00 1.039342e+01 2.776892e-01 2.897199e+00 1.649645e+00 1.079056e+01 2.823024e-01 -1.145000e+00
39627799790618080 1.058474e+00 8.427135e+00 8.276237e-02 3.115895e+00 1.122861e+00 8.412927e+00 5.798976e-02 3.519915e+00
39627769662933896 1.415680e+00 9.700097e+00 8.201095e-02 2.486552e+00 1.307525e+00 9.641987e+00 5.652700e-02 2.225262e+00
39627818530771128 1.283658e+00 1.076768e+01 2.428316e-01 1.950965e+00 1.288566e+00 1.080077e+01 2.617298e-01 3.000151e+00
39627751530957560 1.389801e+00 1.034318e+01 1.721476e-01 2.292864e+00 1.368665e+00 1.056899e+01 2.279780e-01 2.115155e+00
39627787736189152 1.167236e+00 9.466486e+00 1.071581e-01 4.195662e+00 1.174831e+00 9.626494e+00 1.094256e-01 3.961109e+00
39627796389041824 1.387964e+00 1.049445e+01 2.296863e-01 3.259987e+00 1.283066e+00 1.054272e+01 2.344650e-01 2.658671e+00
39627829935081192 1.170764e+00 1.018517e+01 2.461701e-01 4.178608e+00 1.221314e+00 1.033463e+01 2.185685e-01 3.248850e+00
39627622493194880 1.646237e+00 1.105404e+01 3.139314e-01 -2.020454e-01 1.549095e+00 1.126316e+01 3.426203e-01 -2.803608e-01
39627745625375320 1.671942e+00 1.008709e+01 8.172043e-02 -2.212629e-03 1.628881e+00 9.937819e+00 5.998076e-02 -2.415619e-01
39627760234139824 1.803969e+00 1.091866e+01 1.895410e-01 -1.193797e+00 1.797096e+00 1.079866e+01 1.818871e-01 -1.410371e+00
39627830526476984 1.603761e+00 1.015452e+01 8.037805e-02 2.792622e-01 1.490913e+00 1.036262e+01 9.098533e-02 9.816968e-01
39627768811491760 1.148019e+00 9.646257e+00 1.563067e-01 2.677239e+00 1.168574e+00 9.393194e+00 1.420709e-01 2.599840e+00
39627871815206048 1.185205e+00 9.384565e+00 4.347642e-02 3.393954e+00 1.245536e+00 9.006075e+00 1.984313e-02 3.339558e+00
39627768840850856 1.294909e+00 1.081229e+01 1.850500e-01 2.671445e+00 1.313264e+00 1.055955e+01 1.396821e-01 2.450375e+00
39627817339585152 1.637735e+00 1.150953e+01 6.188032e-01 1.330575e+00 1.680935e+00 1.155158e+01 6.301051e-01 -7.583231e-02
39627811937322632 1.577740e+00 1.139205e+01 4.239112e-01 7.212528e-01 1.569689e+00 1.139398e+01 4.851066e-01 5.989638e-01
39627782396838808 1.776052e+00 1.036090e+01 2.944718e-01 -8.381302e-02 1.678172e+00 1.075947e+01 3.093614e-01 -3.049970e-01
39627740118258880 1.656056e+00 1.068717e+01 2.835970e-01 -5.638246e-01 1.704298e+00 1.078089e+01 2.922859e-01 -8.641601e-01
39627871811013640 1.287904e+00 1.014953e+01 1.230445e-01 2.925509e+00 1.266201e+00 1.007426e+01 1.252913e-01 2.948379e+00
39633136228763544 1.749175e+00 1.107001e+01 2.663170e-01 -9.639750e-01 1.784241e+00 1.113695e+01 2.626552e-01 -5.056050e-01
39627817289254040 1.025198e+00 9.765615e+00 1.512468e-01 -2.604592e+00 1.151371e+00 9.511143e+00 1.517540e-01 9.024179e-01
39627776227017992 1.197177e+00 1.025124e+01 2.834384e-01 1.833307e+00 1.225021e+00 1.017572e+01 2.666122e-01 1.372239e+00
39627745998668720 1.150472e+00 1.000804e+01 2.707955e-01 3.423939e+00 1.162967e+00 9.866826e+00 2.542794e-01 3.255458e+00
39627799849337336 1.096008e+00 9.744016e+00 8.914666e-02 3.127304e+00 1.174154e+00 9.652189e+00 6.521280e-02 3.868374e+00
39627769847483440 1.125098e+00 9.541701e+00 7.148056e-02 5.084885e+00 1.149603e+00 9.492765e+00 5.137211e-02 4.718586e+00
39627829310132760 1.200998e+00 8.167171e+00 2.398657e-02 5.478373e+00 1.200619e+00 8.695751e+00 7.539958e-03 3.959636e+00
39627793872458336 1.826826e+00 1.062458e+01 1.709306e-01 -4.606827e-01 1.674503e+00 1.068713e+01 1.644678e-01 -9.564513e-01
39627800000336064 1.504461e+00 9.504407e+00 4.632308e-02 -1.903641e-01 1.500167e+00 9.706051e+00 2.995452e-02 3.563427e-01
39627746124497344 1.268363e+00 1.058998e+01 3.922274e-01 1.176915e+00 1.272236e+00 1.072174e+01 3.823391e-01 1.442546e+00
39627776281546648 1.169496e+00 1.105348e+01 2.531604e-01 3.417466e+00 1.205222e+00 1.070396e+01 2.031841e-01 3.547813e+00
39627775006477984 1.335011e+00 9.720838e+00 5.550536e-02 2.043989e+00 1.364403e+00 9.460168e+00 2.686191e-02 2.056401e+00
39633114028312000 1.834545e+00 1.034331e+01 3.135521e-01 5.315060e-01 1.628978e+00 1.088839e+01 3.623243e-01 9.370456e-01
39627818509800624 1.578145e+00 1.053470e+01 1.804587e-01 -7.524222e-01 1.601118e+00 1.051997e+01 1.787822e-01 -5.291121e-01
39627758199902816 1.758705e+00 1.069168e+01 2.879600e-01 -4.729804e-01 1.744494e+00 1.089217e+01 2.793962e-01 -1.302644e+00
39627796586175072 1.585410e+00 1.113470e+01 3.838708e-01 -1.036184e+00 1.643306e+00 1.109905e+01 4.308602e-01 -6.998614e-01
39627700784077104 1.364701e+00 1.124893e+01 4.318534e-01 -2.656954e-01 1.429550e+00 1.123771e+01 4.552768e-01 8.153698e-01
39627793755016696 1.578418e+00 9.850055e+00 1.347526e-01 -7.090265e-01 1.534006e+00 9.834448e+00 1.190099e-01 6.357995e-01
39627853343491840 1.687066e+00 1.008190e+01 1.125833e-01 9.516798e-02 1.342389e+00 1.025843e+01 1.202551e-01 1.914067e+00
39633131950573280 1.661216e+00 1.123601e+01 3.904376e-01 -2.093667e+00 1.728485e+00 1.122984e+01 4.367707e-01 -7.411833e-01
39627740000813992 1.829731e+00 1.111482e+01 2.898788e-01 -1.886901e+00 1.852836e+00 1.128259e+01 3.007659e-01 -1.003137e+00
39627752168493360 1.802899e+00 1.014423e+01 1.349580e-01 -3.367865e-01 1.771961e+00 1.052894e+01 1.288425e-01 -1.021470e+00
39627820795697608 1.444328e+00 1.114757e+01 3.757599e-01 1.567465e+00 1.512435e+00 1.122536e+01 3.952799e-01 -1.518586e-01
39627778395476432 1.567147e+00 1.084322e+01 1.626292e-01 4.476523e-01 1.721949e+00 1.079941e+01 1.194816e-01 -1.388898e+00
39627800457512184 1.473225e+00 1.041303e+01 2.060639e-01 -6.526051e-01 1.530997e+00 1.030797e+01 2.038064e-01 -1.682287e+00
39627853498681808 1.290369e+00 1.036693e+01 1.667165e-01 1.406362e+00 1.345466e+00 9.932779e+00 9.839202e-02 1.544900e+00
39627889653581656 1.777599e+00 1.088935e+01 2.314762e-01 2.433679e-01 1.735350e+00 1.090247e+01 2.268591e-01 -1.045462e+00
39627770271110808 1.663779e+00 1.095117e+01 2.483197e-01 -4.782180e-01 1.790757e+00 1.090206e+01 2.401834e-01 -1.069429e+00
39627769641961960 1.508749e+00 1.059517e+01 2.305312e-01 1.647043e+00 1.561967e+00 1.055104e+01 2.136865e-01 -2.831846e-01
39627757507839944 1.247071e+00 9.336540e+00 1.307528e-01 1.273181e-01 1.242361e+00 9.515928e+00 1.249134e-01 1.595708e+00
39627746120305096 1.011512e+00 9.096360e+00 1.342807e-01 -3.023226e-01 1.114982e+00 9.186435e+00 1.464294e-01 1.565214e+00
39627787799102592 1.230945e+00 9.497001e+00 1.161679e-01 3.387456e+00 1.174475e+00 9.673058e+00 1.336519e-01 3.930122e+00
39627793721461640 1.811674e+00 1.038857e+01 9.384935e-02 -3.561057e-01 1.602774e+00 1.012093e+01 6.713259e-02 -4.017814e-01
39627776289934128 1.601369e+00 1.109082e+01 3.133564e-01 -2.829222e+00 1.541073e+00 1.129222e+01 3.760619e-01 1.282822e-01
39627746158055528 1.855139e+00 1.048251e+01 1.857019e-01 -2.634769e-01 1.749588e+00 1.065735e+01 1.800487e-01 -1.235831e+00
39627764210341376 1.261096e+00 1.015593e+01 2.049955e-01 1.670353e+00 1.251664e+00 1.004731e+01 1.935246e-01 9.073437e-01
39633149709257432 1.867048e+00 1.060550e+01 1.331223e-01 -2.107659e+00 1.702708e+00 1.054515e+01 1.313198e-01 -7.653371e-01
39627788403082848 1.416184e+00 1.087611e+01 2.858061e-01 -6.617191e-02 1.477995e+00 1.070475e+01 2.683733e-01 4.668164e-02
39627751572902640 1.556437e+00 1.009054e+01 1.233828e-01 -1.165468e+00 1.646458e+00 1.011931e+01 1.217123e-01 -5.889781e-01
39627770296275080 1.342565e+00 9.767497e+00 1.158580e-01 3.062489e+00 1.336274e+00 9.842126e+00 1.382531e-01 8.263916e-02
39627769579047024 1.235536e+00 9.627640e+00 8.375069e-02 3.220343e+00 1.242832e+00 9.363794e+00 6.435391e-02 3.281865e+00
39627781667034192 1.347518e+00 9.315974e+00 4.255490e-02 1.579974e-01 1.348669e+00 8.925266e+00 1.416531e-02 1.653675e+00
39627805054471664 1.347261e+00 1.059586e+01 1.322920e-01 4.031303e+00 1.329258e+00 1.057838e+01 1.332846e-01 1.524774e+00
39627800419764664 1.754000e+00 1.065478e+01 2.366812e-01 -5.056652e-01 1.683392e+00 1.061524e+01 2.498976e-01 -1.141040e+00
39633140565674344 1.581116e+00 1.134031e+01 4.453520e-01 -5.190514e-01 1.692448e+00 1.123195e+01 4.721941e-01 -6.398733e-01
39633297336173376 1.818565e+00 1.093129e+01 2.367874e-01 -5.121203e-01 1.784189e+00 1.086279e+01 2.293791e-01 -7.179983e-01
39627776348657056 1.517922e+00 1.037029e+01 1.397902e-01 1.099257e+00 1.488237e+00 1.039204e+01 1.428444e-01 7.964962e-01
39627818539158096 1.302604e+00 1.049531e+01 1.889192e-01 -2.802101e+00 1.387984e+00 1.055309e+01 2.360629e-01 1.919888e+00
39627839036723064 1.428271e+00 1.039790e+01 9.299240e-02 -6.059076e-01 1.592013e+00 1.024952e+01 6.847991e-02 -3.812654e-01
39627820841830008 1.811917e+00 1.045267e+01 1.242118e-01 -2.226444e+00 1.786713e+00 1.039685e+01 1.019504e-01 -1.263628e+00
39627847320472520 1.579997e+00 1.038538e+01 2.189333e-01 -1.510842e+00 1.690718e+00 1.054258e+01 2.061624e-01 1.633645e-01
39627768874404120 1.255628e+00 1.026590e+01 1.769687e-01 1.078112e+00 1.323365e+00 1.027757e+01 1.674623e-01 9.283189e-01
39627782333928320 1.934562e+00 1.093569e+01 3.208710e-01 -1.041088e+00 1.660874e+00 1.095069e+01 3.312301e-01 -5.704497e-01
39627812633578688 1.093187e+00 9.070140e+00 2.178267e-01 3.321611e+00 1.123656e+00 9.131957e+00 1.571658e-01 2.393313e+00
39627739933706752 1.164201e+00 1.136642e+01 7.378663e-01 1.692744e+00 1.405442e+00 1.131620e+01 6.756319e-01 1.137543e+00
39627772317929088 1.534710e+00 1.148912e+01 6.536201e-01 3.254752e+00 1.546741e+00 1.145010e+01 7.074896e-01 3.034913e+00
39627763669274544 1.340373e+00 1.063722e+01 2.032227e-01 3.902618e-01 1.507077e+00 1.055001e+01 1.830906e-01 2.368942e-01
39627818115533904 1.737538e+00 1.028558e+01 1.458462e-01 -1.732151e+00 1.744770e+00 1.051111e+01 1.539403e-01 -8.450869e-01
39627812000237088 1.089100e+00 9.259222e+00 1.138286e-01 3.886013e+00 1.168824e+00 9.153820e+00 1.048110e-01 2.508621e+00
39627794530964360 1.678389e+00 1.147493e+01 5.744613e-01 -4.845753e-01 1.619685e+00 1.154796e+01 6.287867e-01 1.599553e-01
39627817897431904 1.170900e+00 9.753722e+00 1.260314e-01 7.638988e-01 1.219901e+00 9.940062e+00 1.290900e-01 2.352202e+00
39627739367473992 1.282896e+00 9.737538e+00 1.214348e-01 5.303621e+00 1.236806e+00 1.014260e+01 1.436399e-01 3.341223e+00
39627776340267536 1.721419e+00 1.085905e+01 2.877419e-01 -4.479663e-01 1.739191e+00 1.098923e+01 3.021008e-01 -9.097577e-01
39627830476148752 1.672644e+00 1.093059e+01 3.870522e-01 5.029281e-01 1.723090e+00 1.111309e+01 4.144041e-01 -4.681246e-01
39627782271010048 1.735042e+00 1.007544e+01 1.398320e-01 -2.084468e+00 1.711379e+00 1.030557e+01 1.339241e-01 -1.135315e+00
39627826709665560 1.837814e+00 1.096863e+01 3.570232e-01 -1.377864e+00 1.712531e+00 1.114463e+01 3.822896e-01 -9.089950e-01
39627865511171448 1.628126e+00 1.105210e+01 1.936600e-01 -3.663925e-02 1.749354e+00 1.098070e+01 1.628575e-01 -1.227808e+00
39627751048611264 1.255326e+00 1.110878e+01 4.372382e-01 1.648377e+00 1.367532e+00 1.105449e+01 5.062087e-01 1.224766e+00
39627774964531744 1.864389e+00 1.100458e+01 4.130544e-01 1.705029e+00 1.613399e+00 1.118374e+01 4.163433e-01 -9.842571e-01
39627812528721720 1.798283e+00 1.019613e+01 1.611982e-01 -3.141998e+00 1.697724e+00 1.032731e+01 1.222846e-01 -1.234070e+00
39627814919477168 1.161863e+00 1.073899e+01 2.692861e-01 2.780390e+00 1.189997e+00 1.060223e+01 2.317510e-01 3.576183e+00
39627775136498360 1.865430e+00 1.111080e+01 4.208776e-01 -1.199934e+00 1.758937e+00 1.128461e+01 4.441442e-01 -6.060221e-01
39627818576906408 1.592259e+00 1.083426e+01 3.133945e-01 -4.432156e-02 1.663589e+00 1.076867e+01 3.266105e-01 -3.868105e-01
39633127391364192 1.467012e+00 9.394424e+00 4.040501e-02 1.816614e+00 1.505913e+00 8.755521e+00 1.191734e-02 2.224473e-01
39627775581094968 1.373606e+00 1.026767e+01 1.338700e-01 2.706863e-01 1.438395e+00 1.014141e+01 1.104192e-01 -4.981015e-01
39627800264576848 1.705928e+00 1.078500e+01 1.448665e-01 -8.247982e-01 1.751456e+00 1.059136e+01 1.111863e-01 -1.220108e+00
39627752223016352 1.725058e+00 1.026545e+01 1.472639e-01 -3.361764e+00 1.697875e+00 1.025686e+01 1.304348e-01 -1.056487e+00
39627791137775408 1.358064e+00 1.133968e+01 4.173599e-01 1.244953e+00 1.440600e+00 1.122393e+01 4.355612e-01 -7.983997e-01
39627818140700216 1.632298e+00 1.045861e+01 1.294424e-01 -6.907563e-01 1.606937e+00 1.048928e+01 1.259391e-01 1.298589e-01
39627835475759072 1.561064e+00 1.113217e+01 5.036958e-01 -8.227082e-01 1.508011e+00 1.141230e+01 5.537927e-01 2.182525e-01
39627752176878096 1.192628e+00 1.068265e+01 2.759571e-01 3.018859e+00 1.273010e+00 1.047621e+01 2.540814e-01 1.887056e+00
39627868958887256 1.613221e+00 1.090583e+01 1.858313e-01 -9.302026e-01 1.609457e+00 1.089226e+01 1.895811e-01 -1.546501e+00
39627740067922640 1.198953e+00 9.611649e+00 5.626537e-02 4.854992e+00 1.197982e+00 9.480751e+00 2.491449e-02 4.014227e+00
39627772196297192 1.087896e+00 8.981417e+00 1.296737e-01 4.659172e+00 1.152496e+00 9.178092e+00 1.221747e-01 3.305638e+00
39627782149374616 1.755925e+00 1.010614e+01 8.692541e-02 -9.484916e-01 1.719141e+00 9.929673e+00 4.878944e-02 -7.815770e-01
39627752223021688 1.455246e+00 1.024362e+01 2.400709e-01 3.868113e-01 1.609016e+00 1.048810e+01 2.170102e-01 -1.317264e+00
39627745554074128 1.461087e+00 9.250398e+00 6.873418e-02 1.764047e+00 1.420185e+00 9.472151e+00 7.670021e-02 1.126764e+00
39627776386402184 1.521128e+00 9.746028e+00 4.339514e-02 1.353307e+00 1.491831e+00 1.045486e+01 9.249999e-02 1.203094e+00
39627823916257600 1.033892e+00 8.822985e+00 6.437331e-02 9.686585e-01 1.166736e+00 8.709464e+00 6.684595e-02 3.667014e+00
39627817150846368 1.351647e+00 9.518757e+00 3.465864e-02 -1.745756e+00 1.542790e+00 9.647459e+00 2.554861e-02 1.285597e-01
39627764239698392 1.399861e+00 1.073222e+01 2.839615e-01 3.522342e+00 1.492954e+00 1.071065e+01 2.654722e-01 1.433610e+00
39627778462585840 1.450242e+00 1.134424e+01 5.354245e-01 6.293116e-01 1.608703e+00 1.130611e+01 5.569343e-01 -1.364595e+00
39627806488922968 1.117096e+00 9.345847e+00 1.254349e-01 5.992498e+00 1.161607e+00 9.169275e+00 1.147831e-01 4.224769e+00
39627769700682752 1.395888e+00 1.055376e+01 1.964233e-01 2.613862e-01 1.399935e+00 1.042669e+01 1.843297e-01 6.018977e-01
39627770308853960 1.639926e+00 1.008009e+01 1.453155e-01 -1.280357e+00 1.545771e+00 1.013794e+01 1.484193e-01 -1.525727e+00
39633158013978016 1.713154e+00 1.040127e+01 6.984552e-02 -1.501530e+00 1.809782e+00 1.030402e+01 5.521323e-02 -1.192924e+00
39627780928835864 1.147625e+00 9.992074e+00 1.976058e-01 4.764158e+00 1.132770e+00 9.480515e+00 1.751984e-01 4.218965e+00
39627772930302224 1.726448e+00 1.108549e+01 3.674503e-01 -6.198364e-01 1.769633e+00 1.119609e+01 3.894803e-01 -4.552423e-01
39627782312953984 1.446013e+00 1.037973e+01 1.348598e-01 7.860960e-01 1.478602e+00 1.030537e+01 1.178944e-01 1.649644e-01
39627808917429888 1.100095e+00 9.745163e+00 2.023700e-01 5.254977e+00 1.076457e+00 9.673514e+00 1.846346e-01 4.217756e+00
39627796464534096 1.662356e+00 1.068899e+01 2.113513e-01 -2.493160e+00 1.677050e+00 1.070720e+01 1.971947e-01 -1.550941e+00
39627757507841248 1.148754e+00 8.874105e+00 8.277307e-02 6.826006e+00 1.132033e+00 8.471184e+00 6.040856e-02 4.971033e+00
39627799144694560 1.386061e+00 1.117828e+01 5.090687e-01 -3.312937e+00 1.491826e+00 1.137103e+01 5.220791e-01 8.882714e-01
39627762763307440 1.623456e+00 1.048676e+01 2.042350e-01 -1.455931e+00 1.718288e+00 1.050373e+01 1.928079e-01 -4.666190e-01
39627811970879056 1.254795e+00 9.842325e+00 1.844608e-01 4.788441e+00 1.209294e+00 9.465056e+00 1.393743e-01 3.973198e-01
39627749014372480 1.676177e+00 1.113727e+01 3.641006e-01 -1.165289e+00 1.659426e+00 1.118065e+01 4.180120e-01 -1.151607e+00
39633131862494296 1.671328e+00 1.025868e+01 1.170128e-01 -1.836446e+00 1.744888e+00 1.020953e+01 9.922753e-02 -1.004231e+00
39627761110753432 1.245287e+00 1.161103e+01 7.505854e-01 7.099545e+00 1.332974e+00 1.131945e+01 7.367480e-01 3.010245e+00
39627763501498528 1.612045e+00 1.002480e+01 7.943692e-02 -4.483939e-01 1.730702e+00 1.009340e+01 4.783922e-02 -8.195277e-01
39627796787504512 1.104648e+00 9.374932e+00 1.496184e-01 2.465219e+00 1.152434e+00 9.111384e+00 1.027298e-01 2.450034e+00
39627817280865552 1.654330e+00 1.060346e+01 1.651269e-01 -2.986147e-01 1.730691e+00 1.059758e+01 1.502794e-01 -9.794428e-01
39627784565294056 1.423479e+00 1.087837e+01 2.515237e-01 4.359435e+00 1.439795e+00 1.072010e+01 2.528048e-01 3.603274e+00
39627817142453600 1.447921e+00 1.054928e+01 2.106943e-01 5.982472e-01 1.374267e+00 1.073378e+01 2.342371e-01 1.866599e+00
39627883626368144 1.789051e+00 1.045732e+01 1.233287e-01 1.131675e-01 1.651346e+00 1.053115e+01 1.216875e-01 -3.260540e-01
39627814651039792 1.275279e+00 8.179679e+00 2.622503e-02 2.975345e+00 1.245416e+00 8.382603e+00 1.135050e-02 1.756531e+00
39627756979357168 1.634738e+00 1.112538e+01 3.506496e-01 4.097361e-01 1.782459e+00 1.127617e+01 3.406330e-01 -5.092542e-01
39627847479854848 1.776564e+00 1.090220e+01 3.406128e-01 -6.308279e-01 1.737335e+00 1.098142e+01 3.412901e-01 1.665158e-01
39627824432158320 1.716657e+00 1.105372e+01 2.260699e-01 -1.253124e+00 1.802196e+00 1.101956e+01 2.112487e-01 -1.227206e+00
39627769637768800 1.207152e+00 1.024195e+01 1.639866e-01 2.525188e+00 1.213474e+00 9.713990e+00 1.328340e-01 3.367193e+00
39627806589587648 1.281765e+00 1.017433e+01 1.757657e-01 2.755747e+00 1.473980e+00 9.610632e+00 8.773445e-02 9.603561e-01
39627775732094832 1.699695e+00 1.112732e+01 3.828524e-01 1.409435e-01 1.734897e+00 1.115460e+01 3.888184e-01 -1.840121e-02
39627766508815136 1.632457e+00 1.102105e+01 3.109966e-01 -3.127229e-01 1.578995e+00 1.118439e+01 3.362881e-01 -2.703854e-01
39627830782332752 1.899488e+00 1.036679e+01 1.074812e-01 -1.753250e+00 1.760738e+00 1.047384e+01 1.060136e-01 -1.159690e+00
39627829209467776 1.240675e+00 1.068270e+01 2.588202e-01 2.839898e+00 1.289812e+00 1.050463e+01 2.397976e-01 2.978048e+00
39627770350797160 1.167038e+00 9.731659e+00 3.123201e-01 5.068044e+00 1.156249e+00 9.996103e+00 3.295616e-01 3.814759e+00
39627746120307440 1.142223e+00 9.294052e+00 1.335739e-01 2.848022e+00 1.159062e+00 9.116035e+00 1.185639e-01 3.723847e+00
39633127588499248 1.993870e+00 1.071317e+01 3.019293e-01 -1.264544e+00 1.728343e+00 1.093432e+01 3.252960e-01 -9.734430e-01
39627826499944624 1.571768e+00 1.120496e+01 4.376935e-01 1.930431e+00 1.725285e+00 1.125202e+01 4.603320e-01 -7.631392e-01
39627780983361000 1.252833e+00 8.997068e+00 5.392814e-02 3.613806e+00 1.216456e+00 8.726479e+00 2.097718e-02 3.863257e+00
39627739971454856 1.784890e+00 1.089614e+01 2.722594e-01 -1.859539e+00 1.794990e+00 1.099968e+01 2.912426e-01 -1.026509e+00
39633127567523896 1.605337e+00 1.113290e+01 3.456277e-01 4.888158e-01 1.738081e+00 1.112516e+01 3.763118e-01 -4.847337e-01
39627782363285032 1.568667e+00 1.057647e+01 2.158397e-01 -8.597101e-02 1.641980e+00 1.055269e+01 2.056280e-01 -1.879208e+00
39627793750822488 1.407460e+00 1.071877e+01 2.553629e-01 -3.888748e+00 1.407501e+00 1.059612e+01 2.687212e-01 7.123756e-01
39627805058665968 1.768055e+00 1.071979e+01 2.538388e-01 2.846084e-01 1.690916e+00 1.088904e+01 2.423701e-01 -1.533432e+00
39627770283689144 1.139211e+00 9.129735e+00 1.060073e-01 4.462708e+00 1.152205e+00 9.007514e+00 9.274855e-02 3.944010e+00
39627808854512992 1.839653e+00 1.094339e+01 1.745313e-01 -1.089505e+00 1.843172e+00 1.093191e+01 1.713811e-01 -1.160721e+00
39627824562178176 1.819094e+00 1.099736e+01 2.751504e-01 -2.327371e+00 1.728102e+00 1.100417e+01 2.854079e-01 -1.096211e+00
39627818140700184 1.773657e+00 1.039082e+01 1.295241e-01 -8.054364e-01 1.712844e+00 1.040596e+01 1.195254e-01 -6.534681e-01
39627847307889936 1.301187e+00 1.085279e+01 2.728742e-01 9.852820e-01 1.360329e+00 1.078658e+01 2.637802e-01 1.995447e+00
39627782417812600 1.668477e+00 1.013380e+01 2.529811e-01 -1.989673e+00 1.205210e+00 1.072902e+01 2.743331e-01 1.962024e+00
39627774842897160 1.679127e+00 1.061034e+01 2.092613e-01 6.600839e-01 1.719875e+00 1.056069e+01 2.055113e-01 -7.865031e-01
39627794367387440 1.279201e+00 9.833603e+00 1.686094e-01 6.303492e+00 1.272336e+00 9.810312e+00 1.596040e-01 5.878827e+00
39627793016816216 1.499691e+00 1.115771e+01 3.178989e-01 -1.407229e+00 1.564697e+00 1.124223e+01 3.328483e-01 -1.979910e-01
39627751946192424 1.724882e+00 1.120735e+01 3.927155e-01 1.373310e-01 1.689709e+00 1.101217e+01 4.024568e-01 -2.013293e-01
39627829243019776 1.143274e+00 9.135242e+00 1.129541e-01 3.230092e+00 1.166684e+00 9.166735e+00 1.071700e-01 2.704213e+00
39627818576906424 1.629239e+00 1.048421e+01 1.134953e-01 -4.917052e-01 1.661090e+00 1.054074e+01 1.120562e-01 -5.612408e-01
39627770245941760 1.759112e+00 1.059461e+01 3.035114e-01 -1.345659e+00 1.718102e+00 1.091795e+01 3.260340e-01 -1.045898e+00
39627787107041456 1.239529e+00 1.103972e+01 3.292812e-01 -2.609786e+00 1.431360e+00 1.111086e+01 3.812215e-01 -2.659222e-01
39627751560317304 1.469373e+00 1.122884e+01 4.038565e-01 -4.714886e+00 1.680487e+00 1.124015e+01 4.242933e-01 -8.457987e-01
39627778613581816 1.595616e+00 1.060661e+01 4.145189e-01 -2.027626e+00 1.649570e+00 1.106557e+01 4.391298e-01 -7.481313e-01
39627764126450456 1.641054e+00 1.001201e+01 8.767708e-02 -2.271761e+00 1.573349e+00 1.014770e+01 8.800261e-02 7.824039e-02
39627830606169816 1.268422e+00 9.241539e+00 5.541658e-02 1.119039e+00 1.274500e+00 9.800329e+00 7.338777e-02 2.623695e+00
39627796485514472 1.318616e+00 9.678055e+00 5.716422e-02 3.473698e+00 1.292687e+00 9.822711e+00 8.040512e-02 2.051512e+00
39627815213074592 1.381041e+00 1.107976e+01 3.227594e-01 4.154183e+00 1.491833e+00 1.092359e+01 3.313779e-01 8.917488e-01
39627763606356256 1.138283e+00 1.010150e+01 2.294427e-01 4.329600e+00 1.238702e+00 1.004880e+01 2.179224e-01 2.488380e+00
39627784678541056 1.700861e+00 1.149647e+01 5.358796e-01 -2.860544e+00 1.696116e+00 1.147796e+01 5.984040e-01 -2.607865e-01
39627746015447952 1.327727e+00 9.909054e+00 1.477908e-01 7.688853e-01 1.391773e+00 9.962196e+00 1.256263e-01 4.485562e-01
39627770141081920 1.465798e+00 1.139306e+01 4.428729e-01 -3.199516e+00 1.560512e+00 1.127910e+01 5.021454e-01 -1.065822e+00
39627817918401752 1.081786e+00 9.688369e+00 1.511359e-01 5.707999e+00 1.098937e+00 9.569532e+00 1.797239e-01 4.349416e+00
39627799077586472 1.910910e+00 1.106691e+01 2.532368e-01 -2.134435e+00 1.840605e+00 1.114047e+01 2.756450e-01 -1.029007e+00
39627836641773264 1.156328e+00 9.746998e+00 1.744146e-01 2.640319e+00 1.199817e+00 9.778705e+00 1.441830e-01 2.228385e+00
39627733516419112 1.236773e+00 9.865294e+00 7.173567e-02 3.092626e+00 1.340034e+00 9.930388e+00 6.172742e-02 1.981949e+00
39627856740876856 2.092292e+00 1.091374e+01 4.597452e-01 -3.222333e+00 1.655334e+00 1.124521e+01 5.159495e-01 -4.923080e-01
39627788310808312 1.950611e+00 1.049831e+01 1.236752e-01 -9.188080e-01 1.798232e+00 1.050929e+01 1.117045e-01 -1.252866e+00
39627853360268248 1.468989e+00 1.086044e+01 2.935632e-01 -9.769226e-01 1.499331e+00 1.080797e+01 2.820853e-01 6.449501e-01
39627805956245872 1.746330e+00 1.005769e+01 1.875186e-01 1.161232e+00 1.612257e+00 1.036957e+01 1.902281e-01 1.099380e+00
39627718899276800 1.577279e+00 1.123616e+01 4.903574e-01 -1.024106e-01 1.650084e+00 1.139335e+01 5.164491e-01 -4.802787e-01
39627829486290352 1.766800e+00 1.108971e+01 4.634079e-01 -6.817149e-01 1.612336e+00 1.119013e+01 5.085357e-01 -2.439809e-02
39627823937226320 1.485028e+00 1.123904e+01 3.361607e-01 6.175336e-01 1.680181e+00 1.117408e+01 3.396683e-01 1.178569e-01
39633145187798632 1.457816e+00 1.060820e+01 1.310913e-01 -3.120052e+00 1.623119e+00 1.056898e+01 1.256522e-01 -9.789817e-01
39627784523357672 1.583310e+00 1.075788e+01 3.471845e-01 3.166742e-01 1.684298e+00 1.097381e+01 3.811961e-01 -2.553852e-01
39627772938689640 1.400831e+00 9.553747e+00 7.536989e-02 8.701796e-01 1.226597e+00 9.417697e+00 5.385265e-02 3.513283e+00
39633127529776512 1.497577e+00 1.084549e+01 1.950247e-01 5.036556e-01 1.424992e+00 1.081111e+01 2.236700e-01 1.342150e+00
39627841326814096 1.286759e+00 1.045129e+01 1.893597e-01 -9.569473e-01 1.313200e+00 1.048567e+01 1.933493e-01 -4.873097e-01
39627839397432000 1.862509e+00 1.083149e+01 3.010960e-01 -9.627607e-01 1.816595e+00 1.117894e+01 3.098136e-01 -1.132645e+00
39627806413426680 1.747468e+00 1.012707e+01 1.056772e-01 -2.809815e+00 1.680347e+00 1.014728e+01 1.040630e-01 -6.116102e-01
39627871769069544 1.488787e+00 1.046055e+01 9.198246e-02 6.791595e-01 1.532510e+00 1.035472e+01 7.752320e-02 6.940534e-01
39627824708978120 1.440136e+00 1.084401e+01 2.816495e-01 5.414027e-01 1.449938e+00 1.085183e+01 2.718976e-01 1.027478e+00
39627781792860624 1.841876e+00 1.066370e+01 1.229696e-01 -1.175433e-01 1.759137e+00 1.054737e+01 9.253930e-02 -1.250099e+00
39627745386299832 1.727232e+00 1.091462e+01 2.807539e-01 -9.227084e-01 1.739962e+00 1.076636e+01 2.718244e-01 -5.804909e-01
39627745424048520 1.301144e+00 9.688727e+00 1.228900e-01 2.629688e+00 1.215343e+00 9.792476e+00 1.100789e-01 1.149020e-01
39627770262718224 1.352638e+00 1.102225e+01 5.244108e-01 3.745537e-01 1.291475e+00 1.102451e+01 5.598952e-01 2.784597e-01
39627824063054928 1.120039e+00 1.071803e+01 2.707511e-01 -2.395477e-01 1.212177e+00 1.103204e+01 5.662373e-01 1.183547e+00
39627847442109520 1.581829e+00 1.089016e+01 1.574074e-01 -1.034415e+00 1.645379e+00 1.087993e+01 1.422386e-01 9.689808e-02
39627790718343072 1.359933e+00 1.021203e+01 2.635580e-01 1.379013e+00 1.358006e+00 1.053243e+01 2.711718e-01 6.679012e-01
39633127647218264 1.307117e+00 9.988787e+00 1.313927e-01 1.076402e+00 1.240492e+00 1.012804e+01 1.399994e-01 2.822384e+00
39627788520524352 1.849941e+00 1.095072e+01 3.397196e-01 5.630309e-01 1.756807e+00 1.110007e+01 3.721311e-01 -6.116498e-01
39627800495262304 1.159233e+00 1.037972e+01 1.971497e-01 3.694785e+00 1.227693e+00 1.000712e+01 1.818045e-01 2.542907e+00
39627794333832248 1.095505e+00 8.182454e+00 5.275709e-02 6.215829e+00 1.145921e+00 7.568606e+00 8.683205e-04 4.698505e+00
39627787752966832 1.553539e+00 1.030976e+01 1.648809e-01 -3.422853e+00 1.566199e+00 1.019674e+01 1.564446e-01 -3.457823e-01
39627782271014112 1.722036e+00 1.057828e+01 2.614737e-01 -3.827906e-01 1.735004e+00 1.077544e+01 2.617445e-01 -5.422968e-01
39627764151615584 1.226550e+00 9.956300e+00 1.359734e-01 3.642447e+00 1.238153e+00 9.846239e+00 1.223837e-01 3.114355e+00
39627790366022096 1.845702e+00 1.105549e+01 4.516634e-01 -1.426493e+00 1.680214e+00 1.133680e+01 5.033079e-01 -5.654435e-01
39627799073392272 1.456538e+00 1.086887e+01 3.093588e-01 1.312497e+00 1.471023e+00 1.094841e+01 3.274753e-01 3.164804e-02
39627770216584432 1.181217e+00 9.758422e+00 1.408055e-01 2.520985e+00 1.209981e+00 9.909192e+00 1.244331e-01 2.754653e+00
39627676704575824 1.334970e+00 1.149025e+01 5.481810e-01 3.429109e-01 1.569771e+00 1.139752e+01 5.880326e-01 -6.572461e-02
39627764315196312 1.188923e+00 9.606409e+00 2.225618e-01 5.712162e+00 1.171396e+00 9.900316e+00 2.279864e-01 4.197399e+00
39627835245071344 1.712494e+00 1.084032e+01 2.757396e-01 1.002104e+00 1.775999e+00 1.088185e+01 2.494698e-01 -1.405156e+00
39627746132889792 1.648612e+00 1.022908e+01 1.478820e-01 -2.991792e+00 1.572457e+00 1.015176e+01 1.507163e-01 -1.688745e+00
39627796451951984 1.573197e+00 1.076107e+01 1.509315e-01 -7.810650e-01 1.714733e+00 1.063874e+01 1.158440e-01 -1.240247e+00
39627718916047560 1.326072e+00 1.103087e+01 4.954534e-01 -1.181521e+00 1.438847e+00 1.140731e+01 5.630090e-01 1.171141e+00
39633114040894896 1.453309e+00 1.101476e+01 3.011185e-01 -6.000590e-01 1.802324e+00 1.105036e+01 3.028156e-01 -1.026062e+00
39627784754044816 1.854276e+00 1.091903e+01 3.040943e-01 -1.099593e+00 1.824632e+00 1.120964e+01 3.091886e-01 -1.139295e+00
39633136568503664 1.813386e+00 1.074589e+01 1.387150e-01 -1.056159e+00 1.779438e+00 1.072215e+01 1.066016e-01 -1.583015e+00
39627871584519520 1.715511e+00 1.060193e+01 1.683030e-01 -5.556573e-01 1.733452e+00 1.055799e+01 1.515909e-01 -5.483447e-01
39627772192097704 1.108364e+00 9.772415e+00 1.318049e-01 5.086592e+00 1.177738e+00 9.378729e+00 1.160051e-01 3.567923e+00
39627794442884464 1.267798e+00 9.998316e+00 1.371880e-01 1.313079e+00 1.249887e+00 9.941207e+00 1.433113e-01 2.604160e+00
39627793025207656 1.466298e+00 1.085526e+01 2.665609e-01 -4.463674e-01 1.564972e+00 1.101884e+01 2.719849e-01 -5.978802e-01
39627800583342896 1.486708e+00 1.121569e+01 4.462360e-01 5.355725e-01 1.635068e+00 1.115023e+01 4.765728e-01 -1.223470e+00
39627806446983408 1.631622e+00 1.046934e+01 1.728873e-01 -3.352400e+00 1.726481e+00 1.045946e+01 1.698112e-01 -1.636820e+00
39627718928637424 1.600754e+00 1.102497e+01 3.329985e-01 1.875807e-01 1.706843e+00 1.098424e+01 3.315382e-01 -1.100901e+00
39627775010673248 9.970877e-01 7.730055e+00 5.445823e-02 -8.652874e-01 1.090285e+00 7.752509e+00 2.142370e-02 2.923237e+00
39627808913234992 1.241304e+00 1.090041e+01 3.618406e-01 4.278908e+00 1.300308e+00 1.071125e+01 3.663267e-01 3.438643e+00
39627770321437872 1.604849e+00 1.021772e+01 1.458597e-01 -2.251987e+00 1.634320e+00 1.018118e+01 1.517814e-01 -7.740119e-01
39627763568610728 1.853377e+00 1.083809e+01 2.272505e-01 -9.099884e-01 1.780419e+00 1.087406e+01 2.152743e-01 -1.202473e+00
39627830618755128 1.371710e+00 1.037077e+01 1.943673e-01 -9.139121e-02 1.348868e+00 1.029366e+01 1.906359e-01 1.334860e+00
39627823945617144 1.218169e+00 1.084826e+01 2.890437e-01 3.138427e-01 1.409752e+00 1.058324e+01 2.918732e-01 8.563509e-01
39627808556712520 1.065152e+00 1.029307e+01 2.837333e-01 2.875415e+00 1.197505e+00 9.742339e+00 1.685973e-01 3.612634e+00
39627798976923240 1.050156e+00 8.876039e+00 5.174561e-02 5.046911e+00 1.150845e+00 7.909463e+00 9.901941e-03 4.831769e+00
39627760854900832 1.204946e+00 1.032100e+01 3.071574e-01 2.580694e+00 1.226274e+00 1.063264e+01 3.316537e-01 3.612173e+00
39627770187225448 1.703100e+00 1.063711e+01 1.205182e-01 -2.766165e+00 1.735072e+00 1.050147e+01 9.933488e-02 -1.244495e+00
39627746049001248 1.181674e+00 1.026954e+01 3.061317e-01 3.550638e+00 1.181654e+00 1.007485e+01 3.224166e-01 2.440069e+00
39627830576810496 1.545494e+00 1.034858e+01 1.782734e-01 -2.002637e+00 1.650360e+00 1.027949e+01 1.741011e-01 -1.692897e+00
39627829259797232 1.232285e+00 9.838295e+00 1.301049e-01 3.181042e+00 1.205456e+00 9.985518e+00 1.589420e-01 2.707211e+00
39627745562463184 1.537707e+00 1.090958e+01 2.836033e-01 -1.020419e-01 1.530208e+00 1.089956e+01 2.855214e-01 -1.958480e-01
39627800004531664 1.766795e+00 1.034571e+01 8.098619e-02 -2.362542e+00 1.800303e+00 1.047074e+01 6.415953e-02 -1.222845e+00
39627752055242840 1.733299e+00 1.042558e+01 1.147353e-01 -3.260529e-01 1.767797e+00 1.040257e+01 9.371129e-02 -1.276836e+00
39627793826318608 1.158999e+00 8.936621e+00 9.807052e-02 3.493606e+00 1.139160e+00 9.087357e+00 1.008696e-01 2.297678e+00
39627806556030768 1.131171e+00 9.993411e+00 1.574120e-01 1.949682e+00 1.202614e+00 9.711775e+00 1.495168e-01 2.499416e+00
39627772951271240 1.194307e+00 7.645174e+00 1.745195e-02 3.343019e+00 1.197927e+00 7.543708e+00 0.000000e+00 2.770303e+00
39627818564322880 1.801689e+00 1.094895e+01 3.563209e-01 -5.514548e-01 1.750118e+00 1.104275e+01 3.601410e-01 -6.678747e-01
39627770174641080 1.786191e+00 1.031353e+01 3.206669e-01 -1.458213e-01 1.690148e+00 1.090741e+01 3.286414e-01 -3.288388e-01
39627751522570840 1.083971e+00 1.000599e+01 1.086875e-01 1.134069e+00 1.207201e+00 9.810844e+00 7.762726e-02 3.429928e+00
39627746132885704 1.322044e+00 1.040187e+01 2.013696e-01 1.033938e+00 1.373081e+00 1.035902e+01 1.967305e-01 2.338851e-01
39627746116110872 1.553640e+00 9.517040e+00 5.367251e-02 2.774889e-01 1.440733e+00 9.794776e+00 6.129101e-02 1.392002e+00
39627776155719120 1.784871e+00 1.078717e+01 1.545337e-01 -1.821272e+00 1.832713e+00 1.083834e+01 1.541273e-01 -1.086695e+00
39627790345051088 9.501096e-01 1.008166e+01 2.306484e-01 8.330953e-01 1.007463e+00 1.017107e+01 1.902595e-01 1.617808e+00
39627812562274336 1.508393e+00 1.090859e+01 3.408605e-01 1.827425e+00 1.421791e+00 1.111952e+01 3.730094e-01 1.577327e+00
39627788373724800 1.135287e+00 1.049997e+01 5.926135e-01 5.337811e+00 1.112287e+00 1.049904e+01 6.410912e-01 4.434839e+00
39627740122454064 1.708138e+00 1.122681e+01 3.982346e-01 -1.362656e+00 1.738654e+00 1.127714e+01 4.224206e-01 -3.983411e-01
39627763627329856 1.756669e+00 1.051099e+01 1.301420e-01 -1.180449e+00 1.738544e+00 1.050576e+01 1.239717e-01 -1.130794e+00
39627775719510320 1.647071e+00 1.020269e+01 1.072161e-01 5.026007e-01 1.683021e+00 1.004466e+01 8.297479e-02 -3.917575e-01
39627805197078600 1.488309e+00 1.062571e+01 2.619601e-01 1.605923e+00 1.458441e+00 1.079833e+01 2.590172e-01 1.645587e+00
39633162577382136 1.355869e+00 9.713845e+00 9.377006e-02 2.374591e+00 1.279835e+00 1.013753e+01 9.845832e-02 2.807027e+00
39627782430395896 1.187639e+00 9.702167e+00 9.882019e-02 3.344071e+00 1.206295e+00 9.565544e+00 9.605058e-02 3.305390e+00
39627712905613328 1.479403e+00 1.092825e+01 3.681596e-01 -1.597851e+00 1.586337e+00 1.111075e+01 4.118562e-01 -8.636332e-01
39627745549881384 1.784649e+00 1.080404e+01 2.796263e-01 -4.541002e-01 1.729496e+00 1.083336e+01 2.893040e-01 -7.067543e-01
39627812574855288 1.652037e+00 1.064740e+01 2.108663e-01 -2.368204e+00 1.738541e+00 1.069367e+01 1.922633e-01 -1.331370e+00
39627706714820504 1.937581e+00 1.081674e+01 1.759927e-01 -1.444459e+00 1.789441e+00 1.079357e+01 1.712766e-01 -9.648148e-01
39627770313052384 1.537124e+00 9.932319e+00 1.465642e-01 -3.968415e+00 1.601140e+00 1.013040e+01 1.463717e-01 -1.407674e+00
39627763002380704 1.372489e+00 1.026461e+01 1.185805e-01 2.281129e+00 1.400477e+00 1.001312e+01 7.167049e-02 1.701080e+00
39627770275303024 1.561315e+00 1.041576e+01 2.553359e-01 2.897049e-01 1.540054e+00 1.051593e+01 2.559897e-01 -1.202068e+00
39633158060113960 1.661440e+00 1.082385e+01 2.220896e-01 3.115366e-01 1.637972e+00 1.075748e+01 2.028477e-01 7.402896e-01
39627817201172536 1.200500e+00 1.002480e+01 1.919894e-01 4.705275e+00 1.266304e+00 9.963959e+00 1.738014e-01 1.977539e+00
39627806509892248 1.152954e+00 1.032610e+01 2.461330e-01 3.610727e+00 1.137428e+00 1.017908e+01 2.345268e-01 4.142127e+00
39627788382112160 1.595084e+00 1.036410e+01 2.189005e-01 -1.653982e+00 1.779554e+00 1.083921e+01 2.261278e-01 -1.048954e+00
39627784577883376 1.248901e+00 1.150387e+01 5.982125e-01 3.834376e+00 1.330671e+00 1.136865e+01 5.938973e-01 2.556421e+00
39627775828561384 1.129031e+00 9.719512e+00 8.147606e-02 3.568100e+00 1.181632e+00 1.007003e+01 8.273517e-02 2.905913e+00
39627761098171160 1.613105e+00 1.090979e+01 1.957505e-01 -4.056448e+00 1.532740e+00 1.113859e+01 2.126083e-01 -5.966345e-01
39627847303696112 1.319888e+00 1.008836e+01 2.079466e-01 -1.174402e-01 1.272185e+00 1.032524e+01 2.422887e-01 1.879648e+00
39627881034287952 1.864036e+00 1.085933e+01 2.621150e-01 -6.229495e-01 1.749667e+00 1.092328e+01 3.142005e-01 -9.373629e-01
39627845126851440 1.460327e+00 1.074225e+01 4.264503e-01 -4.069364e+00 1.585904e+00 1.115731e+01 4.691849e-01 -5.271653e-01
39627787778133664 1.200527e+00 9.757998e+00 1.168161e-01 5.418591e-01 1.164137e+00 9.812728e+00 1.430791e-01 -4.258361e-01
39627811081688816 1.325952e+00 1.006508e+01 2.088457e-01 1.444278e+00 1.272929e+00 1.035607e+01 2.213497e-01 2.601434e+00
39627769956533696 1.347572e+00 1.110550e+01 3.971052e-01 2.556615e+00 1.447676e+00 1.125570e+01 4.458409e-01 -7.479775e-01
39627901754147200 1.901227e+00 1.106503e+01 4.147356e-01 -1.350515e+00 1.745648e+00 1.118450e+01 4.441714e-01 -7.887312e-01
39627800444931824 1.108414e+00 1.005158e+01 1.977286e-01 -4.926988e-01 1.134276e+00 9.631155e+00 1.706672e-01 7.369735e-01
39627760565491968 1.285047e+00 1.107285e+01 5.762851e-01 5.072103e+00 1.390746e+00 1.117178e+01 5.934566e-01 2.687877e+00
39627784363973824 1.782272e+00 1.100703e+01 3.980811e-01 1.860461e-01 1.755420e+00 1.118851e+01 3.980394e-01 -6.950667e-01
39627745549878776 1.558731e+00 1.076652e+01 2.658996e-01 -5.017791e-01 1.608501e+00 1.070937e+01 2.606802e-01 -1.983853e-01
39627746036417632 1.786690e+00 1.081816e+01 2.656839e-01 -1.748162e+00 1.747793e+00 1.084509e+01 2.782930e-01 -1.082017e+00
39627794325439480 1.223334e+00 1.019528e+01 2.788401e-01 3.243554e+00 1.250305e+00 1.035507e+01 2.670401e-01 2.857438e+00
39633282656110448 1.754464e+00 1.025484e+01 2.821494e-01 -2.351071e+00 1.597537e+00 1.046908e+01 2.789629e-01 -8.993220e-01
39627788453416064 1.750147e+00 1.084598e+01 3.345643e-01 -1.727369e+00 1.648464e+00 1.097980e+01 3.540898e-01 -3.615215e-01
39627776231214784 1.060648e+00 1.020335e+01 2.273172e-01 3.206325e+00 1.104850e+00 9.907952e+00 1.907226e-01 4.445144e+00
39627788348555600 1.176296e+00 9.072616e+00 1.174299e-01 3.959286e+00 1.175361e+00 8.986248e+00 9.082589e-02 2.985513e+00
39627781713167080 1.864193e+00 1.048312e+01 1.812503e-01 -2.047915e+00 1.732214e+00 1.049460e+01 1.792201e-01 -8.688802e-01
39627757524619352 1.125060e+00 1.011174e+01 1.265077e-01 1.319384e+00 1.239971e+00 9.947160e+00 9.424716e-02 5.579770e-02
39627800407181536 1.749685e+00 1.103126e+01 3.504573e-01 -1.551442e-01 1.766884e+00 1.122510e+01 3.577466e-01 -3.051162e-01
39633145225544280 1.090361e+00 9.288111e+00 3.738527e-02 -3.559654e+00 1.233346e+00 8.706224e+00 1.645489e-02 2.772315e+00
39627770313050320 1.882117e+00 1.063011e+01 1.503614e-01 -1.870454e+00 1.773477e+00 1.060627e+01 1.420881e-01 -1.277882e+00
39627758157957064 1.538337e+00 1.072638e+01 1.715442e-01 1.206586e+00 1.488962e+00 1.069087e+01 1.625285e-01 9.903011e-01
39627818539158520 1.179233e+00 9.731823e+00 1.220626e-01 3.810748e+00 1.207181e+00 9.880300e+00 1.100194e-01 3.228189e+00
39627824583148352 1.486386e+00 1.070137e+01 2.950078e-01 1.623822e+00 1.466663e+00 1.073448e+01 2.924935e-01 7.323982e-01
39627788394695568 1.490676e+00 9.921941e+00 1.297813e-01 3.934764e-01 1.553354e+00 9.749275e+00 9.235615e-02 -2.279183e-01
39633114225444224 1.578330e+00 1.063382e+01 1.178419e-01 -4.577888e+00 1.642161e+00 1.063480e+01 1.300519e-01 -7.999582e-01
39627811077494296 1.291670e+00 8.738839e+00 4.513510e-02 4.512633e+00 1.234348e+00 9.325105e+00 3.536132e-02 3.461438e+00
39627766152306912 1.389219e+00 1.124755e+01 5.933177e-01 5.152713e+00 1.510306e+00 1.123331e+01 6.066175e-01 3.003906e+00
39633158383079752 1.547330e+00 1.059063e+01 1.329664e-01 -6.903669e-01 1.529664e+00 1.055585e+01 1.437003e-01 5.362891e-01
39627812507750112 1.166235e+00 1.034416e+01 2.693127e-01 5.361465e+00 1.182650e+00 9.982299e+00 2.605125e-01 3.940782e+00
39627793885039608 1.188786e+00 1.085892e+01 3.529630e-01 5.629213e+00 1.175760e+00 1.080855e+01 3.836188e-01 4.965978e+00
39627738763495448 1.787814e+00 1.119737e+01 4.713831e-01 -8.743516e-02 1.668610e+00 1.119826e+01 5.016173e-01 -8.036397e-01
39627859517507232 1.244145e+00 1.037146e+01 1.780659e-01 2.698181e+00 1.300836e+00 1.041409e+01 1.637671e-01 2.399529e+00
39627793889232568 1.550188e+00 1.113427e+01 3.652729e-01 -1.389300e+00 1.720535e+00 1.108519e+01 3.848566e-01 -7.082331e-01
39627790567344792 1.831234e+00 1.113790e+01 2.791179e-01 7.742043e-01 1.824479e+00 1.113377e+01 2.879878e-01 -1.082149e+00
39627794518377872 1.297460e+00 1.054734e+01 1.162070e-01 2.405946e+00 1.291588e+00 1.056951e+01 1.248411e-01 2.869063e+00
39627769625186152 1.695557e+00 1.063949e+01 1.658387e-01 -7.489092e-01 1.742276e+00 1.061609e+01 1.474615e-01 -1.184968e+00
39627811241067568 1.234709e+00 9.612877e+00 1.403301e-01 3.563774e+00 1.160926e+00 9.391623e+00 1.332757e-01 1.120889e+00
39627774939368008 1.791055e+00 1.126812e+01 4.501196e-01 -4.687329e-01 1.779303e+00 1.134247e+01 4.650295e-01 -7.987200e-01
39627786997989432 1.212508e+00 1.048440e+01 2.561892e-01 2.927121e+00 1.237021e+00 1.046728e+01 2.439680e-01 3.329709e+00
39627764147421984 1.560912e+00 1.052233e+01 1.986568e-01 -3.823193e+00 1.600812e+00 1.035193e+01 1.882604e-01 -1.287049e+00
39627808720295040 1.102837e+00 8.814979e+00 6.794745e-02 2.510174e+00 1.125385e+00 8.703775e+00 6.225689e-02 4.496588e+00
39627752084603272 1.425914e+00 1.040832e+01 2.083533e-01 2.479871e+00 1.440356e+00 1.032228e+01 1.947434e-01 7.009872e-01
39627832619440912 1.659960e+00 1.120908e+01 5.638050e-01 8.532118e-01 1.543540e+00 1.147394e+01 6.401195e-01 1.055485e+00
39627859538480504 1.798479e+00 1.056861e+01 8.762521e-02 2.573135e-01 1.767510e+00 1.029731e+01 4.723349e-02 -1.081497e+00
39633123146729024 1.819928e+00 1.092487e+01 3.633799e-01 -7.662495e-01 1.773820e+00 1.110276e+01 3.754722e-01 -5.785133e-01
39627794350610192 1.653718e+00 1.011887e+01 1.305509e-01 -2.233996e+00 1.678279e+00 1.015891e+01 1.262339e-01 -7.792966e-01
39627799132114888 1.159980e+00 1.065766e+01 2.130534e-01 8.528110e-01 1.602754e+00 1.051864e+01 2.229247e-01 -1.470530e+00
39627929080038608 1.749183e+00 1.080615e+01 2.803898e-01 -3.892941e-01 1.746154e+00 1.108250e+01 2.870825e-01 -1.630640e+00
39627770254330016 1.808156e+00 1.077371e+01 2.891543e-01 1.000036e+00 1.747840e+00 1.078879e+01 2.827619e-01 -8.440764e-01
39627781868359232 1.022473e+00 1.014110e+01 2.045953e-01 2.490165e+00 1.014016e+00 1.010655e+01 1.880368e-01 7.905908e-01
39627775010672648 1.063500e+00 8.316151e+00 5.350520e-02 1.243591e+00 1.207804e+00 8.964418e+00 6.703593e-02 1.976149e+00
39627788428248160 1.815801e+00 1.016726e+01 1.210127e-01 -6.342536e-01 1.688431e+00 1.031754e+01 1.212929e-01 -8.638877e-01
39627790571539240 1.760166e+00 1.105540e+01 2.026475e-01 -9.378182e-01 1.652096e+00 1.100980e+01 2.014020e-01 -1.445265e+00
39627791074854248 1.121635e+00 9.408678e+00 1.573933e-01 2.077518e+00 1.231639e+00 9.724771e+00 1.725987e-01 1.382028e+00
39627790697371792 1.104654e+00 9.346099e+00 3.667357e-02 4.579591e+00 1.171570e+00 9.276290e+00 1.899073e-02 4.188502e+00
39627739904348864 1.268273e+00 9.346110e+00 7.581951e-02 2.074753e+00 1.285094e+00 9.262770e+00 6.354935e-02 1.633706e+00
39627796779109448 1.156115e+00 9.995479e+00 1.849789e-01 2.823582e+00 1.180409e+00 9.996044e+00 2.248360e-01 3.107697e+00
39627811060712576 1.486449e+00 1.056047e+01 2.010676e-01 1.253709e+00 1.456339e+00 1.049583e+01 2.180380e-01 1.536870e-02
39627806073686472 1.585820e+00 1.100882e+01 3.523225e-01 -6.347383e-01 1.631240e+00 1.087868e+01 3.705043e-01 -8.006704e-01
39627780899472984 1.836148e+00 1.118106e+01 3.106843e-01 -1.567826e+00 1.779282e+00 1.123184e+01 3.314885e-01 -5.981718e-01
39627836784382248 1.473242e+00 1.006093e+01 1.474540e-01 3.867134e+00 1.382865e+00 1.010331e+01 1.923355e-01 4.441635e+00
39627767112794704 1.743284e+00 1.094799e+01 3.769103e-01 -6.105502e-01 1.693233e+00 1.109811e+01 3.929546e-01 -5.593678e-01
39627788453413472 1.517849e+00 1.078258e+01 2.645397e-01 -4.163114e-01 1.584054e+00 1.071221e+01 2.608717e-01 3.215248e-01
39627757990184048 1.657136e+00 1.108869e+01 4.884749e-01 -2.459950e+00 1.636138e+00 1.125465e+01 5.494765e-01 -9.326705e-01
39627758208289128 1.485234e+00 1.054109e+01 2.841606e-01 1.285756e+00 1.516090e+00 1.079537e+01 2.672034e-01 4.510979e-01
39627892950306752 1.727281e+00 1.103525e+01 3.469927e-01 3.089924e-01 1.742090e+00 1.114559e+01 3.590335e-01 -6.019219e-01
39627802533695064 1.356501e+00 9.349443e+00 6.907360e-02 2.503219e+00 1.395614e+00 9.664870e+00 5.903864e-02 1.298857e+00
39627763618942688 2.022416e+00 1.061371e+01 1.829950e-01 -1.569107e+00 1.784369e+00 1.073634e+01 1.876137e-01 -1.132579e+00
39633132160288512 1.317965e+00 9.338302e+00 3.529034e-02 1.555771e+00 1.312695e+00 9.638252e+00 2.887148e-02 3.140890e+00
39627780916250576 1.631693e+00 1.087549e+01 2.125638e-01 -2.007656e+00 1.692801e+00 1.086995e+01 2.141438e-01 -7.929891e-01
39627812583245368 1.394047e+00 1.048764e+01 2.623427e-01 4.202730e-01 1.551637e+00 1.053910e+01 2.502952e-01 -1.032667e+00
39627646476224400 1.579315e+00 1.112856e+01 5.122762e-01 -3.434624e-01 1.480715e+00 1.127224e+01 5.637991e-01 -3.290970e-01
39627800512039664 1.423701e+00 1.062253e+01 2.438693e-01 3.304001e+00 1.476254e+00 1.078578e+01 2.599396e-01 1.645124e+00
39627812537108720 1.245049e+00 9.849572e+00 1.243095e-01 -3.535515e+00 1.476170e+00 9.759583e+00 1.102699e-01 -1.047011e+00
39627776235405920 1.699926e+00 1.046845e+01 1.373294e-01 -1.076241e+00 1.690106e+00 1.060565e+01 1.284707e-01 -7.992396e-01
39627758166348696 1.571224e+00 1.035348e+01 2.619360e-01 9.675903e-01 1.557064e+00 1.043641e+01 2.574524e-01 7.047995e-01
39627740009204808 1.474011e+00 9.582680e+00 1.202616e-01 3.377838e+00 1.492824e+00 9.350574e+00 7.008997e-02 1.749560e+00
39627818673376112 1.862870e+00 1.068997e+01 1.472770e-01 -1.326620e+00 1.818303e+00 1.067195e+01 1.263490e-01 -1.198294e+00
39627830153184576 1.104952e+00 9.523561e+00 7.512026e-02 4.972129e+00 1.106569e+00 9.385198e+00 6.141025e-02 4.604510e+00
39627829238830664 1.791469e+00 1.091770e+01 3.495950e-01 -3.195679e-01 1.769794e+00 1.122286e+01 3.737065e-01 -4.155174e-01
39627815292768096 1.121623e+00 1.098664e+01 3.733343e-01 4.975249e+00 1.132804e+00 1.075486e+01 3.593611e-01 4.051377e+00
39627868870807616 1.580921e+00 1.118805e+01 5.910808e-01 7.482146e-02 1.633615e+00 1.154483e+01 6.630552e-01 -3.329153e-01
39627811073298680 1.732246e+00 1.087829e+01 2.852838e-01 -1.175358e+00 1.788242e+00 1.092862e+01 2.798913e-01 -1.088574e+00
39627830174154944 1.862526e+00 1.016049e+01 8.242035e-02 -1.971907e+00 1.779307e+00 1.016177e+01 6.864178e-02 -1.012957e+00
39627817318613320 1.333233e+00 1.104629e+01 5.365058e-01 2.580792e+00 1.391536e+00 1.126184e+01 5.639347e-01 1.236553e+00
39627761135915624 1.173071e+00 9.692544e+00 1.765111e-01 2.757603e+00 1.180162e+00 9.492746e+00 1.204059e-01 3.579173e+00
39627802495950624 1.553176e+00 1.111866e+01 3.498325e-01 -4.204194e-01 1.625597e+00 1.116590e+01 3.823395e-01 -2.978000e-01
39627746132886224 1.737839e+00 1.100273e+01 3.010370e-01 -2.558703e+00 1.685381e+00 1.098553e+01 3.202801e-01 -4.089408e-01
39627782409424128 1.347056e+00 1.041409e+01 1.754844e-01 1.476743e+00 1.428305e+00 1.043241e+01 1.567435e-01 1.096342e+00
39633140624395432 1.674992e+00 1.083449e+01 4.125730e-01 -2.267554e+00 1.584358e+00 1.099197e+01 4.094062e-01 -1.423582e+00
39627764302615592 1.098163e+00 7.667806e+00 2.670445e-02 4.833501e+00 1.115208e+00 7.145142e+00 0.000000e+00 4.535121e+00
39627841255508992 1.206792e+00 9.234806e+00 1.095541e-01 5.643043e+00 1.160379e+00 8.905499e+00 9.031512e-02 2.736974e+00
39627802768573504 1.089269e+00 9.754015e+00 1.340570e-01 3.230764e+00 1.160811e+00 9.653891e+00 1.226026e-01 3.762085e+00
39627781906108944 1.719497e+00 1.023035e+01 8.959617e-02 3.989901e-02 1.765551e+00 1.017218e+01 6.894921e-02 -7.806518e-01
39627718882496136 1.399383e+00 1.156861e+01 5.996896e-01 3.702102e+00 1.562436e+00 1.145621e+01 6.150526e-01 8.486357e-01
39627820640509480 1.290088e+00 9.145672e+00 7.501715e-02 4.545196e+00 1.310592e+00 9.282881e+00 6.258063e-02 1.816124e+00
39627788277253552 1.718357e+00 1.054801e+01 2.630872e-01 3.401740e-01 1.701305e+00 1.058557e+01 2.438892e-01 -5.715529e-01
39627787950098512 1.250391e+00 9.619548e+00 7.100152e-02 3.617771e+00 1.280521e+00 9.835395e+00 6.222582e-02 2.679204e+00
39627743096212272 1.826546e+00 1.095067e+01 5.058079e-01 -1.113508e+00 1.617497e+00 1.111697e+01 5.483524e-01 -3.139470e-01
39627694698141528 1.840132e+00 1.119090e+01 2.975385e-01 -1.253956e+00 1.808388e+00 1.116486e+01 3.124893e-01 -7.924637e-01
39627787270621888 1.635463e+00 1.099211e+01 4.662251e-01 -9.075329e-01 1.447117e+00 1.119551e+01 5.044570e-01 -1.006395e+00
39627865544723584 1.314827e+00 1.116925e+01 4.749146e-01 3.348816e+00 1.340439e+00 1.123088e+01 5.046740e-01 1.323942e+00
39627800486876224 1.166136e+00 9.915640e+00 2.053407e-01 3.115721e+00 1.168766e+00 9.960979e+00 2.058486e-01 4.116345e+00
39627895735323736 1.373740e+00 1.097157e+01 3.626260e-01 7.531927e-01 1.683416e+00 1.100412e+01 3.815110e-01 -7.325950e-01
39627794480632592 1.677038e+00 1.106173e+01 4.093721e-01 8.838836e-01 1.553668e+00 1.115675e+01 4.070985e-01 -3.577180e-01
39627788268866872 1.478746e+00 1.080378e+01 5.639380e-01 1.546362e+00 1.431317e+00 1.129275e+01 6.030618e-01 6.560588e-01
39627799098560552 1.204597e+00 9.607688e+00 1.005458e-01 2.116838e+00 1.211879e+00 9.400164e+00 7.958189e-02 3.298068e+00
39627764143227312 1.569196e+00 1.049345e+01 1.836112e-01 -1.989779e+00 1.657743e+00 1.038452e+01 1.755989e-01 -1.578491e+00
39627812545497536 1.720129e+00 1.088437e+01 2.781049e-01 -2.351429e-01 1.719018e+00 1.094617e+01 2.756888e-01 -9.106281e-01
39627793788572304 1.868142e+00 1.092987e+01 2.504607e-01 -1.743604e+00 1.759687e+00 1.089972e+01 2.700038e-01 -5.842102e-01
39633149394683440 2.117059e+00 1.072780e+01 1.581476e-01 -3.024695e+00 1.828257e+00 1.075427e+01 1.484813e-01 -1.224959e+00
39627712809146008 1.992498e+00 1.049212e+01 1.406202e-01 -2.034982e+00 1.768204e+00 1.054823e+01 1.290125e-01 -1.224076e+00
39627788344361616 1.428698e+00 9.108783e+00 5.438597e-02 1.187519e+00 1.368598e+00 9.386313e+00 5.376889e-02 1.449094e+00
39627814890116936 1.127739e+00 9.755719e+00 1.719534e-01 4.967098e+00 1.128197e+00 9.738903e+00 1.706466e-01 4.001826e+00
39627805016723888 1.231407e+00 8.990813e+00 7.343910e-02 2.293696e+00 1.213921e+00 9.088386e+00 8.409366e-02 2.353850e+00
39627793109094520 1.172190e+00 1.068500e+01 2.561384e-01 3.862041e+00 1.224894e+00 1.044403e+01 2.375182e-01 3.436322e+00
39627814558766160 1.317479e+00 1.096229e+01 3.055919e-01 -1.568383e+00 1.402709e+00 1.112251e+01 3.354905e-01 4.952949e-02
39627769541301032 1.158321e+00 8.983877e+00 6.049466e-02 2.279224e+00 1.205620e+00 8.544131e+00 3.127889e-02 3.871627e+00
39627782359094032 1.360909e+00 1.037297e+01 1.808602e-01 1.422764e+00 1.360405e+00 1.033737e+01 1.832222e-01 1.138458e+00
39627814659431624 1.522070e+00 1.045770e+01 1.597886e-01 6.881715e-01 1.443694e+00 1.044026e+01 1.417195e-01 3.881120e-01
39627806472145000 1.214893e+00 9.957460e+00 1.581785e-01 4.257017e+00 1.252111e+00 9.828031e+00 1.496336e-01 2.003193e+00
39627798997896960 1.841156e+00 1.047790e+01 2.858247e-01 -2.673061e+00 1.694682e+00 1.085625e+01 2.964486e-01 -8.862962e-01
39627824016919088 1.226721e+00 9.084526e+00 4.873172e-02 4.680860e+00 1.269582e+00 8.869650e+00 2.288622e-02 3.030519e+00
39627892937720080 1.756609e+00 1.118100e+01 3.677498e-01 -6.914876e-02 1.732722e+00 1.115447e+01 3.705349e-01 -6.702187e-01
39627664553676816 1.898704e+00 1.095833e+01 2.879608e-01 -1.119685e+00 1.770030e+00 1.102139e+01 3.005400e-01 -1.040210e+00
39627782375866536 1.376490e+00 1.036843e+01 2.582916e-01 1.905600e+00 1.370943e+00 1.049018e+01 2.365060e-01 1.921918e+00
39627769629381856 1.725808e+00 1.070080e+01 1.983549e-01 -2.015276e+00 1.717153e+00 1.066487e+01 1.975812e-01 -7.869385e-01
39627935174364816 1.687769e+00 1.123225e+01 2.857945e-01 -2.632535e+00 1.770841e+00 1.131615e+01 4.113004e-01 -1.413874e+00
39627752059439528 1.262377e+00 1.041916e+01 1.850009e-01 -9.685901e-01 1.264616e+00 1.052738e+01 2.498415e-01 2.255394e+00
39627781629281840 1.207813e+00 9.965152e+00 1.559539e-01 -4.974937e-01 1.214973e+00 9.876837e+00 1.652731e-01 3.429952e+00
39627788415668392 1.217356e+00 1.001672e+01 1.963216e-01 4.851606e+00 1.238744e+00 9.789123e+00 1.604275e-01 2.142704e+00
39627811123628896 1.215580e+00 1.011290e+01 1.563426e-01 3.611929e+00 1.207523e+00 9.700604e+00 1.309775e-01 3.468670e+00
39633118608491120 1.382068e+00 1.069902e+01 2.702378e-01 -9.816262e-01 1.395297e+00 1.100064e+01 4.724693e-01 1.211145e+00
39627758195707072 1.179641e+00 8.390203e+00 5.656189e-02 -1.101057e+00 1.162951e+00 8.673550e+00 6.927842e-02 2.687313e+00
39627766139720048 1.386746e+00 9.671818e+00 9.371278e-02 -5.255651e-01 1.358294e+00 9.798847e+00 8.313426e-02 7.799587e-01
39627836151039384 1.640781e+00 1.051125e+01 1.841883e-01 -8.112522e-01 1.759400e+00 1.062478e+01 1.783274e-01 -7.241030e-01
39627775765648568 1.614241e+00 1.043106e+01 1.604937e-01 3.679332e-01 1.623725e+00 1.030211e+01 1.469173e-01 -1.199499e+00
39627764193563608 1.360580e+00 1.015755e+01 1.754521e-01 1.327007e+00 1.328255e+00 1.005550e+01 1.459395e-01 -6.188726e-02
39627853666453512 1.702286e+00 1.099446e+01 3.448481e-01 -1.762354e+00 1.711122e+00 1.103109e+01 3.757175e-01 -5.684712e-01
39627770166247872 1.017286e+00 9.293560e+00 1.386893e-01 3.142733e+00 1.015649e+00 9.144815e+00 1.397513e-01 4.066990e+00
39627766609478232 1.752313e+00 1.065118e+01 4.320518e-01 1.996812e-01 1.643604e+00 1.112334e+01 4.726909e-01 -9.834533e-01
39627824620897720 1.109218e+00 9.481757e+00 1.587502e-01 1.569495e+00 1.135804e+00 9.321755e+00 1.277553e-01 2.276829e+00
39633136203598552 1.271216e+00 9.887942e+00 9.721407e-02 -1.848351e+00 1.346630e+00 9.876825e+00 9.568614e-02 1.229893e+00
39627847421137136 1.177338e+00 9.530656e+00 1.184568e-01 5.425790e+00 1.193877e+00 9.882184e+00 1.258588e-01 4.064847e+00
39627859500731624 1.217043e+00 9.506348e+00 1.436381e-01 3.776813e+00 1.213652e+00 9.684650e+00 1.348582e-01 3.030034e+00
39627800386212240 1.650897e+00 9.959421e+00 1.427880e-01 2.721004e-01 1.709239e+00 1.035651e+01 1.252470e-01 -7.151955e-02
39627877607539032 1.861630e+00 1.035672e+01 8.843082e-02 -1.112869e+00 1.760566e+00 1.032627e+01 6.449431e-02 -1.094777e+00
39627841289062928 1.722798e+00 1.098951e+01 3.353477e-01 -1.053561e+00 1.803407e+00 1.120633e+01 3.382784e-01 -8.568065e-01
39627785060225768 1.430708e+00 1.038970e+01 1.045092e-01 4.250654e+00 1.451264e+00 1.071611e+01 1.193037e-01 1.484521e+00
39627770073974208 1.756638e+00 1.100779e+01 4.449567e-01 -7.839137e-01 1.694085e+00 1.122479e+01 4.860967e-01 -6.279625e-01
39627700788271992 1.686035e+00 1.125528e+01 4.317669e-01 -6.866223e-01 1.648323e+00 1.122256e+01 4.447284e-01 -4.655963e-01
39627805796860936 1.317894e+00 1.063276e+01 2.965601e-01 3.641002e+00 1.356458e+00 1.052540e+01 2.618783e-01 1.977602e+00
39627811899576176 1.196381e+00 9.344988e+00 6.392088e-02 3.268246e+00 1.188465e+00 9.271576e+00 6.817809e-02 4.060327e+00
39627793104898456 1.660790e+00 1.057226e+01 2.217880e-01 -2.724551e-01 1.717253e+00 1.058439e+01 2.173490e-01 -8.051974e-01
39627778206736552 1.213692e+00 9.568249e+00 1.764685e-01 2.054176e+00 1.161548e+00 9.544285e+00 1.754570e-01 2.299868e+00
39633122907655232 1.578502e+00 9.905964e+00 8.735000e-02 3.096595e-01 1.536707e+00 9.620867e+00 6.560530e-02 1.382266e+00
39627764151617808 1.740010e+00 1.076713e+01 2.901679e-01 -7.675110e-01 1.697978e+00 1.074785e+01 2.868358e-01 -8.245361e-01
39627847437912976 1.108781e+00 8.999290e+00 1.234283e-01 5.004831e+00 1.124447e+00 9.196091e+00 1.111745e-01 3.935763e+00
39627800587537968 1.761468e+00 1.135257e+01 4.503144e-01 -6.572873e-01 1.778978e+00 1.140547e+01 4.990999e-01 -8.767737e-01
39627806522476032 1.663176e+00 1.076446e+01 2.928683e-01 1.740594e-02 1.701244e+00 1.064746e+01 2.765256e-01 -2.250456e-01
39627758271201992 1.651688e+00 1.034381e+01 2.318823e-01 -5.310117e-01 1.542746e+00 1.051327e+01 2.233634e-01 -8.474866e-01
39627764260669888 1.904740e+00 1.104905e+01 3.235490e-01 -1.380341e+00 1.760450e+00 1.124583e+01 3.493627e-01 -7.184241e-01
39627805956248864 1.682899e+00 1.081311e+01 2.680845e-01 -8.531412e-01 1.771745e+00 1.091150e+01 2.831223e-01 -9.460351e-01
39627799845148000 1.376183e+00 1.115093e+01 5.743124e-01 1.991505e+00 1.277022e+00 1.136030e+01 6.441756e-01 3.143490e+00
39627778319979704 1.599993e+00 1.111389e+01 4.140380e-01 -2.386574e+00 1.598334e+00 1.126265e+01 4.540053e-01 -9.732633e-01
39627764264866288 1.285686e+00 1.098563e+01 4.077162e-01 3.732772e+00 1.297756e+00 1.104677e+01 4.008957e-01 2.143168e+00
39627745516327416 1.124662e+00 9.214863e+00 7.123134e-02 3.831034e+00 1.174930e+00 9.070414e+00 6.183606e-02 4.467931e+00
39627769629380416 1.689707e+00 1.107522e+01 3.704107e-01 -4.928463e-01 1.737743e+00 1.105295e+01 3.836180e-01 -5.968186e-01
39627829540818904 1.576972e+00 1.113537e+01 3.159945e-01 -2.668331e+00 1.738371e+00 1.101066e+01 3.294751e-01 -1.029890e+00
39627812390309248 1.433956e+00 1.044065e+01 1.183910e-01 1.776208e+00 1.460541e+00 1.051353e+01 1.123746e-01 1.073864e+00
39627746032225904 1.187263e+00 1.052464e+01 2.893656e-01 1.051672e+00 1.272777e+00 1.042382e+01 2.738790e-01 1.243140e+00
39627835307985936 1.650115e+00 1.080831e+01 2.011926e-01 -1.990048e+00 1.706154e+00 1.085636e+01 2.075169e-01 -1.682076e+00
39627806539252776 1.731141e+00 1.102469e+01 2.589773e-01 -1.022525e+00 1.817500e+00 1.100245e+01 2.600608e-01 -1.199218e+00
39633114338691880 1.414365e+00 9.983248e+00 1.068907e-01 -3.576237e-01 1.378772e+00 1.015641e+01 1.118591e-01 1.436207e+00
39627824545402216 1.584346e+00 1.010421e+01 9.308054e-02 1.353439e+00 1.751338e+00 1.017600e+01 7.018904e-02 -9.332712e-01
39627781864163072 1.684345e+00 1.068747e+01 2.018371e-01 -1.120889e+00 1.630018e+00 1.088116e+01 2.162368e-01 -6.872696e-02
39633153937117096 1.309509e+00 1.033765e+01 1.200102e-01 2.786181e+00 1.278907e+00 1.036845e+01 1.367873e-01 3.201477e+00
39627739879182408 1.677250e+00 1.040085e+01 8.800761e-02 -1.240488e-01 1.474428e+00 1.068525e+01 1.063564e-01 1.412629e+00
39627784607242416 1.172757e+00 1.060264e+01 5.460029e-01 3.694900e+00 1.152793e+00 1.082577e+01 4.449651e-01 2.072634e+00
39627700846992208 1.811214e+00 1.154018e+01 6.035181e-01 6.593046e-01 1.705603e+00 1.163543e+01 6.700954e-01 4.533654e-02
39627824562180200 1.669809e+00 1.057145e+01 1.470864e-01 -4.857925e-01 1.711187e+00 1.059517e+01 1.405376e-01 -8.664576e-01
39627784368168168 1.417064e+00 1.122371e+01 5.003977e-01 -2.022357e+00 1.498887e+00 1.125412e+01 5.390886e-01 -5.100189e-01
39627793092318624 1.694968e+00 1.130995e+01 5.329955e-01 -6.914347e-01 1.668082e+00 1.139492e+01 5.752319e-01 -8.051482e-01
39627830102852584 1.585097e+00 1.060946e+01 1.941971e-01 -1.418509e+00 1.624398e+00 1.062873e+01 2.051309e-01 -6.724201e-01
39627766118751816 1.596591e+00 1.125324e+01 4.061689e-01 -2.795284e+00 1.679267e+00 1.121721e+01 4.095323e-01 -9.301842e-01
39633122886683752 1.535789e+00 1.114508e+01 5.339094e-01 1.723805e+00 1.653718e+00 1.128331e+01 5.643301e-01 3.299754e-01
39627775111333840 1.146161e+00 9.819020e+00 6.510098e-02 3.434880e+00 1.309828e+00 9.809804e+00 5.270484e-02 2.498811e+00
39627806426007224 1.671296e+00 1.111663e+01 4.614387e-01 -2.608899e+00 1.639963e+00 1.102649e+01 4.785058e-01 -4.418570e-01
39627790642844584 1.386279e+00 1.119157e+01 4.830113e-01 -1.923115e+00 1.472274e+00 1.137427e+01 5.277504e-01 8.338532e-01
39627811190738512 1.467322e+00 1.020788e+01 1.547403e-01 -1.296212e+00 1.335538e+00 1.028083e+01 1.648368e-01 1.521682e+00
39627799081780248 1.657007e+00 1.077288e+01 1.702634e-01 -1.100726e+00 1.750193e+00 1.078913e+01 1.661391e-01 -1.338885e+00
39627757604309888 1.254164e+00 1.006001e+01 1.996696e-01 3.758586e+00 1.346609e+00 9.690928e+00 1.193475e-01 8.881240e-01
39627832623628816 1.825498e+00 1.107626e+01 3.576882e-01 -9.380596e-01 1.712757e+00 1.124975e+01 3.942524e-01 -6.628771e-01
39627770346603600 1.414609e+00 1.065811e+01 2.234868e-01 2.454881e+00 1.496237e+00 1.051800e+01 2.074708e-01 2.985838e-01
39627830664894520 1.430614e+00 1.001325e+01 1.108744e-01 2.756561e-01 1.398423e+00 1.015685e+01 1.249263e-01 2.844051e-01
39627814474880408 1.372481e+00 9.991659e+00 7.780027e-02 1.050577e+00 1.423012e+00 9.930425e+00 5.825572e-02 1.426816e+00
39627835408650208 1.416512e+00 9.031856e+00 5.251597e-02 1.688038e+00 1.390188e+00 8.880123e+00 1.440267e-02 1.546649e+00
39627757533007344 1.175669e+00 7.930855e+00 1.828710e-02 3.790788e+00 1.271498e+00 8.568248e+00 1.133728e-02 2.320202e+00
39627782258427448 1.754792e+00 1.064143e+01 1.802373e-01 -1.386411e+00 1.748241e+00 1.049885e+01 1.653598e-01 -1.207849e+00
39627811975073304 1.774831e+00 1.049874e+01 1.837315e-01 -1.029148e+00 1.707169e+00 1.043067e+01 1.688758e-01 -1.226888e+00
39627818438496480 1.818121e+00 1.114627e+01 2.882767e-01 -1.649123e+00 1.820572e+00 1.121260e+01 2.992955e-01 -1.046261e+00
39627769771984376 1.692617e+00 1.122471e+01 2.483491e-01 -1.424091e+00 1.826821e+00 1.116677e+01 2.489703e-01 -9.655470e-01
39627794497408608 1.162716e+00 7.916394e+00 4.377460e-02 4.369425e+00 1.141965e+00 7.607514e+00 6.068408e-03 3.069667e+00
39627830023162560 1.283741e+00 9.852202e+00 1.416328e-01 2.201065e+00 1.232971e+00 9.994075e+00 2.179991e-01 3.082768e+00
39627793872455232 1.515018e+00 1.049182e+01 2.418052e-01 9.812788e-01 1.575094e+00 1.064080e+01 2.576593e-01 1.352052e-01
39627739526860128 1.140605e+00 7.811545e+00 2.520883e-02 6.257412e+00 1.116781e+00 7.081492e+00 0.000000e+00 5.130995e+00
39627775602069904 1.353980e+00 1.093827e+01 6.730724e-01 3.205044e+00 1.243762e+00 1.129151e+01 7.053549e-01 4.039742e+00
39627761161077864 1.233642e+00 1.034887e+01 1.816520e-01 2.999266e+00 1.284715e+00 9.967605e+00 1.498541e-01 2.128511e+00
39627745398883128 1.091609e+00 7.900970e+00 4.328306e-02 2.713932e+00 1.118369e+00 7.380302e+00 1.313746e-03 3.289890e+00
39627640549678024 1.622530e+00 1.143811e+01 5.093129e-01 -2.282073e-02 1.705862e+00 1.140078e+01 5.399261e-01 -4.841311e-01
39627800256188368 1.659237e+00 1.071771e+01 4.084253e-01 -2.848977e-01 1.615928e+00 1.122492e+01 4.362052e-01 -4.807347e-01
39627829960245560 1.693512e+00 1.103212e+01 3.632973e-01 -1.191918e+00 1.736929e+00 1.107268e+01 3.742843e-01 -1.471377e-01
39627706769347816 1.764526e+00 1.105357e+01 2.146152e-01 -1.522145e+00 1.783167e+00 1.095701e+01 2.021257e-01 -1.418375e+00
39627718848946368 1.637604e+00 1.106699e+01 3.533806e-01 -5.341534e-01 1.586555e+00 1.114822e+01 3.766595e-01 1.895426e-01
39627787694246240 1.126800e+00 1.028005e+01 1.530892e-01 9.603363e-01 1.135427e+00 1.009142e+01 1.422596e-01 -1.873478e+00
39627830077690264 1.281061e+00 1.030568e+01 1.949507e-01 1.801257e+00 1.316301e+00 1.031876e+01 1.755965e-01 4.259771e-02
39627814730728088 1.422125e+00 9.969028e+00 1.225221e-01 -1.341744e-01 1.423667e+00 9.866503e+00 9.175871e-02 2.327653e-01
39627859475563120 1.479154e+00 1.048095e+01 1.169377e-01 1.015626e+00 1.489665e+00 1.037807e+01 8.839300e-02 1.020527e+00
39627776315099024 1.682646e+00 1.049403e+01 2.207274e-01 1.316355e+00 1.677852e+00 1.073379e+01 2.135583e-01 8.256021e-01
39627757604308872 1.408611e+00 1.028833e+01 1.044561e-01 1.835668e+00 1.437363e+00 1.041781e+01 1.257687e-01 1.127542e+00
39627752160101376 1.335410e+00 1.064481e+01 2.491416e-01 -1.529057e+00 1.382933e+00 1.060552e+01 2.715874e-01 9.143096e-01
39627823295497936 1.721017e+00 1.090988e+01 2.159539e-01 4.153580e-02 1.808398e+00 1.099360e+01 2.097483e-01 -8.171821e-01
39627770187222432 1.250531e+00 1.044625e+01 1.264353e-01 1.562168e+00 1.335539e+00 1.030350e+01 1.158105e-01 2.053307e+00
39627763660882904 1.812906e+00 1.054253e+01 1.198689e-01 -1.328563e+00 1.805849e+00 1.070912e+01 1.187724e-01 -9.852003e-01
39627805792666328 1.139522e+00 9.860221e+00 1.110065e-01 4.920340e+00 1.168318e+00 9.508179e+00 8.079189e-02 4.076889e+00
39627752080408984 1.723000e+00 1.082408e+01 2.113587e-01 -1.213632e+00 1.767147e+00 1.075973e+01 2.095440e-01 -1.006798e+00
39627746044810408 9.947401e-01 8.398014e+00 1.243707e-01 1.884214e+00 1.083598e+00 8.617854e+00 9.862612e-02 2.234946e+00
39627796510674920 1.613657e+00 1.113377e+01 4.304731e-01 -1.067438e+00 1.691067e+00 1.126244e+01 4.718893e-01 -1.219376e+00
39627841423283616 1.484057e+00 1.080691e+01 2.194770e-01 4.786812e-01 1.496031e+00 1.079453e+01 2.235961e-01 1.036587e+00
39627752084604224 1.712288e+00 1.051829e+01 9.499393e-02 -1.500103e+00 1.678012e+00 1.069573e+01 1.084425e-01 -1.020356e+00
39627745486963704 1.089094e+00 8.644584e+00 8.079524e-02 8.155163e-01 1.146527e+00 8.486243e+00 5.861609e-02 2.375957e+00
39627746166441056 1.330467e+00 1.035385e+01 2.923098e-01 2.853554e+00 1.320376e+00 1.054474e+01 3.034077e-01 2.575468e+00
39627830027357936 1.445422e+00 1.000318e+01 1.262108e-01 1.532480e-01 1.476705e+00 9.859270e+00 1.221806e-01 -3.321518e-01
39627865548917296 1.711246e+00 1.099758e+01 4.469010e-01 -3.447291e+00 1.608063e+00 1.127524e+01 4.747942e-01 -1.115057e+00
39627775652397376 1.782754e+00 1.070527e+01 2.554947e-01 -2.104447e-01 1.784690e+00 1.094956e+01 2.620617e-01 -9.044150e-01
39627817125679408 1.344371e+00 1.056854e+01 2.884600e-01 1.893194e+00 1.321205e+00 1.061031e+01 2.918000e-01 2.034314e+00
39627811945710168 1.131601e+00 8.448325e+00 2.517590e-02 4.697652e+00 1.168167e+00 8.070807e+00 0.000000e+00 4.639508e+00
39633132160286928 1.731613e+00 1.105107e+01 2.247732e-01 -9.012390e-01 1.822902e+00 1.096445e+01 2.145058e-01 -9.503434e-01
39627841356172856 1.322005e+00 9.888933e+00 1.020372e-01 1.172677e+00 1.353372e+00 9.523848e+00 6.586295e-02 1.560315e+00
39627829452739856 1.932032e+00 1.090862e+01 4.856932e-01 -1.739819e+00 1.708406e+00 1.140472e+01 5.143244e-01 -1.233109e+00
39627727447265040 1.747419e+00 1.079511e+01 4.578280e-01 -1.000515e+00 1.585713e+00 1.099427e+01 4.795617e-01 -1.020230e+00
39627772997409936 1.133647e+00 8.536811e+00 7.782933e-02 -3.833866e+00 1.104811e+00 8.386475e+00 5.264187e-02 1.029940e+00
39627782271010336 1.694601e+00 1.008280e+01 1.406315e-01 -8.646035e-01 1.704406e+00 1.026801e+01 1.413781e-01 -1.176084e+00
39627935115642992 1.816166e+00 1.081537e+01 1.925772e-01 -1.677715e+00 1.787766e+00 1.089037e+01 1.882248e-01 -1.400144e+00
39627803133479200 1.202091e+00 9.902191e+00 1.543284e-01 4.143903e+00 1.205907e+00 9.874094e+00 1.705080e-01 3.458310e+00
39627787740382120 1.649029e+00 1.076743e+01 2.511650e-01 1.189046e+00 1.643833e+00 1.072045e+01 2.473420e-01 -9.213505e-01
39627799908062048 1.514475e+00 1.023765e+01 1.101202e-01 -2.262783e-01 1.776849e+00 1.033566e+01 1.040699e-01 -1.079141e+00
39627800449123696 1.782816e+00 1.057540e+01 1.352781e-01 -1.323124e+00 1.797275e+00 1.055138e+01 1.230830e-01 -1.074341e+00
39627785030864136 1.575673e+00 1.117638e+01 5.149169e-01 -7.569253e-01 1.663813e+00 1.126320e+01 5.583729e-01 -6.779159e-01
39627787824268896 1.930028e+00 1.104066e+01 3.067587e-01 -7.534062e-01 1.762810e+00 1.126618e+01 3.289810e-01 -8.753083e-01
39627770191419264 1.597040e+00 9.932248e+00 1.160784e-01 1.107789e+00 1.643000e+00 9.857178e+00 8.903596e-02 -8.359731e-01
39627775811784304 1.334445e+00 1.104393e+01 4.672940e-01 3.022785e+00 1.306127e+00 1.125173e+01 5.375966e-01 1.652456e+00
39627739447169480 1.216839e+00 9.562552e+00 1.785898e-01 3.606530e+00 1.216574e+00 9.717273e+00 1.688715e-01 2.305002e+00
39633136379757032 1.235565e+00 1.010035e+01 1.357749e-01 1.865860e+00 1.260921e+00 1.019219e+01 1.715906e-01 2.686848e+00
39627800268772016 1.631252e+00 1.107914e+01 3.280767e-01 -7.327422e-01 1.721877e+00 1.100093e+01 3.341959e-01 -6.244645e-01
39627763614747024 1.127994e+00 1.010495e+01 1.935817e-01 2.265024e+00 1.215572e+00 9.930063e+00 2.033474e-01 9.308784e-01
39627794224777088 1.738999e+00 1.052460e+01 8.851075e-02 2.673019e-01 1.660785e+00 1.071530e+01 1.008162e-01 -3.130066e-01
39627802768575504 1.204116e+00 8.813767e+00 8.439241e-02 2.482864e+00 1.214734e+00 8.792689e+00 5.852713e-02 1.868125e+00
39627797089487376 1.445704e+00 1.119143e+01 4.308196e-01 -1.978630e+00 1.576289e+00 1.098746e+01 4.842601e-01 -1.401063e-01
39627818518184088 9.924746e-01 8.075817e+00 6.893179e-02 -2.371318e+00 1.001283e+00 8.138138e+00 4.026276e-02 1.653444e-01
39633149663118320 1.911678e+00 1.089559e+01 3.239928e-01 -1.041515e+00 1.676539e+00 1.100756e+01 3.524083e-01 -5.296721e-01
39627766605285248 1.770010e+00 1.073766e+01 1.950768e-01 -8.305744e-01 1.724430e+00 1.087286e+01 2.032755e-01 -1.081719e+00
39627836692105584 1.223398e+00 1.001717e+01 1.295357e-01 4.016950e+00 1.189490e+00 1.008986e+01 1.154670e-01 3.714323e+00
39627794375773560 1.203521e+00 9.635421e+00 1.561861e-01 4.537395e+00 1.204225e+00 9.617114e+00 1.504548e-01 3.167194e+00
39627808925816264 1.071157e+00 8.527565e+00 5.196985e-02 4.067107e+00 1.125824e+00 8.019538e+00 2.889077e-02 5.184725e+00
39627788403085752 1.507863e+00 1.141336e+01 4.614750e-01 -8.672134e-01 1.683905e+00 1.126254e+01 4.971558e-01 -6.807518e-01
39633136434285640 1.624861e+00 1.122773e+01 3.568381e-01 -1.248603e+00 1.698693e+00 1.107665e+01 3.473763e-01 -5.778682e-01
39627800474288616 1.229864e+00 9.385405e+00 1.334635e-01 1.570845e+00 1.178344e+00 9.345037e+00 1.211405e-01 2.515587e+00
39627768874405592 1.382229e+00 1.046092e+01 2.254702e-01 8.620507e-01 1.348326e+00 1.054416e+01 2.380950e-01 1.682915e+00
39633290038085456 1.445613e+00 1.026932e+01 8.038787e-02 1.005965e+00 1.437734e+00 1.018713e+01 5.456160e-02 1.534723e+00
39627767133769008 1.662267e+00 1.107002e+01 3.346362e-01 -1.203853e+00 1.648216e+00 1.101392e+01 3.626830e-01 -6.525846e-01
39627805956248624 1.750062e+00 1.106764e+01 2.590443e-01 -8.820630e-01 1.796607e+00 1.099805e+01 2.797313e-01 -8.079284e-01
39627817926788448 1.536808e+00 1.089793e+01 3.020067e-01 -1.127278e+00 1.452339e+00 1.102079e+01 3.351745e-01 5.937517e-01
39627739979843992 1.391520e+00 1.100806e+01 3.248847e-01 -1.849870e+00 1.675428e+00 1.099981e+01 3.331783e-01 -8.904535e-01
39627778483557528 1.783780e+00 1.099871e+01 3.169893e-01 -8.791462e-01 1.681381e+00 1.111217e+01 3.212523e-01 -8.543440e-01
39627757621084328 1.837921e+00 1.107089e+01 2.507122e-01 -1.485486e+00 1.824770e+00 1.101982e+01 2.432938e-01 -9.472903e-01
39627757470091680 1.831083e+00 1.067893e+01 1.855035e-01 -1.436533e+00 1.765371e+00 1.068213e+01 1.904867e-01 -6.500368e-01
39627847387579544 1.135409e+00 9.353340e+00 9.470488e-02 3.434419e+00 1.164366e+00 8.942323e+00 5.914563e-02 3.958777e+00
39633153765150112 1.497356e+00 1.062541e+01 1.173979e-01 2.243126e-01 1.714881e+00 1.041993e+01 1.088186e-01 -2.912893e-01
39627818610462872 1.085956e+00 1.057588e+01 2.646402e-01 7.604151e-01 1.183581e+00 1.013535e+01 2.371930e-01 3.465603e+00
39627775597875656 1.272265e+00 9.627387e+00 1.144186e-01 2.575777e+00 1.226989e+00 9.957999e+00 1.458220e-01 3.082917e+00
39627766554957184 1.244659e+00 8.513792e+00 3.680088e-02 1.905319e+00 1.213691e+00 8.235294e+00 2.593517e-03 3.311636e+00
39627776222824008 1.067906e+00 7.366918e+00 2.508072e-02 3.231843e+00 1.064291e+00 6.976353e+00 0.000000e+00 1.276122e+00
39627787069297736 1.479974e+00 1.060808e+01 3.344499e-01 -7.142583e-01 1.396877e+00 1.087699e+01 3.655892e-01 2.239879e+00
39627835295402320 1.307186e+00 1.043725e+01 2.581420e-01 5.296702e-01 1.300879e+00 1.032331e+01 2.449199e-01 2.289003e+00
39627797185955816 1.555580e+00 1.130696e+01 4.912494e-01 2.430210e+00 1.456565e+00 1.124826e+01 5.098428e-01 3.406150e-01
39627817184400208 1.218093e+00 8.810019e+00 5.231636e-02 3.682295e+00 1.251746e+00 8.929287e+00 2.881253e-02 3.110744e+00
39627812591633896 1.191125e+00 1.006982e+01 1.921665e-01 2.969934e+00 1.196240e+00 9.707062e+00 1.663972e-01 2.080963e+00
39627785060221280 1.375819e+00 1.042191e+01 1.322992e-01 2.528219e+00 1.522905e+00 1.015715e+01 7.217529e-02 1.324614e-01
39627775602068976 1.666172e+00 1.127836e+01 4.101464e-01 -3.772252e-01 1.694626e+00 1.125014e+01 4.438812e-01 -9.713749e-01
39627809265549584 1.026235e+00 1.021794e+01 2.784120e-01 3.564262e+00 1.051563e+00 9.902077e+00 2.185871e-01 3.697571e+00
39627775664982560 1.216751e+00 1.059008e+01 1.644963e-01 3.001289e+00 1.223656e+00 1.041763e+01 1.624577e-01 3.691495e+00
39627830719415024 1.131273e+00 1.042799e+01 1.736322e-01 -2.360815e+00 1.203679e+00 1.034297e+01 1.503137e-01 -3.121509e+00
39627856824765320 1.672071e+00 1.087988e+01 5.103312e-01 -2.512408e-01 1.632978e+00 1.133729e+01 5.420806e-01 -6.843319e-01
39627775111333480 1.455468e+00 1.144237e+01 4.540219e-01 -8.691342e-01 1.623418e+00 1.159917e+01 5.960910e-01 -4.434782e-02
39627799161472304 1.263069e+00 1.047208e+01 1.405565e-01 3.119228e+00 1.298412e+00 1.033980e+01 1.233296e-01 2.869993e+00
39627793864069328 1.730491e+00 1.033609e+01 2.439528e-01 -1.263543e-01 1.647988e+00 1.067354e+01 2.589937e-01 7.643219e-01
39627739493303968 1.475416e+00 1.041576e+01 1.271200e-01 -1.619394e+00 1.486927e+00 1.036104e+01 1.214094e-01 2.293005e-01
39633136551724704 1.282789e+00 9.898356e+00 9.105352e-02 2.787255e+00 1.228389e+00 9.993634e+00 9.740464e-02 3.287470e+00
39627764248086256 1.583911e+00 1.079254e+01 2.941137e-01 -9.019085e-01 1.652058e+00 1.075111e+01 2.836523e-01 -1.001533e+00
39627760599045832 1.420052e+00 9.977756e+00 1.143718e-01 9.757922e-01 1.467450e+00 1.007989e+01 1.138032e-01 5.529284e-01
39627774817731816 1.817940e+00 1.026457e+01 1.082999e-01 -1.054312e+00 1.744796e+00 1.031966e+01 1.009616e-01 -1.017015e+00
39627841263897368 1.751872e+00 1.088666e+01 2.611035e-01 -5.295843e-01 1.773875e+00 1.086343e+01 2.778304e-01 -7.109635e-01
39627817251505936 1.446470e+00 1.115270e+01 4.274063e-01 -9.893090e-01 1.530277e+00 1.095548e+01 4.203439e-01 -9.155158e-01
39627812620996832 1.724914e+00 1.095970e+01 3.370140e-01 -5.330177e-02 1.688650e+00 1.097086e+01 3.691135e-01 -4.800951e-01
39627805851389104 1.531023e+00 1.096436e+01 2.672690e-01 -9.099884e-01 1.613250e+00 1.100991e+01 2.833371e-01 -9.653589e-01
39627782275203112 1.612543e+00 1.056191e+01 1.415198e-01 -2.270559e+00 1.675029e+00 1.051924e+01 1.234924e-01 -8.580904e-01
39627818140697168 1.189528e+00 1.122282e+01 5.736231e-01 -2.854664e+00 1.342501e+00 1.119608e+01 6.145403e-01 2.224842e-01
39627752051051920 1.497574e+00 1.046666e+01 1.852234e-01 4.288543e-01 1.408058e+00 1.051561e+01 1.736754e-01 -6.591557e-01
39627782296180904 1.518311e+00 1.050886e+01 1.489833e-01 1.534483e+00 1.535350e+00 1.050438e+01 1.243585e-01 3.155339e-02
39627796464537080 1.231467e+00 9.425423e+00 8.689430e-02 2.189898e+00 1.253605e+00 9.193142e+00 5.749650e-02 2.667959e+00
39627764197753992 1.350638e+00 1.054831e+01 1.699105e-01 2.074260e+00 1.374363e+00 1.058840e+01 1.454435e-01 1.980374e+00
39627836654358528 1.723736e+00 1.079628e+01 3.143853e-01 -4.986860e-01 1.666070e+00 1.101761e+01 3.116813e-01 -5.558817e-01
39627744992038856 1.643744e+00 1.117354e+01 4.612348e-01 -1.906608e+00 1.622676e+00 1.128543e+01 5.247686e-01 -8.465124e-01
39627780928837064 1.394348e+00 1.074944e+01 2.387976e-01 -1.239758e+00 1.512271e+00 1.074419e+01 2.215455e-01 -9.227943e-02
39627790483458848 1.665473e+00 1.013201e+01 1.118898e-01 -8.227715e-01 1.733277e+00 1.031744e+01 1.105229e-01 -1.226851e+00
39627811387870736 1.966103e+00 1.064842e+01 1.257500e-01 -1.666902e+00 1.746529e+00 1.061994e+01 1.211012e-01 -1.246262e+00
39627797177568528 1.339331e+00 1.001014e+01 1.430574e-01 5.522402e-01 1.333053e+00 1.010873e+01 1.312371e-01 1.634354e+00
39633145288458560 1.585284e+00 9.640656e+00 6.334227e-02 1.445711e+00 1.633671e+00 9.720070e+00 4.376061e-02 1.101981e-01
39627830643917160 1.351716e+00 1.069442e+01 2.918373e-01 1.869500e+00 1.390830e+00 1.035551e+01 2.277077e-01 3.442267e-01
39627775677564536 1.616699e+00 1.015284e+01 1.685777e-01 9.482844e-01 1.630325e+00 1.030185e+01 1.542041e-01 8.337404e-01
39627829251411728 1.349450e+00 1.053014e+01 5.005111e-01 1.824325e+00 1.340769e+00 1.121180e+01 5.488681e-01 1.363878e+00
39627847328860592 1.661690e+00 9.880076e+00 7.647921e-02 -1.697053e+00 1.709810e+00 9.788022e+00 5.100949e-02 -7.099106e-01
39627820527256352 1.105096e+00 1.014883e+01 1.747267e-01 2.586215e+00 1.194212e+00 1.025855e+01 2.173623e-01 1.948969e+00
39627792979073176 1.525174e+00 1.095790e+01 2.769242e-01 5.456392e-01 1.641848e+00 1.083801e+01 2.592981e-01 2.383751e-01
39627739967260448 9.961684e-01 9.159816e+00 8.354121e-02 2.064008e+00 1.118771e+00 8.414837e+00 6.312773e-02 4.992081e+00
39633118679796920 1.681853e+00 1.062206e+01 3.930259e-01 -5.032565e-01 1.597020e+00 1.089708e+01 4.052513e-01 -7.673335e-01
39627802781157216 1.611553e+00 1.099824e+01 4.209632e-01 3.706390e-01 1.677870e+00 1.106099e+01 4.018727e-01 -6.279522e-01
39627811417229864 1.624709e+00 1.064977e+01 1.735654e-01 -5.784444e-01 1.758810e+00 1.064950e+01 1.681624e-01 -1.061728e+00
39627776252186216 1.150486e+00 9.139274e+00 8.377623e-02 3.294670e+00 1.157046e+00 9.153840e+00 5.610527e-02 3.784952e+00
39627774851286072 1.802424e+00 1.118180e+01 3.104033e-01 -2.823396e-01 1.813759e+00 1.124600e+01 3.233836e-01 -8.209628e-01
39627823886896616 1.248011e+00 9.209579e+00 7.408968e-02 5.378003e+00 1.197458e+00 9.380861e+00 8.782525e-02 3.535154e+00
39627826902599480 1.735858e+00 1.053762e+01 1.341115e-01 -1.006641e+00 1.755670e+00 1.056282e+01 1.208741e-01 -1.270460e+00
39627781633475264 1.687476e+00 1.067536e+01 1.635106e-01 -2.603840e+00 1.758148e+00 1.053821e+01 1.531654e-01 -1.310696e+00
39627808854513032 1.503681e+00 1.081010e+01 5.053695e-01 2.250780e+00 1.467603e+00 1.107068e+01 5.721729e-01 3.475133e+00
39627752046858248 1.700822e+00 1.117951e+01 4.703209e-01 -2.103189e-01 1.732938e+00 1.134287e+01 5.048138e-01 -3.303193e-01
39627781075635208 1.392366e+00 1.003211e+01 7.145575e-02 1.392735e+00 1.295558e+00 1.010221e+01 5.858210e-02 2.663497e+00
39627754156591856 1.641223e+00 1.110520e+01 4.321744e-01 -3.209795e+00 1.635579e+00 1.107330e+01 4.648055e-01 -8.959521e-01
39627780899474232 1.398593e+00 1.034602e+01 2.224901e-01 2.713555e+00 1.346044e+00 1.037215e+01 2.284880e-01 1.538169e+00
39627733289929296 1.807417e+00 1.095232e+01 1.892572e-01 -1.309283e+00 1.812579e+00 1.091055e+01 1.889427e-01 -1.087494e+00
39633123180285592 1.335304e+00 9.771964e+00 8.509552e-02 2.437551e-01 1.398100e+00 9.916263e+00 7.539493e-02 9.024171e-01
39627808628016896 1.253584e+00 9.602770e+00 9.779333e-02 3.916987e+00 1.275656e+00 9.859273e+00 1.004045e-01 2.647094e+00
39627797173371152 1.698713e+00 1.086229e+01 3.766524e-01 -1.768870e+00 1.688221e+00 1.100410e+01 3.870924e-01 -7.829050e-01
39627817956147568 1.319740e+00 1.003711e+01 2.275047e-01 2.392284e+00 1.253944e+00 1.031198e+01 2.324057e-01 3.193887e+00
39627814873339792 1.283165e+00 9.568105e+00 1.978210e-01 -1.286474e+00 1.225130e+00 9.970512e+00 2.042995e-01 2.048834e+00
39627787308370616 1.615090e+00 1.017250e+01 1.431724e-01 3.139457e-01 1.580326e+00 1.033664e+01 1.392274e-01 -3.921307e-01
39627752101381760 1.384545e+00 1.026101e+01 1.386134e-01 1.425265e+00 1.393585e+00 1.032024e+01 1.288299e-01 1.196082e+00
39627781029498320 1.810661e+00 1.150042e+01 4.581464e-01 -5.564889e-01 1.761686e+00 1.139344e+01 4.917326e-01 -5.129049e-01
39627812541303624 1.315513e+00 1.082738e+01 3.337239e-01 9.675273e-01 1.350982e+00 1.089663e+01 4.087467e-01 1.482181e+00
39627806438589968 1.183588e+00 9.174002e+00 1.251187e-01 2.451072e-01 1.219325e+00 9.483512e+00 1.237077e-01 2.265760e+00
39627812495166440 1.703291e+00 1.103613e+01 3.296307e-01 4.223951e-01 1.707555e+00 1.112068e+01 3.368868e-01 -6.614774e-01
39627820510486160 1.066175e+00 1.030879e+01 3.719880e-01 5.745246e+00 1.017851e+00 9.942521e+00 3.525342e-01 3.614748e+00
39633149717645376 1.574027e+00 1.038014e+01 1.333785e-01 -2.050267e+00 1.601423e+00 1.039889e+01 1.219804e-01 -8.360248e-01
39627799870308880 1.233061e+00 9.669582e+00 1.303439e-01 4.110646e+00 1.216066e+00 9.664360e+00 1.303642e-01 3.002974e+00
39627758082458952 1.228454e+00 9.767049e+00 1.463423e-01 4.635199e+00 1.213417e+00 9.664361e+00 1.330947e-01 3.338670e+00
39627746103526368 1.661330e+00 1.112408e+01 2.839822e-01 -6.288511e-01 1.785737e+00 1.104235e+01 2.793432e-01 -1.075478e+00
39627787820073632 1.688756e+00 1.037562e+01 1.163423e-01 -1.079948e+00 1.732779e+00 1.021455e+01 1.045768e-01 -7.306502e-01
39627808393138640 9.880061e-01 1.062671e+01 2.821664e-01 -3.427315e+00 1.110332e+00 9.773235e+00 2.477315e-01 4.637266e+00
39627775006474392 1.879190e+00 1.062730e+01 3.141129e-01 -7.147952e-01 1.761320e+00 1.103307e+01 3.279814e-01 -7.932680e-01
39627758254428168 1.700801e+00 1.015801e+01 1.482926e-01 1.083851e+00 1.777417e+00 1.037687e+01 1.191341e-01 -9.362922e-01
39627787018966424 1.263994e+00 1.049975e+01 2.013588e-01 1.936139e+00 1.299691e+00 1.041971e+01 2.272720e-01 2.149878e+00
39627935237280128 1.795114e+00 1.086752e+01 2.303855e-01 -4.655257e-01 1.815274e+00 1.108869e+01 2.393459e-01 -9.904857e-01
39627796816864296 1.793400e+00 1.051588e+01 1.942426e-01 -3.661647e+00 1.610309e+00 1.051313e+01 1.924444e-01 -1.219639e+00
39627788264674768 1.228504e+00 9.064423e+00 8.216127e-02 4.153518e+00 1.158847e+00 9.503335e+00 8.679500e-02 1.987112e+00
39627776331875632 1.762396e+00 1.078451e+01 1.798583e-01 -1.855780e+00 1.804540e+00 1.072544e+01 1.699626e-01 -1.184537e+00
39633136220373408 1.674660e+00 1.052070e+01 4.238136e-01 5.107547e-03 1.667098e+00 1.108699e+01 3.928605e-01 -8.146060e-01
39627782266818392 1.721163e+00 9.952544e+00 1.230951e-01 -3.889898e-01 1.703640e+00 1.035004e+01 1.132358e-01 -8.155979e-01
39627756903860336 1.659986e+00 1.142596e+01 5.327860e-01 -1.252570e+00 1.594547e+00 1.153397e+01 5.528145e-01 -2.811894e-01
39627812507748216 1.309344e+00 9.968097e+00 2.321442e-01 2.495673e+00 1.313865e+00 1.013121e+01 2.169834e-01 5.593818e-01
39627824671231384 1.596137e+00 1.105796e+01 2.955045e-01 1.463115e+00 1.655234e+00 1.111537e+01 2.535853e-01 -1.060515e+00
39627766223602352 1.655728e+00 1.094381e+01 3.305609e-01 -1.949168e+00 1.755576e+00 1.102624e+01 3.472653e-01 -8.816415e-01
39627806052714664 1.752128e+00 1.031254e+01 8.327484e-02 -8.290558e-01 1.801671e+00 1.034457e+01 6.639318e-02 -1.085532e+00
39627760347389376 1.691636e+00 1.106592e+01 3.315482e-01 1.232150e-01 1.742998e+00 1.114849e+01 3.642155e-01 -6.916720e-01
39627739371669832 1.278088e+00 1.004204e+01 1.218439e-01 1.882206e+00 1.265994e+00 1.001105e+01 1.159350e-01 2.774035e+00
39633109787872080 1.578907e+00 1.054643e+01 1.323991e-01 -1.815344e+00 1.573933e+00 1.065971e+01 1.663853e-01 -5.513951e-01
39627792941320952 1.216123e+00 1.073132e+01 2.682250e-01 3.144572e+00 1.330408e+00 1.050747e+01 2.517794e-01 1.747052e+00
39627782308759280 1.440514e+00 9.812277e+00 1.398569e-01 -1.293676e-01 1.384315e+00 9.649858e+00 1.057423e-01 -5.837147e-01
39633127584304416 1.512326e+00 1.140170e+01 5.699117e-01 1.965029e+00 1.606301e+00 1.148078e+01 6.231141e-01 1.859430e-01
39627752076216768 1.586329e+00 9.803828e+00 1.245124e-01 1.717547e-01 1.584418e+00 9.945103e+00 1.160888e-01 -1.104714e+00
39627830627141664 1.080787e+00 9.225383e+00 1.101326e-01 3.362928e+00 1.110934e+00 8.711256e+00 8.208714e-02 1.961434e+00
39627823169672200 1.098992e+00 8.224709e+00 4.852415e-02 5.227232e+00 1.146460e+00 8.269493e+00 2.599926e-02 4.392953e+00
39627658622929200 1.645791e+00 1.066962e+01 3.787287e-01 -2.880321e+00 1.661540e+00 1.103652e+01 3.853094e-01 -6.258051e-01
39627751501595632 1.458254e+00 1.044053e+01 1.405789e-01 1.057598e+00 1.489476e+00 1.034589e+01 1.307802e-01 2.603683e-01
39627800373625768 1.183978e+00 9.757655e+00 1.637425e-01 2.193223e+00 1.226787e+00 9.777696e+00 1.564282e-01 2.320583e+00
39627835232487016 1.175465e+00 1.026829e+01 2.197578e-01 2.647474e+00 1.220844e+00 1.014306e+01 1.888120e-01 2.070423e+00
39627770216583592 1.393612e+00 1.025051e+01 1.698077e-01 -4.110860e-01 1.347359e+00 1.005302e+01 1.356763e-01 6.640837e-01
39627853452544656 1.627461e+00 1.066946e+01 1.975819e-01 -7.921165e-01 1.706184e+00 1.063761e+01 1.874601e-01 -1.364998e+00
39627923027658880 1.678174e+00 1.101477e+01 2.771184e-01 -1.029644e+00 1.770927e+00 1.101192e+01 2.873132e-01 -1.424558e+00
39627806539254016 1.188558e+00 1.020062e+01 2.286641e-01 4.641456e+00 1.264807e+00 1.014575e+01 2.125120e-01 1.041900e+00
39627817419280096 1.795914e+00 9.795352e+00 5.390819e-02 -3.185237e-01 1.589212e+00 9.934528e+00 4.308753e-02 3.566174e-01
39627757449120120 1.205873e+00 1.057173e+01 1.500846e-01 -2.243327e+00 1.378762e+00 1.043809e+01 1.442701e-01 -1.304292e+00
39627847374995912 1.602340e+00 1.008534e+01 2.075774e-01 1.429099e+00 1.670287e+00 1.046869e+01 2.014476e-01 -4.501846e-01
39627782271012552 1.656420e+00 1.015272e+01 1.406306e-01 -4.936093e-01 1.668816e+00 1.025592e+01 1.287925e-01 -1.014391e+00
39627842706737896 1.075669e+00 7.464587e+00 2.616325e-02 2.197730e+00 1.093599e+00 7.336551e+00 0.000000e+00 8.462622e-01
39627794321244696 1.069276e+00 1.019986e+01 2.473082e-01 2.159361e+00 1.172454e+00 9.675183e+00 2.592365e-01 3.005672e+00
39627802634356032 1.835184e+00 1.072894e+01 3.392303e-01 -1.529757e+00 1.639480e+00 1.119621e+01 3.832273e-01 -6.560560e-01
39627853490295040 1.257563e+00 1.032541e+01 1.532129e-01 2.361540e+00 1.319661e+00 1.036212e+01 1.982061e-01 8.751316e-01
39627745017204856 1.533831e+00 1.077806e+01 5.077872e-01 2.400911e+00 1.426290e+00 1.124767e+01 5.484791e-01 -2.128025e-01
39627793004236048 1.266903e+00 1.035460e+01 3.287015e-01 7.659894e+00 1.232602e+00 1.060929e+01 3.747990e-01 7.374596e+00
39627830681667640 1.712939e+00 1.086155e+01 2.859537e-01 2.548406e-01 1.708348e+00 1.081324e+01 2.986792e-01 -8.385520e-01
39627782325536944 1.203388e+00 1.048107e+01 3.328570e-01 4.988466e-01 1.215307e+00 1.033231e+01 3.551559e-01 1.726412e+00
39627800361046784 1.625658e+00 1.116300e+01 4.264716e-01 5.131128e-01 1.693178e+00 1.117058e+01 4.463010e-01 -6.720091e-01
39627775644011872 1.559415e+00 1.032993e+01 1.315280e-01 -8.511398e-02 1.720494e+00 1.029962e+01 1.264671e-01 -5.629901e-01
39627793683710504 1.119627e+00 1.043396e+01 1.832124e-01 1.083609e+00 1.189356e+00 1.062254e+01 1.592017e-01 -9.080045e-01
39633145246515840 1.789328e+00 1.109088e+01 3.620946e-01 -9.920473e-01 1.757855e+00 1.122129e+01 3.854944e-01 -2.149361e-01
39627775660787288 1.733796e+00 1.049969e+01 1.457404e-01 -9.698321e-01 1.769422e+00 1.047511e+01 1.331524e-01 -9.775546e-01
39627835417040104 1.089592e+00 9.809027e+00 2.274760e-01 1.449564e+00 1.131311e+00 1.028351e+01 2.659062e-01 1.756463e+00
39627766949222208 1.165753e+00 9.110236e+00 8.418521e-02 2.389205e-02 1.189719e+00 9.005877e+00 5.260730e-02 3.555069e+00
39633118830789104 1.732629e+00 1.099810e+01 3.265263e-01 -2.043730e+00 1.723115e+00 1.098147e+01 3.522631e-01 -6.623341e-01
39627768886986104 1.836795e+00 1.068023e+01 2.500165e-01 -7.480182e-01 1.735305e+00 1.072060e+01 2.463377e-01 -4.456625e-01
39627806446981904 1.221366e+00 9.780330e+00 1.884083e-01 2.514681e+00 1.189557e+00 9.828932e+00 2.030523e-01 3.611779e+00
39627811907961896 1.242664e+00 1.088200e+01 2.585606e-01 3.062045e+00 1.269358e+00 1.072366e+01 2.272800e-01 3.199308e+00
39633123029290904 1.862320e+00 1.087001e+01 3.118351e-01 2.272985e-01 1.747361e+00 1.102113e+01 2.967506e-01 -7.715552e-01
39627809194253712 1.178585e+00 8.029603e+00 2.349193e-02 5.125237e+00 1.145598e+00 7.647768e+00 0.000000e+00 4.642794e+00
39627770195611776 1.346053e+00 1.041018e+01 1.465676e-01 -6.134531e-01 1.420301e+00 1.032166e+01 1.322504e-01 -1.807157e+00
39627787715220488 1.734574e+00 1.060212e+01 3.101787e-01 -1.586138e+00 1.701965e+00 1.087175e+01 3.347017e-01 -8.481044e-02
39627752063635792 1.615164e+00 1.048878e+01 1.831686e-01 1.538360e-02 1.646543e+00 1.054489e+01 1.670241e-01 -1.071736e+00
39627634488901872 1.456953e+00 1.125574e+01 5.130711e-01 1.157180e+00 1.505590e+00 1.122382e+01 5.625490e-01 5.721675e-01
39627786926690416 1.153693e+00 1.044594e+01 1.190772e-01 6.320526e+00 1.198803e+00 1.047902e+01 1.478391e-01 4.033438e+00
39627770245943792 1.806415e+00 1.103880e+01 3.127491e-01 8.287064e-01 1.770193e+00 1.117209e+01 3.308302e-01 -2.609746e-01
39627829243024368 1.451404e+00 1.064191e+01 2.629763e-01 1.514193e+00 1.498706e+00 1.075596e+01 2.594677e-01 2.212540e-01
39627877624321320 1.599314e+00 1.073415e+01 4.343230e-01 -1.785194e+00 1.552471e+00 1.101164e+01 4.500488e-01 -9.104170e-01
39627775778226768 1.842333e+00 1.079600e+01 1.674550e-01 -1.584723e+00 1.807340e+00 1.070747e+01 1.615146e-01 -1.157900e+00
39633132009293976 1.573125e+00 1.094017e+01 2.452302e-01 -5.833806e-01 1.738635e+00 1.106247e+01 2.655945e-01 -1.454933e+00
39627774893229400 1.752579e+00 1.015233e+01 1.570350e-01 -6.217429e-02 1.730638e+00 1.044139e+01 1.487730e-01 -3.951489e-01
39627793792765384 1.543306e+00 1.089279e+01 2.866073e-01 -1.988374e+00 1.607419e+00 1.092134e+01 2.932809e-01 -9.298936e-01
39627847395970584 1.583997e+00 1.087455e+01 2.740952e-01 -4.040578e+00 1.688746e+00 1.090314e+01 2.869410e-01 -1.492279e+00
39627739958871896 1.456785e+00 9.739244e+00 5.481437e-02 -2.270063e-01 1.527682e+00 9.506850e+00 3.305665e-02 9.937024e-02
39627799778036960 1.737153e+00 1.024766e+01 1.327249e-01 -1.101901e+00 1.663063e+00 1.036102e+01 1.206713e-01 -9.370177e-01
39627682685653392 1.678040e+00 1.099351e+01 3.243723e-01 -1.318534e+00 1.682467e+00 1.100185e+01 3.616348e-01 2.933974e-01
39627758103434232 1.174145e+00 8.818376e+00 9.115320e-02 3.071916e+00 1.158347e+00 8.651956e+00 6.669208e-02 3.082780e+00
39627758250230992 1.616587e+00 1.087371e+01 3.492582e-01 -8.440663e-02 1.718195e+00 1.103354e+01 3.633357e-01 -7.602063e-01
39627800457514096 1.142754e+00 9.453545e+00 1.620000e-01 4.845251e+00 1.163827e+00 9.417291e+00 1.316313e-01 3.538044e+00
39627787824268792 1.170796e+00 9.231060e+00 1.176747e-01 4.889255e+00 1.172362e+00 9.667239e+00 1.462454e-01 4.091696e+00
39627812516140400 1.079033e+00 9.789569e+00 2.025594e-01 8.854524e-01 1.136468e+00 9.452333e+00 2.047296e-01 1.542469e+00
39627820657283632 1.174981e+00 1.116234e+01 3.667254e-01 -2.265667e+00 1.381589e+00 1.125341e+01 3.749705e-01 -6.223551e-01
39627802869244512 1.088192e+00 8.619167e+00 6.097262e-02 5.721873e+00 1.126417e+00 8.291880e+00 2.275126e-02 5.250238e+00
39627841356171528 1.343697e+00 1.003147e+01 2.139381e-01 2.911517e-01 1.276310e+00 1.012671e+01 2.113663e-01 2.353868e+00
39633293703908040 1.117580e+00 9.084351e+00 1.479663e-01 3.548162e+00 1.098220e+00 9.144667e+00 1.921825e-01 3.983361e+00
39627859391678168 1.343213e+00 1.014156e+01 1.203499e-01 2.512610e+00 1.240880e+00 1.007822e+01 1.072507e-01 3.195736e+00
39627700725351936 1.881608e+00 1.099124e+01 3.582442e-01 -5.431053e-01 1.773929e+00 1.124961e+01 3.739668e-01 -5.718892e-01
39627800444929536 1.623216e+00 1.087144e+01 2.928890e-01 -1.083971e+00 1.735290e+00 1.093122e+01 2.713009e-01 -1.344446e+00
39627779020427280 1.219770e+00 9.294089e+00 7.783871e-02 -2.178092e+00 1.264933e+00 9.082006e+00 5.558077e-02 2.421758e-01
39627850763996808 1.688724e+00 1.135288e+01 4.658331e-01 -7.337396e-01 1.699888e+00 1.139840e+01 4.995294e-01 -6.761543e-01
39627646627219904 1.630630e+00 1.110319e+01 4.613830e-01 -9.186725e-01 1.633281e+00 1.117062e+01 4.894419e-01 -9.174103e-01
39627883613784552 1.646291e+00 1.119141e+01 5.029975e-01 -3.974099e-01 1.565276e+00 1.137148e+01 5.744747e-01 1.227342e+00
39627781637672240 1.396756e+00 1.092238e+01 3.624982e-01 3.000713e+00 1.464553e+00 1.104716e+01 3.562507e-01 1.113328e+00
39627746028032616 1.473426e+00 1.062331e+01 2.227117e-01 -5.799432e-01 1.629263e+00 1.044358e+01 2.152089e-01 -4.230148e-02
39627757520422632 1.263378e+00 1.017021e+01 1.338687e-01 3.666886e+00 1.228950e+00 1.008174e+01 1.322984e-01 3.294703e+00
39627808833543584 1.704960e+00 1.085232e+01 2.480485e-01 -6.434243e-01 1.735529e+00 1.097484e+01 2.643997e-01 -1.236672e+00
39627767133767192 1.078242e+00 1.028010e+01 2.461345e-01 -2.697590e-01 1.179244e+00 1.000325e+01 2.536458e-01 3.236711e+00
39627859450398320 1.671358e+00 1.065231e+01 1.959190e-01 1.782043e-01 1.705543e+00 1.079021e+01 1.960395e-01 -1.551571e+00
39627757646250696 1.619284e+00 1.044758e+01 1.465366e-01 1.553004e-01 1.653176e+00 1.027665e+01 1.291196e-01 1.607057e-01
39627824688010192 1.081132e+00 8.956968e+00 1.126520e-01 4.365505e+00 1.127865e+00 9.020045e+00 1.052821e-01 2.304669e+00
39627752059439696 1.227809e+00 1.077098e+01 1.860353e-01 2.761380e+00 1.225870e+00 1.070143e+01 1.880370e-01 3.334424e+00
39627774935176168 1.340771e+00 1.060489e+01 1.997041e-01 -1.653313e+00 1.512610e+00 1.073873e+01 2.051966e-01 -6.380999e-01
39627811345927872 1.178806e+00 9.058220e+00 8.644181e-02 3.920348e+00 1.224626e+00 9.544805e+00 9.899621e-02 2.246944e+00
39627790416353664 1.738512e+00 1.084997e+01 2.068904e-01 -3.094543e+00 1.645191e+00 1.103153e+01 2.343797e-01 -1.887461e+00
39627733856161736 1.353410e+00 9.998458e+00 7.457874e-02 1.736680e+00 1.457849e+00 1.022685e+01 6.904612e-02 1.046931e+00
39627812100900008 1.720998e+00 1.027628e+01 7.210507e-02 -1.650566e-01 1.786224e+00 1.022255e+01 5.678616e-02 -1.104290e+00
39633149356933896 1.428841e+00 1.027899e+01 1.652196e-01 1.377629e+00 1.435740e+00 1.026439e+01 1.480041e-01 6.538834e-01
39627772930300968 1.374762e+00 1.081709e+01 2.897962e-01 -1.999951e+00 1.609170e+00 1.083768e+01 2.841726e-01 -1.437023e+00
39627811241069672 1.591179e+00 1.063613e+01 2.511182e-01 7.811596e-01 1.701828e+00 1.053294e+01 2.263973e-01 -3.590386e-01
39627824650259224 1.608497e+00 1.026294e+01 1.372635e-01 -1.483383e+00 1.465181e+00 1.038262e+01 1.418101e-01 2.077108e-01
39627758178928912 1.615271e+00 1.109260e+01 3.297735e-01 7.712771e-01 1.609440e+00 1.121010e+01 3.595649e-01 1.039770e-01
39627806535058608 1.509135e+00 1.082271e+01 3.026799e-01 3.115180e-01 1.669939e+00 1.091441e+01 3.206740e-01 -6.705129e-01
39627787669078528 1.138539e+00 9.810006e+00 1.907062e-01 -7.486859e-01 1.232924e+00 9.847603e+00 1.991654e-01 1.765544e+00
39627757533005000 1.816143e+00 1.039422e+01 1.711435e-01 -3.746449e-01 1.740389e+00 1.045436e+01 1.747263e-01 -8.159786e-01
39633140737639536 1.832933e+00 1.053406e+01 1.257781e-01 -1.129787e+00 1.688257e+00 1.064842e+01 1.471985e-01 -2.288120e-01
39627751946193168 1.864698e+00 1.053225e+01 1.505125e-01 -2.215065e+00 1.801284e+00 1.060959e+01 1.354572e-01 -1.092130e+00
39627794396742048 1.756158e+00 1.045729e+01 1.969205e-01 -7.037418e-01 1.741198e+00 1.059122e+01 2.017081e-01 -5.360508e-01
39627800377819872 1.649615e+00 1.083386e+01 2.601305e-01 -2.221263e+00 1.735412e+00 1.093776e+01 2.854510e-01 -8.584512e-01
39627817289257312 1.582005e+00 1.106347e+01 5.899466e-01 3.371499e-01 1.635751e+00 1.147549e+01 6.305746e-01 -3.295127e-01
39627760183806704 1.138990e+00 9.266489e+00 1.082370e-01 2.890305e+00 1.231392e+00 9.436340e+00 1.098921e-01 1.288192e+00
39627774985504480 1.600369e+00 1.103763e+01 2.178593e-01 3.661422e-01 1.566536e+00 1.114266e+01 2.703461e-01 -6.665492e-01
39627814445515752 1.490696e+00 9.935134e+00 9.409887e-02 1.347379e+00 1.660380e+00 9.625823e+00 4.768419e-02 -2.510774e-01
39627817100511424 1.128121e+00 1.060890e+01 2.669013e-01 4.877529e+00 1.173804e+00 1.054672e+01 2.312999e-01 3.967185e+00
39627700729546208 1.864268e+00 1.073499e+01 3.627795e-01 -1.120847e+00 1.648057e+00 1.107279e+01 4.051979e-01 -6.321845e-01
39627794518378120 1.831459e+00 1.103910e+01 3.200045e-01 2.827813e-01 1.800114e+00 1.122290e+01 3.215166e-01 -6.279163e-01
39627820896359472 1.845848e+00 1.021589e+01 8.490391e-02 -1.155110e+00 1.784791e+00 1.023850e+01 6.614508e-02 -1.162036e+00
39627806602167848 1.163829e+00 8.349921e+00 4.368318e-02 1.043360e+00 1.178707e+00 8.245968e+00 2.211104e-02 3.513824e+00
39627794455465656 1.462023e+00 1.044444e+01 2.916396e-01 2.374817e+00 1.377668e+00 1.079796e+01 3.550552e-01 2.053274e+00
39627769033789264 1.332529e+00 1.014080e+01 1.250458e-01 2.109470e+00 1.328511e+00 1.019525e+01 1.194679e-01 1.721020e+00
39627838738928112 1.681862e+00 1.128100e+01 3.584813e-01 -5.159566e-01 1.662523e+00 1.133714e+01 3.789729e-01 -1.714951e-01
39627799761258464 1.338459e+00 1.123224e+01 3.713645e-01 -1.034703e-01 1.665051e+00 1.111320e+01 3.873974e-01 -6.758205e-01
39627778663907520 1.586951e+00 1.032242e+01 3.258004e-01 9.822812e-01 1.469140e+00 1.105430e+01 3.490700e-01 1.513127e+00
39627853456738872 1.132774e+00 9.145396e+00 9.344089e-02 4.680325e+00 1.158058e+00 8.832584e+00 7.117480e-02 4.378987e+00
39627911048725904 1.344034e+00 1.115441e+01 3.400282e-01 -3.917420e-01 1.548540e+00 1.138824e+01 4.716038e-01 -1.013067e+00
39627775635619968 1.691197e+00 9.997061e+00 2.066972e-01 2.694534e+00 1.542205e+00 1.025047e+01 2.101604e-01 1.833479e+00
39627800503653304 1.792722e+00 1.110586e+01 3.213406e-01 -8.810712e-02 1.774515e+00 1.114585e+01 3.299339e-01 -8.601043e-01
39627841620415656 1.244227e+00 9.568335e+00 6.461942e-02 4.792462e+00 1.254003e+00 9.416460e+00 3.713574e-02 3.210705e+00
39627775786617656 1.931309e+00 1.091615e+01 3.017531e-01 -3.260367e+00 1.748626e+00 1.102478e+01 3.256655e-01 -9.536626e-01
39627814571351736 1.515699e+00 1.074226e+01 3.091409e-01 -2.735731e+00 1.584053e+00 1.107184e+01 3.420588e-01 -5.858055e-01
39627752248182576 1.638495e+00 1.102873e+01 2.919224e-01 -3.279679e-01 1.785591e+00 1.103120e+01 2.961725e-01 -1.187396e+00
39627787161568128 1.778961e+00 1.098655e+01 3.633458e-01 -2.457255e+00 1.751549e+00 1.111442e+01 3.852116e-01 -7.319429e-01
39627790307300144 1.103549e+00 9.543923e+00 1.329531e-01 2.313601e+00 1.161043e+00 9.352862e+00 1.327887e-01 2.560800e+00
39627820892160768 1.051973e+00 1.074607e+01 3.283495e-01 4.906430e+00 1.096719e+00 1.055608e+01 3.566414e-01 4.055326e+00
39627776143131080 1.501209e+00 1.150451e+01 5.466800e-01 2.306118e+00 1.622022e+00 1.134858e+01 6.040680e-01 3.066189e-01
39627883701864736 1.863913e+00 1.032859e+01 8.430365e-02 -1.889133e+00 1.805332e+00 1.035846e+01 5.548741e-02 -1.210755e+00
39627827053600848 1.801003e+00 1.113738e+01 4.346789e-01 -3.361637e+00 1.741072e+00 1.120812e+01 4.599990e-01 -8.052222e-01
39627782153571952 1.762506e+00 1.077906e+01 2.521060e-01 -3.070730e-01 1.806281e+00 1.108980e+01 2.550561e-01 -7.134600e-01
39627799786425520 1.719880e+00 1.095713e+01 2.542202e-01 -2.086849e+00 1.742697e+00 1.083326e+01 2.663218e-01 -9.861677e-01
39633131782802336 1.777931e+00 1.043607e+01 1.236985e-01 -1.600980e-01 1.779643e+00 1.043805e+01 1.218852e-01 -8.246752e-01
39627841591055232 1.907019e+00 1.062590e+01 1.256181e-01 -1.886079e+00 1.809121e+00 1.062203e+01 1.202260e-01 -1.267258e+00
39627758111818792 1.484647e+00 1.074319e+01 2.666101e-01 9.368390e-01 1.472003e+00 1.072971e+01 2.687746e-01 4.754670e-01
39627778575827440 1.717453e+00 1.126702e+01 3.892178e-01 -2.212448e+00 1.594302e+00 1.128698e+01 4.582656e-01 -7.588494e-01
39627793360751384 1.778659e+00 1.093458e+01 3.697073e-01 -1.046737e+00 1.755105e+00 1.112632e+01 3.946815e-01 -6.466527e-01
39627763623138360 1.437271e+00 1.077326e+01 3.609434e-01 1.485078e+00 1.369989e+00 1.083198e+01 3.611698e-01 1.801616e+00
39627833072422656 1.898128e+00 1.079136e+01 1.965867e-01 -1.257700e+00 1.810051e+00 1.095618e+01 1.991258e-01 -7.767299e-01
39627770178834032 1.260969e+00 9.455061e+00 1.390147e-01 4.322093e-02 1.189196e+00 9.689043e+00 1.464584e-01 3.365507e+00
39627782266818536 1.830059e+00 1.058724e+01 1.416660e-01 -1.495102e+00 1.780670e+00 1.060441e+01 1.386930e-01 -9.425355e-01
39627850696885800 2.000691e+00 1.080606e+01 2.278606e-01 -2.791809e+00 1.723490e+00 1.088271e+01 2.142245e-01 -1.510474e+00
39627757482673672 1.746826e+00 1.062312e+01 3.495666e-01 5.143285e-01 1.674808e+00 1.092632e+01 3.631752e-01 8.124173e-03
39627782271009312 1.175960e+00 9.520361e+00 1.428044e-01 2.006771e+00 1.212632e+00 9.538954e+00 1.441187e-01 2.491160e+00
39627811194930912 1.262265e+00 1.020440e+01 1.475172e-01 3.380605e+00 1.277547e+00 1.023318e+01 1.295177e-01 2.663452e+00
39627763602164528 1.299358e+00 9.839038e+00 1.152764e-01 -2.633523e+00 1.289505e+00 9.791398e+00 1.291065e-01 1.784220e+00
39627746090943304 1.250143e+00 1.091257e+01 3.961956e-01 1.343603e+00 1.275998e+00 1.064952e+01 3.729997e-01 2.245713e+00
39627793876652264 1.312516e+00 1.009840e+01 1.586111e-01 1.544459e+00 1.385608e+00 1.037127e+01 6.563382e-02 2.035417e+00
39627859450399472 1.378960e+00 1.066544e+01 2.813973e-01 2.830356e+00 1.528812e+00 1.085573e+01 2.714620e-01 6.759058e-01
39627746103528608 1.156537e+00 9.110270e+00 9.266599e-02 4.674428e+00 1.170300e+00 9.000071e+00 7.746306e-02 3.906723e+00
39627763551833560 1.189896e+00 9.685829e+00 1.375547e-01 3.079537e+00 1.209585e+00 9.452459e+00 1.139513e-01 3.559371e+00
39627802458199472 1.598678e+00 1.032327e+01 1.458746e-01 -3.425616e+00 1.735473e+00 1.042571e+01 1.548404e-01 -1.317377e+00
39627787148984688 1.179568e+00 9.319489e+00 6.179653e-02 4.207558e+00 1.227149e+00 9.045446e+00 1.991557e-02 3.493191e+00
39627763069488512 1.029736e+00 1.069836e+01 2.377055e-01 -7.178946e-01 1.150912e+00 1.052552e+01 2.295308e-01 -1.007107e+00
39633114019925112 1.429429e+00 1.092368e+01 3.400553e-01 1.441264e+00 1.434899e+00 1.086162e+01 3.623223e-01 -2.697115e-01
39627646467840528 1.608698e+00 1.067014e+01 3.384875e-01 4.955032e-01 1.637526e+00 1.098282e+01 3.295759e-01 -9.184407e-01
39627746036418704 1.971756e+00 1.077382e+01 2.946571e-01 -1.024931e+00 1.769319e+00 1.105955e+01 2.880681e-01 -1.181001e+00
39627799920640896 1.784828e+00 1.089324e+01 2.587216e-01 6.001090e-01 1.816195e+00 1.110097e+01 2.699410e-01 -9.071535e-01
39627836134265880 1.707616e+00 1.109472e+01 2.916349e-01 -3.587449e-01 1.772045e+00 1.118936e+01 3.085937e-01 -1.095211e+00
39627823266137248 1.584002e+00 1.023482e+01 1.023607e-01 -1.659112e+00 1.772797e+00 1.021710e+01 8.009717e-02 -9.313440e-01
39627770258524928 1.609289e+00 1.132475e+01 5.586025e-01 -1.290028e+00 1.646880e+00 1.137632e+01 6.263217e-01 1.328604e-01
39627757478479664 1.791257e+00 1.037444e+01 1.691563e-01 5.834154e-01 1.735869e+00 1.038347e+01 1.525588e-01 -5.895452e-01
39627794367387400 1.062938e+00 9.067307e+00 1.512486e-01 4.931985e+00 1.137732e+00 9.088430e+00 1.357265e-01 3.693512e+00
39627818635629192 1.334234e+00 1.090897e+01 3.203998e-01 1.811390e+00 1.428160e+00 1.091963e+01 3.280843e-01 1.016507e+00
39627718836361936 1.970581e+00 1.084013e+01 2.825222e-01 -1.078752e+00 1.803750e+00 1.105002e+01 2.773091e-01 -1.079418e+00
39627818442690000 1.703797e+00 1.041069e+01 1.666601e-01 -2.837785e-01 1.744736e+00 1.054273e+01 1.405675e-01 -1.033172e+00
39627808854514800 1.656596e+00 1.128920e+01 4.362792e-01 -3.470457e+00 1.750468e+00 1.126744e+01 4.592019e-01 -5.812403e-01
39627835299596848 1.817952e+00 1.079098e+01 2.003838e-01 -8.759642e-01 1.756617e+00 1.080942e+01 1.996777e-01 -6.103091e-01
39627814512625704 1.091192e+00 1.020540e+01 3.195937e-01 3.926327e+00 1.158616e+00 9.644404e+00 3.208308e-01 3.244445e+00
39627775056810808 1.749544e+00 1.066731e+01 1.411435e-01 -1.185164e+00 1.770255e+00 1.058175e+01 1.352227e-01 -8.211223e-01
39627802877627000 1.642045e+00 1.111789e+01 3.258532e-01 -2.969325e-01 1.698644e+00 1.131619e+01 3.647224e-01 -3.971350e-01
39627808850322192 1.183551e+00 1.036921e+01 2.369836e-01 -4.318644e-02 1.251956e+00 1.062462e+01 1.994486e-01 2.148688e+00
39627839120610024 1.166565e+00 1.091854e+01 2.804346e-01 4.627438e-01 1.466627e+00 1.108693e+01 3.859950e-01 -2.207398e-01
39627895722742240 1.492350e+00 1.048981e+01 1.446107e-01 1.350791e+00 1.515355e+00 1.045259e+01 1.421629e-01 1.478406e-01
39627808837732944 1.320995e+00 1.124691e+01 5.585892e-01 7.159946e+00 1.358629e+00 1.102477e+01 6.121740e-01 7.049046e+00
39627799899672152 1.894860e+00 1.069905e+01 1.714477e-01 -1.964656e+00 1.778362e+00 1.067978e+01 1.600998e-01 -1.342202e+00
39627812507751776 1.571902e+00 1.063893e+01 2.225896e-01 6.127610e-01 1.663111e+00 1.049607e+01 2.207762e-01 -1.153550e+00
39627800394597464 1.639559e+00 1.071450e+01 2.311806e-01 -1.826351e+00 1.671183e+00 1.075354e+01 2.326314e-01 -1.279110e+00
39633162447358600 1.385565e+00 9.466874e+00 8.775734e-02 -4.211013e-01 1.285703e+00 9.445827e+00 9.236297e-02 9.356531e-01
39627853398020888 1.355091e+00 1.060198e+01 2.660315e-01 -1.214078e+00 1.292981e+00 1.061707e+01 2.698036e-01 2.963030e+00
39627774813539280 1.152155e+00 9.561922e+00 1.083189e-01 5.445535e+00 1.156598e+00 9.544057e+00 1.192282e-01 4.174169e+00
39627770338217256 1.031217e+00 7.469945e+00 2.741007e-02 7.215789e+00 1.127020e+00 7.207899e+00 0.000000e+00 4.774796e+00
39627786989601984 1.670844e+00 1.077029e+01 1.661332e-01 -7.237648e-01 1.660564e+00 1.073763e+01 1.408570e-01 -3.822780e-01
39627823979169576 1.269124e+00 1.086254e+01 2.694129e-01 -1.140988e+00 1.385402e+00 1.095494e+01 2.761377e-01 8.806906e-01
39627770292080288 1.114781e+00 9.212971e+00 1.945119e-01 4.082862e+00 1.126550e+00 9.216787e+00 1.626107e-01 3.899467e+00
39627799190835112 1.837662e+00 1.025819e+01 7.397494e-02 -7.806526e-01 1.765203e+00 1.032545e+01 7.783404e-02 -9.067587e-01
39627796439368304 1.726982e+00 1.101631e+01 3.818747e-01 -5.530797e-01 1.771311e+00 1.126728e+01 3.955610e-01 -7.901723e-01
39627826957124872 1.556654e+00 1.109699e+01 2.852683e-01 -2.122076e+00 1.611954e+00 1.116593e+01 2.861075e-01 -1.700828e+00
39633153815478720 1.150383e+00 9.148102e+00 6.395439e-02 3.965912e+00 1.230739e+00 9.158046e+00 4.310299e-02 3.612169e+00
39627755012235456 1.622495e+00 1.105194e+01 2.363916e-01 -1.417754e+00 1.793460e+00 1.099943e+01 2.379624e-01 -1.229621e+00
39627775639816312 1.352105e+00 1.047997e+01 2.579487e-01 1.090248e+00 1.407829e+00 1.046383e+01 2.510462e-01 6.435897e-01
39627799400550560 1.721169e+00 1.053910e+01 7.075471e-02 -4.466901e-01 1.708624e+00 1.044762e+01 5.181235e-02 -8.647501e-01
39627746065777296 1.562800e+00 1.131977e+01 5.686468e-01 2.483500e-01 1.558232e+00 1.145643e+01 6.349870e-01 8.201073e-01
39627775677566408 1.458906e+00 1.033797e+01 2.085752e-01 7.251113e-02 1.620713e+00 1.033830e+01 1.923729e-01 2.932101e-01
39627805335491552 1.219327e+00 1.121750e+01 6.143080e-01 3.135272e+00 1.187372e+00 1.117309e+01 6.414858e-01 2.966580e+00
39627780878506440 1.706048e+00 1.070548e+01 2.599452e-01 -1.765871e+00 1.688445e+00 1.061030e+01 2.509449e-01 -9.582237e-01
39627786909911488 1.277395e+00 1.005097e+01 1.544193e-01 2.757769e+00 1.281682e+00 1.030337e+01 1.569684e-01 2.578261e+00
39627782254234440 1.141678e+00 9.506122e+00 1.391887e-01 3.727362e+00 1.147895e+00 8.934543e+00 8.450544e-02 3.486358e+00
39627775664983600 1.713919e+00 1.067258e+01 1.748936e-01 -1.254998e+00 1.690338e+00 1.072915e+01 1.611665e-01 -1.200466e+00
39627817972928936 1.163490e+00 9.110072e+00 7.726123e-02 4.224676e+00 1.172656e+00 9.127194e+00 9.046596e-02 3.081039e+00
39627758271204408 1.350269e+00 1.062641e+01 3.158211e-01 2.187134e+00 1.389262e+00 1.073404e+01 3.335716e-01 2.024351e+00
39627794426103440 1.812908e+00 1.116131e+01 4.462925e-01 -1.492529e+00 1.726295e+00 1.125415e+01 4.812947e-01 -6.289748e-01
39627805947859040 1.085481e+00 9.704904e+00 1.104009e-01 -2.777802e+00 1.132399e+00 9.250061e+00 8.065444e-02 5.126342e-01
39627786901524120 1.280548e+00 1.010701e+01 1.315349e-01 -1.361809e+00 1.293300e+00 1.034027e+01 1.546472e-01 -7.233864e-02
39627818576904744 1.283136e+00 1.030421e+01 1.602299e-01 4.657221e+00 1.257144e+00 1.050018e+01 1.816850e-01 3.138052e+00
39627745377913936 1.300633e+00 9.138229e+00 7.736868e-02 2.840809e+00 1.238726e+00 9.161704e+00 7.123186e-02 2.933362e+00
39627766462684544 1.491444e+00 1.117800e+01 4.038373e-01 -2.440410e+00 1.486115e+00 1.120692e+01 4.449810e-01 -6.195340e-01
39627776294127168 1.668453e+00 1.065906e+01 2.894566e-01 1.270386e-01 1.716455e+00 1.072499e+01 2.877502e-01 -8.273894e-01
39627780974972080 1.744663e+00 1.092048e+01 1.852922e-01 -7.198647e-01 1.818529e+00 1.089250e+01 1.765638e-01 -1.161185e+00
39627803225759560 1.136253e+00 1.047702e+01 4.252222e-01 1.881843e+00 1.115078e+00 1.105600e+01 4.719639e-01 1.496759e+00
39627818006482400 1.573591e+00 1.038873e+01 1.855077e-01 -7.797523e-01 1.705375e+00 1.039081e+01 1.754143e-01 -9.530997e-01
39627770229167344 1.075835e+00 1.010781e+01 1.916155e-01 4.107682e+00 1.102490e+00 1.014828e+01 2.070977e-01 2.948816e+00
39627871546769888 1.230179e+00 8.968238e+00 5.742396e-02 3.778387e+00 1.253535e+00 8.781088e+00 2.824505e-02 3.231595e+00
39627818564321584 1.678566e+00 1.074318e+01 2.123920e-01 -1.112909e+00 1.763865e+00 1.068769e+01 2.070570e-01 -8.009931e-01
39627935241472008 1.781987e+00 1.066944e+01 2.298651e-01 -7.948385e-01 1.796633e+00 1.103070e+01 2.525535e-01 -1.046149e+00
39627776411566984 1.901013e+00 1.097559e+01 3.204784e-01 -1.781166e+00 1.763726e+00 1.107381e+01 3.344001e-01 -1.038487e+00
39627829972830912 1.699715e+00 1.002700e+01 1.590633e-01 -3.328624e+00 1.610543e+00 1.014594e+01 1.577241e-01 -3.107127e-01
39627817985509072 1.660215e+00 1.056730e+01 2.929251e-01 1.653477e+00 1.676349e+00 1.068927e+01 2.906483e-01 2.825042e-01
39627823274527272 1.471006e+00 1.064592e+01 2.126985e-01 1.072837e+00 1.491751e+00 1.084308e+01 2.159136e-01 1.073690e+00
39627751430292144 1.546496e+00 1.028712e+01 1.073181e-01 -1.325533e+00 1.554378e+00 1.037492e+01 1.176950e-01 -3.072444e-01
39627806472148176 1.744899e+00 1.047257e+01 1.419355e-01 -1.687612e+00 1.736659e+00 1.043510e+01 1.484732e-01 -6.439980e-01
39633153937114000 1.446826e+00 1.089764e+01 3.586521e-01 8.790198e-01 1.431161e+00 1.100894e+01 4.311537e-01 -9.641038e-01
39627799815785704 1.737294e+00 1.054820e+01 1.294254e-01 -4.330299e-01 1.700908e+00 1.033583e+01 1.242278e-01 -1.404768e-01
39627793104897784 1.914271e+00 1.102436e+01 3.301007e-01 -1.488331e+00 1.773287e+00 1.120335e+01 3.478963e-01 -6.175549e-01
39627830224489280 1.678717e+00 1.058777e+01 1.329120e-01 -6.890203e-01 1.606398e+00 1.066163e+01 1.322014e-01 -6.063753e-01
39627770187219808 1.167772e+00 9.501256e+00 1.875812e-01 4.265828e+00 1.125469e+00 9.323025e+00 1.707634e-01 3.727439e+00
39627794354803048 1.727451e+00 1.002590e+01 1.227927e-01 -3.036039e-01 1.585709e+00 9.953573e+00 1.148906e-01 -8.191019e-01
39627757465896904 1.278154e+00 9.046515e+00 5.312614e-02 3.134773e+00 1.259299e+00 8.402649e+00 9.257600e-03 2.724195e+00
39627847408555008 1.482085e+00 1.040424e+01 1.595966e-01 8.846115e-01 1.523302e+00 1.035507e+01 1.272689e-01 5.068341e-01
39627817251504432 1.617523e+00 1.049798e+01 2.643113e-01 -6.184183e-01 1.696925e+00 1.076103e+01 2.631117e-01 -7.135125e-01
39627836604025528 1.859894e+00 1.103400e+01 3.558431e-01 -1.158530e+00 1.779730e+00 1.122176e+01 3.604326e-01 -6.985396e-01
39627794543543680 1.365803e+00 1.094922e+01 5.230680e-01 2.006176e+00 1.386678e+00 1.107792e+01 6.125516e-01 4.193503e+00
39627762838802688 1.135273e+00 8.242237e+00 4.203720e-02 2.808945e+00 1.149315e+00 7.705939e+00 7.211566e-04 4.530067e+00
39627824620898368 1.652312e+00 1.013125e+01 1.388066e-01 -5.266342e-01 1.647348e+00 1.013639e+01 1.345787e-01 -6.588691e-01
39627829263991456 1.232889e+00 9.989648e+00 1.173503e-01 4.052024e+00 1.233368e+00 1.003929e+01 9.292291e-02 3.069042e+00
39627889699717952 1.601701e+00 1.125552e+01 4.577122e-01 -1.291180e-01 1.678628e+00 1.127286e+01 4.457896e-01 -6.333768e-01
39627800423961456 1.149945e+00 9.727001e+00 2.534640e-01 2.060657e+00 1.151192e+00 9.886693e+00 2.491921e-01 4.056132e+00
39627808615433288 1.183514e+00 9.359488e+00 5.357682e-02 4.582888e+00 1.264221e+00 9.319185e+00 3.023110e-02 2.826128e+00
39627782291983216 1.479071e+00 9.865185e+00 9.662075e-02 1.653749e-02 1.515243e+00 9.665041e+00 8.185692e-02 -5.055996e-01
39627818564322800 1.179683e+00 1.034314e+01 2.897239e-01 5.296706e+00 1.185643e+00 1.019930e+01 3.331630e-01 3.914256e+00
39627824713176024 1.043666e+00 8.916930e+00 4.398901e-02 -1.289273e+00 1.201969e+00 8.697296e+00 4.141530e-02 2.927567e+00
39627745986089112 1.290701e+00 1.000347e+01 1.035611e-01 2.891007e+00 1.284488e+00 9.925776e+00 7.760787e-02 1.669583e+00
39627823190640880 1.723905e+00 1.098621e+01 3.257269e-01 -1.518176e+00 1.727209e+00 1.113331e+01 3.491250e-01 -3.720574e-01
39627847400161400 2.007131e+00 1.096073e+01 2.015274e-01 -1.527366e+00 1.809367e+00 1.090102e+01 1.951917e-01 -1.263426e+00
39627752076215680 1.659267e+00 1.038917e+01 1.501385e-01 -2.326096e+00 1.667711e+00 1.046999e+01 1.448268e-01 -1.142963e+00
39627859467177520 1.789961e+00 1.064158e+01 1.275682e-01 -1.143190e+00 1.822959e+00 1.065887e+01 1.073499e-01 -1.334354e+00
39627838717955976 1.721250e+00 1.105721e+01 3.403987e-01 -1.076017e+00 1.719051e+00 1.105469e+01 3.680527e-01 -8.359108e-01
39627802873431680 1.185682e+00 9.243835e+00 6.153581e-02 3.021213e+00 1.240682e+00 9.335401e+00 3.541820e-02 3.638710e+00
39627817142455704 1.594968e+00 1.022843e+01 2.092238e-01 7.807425e-01 1.535214e+00 1.031546e+01 2.197248e-01 2.122746e+00
39627758212481736 1.360912e+00 9.605575e+00 1.226683e-01 3.228615e+00 1.245819e+00 1.001275e+01 1.324931e-01 3.045874e+00
39627808569302816 1.610557e+00 1.114326e+01 4.402812e-01 -2.728858e+00 1.634900e+00 1.109404e+01 4.675179e-01 -1.579347e+00
39627767121191640 1.748564e+00 1.120778e+01 5.674849e-01 1.765098e+00 1.523376e+00 1.131239e+01 6.873506e-01 1.134511e+00
39627856879292136 1.312647e+00 1.139124e+01 5.394156e-01 3.471201e+00 1.431531e+00 1.138730e+01 5.756408e-01 6.408114e-01
39627758086653360 1.736267e+00 1.062714e+01 2.658317e-01 -5.762997e-01 1.652469e+00 1.069009e+01 2.741491e-01 -1.174260e+00
39627760930393192 1.763975e+00 1.093919e+01 3.003088e-01 -1.400300e+00 1.767254e+00 1.112674e+01 3.199450e-01 -1.057696e+00
39627793339778272 1.252935e+00 9.891101e+00 7.003482e-02 2.840341e+00 1.247628e+00 9.749470e+00 4.071073e-02 3.139939e+00
39627746095136992 1.170594e+00 1.030093e+01 2.082368e-01 1.154937e+00 1.220675e+00 1.023904e+01 2.171246e-01 3.054176e+00
39627823979171376 1.595833e+00 1.039470e+01 1.257522e-01 -6.427898e-01 1.715765e+00 1.024602e+01 1.019788e-01 -7.573991e-01
39627751514178320 1.550209e+00 1.029307e+01 1.503425e-01 -1.217086e+00 1.615745e+00 1.023761e+01 1.429071e-01 -4.413391e-01
39627763119817368 1.532034e+00 1.013938e+01 9.618919e-02 -2.223709e-01 1.576640e+00 1.014915e+01 7.146129e-02 -2.058396e-01
39627752172687624 1.199192e+00 1.000257e+01 1.351674e-01 1.718432e+00 1.217651e+00 9.797151e+00 1.300220e-01 2.989286e+00
39627835270239368 1.249323e+00 1.068969e+01 2.659439e-01 3.289927e+00 1.278331e+00 1.050853e+01 2.644857e-01 2.973174e+00
39627764185174056 1.697917e+00 1.057069e+01 1.916041e-01 -1.068622e+00 1.687644e+00 1.065261e+01 1.846747e-01 -1.276526e+00
39627788411472288 1.622144e+00 1.065508e+01 1.786080e-01 1.226819e-01 1.709679e+00 1.064204e+01 1.512901e-01 -1.398412e+00
39627790537983512 1.511757e+00 9.754156e+00 5.626040e-02 7.065670e-01 1.509300e+00 9.968459e+00 4.640707e-02 5.970582e-01
39627806430200832 1.716205e+00 1.046757e+01 1.894059e-01 5.023005e-02 1.714463e+00 1.049886e+01 1.943325e-01 -2.288451e-01
39627787669079704 1.457345e+00 1.091340e+01 5.226092e-01 2.215191e+00 1.413806e+00 1.123218e+01 5.855790e-01 1.544705e+00
39627806505703152 1.844428e+00 1.106644e+01 4.557104e-01 -1.392132e+00 1.753227e+00 1.138117e+01 4.925793e-01 -5.978558e-01
39627817947761224 1.531061e+00 9.959129e+00 1.389704e-01 4.961472e-01 1.470293e+00 1.002633e+01 1.273965e-01 7.209911e-01
39627835345734304 1.441541e+00 1.092050e+01 2.626935e-01 1.437580e+00 1.487715e+00 1.092811e+01 2.687304e-01 1.732403e-01
39627787736187328 1.284552e+00 9.486248e+00 1.320726e-01 3.431830e-01 1.210673e+00 9.689108e+00 1.509065e-01 8.796831e-01
39627762746528960 1.594913e+00 1.090948e+01 2.690079e-01 -2.254045e+00 1.765086e+00 1.096810e+01 2.882904e-01 -1.177334e+00
39627770367574824 1.619232e+00 1.114798e+01 4.745571e-01 -1.634354e+00 1.625608e+00 1.122468e+01 5.343360e-01 -7.144128e-01
39627778361924104 1.078069e+00 9.598475e+00 9.139916e-02 5.541584e+00 1.128500e+00 9.430144e+00 7.222962e-02 4.650266e+00
39627682706626208 1.672360e+00 1.121271e+01 3.448702e-01 -2.655754e+00 1.746132e+00 1.106908e+01 3.469600e-01 -8.715842e-01
39627805079634656 1.297255e+00 1.081240e+01 3.099153e-01 3.690113e+00 1.259871e+00 1.091821e+01 3.411839e-01 3.488426e+00
39627823257749592 1.684121e+00 1.088593e+01 2.896723e-01 6.242104e-01 1.789236e+00 1.098304e+01 2.848476e-01 -1.020944e+00
39627799899671632 1.679968e+00 1.031272e+01 1.193806e-01 -4.070009e-01 1.706957e+00 1.032287e+01 1.022271e-01 -9.554623e-01
39627781134354000 1.743254e+00 1.098194e+01 3.485944e-01 -7.984377e-01 1.667970e+00 1.105884e+01 4.294122e-01 -5.218401e-01
39627830551644224 1.641266e+00 1.117263e+01 3.275938e-01 8.873984e-02 1.680460e+00 1.117715e+01 3.228115e-01 -3.699217e-01
39627808909040504 1.367521e+00 1.098560e+01 2.772934e-01 1.450081e+00 1.423918e+00 1.073864e+01 2.448713e-01 1.174589e+00
39627811429812800 1.169599e+00 9.634995e+00 1.233462e-01 -2.879617e+00 1.173484e+00 9.469535e+00 1.173009e-01 8.724860e-01
39627835358315568 1.582708e+00 9.295324e+00 5.551042e-02 9.754351e-01 1.604178e+00 9.387960e+00 3.927435e-02 8.522111e-02
39627768857628536 1.447841e+00 1.060423e+01 1.579473e-01 7.143126e-01 1.525153e+00 1.062010e+01 1.299239e-01 7.051452e-01
39627760833926432 1.021642e+00 1.053393e+01 2.830213e-01 3.114707e+00 1.143299e+00 9.817842e+00 2.038959e-01 4.396186e+00
39627818597880552 1.907573e+00 1.074843e+01 1.507219e-01 -1.258330e+00 1.791708e+00 1.070870e+01 1.371621e-01 -1.125716e+00
39627763581191488 1.254700e+00 1.041626e+01 1.214379e-01 3.396673e+00 1.264460e+00 1.043045e+01 1.187499e-01 2.809925e+00
39627763535054640 1.072554e+00 9.894495e+00 1.565965e-01 -1.071773e+00 1.174247e+00 9.554268e+00 1.581222e-01 2.827332e+00
39627782308763056 1.185212e+00 9.211041e+00 1.445388e-01 2.363225e+00 1.123537e+00 9.087565e+00 1.424561e-01 3.642622e+00
39627768811487752 1.328121e+00 8.916290e+00 8.039657e-02 -2.424316e-01 1.180031e+00 9.248996e+00 6.810355e-02 8.227223e-01
39627774897423864 1.338692e+00 1.069246e+01 2.379833e-01 -2.278888e-01 1.443004e+00 1.082078e+01 2.598588e-01 5.832700e-01
39627814789453880 1.152167e+00 9.052027e+00 8.778466e-02 3.669707e+00 1.157270e+00 9.000824e+00 7.957998e-02 4.260722e+00
39627824532820784 1.297253e+00 1.049063e+01 1.764789e-01 1.602773e+00 1.320395e+00 1.039496e+01 1.842700e-01 7.191088e-01
39627794388359360 1.168953e+00 9.714397e+00 1.375761e-01 9.874911e-01 1.183726e+00 9.424444e+00 1.318987e-01 1.051356e+00
39627740185364368 1.219644e+00 8.420610e+00 4.125644e-02 1.773889e+00 1.225432e+00 1.002422e+01 1.218313e-01 3.466676e+00
39627853486097232 1.778773e+00 1.049216e+01 2.104530e-01 6.341892e-01 1.716063e+00 1.053343e+01 2.053804e-01 -7.045895e-01
39627853351880224 1.457608e+00 1.046139e+01 2.087034e-01 1.245051e+00 1.519805e+00 1.035404e+01 1.843180e-01 8.834064e-03
39627796577787504 1.799355e+00 1.112527e+01 3.439088e-01 -7.162908e-01 1.773646e+00 1.130536e+01 3.486765e-01 -5.396000e-01
39633127454279672 2.036644e+00 1.117122e+01 2.200198e-01 -1.560325e+00 1.843072e+00 1.117666e+01 2.291722e-01 -9.855152e-01
39627812495167944 1.297824e+00 9.785924e+00 1.703350e-01 2.433984e+00 1.284603e+00 9.946468e+00 1.298610e-01 5.984340e-01
39627811421421840 1.173028e+00 1.029274e+01 2.704996e-01 3.269752e+00 1.182514e+00 1.024208e+01 2.486379e-01 3.825304e+00
39627797085290592 1.306594e+00 1.055108e+01 2.613397e-01 1.871060e+00 1.358555e+00 1.056605e+01 2.785765e-01 1.864890e-01
39627774834508040 1.648617e+00 1.073860e+01 1.682929e-01 1.752246e-01 1.689313e+00 1.069175e+01 1.730254e-01 2.507332e-01
39627780945612856 1.678870e+00 1.119175e+01 3.840355e-01 7.152119e-02 1.743212e+00 1.121004e+01 4.064173e-01 -7.831783e-01
39627658518077176 1.676600e+00 1.108807e+01 3.289513e-01 1.453983e-01 1.734603e+00 1.118229e+01 3.332416e-01 -7.270761e-01
39633293703908704 1.764166e+00 1.046355e+01 1.148555e-01 -1.128761e+00 1.765284e+00 1.039474e+01 1.060626e-01 -7.286121e-01
39627778412255480 1.750622e+00 9.694038e+00 6.820102e-02 -1.078515e+00 1.595915e+00 9.892015e+00 7.087228e-02 -9.517903e-01
39627757583335528 1.363080e+00 1.033744e+01 1.806065e-01 7.083086e-01 1.520327e+00 1.028290e+01 1.639681e-01 -1.847889e+00
39627913804382776 1.708858e+00 1.052073e+01 1.336834e-01 -1.258223e+00 1.733998e+00 1.040852e+01 1.242320e-01 -5.375439e-01
39627796561007360 1.570802e+00 1.140234e+01 5.304239e-01 -5.697781e-01 1.627076e+00 1.137006e+01 6.086810e-01 6.705646e-01
39627818639823072 1.641382e+00 1.035630e+01 1.708181e-01 -8.280472e-01 1.733581e+00 1.039641e+01 1.649830e-01 -9.622718e-01
39627769553884056 1.840621e+00 1.099184e+01 2.645225e-01 -2.414485e+00 1.787847e+00 1.097971e+01 2.841630e-01 -1.145790e+00
39627818522380280 1.519174e+00 1.004396e+01 5.378533e-02 6.983160e-01 1.541818e+00 1.002996e+01 4.389793e-02 5.634847e-01
39633140838301832 1.729351e+00 1.099959e+01 2.943521e-01 -8.191470e-01 1.760405e+00 1.099698e+01 3.004125e-01 -1.077616e+00
39627739484919152 1.582942e+00 1.069590e+01 2.880724e-01 9.187687e-01 1.431648e+00 1.105767e+01 2.945702e-01 -1.524850e-01
39627794493216224 1.083610e+00 8.103790e+00 1.311033e-01 4.686431e+00 1.142475e+00 9.250352e+00 1.413969e-01 1.595797e+00
39627782388450720 1.819876e+00 1.074791e+01 3.463620e-01 -1.652516e+00 1.715132e+00 1.109889e+01 3.373098e-01 -1.195429e+00
39627824532817456 1.441709e+00 1.100951e+01 5.446217e-01 1.930751e+00 1.425110e+00 1.130705e+01 5.888455e-01 5.159374e-01
39627761114948072 1.142914e+00 9.517369e+00 6.101533e-02 2.689965e+00 1.188556e+00 9.136441e+00 3.570357e-02 2.194137e+00
39627817217950784 1.784293e+00 9.539355e+00 5.238073e-02 -6.053183e-01 1.660635e+00 9.698034e+00 3.800799e-02 -4.330347e-01
39627794358993456 1.539811e+00 1.010849e+01 1.242208e-01 3.235067e-02 1.512179e+00 1.019659e+01 1.191307e-01 2.527745e-01
39627775732091464 1.234357e+00 8.882795e+00 8.145628e-02 8.498331e-01 1.218642e+00 8.949814e+00 6.435145e-02 2.888449e+00
39627782195511968 1.918157e+00 1.087170e+01 1.961607e-01 -1.212631e+00 1.828973e+00 1.092113e+01 1.949191e-01 -1.039980e+00
39627785072807184 1.722975e+00 1.047021e+01 9.502771e-02 -7.408067e-01 1.688727e+00 1.021704e+01 8.209498e-02 -7.950180e-01
39627776294129280 1.719520e+00 1.006865e+01 1.371886e-01 4.336612e-01 1.731260e+00 1.023463e+01 1.199154e-01 -6.090429e-01
39627724897133232 1.831141e+00 9.757149e+00 6.872788e-02 -4.595515e-01 1.722420e+00 9.747776e+00 3.218339e-02 -6.959100e-01
39627784254923184 1.168587e+00 9.783635e+00 1.753300e-01 -2.108395e+00 1.132497e+00 9.783476e+00 1.950178e-01 3.076038e+00
39627751719702320 1.678189e+00 1.140954e+01 3.721018e-01 -5.964304e-01 1.754155e+00 1.126950e+01 3.962761e-01 -8.310002e-02
39627790462485968 1.165427e+00 9.280609e+00 8.399183e-02 -1.821893e+00 1.259985e+00 9.577420e+00 8.712676e-02 3.518717e-01
39627774968727728 1.909645e+00 1.078597e+01 2.960587e-01 1.049941e-01 1.739790e+00 1.092139e+01 2.897119e-01 -1.299588e+00
39627836654357080 1.315433e+00 1.090913e+01 3.288007e-01 -2.441944e-01 1.320215e+00 1.091605e+01 3.650782e-01 1.374833e+00
39627760213169256 1.214623e+00 9.380884e+00 8.082202e-02 2.940647e+00 1.209454e+00 9.454292e+00 6.580514e-02 3.254112e+00
39627817985510240 1.486923e+00 1.039197e+01 1.588198e-01 -1.465144e-01 1.545321e+00 1.042132e+01 1.502400e-01 -2.089431e-01
39627835299596624 1.009470e+00 8.439816e+00 5.800783e-02 3.860641e+00 1.098046e+00 8.056609e+00 3.675795e-02 2.952249e+00
39627766957612256 1.420851e+00 1.088895e+01 1.701588e-01 2.804488e+00 1.600185e+00 1.059559e+01 1.211848e-01 -9.318535e-01
39627782409426872 1.180116e+00 9.420686e+00 1.752480e-01 2.187615e-01 1.147924e+00 9.555680e+00 1.571666e-01 3.758876e-01
39627770275302704 1.362471e+00 1.088268e+01 5.349151e-01 1.917519e+00 1.380163e+00 1.108997e+01 5.547820e-01 2.136198e+00
39627781734139696 1.003746e+00 7.571620e+00 3.784230e-02 6.904224e-01 1.044901e+00 7.168107e+00 0.000000e+00 2.169797e+00
39627853490294664 1.294883e+00 1.063779e+01 2.112813e-01 2.454805e+00 1.345485e+00 1.056195e+01 2.086369e-01 2.175401e+00
39627688696091056 1.488507e+00 1.092552e+01 6.763389e-01 3.867928e+00 1.487191e+00 1.139668e+01 7.109003e-01 4.653652e+00
39627799119528192 1.740333e+00 1.125737e+01 3.106717e-01 -7.663242e-01 1.803390e+00 1.120221e+01 3.286048e-01 -5.031209e-01
39627740135032688 1.433678e+00 1.038963e+01 2.599505e-01 -5.690252e-01 1.330612e+00 1.060381e+01 2.451590e-01 1.617324e+00
39627734078460544 1.888538e+00 1.041059e+01 1.037719e-01 -3.079133e+00 1.735222e+00 1.053475e+01 1.105288e-01 -1.162171e+00
39627806581197200 1.393045e+00 1.028786e+01 1.694626e-01 1.169442e+00 1.326591e+00 1.017564e+01 1.353030e-01 -6.636188e-01
39627770136890104 1.633385e+00 1.057971e+01 1.314316e-01 -4.255070e-01 1.746156e+00 1.054556e+01 1.214523e-01 -1.120474e+00
39627790336660528 1.272942e+00 1.093907e+01 5.965632e-01 4.345524e+00 1.278848e+00 1.128361e+01 6.043330e-01 2.438115e+00
39627836109100712 1.387629e+00 1.023780e+01 1.907522e-01 2.735947e+00 1.355852e+00 1.035524e+01 1.991420e-01 1.265503e+00
39627682643707616 1.630677e+00 1.135571e+01 4.393345e-01 -1.522241e+00 1.725976e+00 1.130491e+01 4.697577e-01 -6.199607e-01
39633118621073816 1.070496e+00 9.606365e+00 7.239176e-02 4.917003e-01 1.228384e+00 9.340763e+00 5.107987e-02 2.002240e-01
39633153945503016 1.782389e+00 1.081992e+01 3.564616e-01 -9.841691e-01 1.609131e+00 1.097641e+01 3.979035e-01 -1.040482e+00
39627787694247184 1.759930e+00 1.058759e+01 3.126008e-01 -1.688428e+00 1.655569e+00 1.093697e+01 3.335706e-01 -3.941784e-01
39633144961304496 1.388469e+00 1.038513e+01 1.455241e-01 3.147414e+00 1.356142e+00 1.024293e+01 1.217325e-01 1.997154e+00
39627830119629744 1.218988e+00 1.013777e+01 1.086347e-01 8.388816e-01 1.267793e+00 1.024735e+01 1.438254e-01 2.657897e+00
39627818027454640 1.193626e+00 9.114842e+00 1.137163e-01 2.904534e+00 1.117861e+00 8.936441e+00 9.912126e-02 2.288832e+00
39627850852076928 1.724647e+00 1.069581e+01 3.635481e-01 -1.162358e+00 1.527184e+00 1.116181e+01 3.688912e-01 2.095049e-01
39627806535058712 1.093444e+00 9.360258e+00 1.668214e-01 1.618974e+00 1.141520e+00 9.385712e+00 1.512648e-01 4.008550e+00
39627761119139888 1.729840e+00 9.946757e+00 6.067611e-02 -4.791241e-01 1.763964e+00 1.003410e+01 4.430902e-02 -7.558219e-01
39627829956056064 1.689845e+00 1.119792e+01 3.659889e-01 -1.127185e+00 1.765412e+00 1.125799e+01 4.051144e-01 -6.058626e-01
39627757633669800 1.242877e+00 1.078341e+01 3.506217e-01 1.185529e+00 1.272181e+00 1.062646e+01 3.466355e-01 2.649476e+00
39627917008831304 1.590064e+00 1.125169e+01 3.785277e-01 3.281367e-01 1.742038e+00 1.112349e+01 4.106671e-01 -6.981642e-01
39627769675515120 1.340194e+00 9.595188e+00 7.939316e-02 3.299938e+00 1.446335e+00 9.176116e+00 2.396582e-02 2.537153e+00
39627793092317632 1.590278e+00 1.076725e+01 3.030871e-01 -3.086565e-01 1.673609e+00 1.091476e+01 3.036165e-01 -8.142161e-01
39633144990665480 1.837502e+00 1.007627e+01 7.068456e-02 -2.803544e-01 1.774511e+00 1.011351e+01 5.030407e-02 -7.985290e-01
39627776369627104 1.370752e+00 1.066210e+01 2.880488e-01 2.804031e+00 1.413347e+00 1.064355e+01 2.768927e-01 1.360649e+00
39627785051839104 1.826089e+00 1.033655e+01 1.066437e-01 -1.999221e+00 1.818025e+00 1.053406e+01 1.024869e-01 -1.203264e+00
39627764294227408 1.490714e+00 1.032534e+01 2.513693e-01 -6.607473e-01 1.471175e+00 1.066298e+01 2.645685e-01 8.450164e-01
39627800319100672 1.680789e+00 1.117979e+01 3.601362e-01 -7.707097e-01 1.777891e+00 1.117002e+01 3.846349e-01 -5.518757e-01
39627917029803984 1.744812e+00 1.059328e+01 2.810991e-01 -8.402113e-01 1.736028e+00 1.080588e+01 2.768721e-01 -1.347597e+00
39627799874503064 1.203480e+00 8.545091e+00 6.342822e-02 5.647598e+00 1.153251e+00 7.559656e+00 3.162578e-03 4.853602e+00
39627788465999984 1.281840e+00 9.736994e+00 1.000193e-01 3.085037e+00 1.253753e+00 9.748224e+00 1.204008e-01 2.138367e+00
39627758204096600 1.245997e+00 9.828770e+00 1.373584e-01 3.697140e+00 1.261994e+00 9.748765e+00 1.152533e-01 2.417254e+00
39627767129571616 1.832020e+00 1.103494e+01 3.665650e-01 -1.154561e+00 1.649682e+00 1.101429e+01 3.436623e-01 -2.287327e-01
39633131858298736 1.288773e+00 1.014818e+01 1.242765e-01 -9.893282e-02 1.267887e+00 9.988080e+00 1.066497e-01 2.025684e+00
39627817201175352 1.379294e+00 1.084155e+01 2.568636e-01 -8.858504e-01 1.492435e+00 1.094581e+01 2.606767e-01 3.841516e-01
39633118453303704 1.317699e+00 1.014331e+01 1.614913e-01 4.602232e+00 1.257548e+00 1.005312e+01 1.339286e-01 2.977143e+00
39627766622065040 1.711515e+00 1.051280e+01 1.949731e-01 -7.037624e-01 1.639821e+00 1.053284e+01 1.993621e-01 -1.027137e+00
39627841356174264 1.231249e+00 9.528046e+00 1.177694e-01 2.869694e+00 1.255775e+00 9.727379e+00 1.154534e-01 2.074214e+00
39627766269740336 1.789163e+00 9.896282e+00 5.483298e-02 -3.597378e-01 1.741725e+00 9.988195e+00 5.300458e-02 -6.024138e-01
39627772229847808 1.384987e+00 1.093777e+01 5.238509e-01 1.193947e+00 1.399482e+00 1.132693e+01 5.698109e-01 -5.605595e-01
39627823287110704 1.711991e+00 1.062748e+01 1.889713e-01 -1.108154e+00 1.561100e+00 1.072995e+01 2.119860e-01 7.993839e-01
39627800440735760 1.805589e+00 1.099522e+01 2.037628e-01 -1.188295e+00 1.843780e+00 1.102077e+01 1.951847e-01 -1.084244e+00
39633158047531368 1.942427e+00 1.022632e+01 9.811751e-02 4.630389e-01 1.763525e+00 1.017282e+01 7.694706e-02 -1.058187e+00
39627799085977672 1.622620e+00 1.126818e+01 4.003040e-01 -6.237680e-01 1.713092e+00 1.125734e+01 3.994166e-01 -8.912288e-01
39627850831105528 1.641972e+00 1.085792e+01 2.780635e-01 -1.813401e+00 1.673872e+00 1.103050e+01 2.901420e-01 -1.760383e+00
39627817880652880 1.466733e+00 1.113235e+01 5.251533e-01 1.291417e+00 1.455158e+00 1.115939e+01 5.673054e-01 -1.333085e-01
39627835584810256 1.599954e+00 1.068590e+01 1.650203e-01 5.467435e-01 1.650479e+00 1.053881e+01 1.269421e-01 -1.022938e+00
39627793759212864 1.377984e+00 1.022998e+01 1.609530e-01 1.402347e-01 1.563336e+00 1.023481e+01 1.519993e-01 -9.023423e-01
39627793092313928 1.695998e+00 1.069615e+01 1.652369e-01 -9.714184e-01 1.751890e+00 1.054443e+01 1.431085e-01 -1.217087e+00
39627802600801400 1.600272e+00 1.009899e+01 1.101788e-01 -1.237443e+00 1.704597e+00 1.003454e+01 8.238165e-02 -6.935661e-01
39627751451267448 1.357619e+00 1.010419e+01 1.169774e-01 3.757526e+00 1.469496e+00 9.990366e+00 9.756753e-02 1.936401e+00
39627811899575744 1.152835e+00 8.659607e+00 6.387638e-02 4.533782e+00 1.142496e+00 8.821056e+00 7.280605e-02 4.461260e+00
39627776231214472 1.746014e+00 1.012454e+01 1.354510e-01 -9.253412e-01 1.714922e+00 1.023004e+01 1.276576e-01 -1.055614e+00
39627817092121664 1.680434e+00 1.107505e+01 2.711500e-01 6.803235e-01 1.798315e+00 1.104900e+01 2.752275e-01 -1.162996e+00
39627811228487584 1.171303e+00 7.810745e+00 2.379048e-02 3.306623e+00 1.140308e+00 7.682112e+00 7.701322e-03 3.791843e+00
39627793096513416 1.148580e+00 9.813191e+00 1.362460e-01 4.254233e+00 1.137110e+00 9.748379e+00 1.484674e-01 4.300668e+00
39627793843095272 1.651288e+00 1.036706e+01 9.560136e-02 2.534715e-01 1.665754e+00 1.032435e+01 6.559113e-02 -4.672828e-01
39627774821927640 1.777976e+00 1.068130e+01 1.787943e-01 -1.287314e+00 1.750991e+00 1.076061e+01 1.797310e-01 -1.222038e+00
39627817889042696 1.367718e+00 1.021565e+01 2.321987e-01 2.167713e+00 1.260577e+00 1.040942e+01 2.521832e-01 3.276161e+00
39627835291208352 1.739859e+00 1.063451e+01 2.412678e-01 -9.886814e-01 1.691375e+00 1.066168e+01 2.414446e-01 -1.217904e+00
39627782329734304 1.754451e+00 1.104655e+01 4.626013e-01 -3.376914e+00 1.584119e+00 1.119118e+01 4.913929e-01 -1.374303e+00
39633114007339536 1.689254e+00 1.065018e+01 1.489593e-01 6.675085e-02 1.681255e+00 1.052131e+01 1.388759e-01 -6.690091e-01
39627863145578648 1.820913e+00 1.083200e+01 1.943499e-01 -6.096286e-01 1.771864e+00 1.092045e+01 1.928915e-01 -1.344655e+00
39627808535740592 1.125313e+00 9.263079e+00 6.115921e-02 4.614887e+00 1.202812e+00 9.350535e+00 5.223386e-02 4.031787e+00
39627781906105328 1.183994e+00 9.502392e+00 8.292007e-02 3.016026e+00 1.209341e+00 9.267506e+00 6.240736e-02 3.527057e+00
39627847333055504 1.116973e+00 8.225037e+00 2.842751e-02 2.250260e+00 1.148335e+00 7.844911e+00 1.019770e-02 1.636727e+00
39627758170540224 1.141650e+00 9.436221e+00 2.196757e-01 4.277799e+00 1.110904e+00 9.443240e+00 2.370846e-01 1.685545e+00
39627788302421072 1.262259e+00 1.021795e+01 2.838855e-01 1.796435e+00 1.296325e+00 1.032007e+01 2.663248e-01 1.075108e+00
39627812503552960 1.333455e+00 1.016539e+01 2.339411e-01 2.578193e+00 1.354136e+00 1.045286e+01 2.484725e-01 1.108840e+00
39627793964731040 1.610744e+00 1.145237e+01 4.788737e-01 -1.292146e-02 1.733470e+00 1.130167e+01 5.072460e-01 -7.698835e-01
39627820665670152 1.249927e+00 1.008912e+01 2.877876e-01 1.267487e+00 1.238532e+00 1.031258e+01 3.158445e-01 1.826558e+00
39627805822026000 1.961913e+00 1.093316e+01 2.613228e-01 -2.898728e+00 1.807870e+00 1.113338e+01 2.726961e-01 -7.116263e-01
39627824583148928 1.115714e+00 9.118426e+00 1.330543e-01 5.289446e+00 1.131763e+00 8.919875e+00 1.200232e-01 4.823567e+00
39627799715123472 1.669896e+00 1.114206e+01 5.165824e-01 -7.644502e-01 1.669273e+00 1.125065e+01 5.734510e-01 -3.557837e-02
39627811077491672 1.149781e+00 9.482738e+00 7.522224e-02 5.024838e+00 1.213179e+00 9.530453e+00 9.046216e-02 3.126646e+00
39633149491154064 2.130077e+00 1.076363e+01 1.621730e-01 -4.284637e+00 1.654725e+00 1.083979e+01 1.640158e-01 -1.223665e+00
39627793847291192 1.551467e+00 1.062824e+01 2.465859e-01 1.406844e+00 1.434767e+00 1.067615e+01 2.741630e-01 1.644445e+00
39627829301743704 1.307617e+00 9.966189e+00 1.602294e-01 3.480618e+00 1.283837e+00 1.018674e+01 1.823808e-01 2.202714e+00
39627772657668920 1.024770e+00 8.699122e+00 8.727702e-02 1.333423e+00 1.089867e+00 8.288015e+00 5.503720e-02 1.809031e+00
39627676662631000 1.742595e+00 1.124506e+01 2.934060e-01 -1.680983e-01 1.777002e+00 1.116516e+01 2.840785e-01 -4.182961e-01
39627824620900752 1.397116e+00 1.077480e+01 2.887838e-01 -5.269154e-01 1.465076e+00 1.072087e+01 2.848216e-01 -2.922019e-01
39627770187224568 1.467202e+00 1.041841e+01 1.241326e-01 1.110007e+00 1.476090e+00 1.052709e+01 1.119238e-01 1.009442e+00
39627763719604328 1.300878e+00 1.004854e+01 1.125602e-01 2.742586e+00 1.335628e+00 1.022630e+01 1.008022e-01 2.002382e+00
39627830648115416 1.810504e+00 1.041782e+01 1.199101e-01 -1.533532e+00 1.770057e+00 1.042918e+01 1.025822e-01 -1.153430e+00
39627796493901000 1.757161e+00 1.104855e+01 1.944272e-01 -1.553071e+00 1.848211e+00 1.112272e+01 1.924282e-01 -1.126257e+00
39627811144598384 1.737129e+00 1.055455e+01 1.628629e-01 -8.712844e-01 1.690078e+00 1.068955e+01 1.548806e-01 -1.372218e+00
39627782413617928 1.238447e+00 9.423987e+00 1.195365e-01 5.946729e-01 1.265729e+00 9.557809e+00 1.074086e-01 4.429126e-01
39633136350400312 1.681309e+00 1.103494e+01 2.334895e-01 -6.168177e-01 1.730604e+00 1.103572e+01 2.063923e-01 -1.436791e+00
39627811207515584 1.774679e+00 1.091236e+01 2.735753e-01 -2.206984e-01 1.781041e+00 1.102202e+01 2.723067e-01 -5.746901e-01
39627823287111792 1.817768e+00 1.112696e+01 3.894299e-01 -1.739997e+00 1.728523e+00 1.120687e+01 3.947680e-01 -6.230843e-01
39627782367481440 1.692632e+00 1.046098e+01 1.360124e-01 -2.576700e+00 1.729688e+00 1.042781e+01 1.292432e-01 -1.077665e+00
39627762893328512 1.702617e+00 1.071406e+01 4.994828e-01 8.862749e-02 1.655276e+00 1.129099e+01 5.357223e-01 1.192783e-01
39627739879178376 1.489988e+00 1.157870e+01 6.257311e-01 1.584260e+00 1.629908e+00 1.146464e+01 6.380332e-01 1.610208e-01
39627847442106640 1.689731e+00 1.081394e+01 2.269322e-01 -1.310620e+00 1.745020e+00 1.066192e+01 2.297813e-01 -4.658375e-01
39627799874505408 1.875499e+00 1.109475e+01 3.637912e-01 9.350421e-02 1.771666e+00 1.124207e+01 3.850937e-01 -5.775135e-01
39627776298319944 1.207159e+00 1.006634e+01 2.617658e-01 2.053223e+00 1.275595e+00 1.026294e+01 2.551370e-01 2.215958e+00
39627781641864336 1.178914e+00 1.063222e+01 2.519335e-01 4.419433e+00 1.176305e+00 1.039785e+01 2.445678e-01 4.074809e+00
39627778257065944 1.420054e+00 1.120300e+01 3.686906e-01 4.507475e+00 1.540359e+00 1.123435e+01 3.910495e-01 1.878847e-01
39627628486855504 1.654333e+00 1.098049e+01 4.090601e-01 -4.491651e+00 1.618176e+00 1.104106e+01 4.220480e-01 -1.133436e+00
39627682647903496 1.122608e+00 1.071476e+01 4.725166e-01 5.267203e+00 1.158152e+00 1.077664e+01 5.041711e-01 3.851360e+00
39627769641961824 1.483917e+00 1.053156e+01 1.689261e-01 7.875518e-01 1.650468e+00 1.053509e+01 1.480945e-01 -8.112893e-01
39627836759214696 1.238083e+00 8.618177e+00 3.333367e-02 4.024599e+00 1.192648e+00 8.730157e+00 5.689427e-03 4.048703e+00
39633131996709312 1.582699e+00 1.093791e+01 2.281081e-01 -1.536878e+00 1.647096e+00 1.088866e+01 2.254087e-01 -9.578334e-01
39627793083927232 1.232348e+00 9.166610e+00 5.479756e-02 3.393023e+00 1.251009e+00 8.857697e+00 2.734487e-02 3.165848e+00
39627824029504848 1.651853e+00 1.038175e+01 1.714766e-01 -1.247045e+00 1.688208e+00 1.029920e+01 1.670438e-01 -6.806531e-01
39627764319388216 1.663025e+00 1.136841e+01 3.776458e-01 7.139367e-02 1.772488e+00 1.138725e+01 4.344301e-01 -8.247546e-01
39627758275399168 1.655341e+00 1.042395e+01 1.877349e-01 -1.117954e+00 1.645463e+00 1.040963e+01 1.722838e-01 -1.586447e+00
39627793092318608 1.576896e+00 1.075699e+01 2.037454e-01 1.238160e+00 1.485610e+00 1.084014e+01 2.171874e-01 7.638184e-01
39627781625088896 1.506078e+00 1.114646e+01 4.269745e-01 1.666368e+00 1.637250e+00 1.114966e+01 4.010071e-01 9.114861e-03
39627853351882224 1.437293e+00 1.029818e+01 1.504999e-01 1.230160e+00 1.408636e+00 1.036514e+01 1.404016e-01 1.095527e+00
39633149352740376 1.633732e+00 1.093676e+01 3.861593e-01 1.109357e-02 1.728457e+00 1.110261e+01 3.842099e-01 -4.998688e-01
39627787698443192 1.204458e+00 1.018150e+01 1.778482e-01 1.722146e+00 1.221205e+00 1.033039e+01 1.635537e-01 3.250665e+00
39627770115918504 1.173572e+00 9.384255e+00 7.906538e-02 2.851105e+00 1.184070e+00 9.306156e+00 6.268379e-02 3.542212e+00
39627792991654392 1.570016e+00 9.912824e+00 1.089540e-01 4.806052e-01 1.577101e+00 9.843074e+00 9.963709e-02 -4.928108e-01
39627752206239336 1.531816e+00 1.099249e+01 2.917161e-01 -1.223257e-01 1.594390e+00 1.097612e+01 2.833102e-01 -8.342993e-01
39627757876937904 1.948443e+00 1.044472e+01 8.647531e-02 -2.590014e+00 1.810558e+00 1.046845e+01 6.162672e-02 -1.260898e+00
39627806417619616 1.136758e+00 9.761244e+00 1.140279e-01 8.761786e-01 1.277254e+00 9.730742e+00 1.077233e-01 2.011818e+00
39627805922689112 1.159688e+00 9.873734e+00 1.607665e-01 3.485142e+00 1.175151e+00 9.506607e+00 1.459315e-01 3.330075e+00
39627745495351664 1.550771e+00 1.065901e+01 2.115192e-01 -2.932255e+00 1.619896e+00 1.068272e+01 2.130428e-01 -9.188271e-01
39627757499451944 1.430591e+00 9.732732e+00 1.222590e-01 2.046548e+00 1.520654e+00 9.498218e+00 7.630810e-02 2.981002e-01
39627758019546456 1.784490e+00 1.125011e+01 4.149858e-01 -1.979709e-02 1.778905e+00 1.129650e+01 4.363228e-01 -4.688312e-01
39633123083816000 1.240663e+00 9.340463e+00 4.075046e-02 3.894344e+00 1.279874e+00 9.111265e+00 1.531301e-02 3.093109e+00
39627793209758816 1.616341e+00 1.138953e+01 5.045875e-01 -1.641466e+00 1.759220e+00 1.143515e+01 5.465873e-01 -8.159871e-01
39627812637773536 1.210479e+00 1.060595e+01 1.634451e-01 1.636940e+00 1.234298e+00 1.034595e+01 1.395105e-01 3.404745e+00
39627769046369240 1.775630e+00 1.100644e+01 3.693720e-01 -2.706538e+00 1.677299e+00 1.126902e+01 3.823359e-01 -4.799105e-01
39627758103429640 1.676724e+00 1.038262e+01 1.504277e-01 -1.290090e+00 1.705421e+00 1.036914e+01 1.346622e-01 -1.307629e+00
39627841322616496 1.253519e+00 1.069387e+01 2.763621e-01 1.173736e+00 1.415486e+00 1.069182e+01 2.806033e-01 -3.346882e-01
39627794392551712 1.887263e+00 1.069066e+01 1.359226e-01 -1.643108e+00 1.811665e+00 1.071794e+01 1.397245e-01 -9.615623e-01
39627806488922896 1.904742e+00 1.071461e+01 1.257503e-01 -1.845897e+00 1.665571e+00 1.078215e+01 1.229450e-01 -7.157571e-01
39627818044229448 1.386680e+00 1.012079e+01 1.283896e-01 -1.109885e+00 1.235573e+00 1.038695e+01 1.864400e-01 2.856159e+00
39627751421903840 1.714482e+00 1.057683e+01 1.335095e-01 -1.268409e+00 1.757411e+00 1.057218e+01 1.189028e-01 -7.281032e-01
39627774951950928 1.610167e+00 1.041095e+01 1.524251e-01 -1.467345e+00 1.741656e+00 1.056480e+01 1.463788e-01 -1.433287e+00
39627760288663992 1.763380e+00 1.096500e+01 3.101727e-01 -4.680898e+00 1.651228e+00 1.115326e+01 3.805479e-01 -1.205033e+00
39627780995942216 1.134118e+00 1.036703e+01 2.443050e-01 3.351503e+00 1.217338e+00 1.010583e+01 2.382643e-01 3.419753e+00
39627788340169560 1.558828e+00 1.044277e+01 2.519450e-01 -6.626183e-01 1.339253e+00 1.039766e+01 2.602454e-01 7.434932e-01
39627781788665104 1.333821e+00 1.043511e+01 1.582334e-01 2.053531e+00 1.403329e+00 1.061294e+01 1.510084e-01 1.566258e+00
39627763606360608 1.660682e+00 9.639458e+00 8.082387e-02 -1.372056e+00 1.556299e+00 9.359592e+00 5.203582e-02 -2.159354e-01
39627812507746352 1.216248e+00 9.530074e+00 1.519164e-01 2.788444e+00 1.182080e+00 9.546109e+00 1.621159e-01 3.400427e+00
39627670614449648 1.113926e+00 1.064254e+01 3.578565e-01 4.441333e+00 1.133381e+00 1.064380e+01 3.575006e-01 4.489165e+00
39627751589679184 1.042434e+00 9.619169e+00 1.611845e-01 3.583868e+00 1.157813e+00 9.351875e+00 1.438278e-01 2.105458e+00
39627794367387776 1.761390e+00 1.075005e+01 2.621789e-01 5.907360e-01 1.748945e+00 1.097158e+01 2.767182e-01 -1.155211e+00
39627757524618920 1.779577e+00 1.029947e+01 1.264433e-01 -1.384597e+00 1.770423e+00 1.046620e+01 1.215490e-01 -9.638834e-01
39627818019064872 1.186563e+00 1.007441e+01 1.958101e-01 3.170529e+00 1.199053e+00 9.722982e+00 1.664416e-01 2.144279e+00
39627794480632024 1.231609e+00 9.951714e+00 2.087407e-01 2.450400e+00 1.253815e+00 1.004488e+01 2.157296e-01 2.050737e+00
39627863112024784 1.728568e+00 1.089867e+01 3.428203e-01 -1.186036e-01 1.726857e+00 1.108371e+01 3.876150e-01 -4.484005e-01
39627799220196216 1.560615e+00 1.060166e+01 3.505056e-01 3.020720e-01 1.663049e+00 1.097204e+01 3.680341e-01 -6.712176e-01
39627830576810984 1.147503e+00 7.737400e+00 2.520696e-02 4.595315e+00 1.155121e+00 7.288530e+00 0.000000e+00 3.889457e+00
39627788302418304 1.777011e+00 1.033156e+01 9.583760e-02 -1.401714e+00 1.759475e+00 1.043612e+01 9.988892e-02 -9.380027e-01
39627688746420856 1.499374e+00 1.046383e+01 1.778387e-01 -5.653692e-01 1.424009e+00 1.053466e+01 1.823608e-01 9.169518e-01
39627796464538712 1.611781e+00 1.014672e+01 1.630803e-01 -9.666319e-01 1.655108e+00 1.029020e+01 1.470569e-01 -1.404396e+00
39627818031647104 1.428847e+00 1.043166e+01 2.381182e-01 3.359399e+00 1.424911e+00 1.073837e+01 2.501526e-01 2.064744e+00
39627762813633952 1.489220e+00 1.074069e+01 2.413621e-01 5.214643e-01 1.531786e+00 1.073868e+01 2.261239e-01 -5.613867e-01
39627802361727136 1.392836e+00 1.144200e+01 5.546716e-01 -1.810248e+00 1.578867e+00 1.145469e+01 6.168563e-01 9.659529e-02
39627805943664544 1.346824e+00 1.108580e+01 3.088788e-01 1.525416e-02 1.557801e+00 1.060694e+01 1.944409e-01 -1.737217e-01
39627700737942480 1.851578e+00 1.089738e+01 1.420546e-01 -1.470585e+00 1.828693e+00 1.084391e+01 1.359623e-01 -1.031871e+00
39627814441323416 1.478371e+00 1.137790e+01 5.544051e-01 -2.517957e+00 1.628467e+00 1.155666e+01 6.581475e-01 2.997700e-01
39627793117483792 1.344946e+00 1.050555e+01 1.970131e-01 -9.541025e-01 1.233618e+00 1.087945e+01 4.047985e-01 1.056247e+00
39627812541305824 1.879547e+00 1.088838e+01 1.507600e-01 -2.352071e+00 1.831762e+00 1.078193e+01 1.354379e-01 -1.102061e+00
39627790596711168 1.048768e+00 9.813510e+00 2.429601e-01 2.484152e+00 1.108168e+00 9.433021e+00 2.190018e-01 2.996886e+00
39627768987652432 1.779046e+00 1.114753e+01 4.337468e-01 -1.911457e-01 1.762528e+00 1.131499e+01 4.239759e-01 -6.728835e-01
39627775165861688 1.835971e+00 1.092410e+01 1.694368e-01 -7.705172e-01 1.836363e+00 1.096307e+01 1.732730e-01 -1.162265e+00
39627832661380744 1.613253e+00 1.100891e+01 3.438001e-01 -4.586891e-01 1.753849e+00 1.106165e+01 3.655638e-01 -9.014540e-01
39627898981714888 1.688747e+00 1.089649e+01 3.672701e-01 -2.608665e+00 1.635218e+00 1.102865e+01 4.006461e-01 -1.234581e+00
39627787731993784 1.679747e+00 9.832501e+00 1.073409e-01 -8.936734e-01 1.626091e+00 9.797991e+00 7.987580e-02 7.087964e-02
39627817855484056 1.140859e+00 8.949671e+00 5.074540e-02 2.495662e+00 1.176530e+00 8.540297e+00 3.830305e-02 1.530722e+00
39627805822029840 1.561936e+00 1.141007e+01 3.200877e-01 -8.076971e-01 1.687156e+00 1.128185e+01 2.636019e-01 -4.587710e-01
39627776365429720 1.373906e+00 1.097924e+01 3.557855e-01 1.471011e+00 1.355642e+00 1.098061e+01 3.623566e-01 1.791163e+00
39633290046474400 1.410955e+00 1.048264e+01 2.644654e-01 -1.699239e+00 1.367827e+00 1.074756e+01 2.814389e-01 -1.156253e-01
39633153979058096 1.201044e+00 1.019398e+01 1.302074e-01 3.811780e+00 1.225972e+00 1.024025e+01 1.137025e-01 2.962779e+00
39627764222922088 1.440683e+00 1.124698e+01 4.633644e-01 3.501223e+00 1.461676e+00 1.123296e+01 3.515014e-01 1.224620e-01
39627787220290544 1.666500e+00 1.111587e+01 3.901703e-01 4.432658e-01 1.750113e+00 1.129464e+01 3.863095e-01 -5.366968e-01
39627787132211560 1.341627e+00 1.018440e+01 1.499104e-01 2.470957e+00 1.276949e+00 1.036757e+01 1.601865e-01 2.477529e+00
39627793683713632 1.642233e+00 1.107461e+01 4.685864e-01 -4.012161e-01 1.664198e+00 1.118738e+01 5.048721e-01 -9.675864e-01
39627793750822232 1.360401e+00 1.010788e+01 1.361130e-01 -1.662448e+00 1.286464e+00 1.023381e+01 1.455075e-01 9.866970e-01
39627794417716592 1.318444e+00 1.022867e+01 1.737245e-01 4.601395e+00 1.279646e+00 1.028031e+01 1.660002e-01 2.414684e+00
39627738759299232 1.713029e+00 1.133203e+01 4.946504e-01 5.055239e-01 1.678886e+00 1.128713e+01 5.031635e-01 -6.700941e-01
39627767108602160 1.542769e+00 1.049008e+01 1.628848e-01 2.198172e+00 1.667086e+00 1.048279e+01 1.634970e-01 7.111899e-01
39627818623046376 1.613089e+00 1.068740e+01 3.748912e-01 -2.209922e+00 1.417747e+00 1.097806e+01 3.842310e-01 1.634284e-01
39627802495951280 1.162224e+00 1.000720e+01 2.120333e-01 3.915844e+00 1.225930e+00 1.037195e+01 2.271840e-01 3.294575e+00
39627812352560840 1.599878e+00 1.082374e+01 1.643843e-01 -4.889907e-01 1.776271e+00 1.058652e+01 1.428747e-01 -9.933959e-01
39627806434394936 1.797766e+00 1.024088e+01 1.252414e-01 -1.026445e+00 1.748827e+00 1.036967e+01 1.212800e-01 -6.915549e-01
39627773001597640 1.501783e+00 1.003079e+01 7.786027e-02 4.689562e-01 1.453721e+00 9.951720e+00 4.842512e-02 6.827839e-01
39627688645759760 1.733789e+00 1.090214e+01 3.293898e-01 5.733081e-01 1.743098e+00 1.116872e+01 3.128324e-01 -8.941429e-01
39627836612412416 1.801630e+00 1.089093e+01 1.646850e-01 -1.086349e+00 1.805735e+00 1.090287e+01 1.521635e-01 -1.159171e+00
39627751396737192 1.720960e+00 1.102227e+01 3.217870e-01 -2.187618e+00 1.693222e+00 1.117687e+01 3.315358e-01 -7.416245e-01
39627752160103696 1.272782e+00 1.014301e+01 1.309746e-01 -9.832115e-01 1.398769e+00 1.014591e+01 1.336910e-01 -5.551201e-01
39627793167811544 1.508869e+00 1.052060e+01 1.433364e-01 6.965209e-01 1.669018e+00 1.041808e+01 8.667950e-02 -8.140674e-01
39627758279593584 1.613691e+00 1.056490e+01 1.512815e-01 -1.114244e+00 1.716314e+00 1.053779e+01 1.255662e-01 -9.459310e-01
39627776361235920 1.569618e+00 1.041655e+01 1.919336e-01 -3.703719e-01 1.513379e+00 1.053797e+01 1.984997e-01 2.565760e-01
39627763493113248 1.183781e+00 9.449284e+00 1.441624e-01 4.045283e+00 1.180917e+00 9.386857e+00 1.347679e-01 2.164001e+00
39627770212388896 1.251426e+00 1.036547e+01 1.959910e-01 3.763744e+00 1.213521e+00 1.058041e+01 2.002158e-01 3.552555e+00
39627811211707640 1.638359e+00 1.048560e+01 2.200650e-01 6.810077e-01 1.726519e+00 1.061932e+01 1.998077e-01 -7.365311e-01
39627766877913952 2.006364e+00 1.037084e+01 6.668650e-02 -8.397639e-01 1.821874e+00 1.042039e+01 6.372084e-02 -1.145946e+00
39627805184495896 1.835572e+00 1.113596e+01 1.978848e-01 -1.340346e+00 1.839143e+00 1.104180e+01 2.010355e-01 -1.144391e+00
39627898981712768 1.690828e+00 1.076032e+01 3.656664e-01 4.710402e-01 1.769567e+00 1.123844e+01 4.063536e-01 -4.403893e-01
39627682673070400 1.243903e+00 1.113736e+01 4.983566e-01 4.760918e-01 1.262938e+00 1.123298e+01 5.591667e-01 1.856178e+00
39627830606169344 1.258512e+00 8.949854e+00 8.288649e-02 2.017232e+00 1.204042e+00 8.850855e+00 5.007994e-02 1.814250e+00
39627758149568264 1.722605e+00 1.023604e+01 1.382044e-01 -7.979445e-01 1.716671e+00 1.032780e+01 1.333747e-01 -1.118136e+00
39627761135913200 1.809741e+00 1.117605e+01 4.713483e-01 -3.834215e+00 1.691589e+00 1.140919e+01 4.076894e-01 3.311539e-02
39627794396742576 1.405200e+00 1.035538e+01 1.362575e-01 -2.244974e+00 1.458807e+00 1.054139e+01 1.828341e-01 -1.097798e-03
39627835224097952 1.554050e+00 1.064029e+01 1.999627e-01 -2.082323e+00 1.572610e+00 1.059891e+01 2.152110e-01 -1.231030e+00
39627805373238320 1.773168e+00 1.045570e+01 9.259461e-02 -5.490749e-01 1.823105e+00 1.045503e+01 7.027401e-02 -1.255426e+00
39627817981315256 1.349435e+00 9.161656e+00 7.671694e-02 -1.261391e+00 1.325654e+00 9.125565e+00 6.121905e-02 -1.299094e-01
39627781855773864 1.553970e+00 1.014649e+01 7.308452e-02 4.421737e-01 1.483764e+00 1.052190e+01 9.901179e-02 9.697309e-01
39627830031552096 1.578139e+00 1.088689e+01 2.702820e-01 -1.230062e+00 1.742646e+00 1.089994e+01 2.806337e-01 -9.687401e-01
39627745478578696 1.378867e+00 1.039842e+01 1.799443e-01 1.154179e+00 1.389715e+00 1.049978e+01 1.630641e-01 9.276514e-01
39627814781065888 1.366689e+00 1.040631e+01 1.409357e-01 8.746055e-01 1.359357e+00 1.024539e+01 1.180308e-01 1.307251e+00
39627811119433464 1.626276e+00 1.019704e+01 1.560622e-01 2.393675e-01 1.640358e+00 1.022301e+01 1.444754e-01 -1.074686e+00
39627757503644200 1.663069e+00 1.098101e+01 3.332457e-01 -1.669795e-01 1.602298e+00 1.117314e+01 3.696111e-01 -3.989007e-01
39627762754915136 1.262346e+00 1.052850e+01 1.761801e-01 2.624319e+00 1.258558e+00 1.060003e+01 1.574163e-01 2.972243e+00
39627829465321720 1.241120e+00 1.024434e+01 9.254480e-02 -2.003898e+00 1.490488e+00 1.031530e+01 8.939329e-02 4.650891e-03
39627772670252496 1.137331e+00 9.978243e+00 1.181499e-01 4.654428e+00 1.123775e+00 9.965638e+00 1.218361e-01 4.469632e+00
39627776285739936 1.295486e+00 1.094144e+01 2.031748e-01 4.876670e-01 1.372349e+00 1.068567e+01 1.742625e-01 -3.589617e-01
39627775740480880 1.661175e+00 1.070616e+01 3.293811e-01 1.057456e+00 1.695661e+00 1.106025e+01 3.346077e-01 -2.356967e-01
39633157984617968 1.616157e+00 1.104566e+01 3.632929e-01 1.516580e+00 1.724680e+00 1.098588e+01 3.617626e-01 -2.063894e-02
39627752130743360 1.319369e+00 1.069228e+01 2.983238e-01 2.393188e+00 1.458712e+00 1.077425e+01 2.641553e-01 -4.030432e-01
39627794384164088 1.405656e+00 1.050412e+01 3.186754e-01 1.580264e+00 1.457218e+00 1.093803e+01 3.396745e-01 1.095154e+00
39627784737266600 1.404871e+00 1.101340e+01 2.965649e-01 -2.580882e+00 1.456309e+00 1.118420e+01 2.839984e-01 -7.575577e-01
39627841360367024 1.786526e+00 1.060767e+01 2.020385e-01 -1.459631e+00 1.755074e+00 1.070992e+01 2.024103e-01 -1.305454e+00
39627764235505520 1.672789e+00 1.067464e+01 3.875117e-01 -8.760630e-01 1.746204e+00 1.113130e+01 3.894228e-01 -6.571813e-01
39627770216582360 1.057142e+00 9.433331e+00 1.018982e-01 4.723597e+00 1.146026e+00 8.597285e+00 5.446552e-02 1.313025e+00
39627824595732640 1.326812e+00 1.008471e+01 1.184226e-01 2.368758e+00 1.330628e+00 9.913554e+00 8.166569e-02 1.183070e+00
39633286372263224 1.677465e+00 1.004002e+01 6.594273e-02 -1.636535e-01 1.744266e+00 9.962661e+00 4.048242e-02 -8.578523e-01
39627790475070680 1.375989e+00 1.087791e+01 2.493409e-01 -2.173705e+00 1.622765e+00 1.097128e+01 2.604786e-01 -1.466398e+00
39627776394793688 1.920835e+00 1.112967e+01 2.814451e-01 -1.959678e+00 1.845089e+00 1.125710e+01 2.897803e-01 -1.059179e+00
39627682660489672 1.498307e+00 1.039234e+01 2.149074e-01 1.889102e+00 1.423773e+00 1.064080e+01 2.109060e-01 1.159344e+00
39627818648208896 1.089045e+00 8.734275e+00 1.210784e-01 1.029167e+00 1.049798e+00 8.364530e+00 7.296625e-02 5.771320e-01
39627812092513904 1.815516e+00 1.105461e+01 3.880089e-01 -8.117491e-01 1.789326e+00 1.129085e+01 4.107429e-01 -6.418560e-01
39627764323583520 1.227858e+00 1.012508e+01 1.629642e-01 4.269133e+00 1.198532e+00 1.026492e+01 1.443048e-01 3.630876e+00
39627781000138712 1.647949e+00 1.050064e+01 2.004370e-01 -1.057081e+00 1.698843e+00 1.068970e+01 1.953748e-01 -1.260059e+00
39627814596514576 1.677086e+00 1.066648e+01 1.293781e-01 -2.310472e+00 1.748794e+00 1.075240e+01 1.294491e-01 -1.481820e+00
39627824662840352 1.770862e+00 1.108217e+01 2.942770e-01 -3.782661e-01 1.774853e+00 1.093387e+01 3.010945e-01 -4.180614e-01
39627812478390360 1.436517e+00 1.037252e+01 1.739567e-01 -3.425220e+00 1.609303e+00 1.059274e+01 1.558558e-01 -9.684926e-01
39633123201254936 1.573269e+00 1.062865e+01 2.275601e-01 -1.600918e+00 1.547239e+00 1.071454e+01 2.070974e-01 -4.330835e-01
39627787752968144 1.164243e+00 9.648903e+00 8.299176e-02 4.401011e+00 1.124682e+00 9.442232e+00 7.705945e-02 3.723078e+00
39627768803105176 1.213345e+00 9.773667e+00 1.164365e-01 3.004778e+00 1.200488e+00 9.892283e+00 1.460734e-01 2.785506e+00
39633157980424760 1.826704e+00 1.095662e+01 3.759529e-01 7.328795e-01 1.770786e+00 1.116776e+01 3.820966e-01 -5.795108e-01
39627782392646976 1.159810e+00 1.008162e+01 2.052017e-01 2.738478e+00 1.229069e+00 1.028598e+01 2.287294e-01 3.045105e+00
39627757751111880 1.783608e+00 1.106675e+01 4.560154e-01 -2.502962e+00 1.571847e+00 1.117848e+01 5.004439e-01 -2.693930e-01
39633149470181896 1.611829e+00 1.099733e+01 2.595633e-01 -1.870624e+00 1.675534e+00 1.113013e+01 2.790551e-01 -1.152085e+00
39627770287882432 1.281460e+00 1.033770e+01 2.779710e-01 -1.004886e+00 1.273480e+00 1.058690e+01 2.594704e-01 9.084541e-01
39633158194333736 1.665052e+00 1.115648e+01 3.845133e-01 1.069475e+00 1.722178e+00 1.109039e+01 4.005334e-01 -5.739225e-01
39627763136595840 1.832798e+00 1.110840e+01 4.172063e-01 -1.260039e+00 1.595497e+00 1.131498e+01 4.380620e-01 -2.730159e-01
39627758120207952 1.671469e+00 1.088629e+01 2.944902e-01 7.078682e-01 1.774091e+00 1.097612e+01 2.769501e-01 -1.026106e+00
39627853385435248 1.557745e+00 1.076278e+01 3.229040e-01 -1.821857e-01 1.540160e+00 1.090415e+01 3.357966e-01 -8.831520e-01
39627769600017456 1.725748e+00 1.077675e+01 1.796243e-01 -1.456567e+00 1.806583e+00 1.081310e+01 1.778127e-01 -8.069301e-01
39627782359095704 1.176679e+00 9.321856e+00 1.062485e-01 6.431882e-01 1.142849e+00 8.939127e+00 9.150545e-02 1.400387e+00
39627752164295888 1.692232e+00 1.043062e+01 2.132586e-01 -3.404718e-01 1.652691e+00 1.061023e+01 2.262212e-01 9.155948e-01
39627799736092648 1.289051e+00 1.091651e+01 2.279247e-01 -2.660917e+00 1.375378e+00 1.071791e+01 1.977264e-01 -2.065400e+00
39627776130548624 1.734533e+00 1.038756e+01 1.269629e-01 1.089832e-01 1.767674e+00 1.045875e+01 1.106495e-01 -1.132103e+00
39627782384260672 1.197503e+00 1.006833e+01 2.196984e-01 3.434692e+00 1.222926e+00 1.021002e+01 2.104581e-01 3.577201e+00
39627859446206304 1.702332e+00 1.105943e+01 3.882387e-01 -1.240665e+00 1.619784e+00 1.102000e+01 3.937941e-01 -1.031341e+00
39627772934490848 1.135088e+00 8.780026e+00 7.366613e-02 3.165338e+00 1.170538e+00 8.454139e+00 3.875007e-02 3.790477e+00
39627782434592232 1.537414e+00 1.049957e+01 2.262997e-01 -2.750905e+00 1.588458e+00 1.043152e+01 2.500890e-01 -1.101781e+00
39627790785451976 1.286441e+00 1.026165e+01 3.402531e-01 1.435320e+00 1.236815e+00 1.032828e+01 3.287620e-01 1.766212e+00
39633136274900368 1.863515e+00 1.105953e+01 2.773226e-01 -1.526975e+00 1.814659e+00 1.108995e+01 2.833588e-01 -9.467177e-01
39627764315199256 1.464829e+00 1.111393e+01 3.781487e-01 1.976959e+00 1.478836e+00 1.105437e+01 3.632243e-01 1.092821e+00
39627847395969568 1.212931e+00 1.029218e+01 1.889605e-01 -3.837375e+00 1.343677e+00 1.024889e+01 1.674654e-01 1.173151e+00
39627776227019680 1.614563e+00 1.052316e+01 1.601713e-01 -4.910273e-01 1.708634e+00 1.029680e+01 1.314662e-01 -3.329579e-01
39627770262721584 1.143798e+00 1.025314e+01 1.855939e-01 3.645916e+00 1.199478e+00 9.975854e+00 1.389623e-01 3.768597e+00
39627800453317728 1.338375e+00 8.541926e+00 5.620971e-02 -6.882343e-02 1.199244e+00 8.748630e+00 4.132962e-02 2.029254e+00
39627738738332008 1.823322e+00 1.113167e+01 5.247863e-01 -3.106725e-01 1.702698e+00 1.134631e+01 5.567443e-01 -7.539339e-01
39627808921624248 1.034010e+00 8.551069e+00 6.244876e-02 -3.417334e+00 1.095250e+00 8.306642e+00 5.427819e-02 2.011448e+00
39627776201851640 1.503169e+00 1.082100e+01 2.623455e-01 1.364366e+00 1.656758e+00 1.061633e+01 2.399638e-01 -2.533539e-01
39627752080409808 1.628208e+00 1.025238e+01 1.241369e-01 -7.298416e-01 1.697919e+00 1.028631e+01 1.255655e-01 -1.293896e+00
39627803183809624 1.095275e+00 9.692686e+00 1.323844e-01 4.091846e+00 1.110287e+00 9.653855e+00 1.450275e-01 4.314002e+00
39627775652398344 1.101636e+00 9.606503e+00 1.614092e-01 2.557371e+00 1.132346e+00 9.163340e+00 1.328647e-01 4.009049e+00
39627806509896920 1.561982e+00 1.002573e+01 1.197263e-01 -4.365772e+00 1.495319e+00 9.908134e+00 9.749597e-02 -5.834818e-01
39627751505790408 1.710258e+00 1.039069e+01 1.857680e-01 1.038626e-01 1.757902e+00 1.067927e+01 1.809191e-01 -7.629448e-01
39627791129384840 9.723502e-01 8.461478e+00 1.213218e-01 5.001013e+00 1.176889e+00 9.263042e+00 1.083829e-01 3.472380e+00
39627805792670936 1.597208e+00 1.079683e+01 3.059755e-01 -1.084246e+00 1.505034e+00 1.083534e+01 3.056868e-01 -6.524431e-01
39627841360368448 1.339820e+00 1.017999e+01 1.016358e-01 1.980369e+00 1.363882e+00 1.018765e+01 8.161151e-02 1.871797e+00
39627847312085664 1.750726e+00 1.032281e+01 1.964313e-01 -6.327022e-01 1.685140e+00 1.037034e+01 1.782018e-01 -6.622248e-01
39627770166249104 1.239919e+00 1.008311e+01 1.753700e-01 2.259319e+00 1.255401e+00 9.942359e+00 1.392529e-01 2.557995e+00
39627787824271152 1.333826e+00 1.057622e+01 2.708375e-01 1.504176e+00 1.581078e+00 1.056454e+01 2.748179e-01 7.992108e-01
39627776247994024 1.237338e+00 1.028016e+01 3.058677e-01 3.035613e+00 1.258517e+00 1.069769e+01 3.355960e-01 3.044226e+00
39627800440734384 1.859406e+00 1.085432e+01 3.283543e-01 -1.471995e+00 1.661745e+00 1.091729e+01 3.383100e-01 -2.427359e-01
39627794346410056 1.734404e+00 1.083027e+01 1.950000e-01 -1.016040e+00 1.680424e+00 1.070716e+01 1.972473e-01 -1.108949e+00
39627818534966176 1.644377e+00 1.074655e+01 1.663204e-01 1.212726e-01 1.589784e+00 1.068404e+01 1.563905e-01 -7.335725e-01
39627752055244120 1.093206e+00 9.573502e+00 1.509366e-01 3.507760e-01 1.166535e+00 9.366713e+00 1.257476e-01 1.305436e+00
39627769138646472 1.689302e+00 1.139958e+01 6.183200e-01 9.269491e-01 1.656654e+00 1.160306e+01 6.730894e-01 2.593501e-01
39627823173864808 1.690183e+00 1.096673e+01 2.191144e-01 -7.920679e-01 1.789552e+00 1.071264e+01 1.646498e-01 -1.489819e+00
39627745587626472 1.567996e+00 9.349668e+00 3.266309e-02 4.385094e-01 1.432895e+00 9.054408e+00 1.207338e-02 1.334701e+00
39627792932935096 1.236476e+00 1.027731e+01 1.516309e-01 3.609427e+00 1.243183e+00 1.025171e+01 9.737383e-02 5.547964e-01
39627800457515608 1.122212e+00 9.190685e+00 1.479612e-01 1.949803e+00 1.107897e+00 8.976910e+00 1.280301e-01 3.667601e+00
39627799815786560 1.172432e+00 9.810379e+00 1.063682e-01 4.671454e+00 1.227673e+00 9.834216e+00 1.065080e-01 2.806516e+00
39627763606360608 1.575132e+00 9.640413e+00 8.296008e-02 -3.793342e-01 1.533296e+00 9.272296e+00 4.965590e-02 8.438221e-01
39627791104215408 1.163926e+00 8.010662e+00 4.240693e-02 2.117397e+00 1.145627e+00 7.398186e+00 0.000000e+00 2.485905e+00
39627774893232264 1.577490e+00 1.088216e+01 2.699250e-01 -2.956295e+00 1.745022e+00 1.091190e+01 2.800708e-01 -1.199945e+00
39627782430396024 1.097493e+00 9.149788e+00 1.474484e-01 2.012732e-01 1.112991e+00 9.016811e+00 1.224303e-01 2.224156e+00
39627800457513192 1.169393e+00 9.547297e+00 1.355955e-01 3.852324e+00 1.151424e+00 9.650793e+00 1.308299e-01 4.298239e+00
39627824562178192 1.591944e+00 1.079458e+01 2.750610e-01 -6.487252e-01 1.654707e+00 1.086790e+01 2.729672e-01 -8.107942e-01
39627781100798960 1.824239e+00 1.081744e+01 2.324993e-01 -1.073072e+00 1.782342e+00 1.093215e+01 2.378694e-01 -6.936367e-01
39627782254235152 1.417585e+00 1.070772e+01 2.606892e-01 1.912741e+00 1.407418e+00 1.074338e+01 2.883137e-01 8.689165e-01
39627766974385872 1.135451e+00 9.435293e+00 6.727637e-02 3.648627e+00 1.157128e+00 9.091807e+00 3.488746e-02 4.381214e+00
39627682664679664 1.668154e+00 1.046468e+01 1.537160e-01 3.149092e-01 1.739595e+00 1.051917e+01 1.427191e-01 -1.166158e+00
39627899132710312 1.695840e+00 1.116141e+01 4.194656e-01 -1.212679e+00 1.773290e+00 1.127608e+01 4.300001e-01 -9.442841e-01
39627824474096480 1.858564e+00 1.061100e+01 1.711435e-01 -1.124142e+00 1.811374e+00 1.081219e+01 1.583758e-01 -1.196545e+00
39627853490294136 1.588104e+00 1.093980e+01 4.177614e-01 -1.213415e+00 1.634488e+00 1.102135e+01 4.084681e-01 -9.845827e-01
39627793016821000 1.166363e+00 1.065956e+01 1.575944e-01 3.650052e+00 1.218784e+00 1.026569e+01 9.684633e-02 3.235831e+00
39627800436543376 1.451455e+00 1.064082e+01 3.284471e-01 1.256251e+00 1.360012e+00 1.083123e+01 3.550400e-01 2.508817e+00
39627824142747184 1.210954e+00 9.511655e+00 4.763475e-02 4.565631e+00 1.274890e+00 9.171321e+00 2.619144e-02 3.175879e+00
39627818589489560 1.244801e+00 9.400218e+00 1.555155e-01 3.488926e+00 1.110025e+00 9.662883e+00 1.674313e-01 4.711182e+00
39627829276574624 1.204007e+00 1.118717e+01 5.190982e-01 -1.079884e+00 1.235188e+00 1.113915e+01 5.792582e-01 -1.581777e-01
39627806568616360 1.601029e+00 1.053414e+01 1.698170e-01 -2.115650e+00 1.697046e+00 1.041785e+01 1.586930e-01 -2.057409e+00
39627745457606096 1.642422e+00 1.081611e+01 2.728910e-01 1.253034e+00 1.611123e+00 1.093318e+01 2.727694e-01 2.694917e-02
39627770178834832 1.006006e+00 9.343158e+00 1.168691e-01 2.688367e+00 1.098404e+00 8.788362e+00 9.862275e-02 2.432854e+00
39627761161082128 1.159013e+00 1.060132e+01 1.826731e-01 3.956590e+00 1.277200e+00 1.023573e+01 1.445248e-01 2.653600e+00
39627863166554288 1.699016e+00 1.088900e+01 3.506060e-01 -1.597920e-01 1.762040e+00 1.123895e+01 3.836816e-01 -7.451707e-01
39627794338025096 1.908021e+00 1.020824e+01 3.177711e-01 1.334951e+00 1.625945e+00 1.084438e+01 3.371569e-01 -4.709238e-01
39627769637769920 1.528489e+00 1.076669e+01 2.740451e-01 -4.650729e-01 1.697307e+00 1.073402e+01 2.660640e-01 -1.177249e+00
39627764302614952 1.255508e+00 9.282415e+00 7.187716e-02 -1.248988e+00 1.218468e+00 9.423563e+00 6.700037e-02 2.898529e+00
39633136555919256 1.261206e+00 8.991649e+00 7.218610e-02 3.263005e+00 1.220222e+00 8.819630e+00 5.012530e-02 3.497723e+00
39627787698441744 1.370507e+00 9.932809e+00 9.515876e-02 1.320574e+00 1.378240e+00 9.878600e+00 6.873120e-02 1.551955e+00
39627806530865512 1.784519e+00 1.026416e+01 1.269191e-01 -1.320691e+00 1.743796e+00 1.031165e+01 1.178062e-01 -1.182396e+00
39627794472240568 1.399871e+00 1.019066e+01 3.021113e-01 2.610892e+00 1.389968e+00 1.065258e+01 3.390581e-01 3.391447e-01
39627788382112944 1.285495e+00 9.626204e+00 1.472894e-01 2.512848e+00 1.214821e+00 9.687993e+00 1.239081e-01 3.240136e+00
39627811358512072 1.704378e+00 1.119985e+01 4.529118e-01 -8.332754e-04 1.589315e+00 1.130941e+01 4.704707e-01 -1.039127e+00
39627823907865984 1.631954e+00 1.069365e+01 1.331168e-01 6.591281e-01 1.705753e+00 1.068620e+01 1.084642e-01 -8.213183e-01
39627762801054168 1.600286e+00 1.030773e+01 1.735465e-01 -1.015773e+00 1.558216e+00 1.018796e+01 1.794723e-01 -6.485469e-01
39633127429115984 1.332753e+00 1.001427e+01 1.165775e-01 3.424313e+00 1.259568e+00 1.027925e+01 1.220142e-01 3.042209e+00
39627775669179952 1.618352e+00 1.057145e+01 1.511415e-01 -1.411361e+00 1.765355e+00 1.054092e+01 1.406090e-01 -9.341804e-01
39627752160102432 1.250462e+00 1.053125e+01 2.566296e-01 2.643896e+00 1.290683e+00 1.058783e+01 2.598324e-01 2.112291e+00
39627758246038760 1.089384e+00 1.063233e+01 2.872799e-01 4.678011e+00 1.219463e+00 1.009198e+01 2.366589e-01 5.265813e+00
39627775644009384 1.566618e+00 1.087569e+01 2.390994e-01 1.182575e+00 1.613543e+00 1.092933e+01 2.334197e-01 -1.002070e+00
39627799085975616 1.199711e+00 1.050612e+01 2.408213e-01 4.701582e+00 1.250806e+00 1.049170e+01 2.141439e-01 3.413333e+00
39627804991557608 1.851983e+00 1.103616e+01 3.521364e-01 -3.879753e-02 1.781895e+00 1.119428e+01 3.800744e-01 -7.662525e-01
39627778194147048 1.614382e+00 1.154585e+01 4.751408e-01 1.189547e-01 1.658243e+00 1.146336e+01 5.584306e-01 -1.735029e-01
39627774905814960 1.269734e+00 1.111879e+01 6.272824e-01 4.422688e+00 1.349223e+00 1.143148e+01 6.584806e-01 3.304572e+00
39627774964536288 1.260070e+00 1.050754e+01 2.078835e-01 2.196917e+00 1.319286e+00 1.041718e+01 1.993794e-01 2.661802e-01
39627761123335608 1.115283e+00 9.386603e+00 1.506585e-01 4.734459e-01 1.143756e+00 9.198145e+00 1.361027e-01 2.620092e+00
39627778340947136 1.306140e+00 1.059478e+01 1.883328e-01 4.042514e+00 1.291662e+00 1.045393e+01 1.603594e-01 2.877497e+00
39633149734420664 1.666378e+00 1.155980e+01 5.047545e-01 -5.490346e-01 1.733369e+00 1.142267e+01 5.486618e-01 -4.039593e-01
39627754559242624 1.277841e+00 1.057422e+01 3.017050e-01 -1.393389e+00 1.292470e+00 1.059657e+01 3.390926e-01 1.550235e+00
39627812662935824 1.619513e+00 1.040830e+01 1.086078e-01 7.228622e-01 1.620030e+00 1.057686e+01 1.041153e-01 -2.562200e-01
39627769574855440 1.174193e+00 9.551516e+00 1.166662e-01 2.931938e+00 1.202181e+00 9.581632e+00 1.131432e-01 3.064257e+00
39633158034948512 1.652493e+00 1.099873e+01 2.835232e-01 -2.226055e+00 1.748185e+00 1.099249e+01 2.883895e-01 -1.476319e+00
39627774897425912 1.831839e+00 1.075128e+01 2.123993e-01 -7.992514e-01 1.716977e+00 1.079876e+01 2.192742e-01 -1.244592e+00
39627787752966352 1.456701e+00 1.038333e+01 1.818930e-01 2.226165e+00 1.406921e+00 1.059638e+01 1.960432e-01 2.541695e+00
39627746007058984 1.625851e+00 1.072622e+01 2.585107e-01 1.175772e+00 1.712811e+00 1.064711e+01 2.481652e-01 -9.625423e-01
39627793868263536 1.131060e+00 1.058911e+01 3.833030e-01 5.338858e+00 1.173132e+00 1.066536e+01 3.799937e-01 4.845737e+00
39627758258620312 1.606492e+00 1.042250e+01 2.021604e-01 1.634510e-01 1.598121e+00 1.055026e+01 1.986834e-01 -1.423366e+00
39627786897331864 1.858049e+00 1.070521e+01 2.000477e-01 -1.147375e+00 1.736385e+00 1.092785e+01 2.067407e-01 -6.656615e-01
39627781780275840 1.703163e+00 1.012602e+01 1.859049e-01 8.529955e-01 1.624778e+00 1.019230e+01 1.680151e-01 7.246804e-02
39627764269056352 1.567667e+00 1.036411e+01 2.032859e-01 -1.293827e-01 1.573869e+00 1.056063e+01 2.171265e-01 -8.510849e-01
39627788310807080 1.838558e+00 1.068992e+01 1.250809e-01 -9.578862e-01 1.819663e+00 1.062436e+01 1.213944e-01 -1.192805e+00
39627812465808080 1.559489e+00 1.033380e+01 1.788634e-01 -2.063897e+00 1.583606e+00 1.012806e+01 1.534598e-01 -1.255494e+00
39627802558861960 1.756201e+00 1.001091e+01 6.439210e-02 -5.636024e-01 1.640907e+00 1.021646e+01 6.813881e-02 -2.239289e-01
39627838898312448 1.519700e+00 1.090532e+01 4.224372e-01 -1.028862e+00 1.658002e+00 1.117844e+01 4.433139e-01 -1.383693e+00
39627859467176992 1.764622e+00 1.089716e+01 1.971042e-01 -2.846851e+00 1.795431e+00 1.092924e+01 1.977302e-01 -1.159403e+00
39627814500045992 1.504252e+00 1.029716e+01 2.492283e-01 -6.432949e-01 1.396411e+00 1.048913e+01 2.636154e-01 2.393073e-01
39627794346415256 1.727264e+00 1.046843e+01 1.268516e-01 -2.040990e+00 1.739631e+00 1.044449e+01 1.169927e-01 -8.891090e-01
39627758099237712 1.512479e+00 1.011939e+01 1.185996e-01 3.097743e-01 1.410800e+00 1.030490e+01 1.181202e-01 5.334500e-01
39627793775985616 1.585293e+00 1.009364e+01 1.302350e-01 -1.641641e-01 1.709428e+00 1.028118e+01 1.220117e-01 -8.423959e-01
39627806518282336 1.426493e+00 9.567016e+00 7.808901e-02 1.310684e+00 1.328146e+00 9.584509e+00 4.387940e-02 2.218927e+00
39627776298324568 1.456448e+00 1.105112e+01 2.984794e-01 2.130623e+00 1.637127e+00 1.097587e+01 3.096461e-01 -1.075433e+00
39627762931073864 1.745839e+00 1.048480e+01 2.197777e-01 5.819753e-02 1.740503e+00 1.063640e+01 2.093452e-01 -1.044856e+00
39633118604298064 1.550379e+00 1.029908e+01 1.557558e-01 1.774870e+00 1.370037e+00 1.035228e+01 1.535898e-01 1.507264e+00
39627830593587400 1.553920e+00 1.088308e+01 3.369392e-01 -7.187716e-01 1.665237e+00 1.110722e+01 3.908764e-01 -7.255002e-01
39633149587623184 1.210981e+00 8.333986e+00 4.016924e-02 4.799733e+00 1.198560e+00 7.945217e+00 7.719368e-03 3.766970e+00
39627664683703600 1.731183e+00 1.111427e+01 3.833571e-01 -2.611332e+00 1.642881e+00 1.103505e+01 3.964040e-01 -1.087759e+00
39627830031553552 1.628173e+00 1.032896e+01 1.629659e-01 -1.456332e+00 1.552049e+00 1.033425e+01 1.637611e-01 7.543337e-02
39627836792768512 1.695661e+00 1.060074e+01 3.811257e-01 1.208053e+00 1.604262e+00 1.092001e+01 3.919106e-01 -8.255879e-01
39627773144205928 1.332911e+00 1.045873e+01 8.022194e-02 1.411853e+00 1.352759e+00 1.029783e+01 6.947038e-02 1.992833e+00
39627769600019552 1.211503e+00 1.024751e+01 1.762382e-01 4.170057e+00 1.319806e+00 9.744837e+00 1.196230e-01 2.923661e+00
39627824629287792 1.185529e+00 9.157616e+00 1.369681e-01 5.583797e+00 1.170557e+00 9.417251e+00 1.446220e-01 3.068505e+00
39627764197756992 1.885822e+00 1.087536e+01 3.036820e-01 -8.342836e-01 1.668665e+00 1.101147e+01 3.231122e-01 -9.492985e-01
39627764294222448 1.682957e+00 1.118963e+01 4.543174e-01 -1.097796e+00 1.729566e+00 1.123293e+01 4.695672e-01 -7.495798e-01
39627853469319408 1.459771e+00 1.057661e+01 2.315705e-01 1.269053e+00 1.483384e+00 1.068871e+01 2.604411e-01 -4.782307e-02
39627740046952712 1.214532e+00 9.558476e+00 1.312391e-01 3.113185e+00 1.209688e+00 9.533864e+00 1.277127e-01 3.107861e+00
39627886906315368 1.539889e+00 1.144990e+01 4.268246e-01 4.068401e-01 1.551327e+00 1.149230e+01 4.691115e-01 -8.444005e-01
39627853507073048 1.139379e+00 8.542453e+00 2.540834e-02 4.471325e+00 1.166170e+00 7.701859e+00 0.000000e+00 4.606736e+00
39627805012530504 1.193485e+00 1.081741e+01 2.844724e-01 2.991316e+00 1.299458e+00 1.044506e+01 2.019153e-01 2.087538e+00
39627752080409872 1.104703e+00 9.163300e+00 1.244102e-01 5.100173e+00 1.153895e+00 9.014801e+00 1.009960e-01 3.731723e+00
39627769587437920 1.048097e+00 1.074965e+01 3.094577e-01 4.445198e+00 1.143967e+00 1.047727e+01 3.452449e-01 4.139439e+00
39627762922689464 1.343330e+00 1.037764e+01 1.662332e-01 3.815261e+00 1.411985e+00 1.038687e+01 1.354999e-01 1.258780e+00
39627898990100576 1.748397e+00 1.109326e+01 3.159317e-01 -7.499656e-01 1.667161e+00 1.134528e+01 4.213483e-01 -8.381453e-01
39627770363380736 1.824784e+00 1.010105e+01 8.407718e-02 -6.533416e-01 1.723216e+00 1.014169e+01 6.349497e-02 -8.296835e-01
39627823903672224 1.805966e+00 1.007325e+01 7.632151e-02 -1.405765e+00 1.738651e+00 1.000108e+01 5.119208e-02 -6.966393e-01
39627712851084552 1.592063e+00 1.122944e+01 4.143363e-01 -3.050847e-01 1.647217e+00 1.111439e+01 4.218744e-01 -8.559537e-01
39627733927465384 1.525506e+00 1.106843e+01 3.726368e-01 -5.005798e-01 1.686559e+00 1.108175e+01 3.913993e-01 -8.563334e-01
39627818664984968 1.240970e+00 1.017538e+01 1.843869e-01 2.481714e+00 1.283259e+00 9.972463e+00 1.529897e-01 1.617120e+00
39627799740288640 1.670989e+00 1.079206e+01 2.348291e-01 4.255298e-01 1.757292e+00 1.073757e+01 2.293977e-01 -6.378734e-01
39627829930888416 1.812751e+00 1.078206e+01 2.165897e-01 -1.153502e+00 1.741876e+00 1.099128e+01 2.296189e-01 -9.226093e-01
39627772615724144 1.666632e+00 1.035447e+01 1.746239e-01 -5.208806e-01 1.653704e+00 1.040719e+01 1.621012e-01 -8.160119e-01
39627836113290896 1.589832e+00 1.064999e+01 2.148750e-01 3.156653e-01 1.626402e+00 1.063210e+01 2.515283e-01 6.246114e-01
39627811056519720 1.219591e+00 1.039878e+01 2.000573e-01 2.723725e+00 1.289575e+00 1.031685e+01 1.727974e-01 -3.890167e-01
39627770262719688 1.843081e+00 1.097088e+01 2.588183e-01 -1.645149e+00 1.842404e+00 1.116401e+01 2.686957e-01 -1.095381e+00
39627823303889024 1.825358e+00 1.082802e+01 3.754840e-01 1.145966e+00 1.761017e+00 1.124673e+01 3.751819e-01 -7.533708e-01
39627836650165936 1.497938e+00 1.056426e+01 1.701291e-01 2.758957e-02 1.508302e+00 1.056572e+01 1.554837e-01 -7.726071e-01
39627770275299792 1.692051e+00 1.035879e+01 1.629052e-01 -9.841624e-01 1.670857e+00 1.027391e+01 1.457846e-01 -1.286604e+00
39627787023160944 1.199012e+00 9.615427e+00 7.710016e-02 -3.517651e+00 1.165897e+00 9.807339e+00 7.334095e-02 -2.099058e+00
39627787761355416 1.101735e+00 8.322126e+00 3.660678e-02 5.456401e+00 1.138251e+00 7.604567e+00 0.000000e+00 5.129793e+00
39627812620992704 1.097787e+00 9.857682e+00 1.199966e-01 1.897505e-01 1.182906e+00 9.787739e+00 1.402166e-01 -5.657531e-01
39627718899278424 1.795560e+00 1.049582e+01 2.794325e-01 -7.063984e-01 1.745387e+00 1.085326e+01 2.710735e-01 -9.601260e-01
39627820812476808 1.591697e+00 1.070880e+01 5.571502e-01 1.239412e+00 1.533494e+00 1.121171e+01 5.919198e-01 9.260420e-01
39627817851291328 1.809724e+00 1.045648e+01 2.673602e-01 -8.472251e-01 1.720699e+00 1.081697e+01 2.684049e-01 -6.981796e-01
39627740126648120 1.441369e+00 1.025224e+01 2.304399e-01 -2.064638e-01 1.639599e+00 1.021893e+01 1.821273e-01 -1.093723e+00
39627778559056984 1.585664e+00 1.093377e+01 2.941876e-01 -1.753525e+00 1.758772e+00 1.096702e+01 2.866909e-01 -1.315081e+00
39627775765648120 1.059665e+00 9.217088e+00 2.067522e-01 2.613015e+00 1.041773e+00 9.597544e+00 2.097455e-01 3.991494e+00
39633153798702976 1.574209e+00 1.109779e+01 2.882735e-01 -2.262387e+00 1.511833e+00 1.115126e+01 3.010817e-01 -5.458034e-01
39627802558862144 1.066017e+00 9.403099e+00 5.892277e-02 3.848692e+00 1.212837e+00 9.243190e+00 3.814068e-02 3.827646e+00
39627823295496544 1.378519e+00 1.016006e+01 2.034697e-01 3.177592e+00 1.348229e+00 1.050285e+01 2.221474e-01 1.873754e+00
39627823220004776 1.059960e+00 8.725965e+00 4.081562e-02 3.787450e+00 1.089256e+00 8.332657e+00 1.340431e-02 3.982758e+00
39627799803202128 1.118222e+00 8.940692e+00 7.641739e-02 5.083833e+00 1.138269e+00 8.928964e+00 6.578107e-02 4.981151e+00
39627871781654200 1.278103e+00 1.007830e+01 6.151901e-02 3.379334e+00 1.302502e+00 1.015265e+01 4.822427e-02 2.686334e+00
39627739522663384 1.429261e+00 1.035838e+01 1.759607e-01 1.902686e+00 1.537295e+00 1.027409e+01 1.539077e-01 -3.473144e-01
39627776231217024 1.481391e+00 1.001634e+01 1.430554e-01 4.558788e-02 1.452928e+00 1.019149e+01 1.326968e-01 -1.652483e-01
39627812415475024 1.134215e+00 9.840366e+00 8.224440e-02 4.586671e+00 1.133568e+00 9.582000e+00 6.391196e-02 4.600258e+00
39627769612601512 1.636270e+00 1.054121e+01 1.787230e-01 -4.067912e-01 1.640805e+00 1.052334e+01 1.645319e-01 -1.146137e+00
39627799748677832 1.571025e+00 1.078465e+01 3.031887e-01 -6.967679e-01 1.686100e+00 1.080958e+01 3.036270e-01 -1.122945e+00
39627836650160456 1.704306e+00 9.584891e+00 5.398623e-02 2.177257e-01 1.767626e+00 1.001798e+01 4.736595e-02 -9.007889e-01
39627824016921320 1.704244e+00 1.065970e+01 1.977369e-01 -1.114690e+00 1.676746e+00 1.060241e+01 1.990371e-01 -1.306378e+00
39627853372852880 1.773435e+00 1.082464e+01 2.060330e-01 -1.233840e+00 1.830333e+00 1.092441e+01 1.957986e-01 -1.077120e+00
39627847601488864 1.688870e+00 1.093910e+01 3.854001e-01 -1.901928e-01 1.553113e+00 1.121009e+01 4.243817e-01 -2.915405e-01
39627829452735256 1.650971e+00 1.035006e+01 1.006231e-01 -1.508778e-01 1.737916e+00 1.034375e+01 8.552796e-02 -1.124189e+00
39627775681759672 1.428871e+00 1.085432e+01 2.579329e-01 -1.443994e+00 1.464174e+00 1.075969e+01 2.659735e-01 2.299556e-01
39627746183221080 1.946770e+00 1.034605e+01 2.688541e-01 -3.273411e+00 1.664146e+00 1.080081e+01 2.808452e-01 -9.306442e-01
39627850680107296 1.582981e+00 1.105285e+01 3.129117e-01 -7.474174e-01 1.577581e+00 1.127068e+01 3.460075e-01 -8.491397e-02
39633114225445736 1.893958e+00 1.064587e+01 1.180609e-01 -2.036922e+00 1.807565e+00 1.065293e+01 1.071237e-01 -1.340191e+00
39627781042080912 1.779945e+00 1.073326e+01 2.241407e-01 -1.769306e+00 1.699428e+00 1.065048e+01 2.158982e-01 -1.186911e+00
39627811819883424 1.220947e+00 1.012908e+01 1.331407e-01 2.363311e+00 1.271721e+00 9.844870e+00 1.194366e-01 2.219635e+00
39627739979843360 1.128307e+00 9.195973e+00 1.077293e-01 5.683342e+00 1.145007e+00 8.955779e+00 1.026950e-01 3.640437e+00
39627628545578648 1.839435e+00 1.090572e+01 1.462369e-01 -1.009091e+00 1.835136e+00 1.092199e+01 1.350746e-01 -1.163725e+00
39627768928933184 1.614161e+00 9.975945e+00 1.382618e-01 1.766693e+00 1.613738e+00 1.013690e+01 1.147118e-01 7.371112e-01
39627808556714840 1.131533e+00 9.422755e+00 1.296972e-01 2.953671e+00 1.171619e+00 9.301846e+00 1.194767e-01 3.355333e+00
39633114183500352 1.473498e+00 1.124400e+01 5.045659e-01 -2.224814e-02 1.668769e+00 1.116084e+01 5.508933e-01 -8.338821e-01
39633145313624496 1.243371e+00 9.404746e+00 6.317537e-02 4.878283e+00 1.232558e+00 9.409362e+00 4.203334e-02 3.637661e+00
39627806568613248 1.654839e+00 1.033381e+01 1.717578e-01 -3.772115e+00 1.525515e+00 9.892688e+00 1.452290e-01 -1.132312e+00
39627805079637648 1.763032e+00 1.048906e+01 2.642239e-01 -4.930404e-01 1.721376e+00 1.069168e+01 2.598913e-01 -1.048877e+00
39627787169961008 1.079829e+00 9.519761e+00 6.258030e-02 4.673507e+00 1.164366e+00 9.538846e+00 3.760202e-02 4.482886e+00
39627799031449144 1.767914e+00 1.066805e+01 1.898869e-01 -1.720478e+00 1.729574e+00 1.059212e+01 1.937673e-01 -1.095589e+00
39627836604025904 1.515062e+00 1.022486e+01 1.754944e-01 5.081103e-01 1.552714e+00 1.039151e+01 1.537059e-01 -6.353073e-01
39627790743508704 1.169357e+00 9.737110e+00 1.266800e-01 1.823966e+00 1.158937e+00 9.474277e+00 1.017950e-01 1.522211e+00
39627835991656312 1.281338e+00 9.902428e+00 1.012369e-01 -3.254319e-01 1.257681e+00 9.702528e+00 8.842920e-02 1.947815e+00
39627899111736984 1.786004e+00 1.093319e+01 4.787037e-01 -9.535602e-01 1.629667e+00 1.129324e+01 4.982955e-01 -1.177834e+00
39633286372264160 1.663611e+00 1.097054e+01 4.536376e-01 -1.474902e+00 1.629751e+00 1.122905e+01 4.861868e-01 -7.139367e-01
39627752235599744 1.794164e+00 1.104777e+01 4.234833e-01 -3.494340e-01 1.731089e+00 1.129916e+01 4.504741e-01 -6.613503e-01
39633162359276520 1.651894e+00 1.107132e+01 4.180080e-01 -2.844060e+00 1.621110e+00 1.113608e+01 4.258777e-01 -5.589491e-01
39627751933611680 1.677119e+00 1.097470e+01 2.890288e-01 -7.529336e-01 1.713436e+00 1.098984e+01 2.877104e-01 -1.060355e+00
39627889892655824 1.845100e+00 1.123183e+01 3.344510e-01 -1.079811e+00 1.732963e+00 1.116646e+01 3.796613e-01 -3.995512e-01
39627871517414416 1.418806e+00 9.780432e+00 1.233502e-01 2.942453e-01 1.343283e+00 1.001638e+01 1.129501e-01 1.624451e+00
39627817280865848 1.443907e+00 1.054065e+01 2.852005e-01 3.021655e+00 1.584926e+00 1.048488e+01 2.396931e-01 1.488607e+00
39627812453223792 1.433284e+00 1.015768e+01 2.180686e-01 3.274852e-01 1.374285e+00 1.026833e+01 2.119588e-01 1.455730e+00
39627799115335304 1.210539e+00 1.005453e+01 1.452789e-01 4.755518e+00 1.159810e+00 9.997135e+00 1.673528e-01 4.008388e+00
39627775660789960 1.819256e+00 1.068209e+01 1.772546e-01 -1.273345e+00 1.803426e+00 1.074485e+01 1.782125e-01 -1.042011e+00
39627794358993256 1.822447e+00 1.039588e+01 2.882474e-01 3.350158e+00 1.550833e+00 1.059921e+01 2.743609e-01 -1.041425e+00
39627778332563496 1.168352e+00 9.112373e+00 1.083575e-01 4.483678e+00 1.192191e+00 9.441864e+00 1.240990e-01 3.380735e+00
39627841351980024 1.261356e+00 1.011572e+01 2.291376e-01 3.224402e+00 1.303780e+00 1.031584e+01 2.226950e-01 1.819749e+00
39627880983958392 1.904064e+00 1.086503e+01 2.738766e-01 -2.030384e+00 1.753359e+00 1.103838e+01 2.792693e-01 -1.103573e+00
39627740067923936 1.706042e+00 1.084903e+01 1.793823e-01 -1.532333e+00 1.659810e+00 1.084742e+01 1.666012e-01 -1.195502e+00
39627847433716896 1.449078e+00 1.053158e+01 2.800495e-01 2.857800e+00 1.482871e+00 1.065891e+01 2.511402e-01 8.677421e-01
39627802479168456 1.625625e+00 1.009169e+01 8.710555e-02 -1.894866e+00 1.536138e+00 1.029686e+01 8.786681e-02 -1.779839e-01
39627778307393184 1.626411e+00 1.071342e+01 3.614634e-01 1.228306e-02 1.736737e+00 1.109175e+01 3.824461e-01 -9.408125e-01
39627706819683440 1.743495e+00 1.105062e+01 6.112781e-01 5.800465e-01 1.628089e+00 1.162962e+01 6.915901e-01 7.718096e-01
39633153828061232 1.518212e+00 9.947830e+00 1.018158e-01 1.397814e+00 1.469627e+00 9.996731e+00 9.827052e-02 9.325862e-03
39627832606859904 1.806042e+00 1.154242e+01 4.739798e-01 -8.225696e-01 1.733510e+00 1.142356e+01 5.140556e-01 -7.597811e-01
39633157984619320 1.617528e+00 1.096493e+01 3.580392e-01 -1.780776e+00 1.674429e+00 1.097352e+01 4.008876e-01 -7.806664e-01
39627758225069280 1.656845e+00 1.012440e+01 1.382116e-01 -1.238728e+00 1.608156e+00 1.008004e+01 1.320608e-01 -1.107544e+00
39627776285738056 1.708466e+00 1.037079e+01 1.625589e-01 3.701525e-01 1.716927e+00 1.033076e+01 1.458021e-01 -8.329290e-01
39627763010766128 1.675355e+00 1.062975e+01 4.621010e-01 3.651237e-01 1.618520e+00 1.118738e+01 5.117674e-01 9.390846e-01
39627797190151536 1.113638e+00 1.097942e+01 5.256202e-01 3.401838e+00 1.139117e+00 1.064295e+01 3.764178e-01 3.583711e+00
39627800361042288 1.766894e+00 1.059511e+01 1.725218e-01 -8.477066e-01 1.783939e+00 1.062695e+01 1.532909e-01 -1.158916e+00
39627835211518832 1.597789e+00 1.028101e+01 1.840755e-01 4.299175e-01 1.598122e+00 1.023965e+01 1.664076e-01 -1.343903e+00
39627830035747464 1.250023e+00 1.024184e+01 1.624681e-01 4.055595e+00 1.286768e+00 1.025474e+01 1.260594e-01 2.820084e+00
39627796753942864 1.779997e+00 1.081893e+01 2.760637e-01 -1.941038e+00 1.727195e+00 1.095327e+01 3.014095e-01 -1.378336e+00
39627889645194832 1.884260e+00 1.035031e+01 9.505367e-02 -7.237483e-01 1.816633e+00 1.043226e+01 7.856680e-02 -1.246280e+00
39627769574855208 1.777311e+00 1.126063e+01 4.444606e-01 -1.280424e+00 1.761692e+00 1.134378e+01 4.792566e-01 -7.223366e-01
39627830169964920 1.679630e+00 1.135672e+01 4.931638e-01 -1.698092e+00 1.748816e+00 1.135240e+01 5.249871e-01 -6.335770e-01
39627762784277448 1.729472e+00 1.091608e+01 4.588253e-01 -4.974793e-01 1.646852e+00 1.133130e+01 4.946962e-01 -7.173535e-01
39627778475165360 1.757911e+00 1.109866e+01 3.573261e-01 -1.569167e+00 1.749226e+00 1.105120e+01 3.642823e-01 -5.468733e-01
39627764248088192 1.190711e+00 9.897552e+00 1.493131e-01 2.808733e+00 1.242142e+00 9.813062e+00 1.316785e-01 2.954520e+00
39627823136117536 1.552346e+00 1.081958e+01 1.936110e-01 7.391422e-01 1.601362e+00 1.086085e+01 2.002813e-01 -1.763957e-01
39627770283692448 1.522730e+00 1.049398e+01 2.184723e-01 -6.467921e-02 1.445030e+00 1.064116e+01 2.417384e-01 -3.456908e-02
39627859572034104 1.463097e+00 1.057957e+01 1.274745e-01 -4.803216e-01 1.396175e+00 1.074714e+01 1.512760e-01 2.012261e+00
39627802688887616 1.575365e+00 9.810546e+00 6.902088e-02 1.332134e+00 1.775540e+00 1.007128e+01 5.746399e-02 -9.555497e-01
39627830564230104 1.312376e+00 1.005922e+01 1.666482e-01 -1.481689e+00 1.327932e+00 9.964679e+00 1.309832e-01 1.245374e+00
39627811236874592 1.140421e+00 8.787732e+00 8.542885e-02 1.816401e+00 1.126958e+00 8.510067e+00 6.833847e-02 2.348758e+00
39627814604898504 1.220645e+00 9.731490e+00 7.417020e-02 -1.230530e+00 1.243043e+00 9.694448e+00 5.807196e-02 -1.101223e+00
39633123255783184 1.543361e+00 1.067069e+01 1.559923e-01 4.811412e-01 1.590387e+00 1.072983e+01 1.498008e-01 -6.843467e-01
39627766890504840 1.650897e+00 9.812027e+00 4.594652e-02 -4.525092e-01 1.758604e+00 1.002804e+01 4.845664e-02 -6.993806e-01
39627752055244176 1.626280e+00 9.866514e+00 1.146386e-01 6.573457e-01 1.682169e+00 1.005925e+01 8.933559e-02 -2.282593e-01
39627803208976576 1.011148e+00 9.743322e+00 2.078252e-01 6.406942e+00 1.156573e+00 1.028773e+01 2.221317e-01 3.849475e+00
39627790470876816 1.582382e+00 1.120049e+01 4.324948e-01 1.523279e+00 1.470197e+00 1.142455e+01 4.568831e-01 -4.229319e-01
39627824662842152 1.308455e+00 1.047252e+01 1.497319e-01 -1.121809e+00 1.518652e+00 1.039997e+01 1.418831e-01 -1.877606e+00
39627779058172808 1.440640e+00 9.934714e+00 1.802619e-01 -2.304443e-01 1.329039e+00 1.011385e+01 1.851819e-01 -1.703746e+00
39627752076215552 1.382373e+00 9.428874e+00 1.258483e-01 6.875997e-01 1.246291e+00 9.616464e+00 1.312822e-01 2.089608e+00
39627811236875800 1.410383e+00 9.923781e+00 1.398010e-01 2.371084e+00 1.419713e+00 9.814400e+00 9.360647e-02 9.660630e-01
39627734082651216 1.657986e+00 1.154590e+01 4.052361e-01 -7.044139e-01 1.818822e+00 1.139779e+01 4.074481e-01 -7.178770e-01
39627829368853376 1.423703e+00 9.754907e+00 5.063039e-02 4.345514e-01 1.375205e+00 9.694841e+00 2.701582e-02 1.887616e+00
39627787690053928 1.290967e+00 1.030880e+01 2.632603e-01 7.072087e+00 1.372727e+00 1.026998e+01 2.348363e-01 4.591093e+00
39627751077970760 1.477778e+00 1.132910e+01 5.143166e-01 1.152811e+00 1.480943e+00 1.115537e+01 5.809622e-01 -3.186941e-02
39627746099332808 1.307109e+00 9.931827e+00 5.611464e-02 2.977230e+00 1.316563e+00 9.749525e+00 3.616443e-02 2.552646e+00
39633158219499576 1.719311e+00 1.100797e+01 3.845315e-01 -1.349410e+00 1.689686e+00 1.110257e+01 4.043245e-01 -1.033307e+00
39627811895382336 1.180032e+00 9.289994e+00 9.519373e-02 4.796451e+00 1.161358e+00 9.582833e+00 1.061514e-01 3.812562e+00
39627817998094232 1.241045e+00 1.148797e+01 7.401537e-01 5.819057e+00 1.226889e+00 1.144342e+01 8.296729e-01 5.558558e+00
39633149679895416 1.284283e+00 9.602632e+00 8.638929e-02 2.536173e+00 1.283692e+00 9.585032e+00 7.474126e-02 2.672979e+00
39627836109098736 1.275850e+00 1.075603e+01 1.783541e-01 2.552401e+00 1.350101e+00 1.074791e+01 1.944216e-01 2.197732e+00
39633162699015768 1.697703e+00 1.113629e+01 4.424821e-01 -2.165816e+00 1.697199e+00 1.114272e+01 4.564514e-01 -8.939950e-01
39627853494486408 1.189863e+00 8.244741e+00 2.579058e-02 3.299875e+00 1.179751e+00 8.460692e+00 1.084135e-02 4.481121e+00
39627764294222976 1.021903e+00 1.014626e+01 1.455248e-01 2.598648e+00 1.057083e+00 9.926896e+00 1.550829e-01 2.446485e+00
39627664624980104 1.712470e+00 1.084470e+01 3.529262e-01 9.110211e-01 1.696671e+00 1.112410e+01 3.808540e-01 2.853751e-01
39627739442971008 1.642937e+00 1.063213e+01 1.311404e-01 -1.890723e+00 1.659453e+00 1.077546e+01 1.396559e-01 -6.448109e-01
39627853431570552 1.509246e+00 1.060312e+01 1.974982e-01 -1.149634e+00 1.549289e+00 1.060304e+01 2.049253e-01 -1.669558e-01
39627802382703672 1.537976e+00 1.096383e+01 3.200241e-01 -1.562299e+00 1.704264e+00 1.097176e+01 3.353651e-01 -1.169595e+00
39627814785260704 1.183168e+00 9.204039e+00 7.725813e-02 1.175626e+00 1.177654e+00 8.762022e+00 6.681463e-02 2.933495e+00
39627877611733752 1.467203e+00 1.082414e+01 1.691640e-01 -4.339629e+00 1.625348e+00 1.081304e+01 1.769105e-01 -1.732577e+00
39627823974975408 1.079005e+00 9.278837e+00 4.744837e-02 4.237640e+00 1.114944e+00 9.056423e+00 4.125547e-02 4.709008e+00
39627758166343944 1.385545e+00 1.066332e+01 2.802494e-01 2.658649e+00 1.468467e+00 1.076227e+01 2.601529e-01 9.972929e-01
39627818698539496 1.113164e+00 9.628745e+00 8.790787e-02 6.946993e-01 1.159606e+00 9.928175e+00 1.088025e-01 1.442515e+00
39627787107046544 1.681848e+00 1.131346e+01 4.585177e-01 -1.409913e+00 1.734904e+00 1.123943e+01 4.818717e-01 -6.337280e-01
39627793952149840 1.670550e+00 1.157131e+01 5.849233e-01 3.996646e-02 1.680112e+00 1.149641e+01 6.414359e-01 2.107389e-01
39627830744585512 1.546032e+00 1.036867e+01 2.258206e-01 -2.234986e+00 1.475313e+00 1.047734e+01 2.687209e-01 -8.592064e-01
39627853486101864 1.735912e+00 1.034193e+01 1.540220e-01 -1.738443e+00 1.728987e+00 1.048405e+01 1.518661e-01 -8.851732e-01
39627800365238320 1.597109e+00 1.086681e+01 4.888289e-01 -1.244458e+00 1.650714e+00 1.115531e+01 5.301886e-01 -9.571949e-01
39627752172687096 1.560267e+00 1.032900e+01 2.096516e-01 -1.059821e+00 1.559900e+00 1.051442e+01 2.026608e-01 -5.555180e-01
39627733482867760 1.608892e+00 1.102155e+01 3.080843e-01 -1.527355e+00 1.673936e+00 1.099130e+01 3.253018e-01 -8.388711e-01
39627812453221680 1.336123e+00 9.657531e+00 1.244664e-01 1.950152e+00 1.251122e+00 9.680254e+00 1.319791e-01 1.545453e+00
39633123125756208 1.745297e+00 1.135266e+01 3.013957e-01 -1.396391e+00 1.765213e+00 1.130508e+01 2.958553e-01 -1.311974e+00
39627817985511688 1.203274e+00 9.200939e+00 7.683375e-02 1.064992e+00 1.250116e+00 9.162314e+00 7.446551e-02 2.046917e+00
39627824629289856 1.402824e+00 1.050750e+01 2.029527e-01 1.042170e+00 1.382646e+00 1.056929e+01 1.917875e-01 1.493737e+00
39627781780277608 1.860714e+00 1.046334e+01 1.234694e-01 -2.329933e+00 1.765607e+00 1.044500e+01 1.093112e-01 -1.137541e+00
39627802676304064 1.160257e+00 9.402996e+00 8.310118e-02 8.460819e-02 1.159257e+00 9.583481e+00 1.239783e-01 6.774001e-01
39627763656689232 1.297473e+00 1.000847e+01 1.942658e-01 3.386117e+00 1.322000e+00 1.005874e+01 1.428723e-01 2.348301e+00
39627794459657024 1.549830e+00 1.073730e+01 2.825274e-01 -2.233559e+00 1.542388e+00 1.082916e+01 2.957483e-01 -1.171625e+00
39627658614544392 1.287752e+00 1.113283e+01 3.562856e-01 -4.662789e+00 1.155801e+00 1.100304e+01 3.805251e-01 -1.171571e-01
39627788306616240 1.160729e+00 9.743660e+00 1.208591e-01 3.650497e+00 1.185006e+00 9.367814e+00 1.038010e-01 2.736515e+00
39627781633478416 1.551719e+00 1.018019e+01 1.172399e-01 7.143066e-01 1.586143e+00 9.886767e+00 9.928414e-02 6.736135e-02
39633158366298288 1.478367e+00 1.148272e+01 5.059096e-01 -7.173223e-01 1.617200e+00 1.149866e+01 5.600733e-01 -8.198072e-01
39627785060228824 1.997387e+00 1.022159e+01 7.955833e-02 -2.686087e+00 1.785175e+00 1.023449e+01 5.280501e-02 -1.175195e+00
39627811962487168 1.677386e+00 1.083510e+01 2.909625e-01 -1.031595e-01 1.742845e+00 1.082983e+01 2.915615e-01 -4.198663e-01
39627817515746640 1.193762e+00 9.759066e+00 7.224251e-02 3.676024e+00 1.240407e+00 9.628359e+00 5.215304e-02 3.194094e+00
39627745499547976 1.783563e+00 1.066498e+01 2.096970e-01 -1.294607e-02 1.750083e+00 1.088554e+01 2.188728e-01 -1.128852e+00
39627805159327216 1.384292e+00 1.050990e+01 1.997964e-01 3.166968e+00 1.261267e+00 1.063783e+01 2.252296e-01 3.134884e+00
39627817268285472 1.296536e+00 9.632288e+00 8.746677e-02 1.498811e+00 1.395494e+00 9.252139e+00 6.448610e-02 -3.274058e-01
39627752109773296 1.127342e+00 1.019422e+01 2.042225e-01 4.331728e+00 1.173062e+00 9.928356e+00 1.814441e-01 4.095667e+00
39633132072209472 1.791591e+00 1.110579e+01 2.256898e-01 -1.729630e+00 1.746552e+00 1.105982e+01 2.321968e-01 -1.446039e-01
39627823316471920 9.755807e-01 8.276197e+00 8.196295e-02 2.131190e+00 1.003782e+00 8.187356e+00 4.833104e-02 9.768595e-01
39627818383972464 1.140315e+00 9.698874e+00 1.005080e-01 3.624197e+00 1.169738e+00 9.507243e+00 8.012269e-02 4.114989e+00
39633127609470224 1.820789e+00 1.099747e+01 3.239963e-01 -1.170844e+00 1.751550e+00 1.107901e+01 3.355225e-01 -7.235878e-01
39627766915668136 1.689777e+00 1.105091e+01 3.506119e-01 -1.096282e+00 1.730929e+00 1.116212e+01 3.635035e-01 -4.427758e-01
39627769574853344 1.690632e+00 1.077265e+01 1.792352e-01 1.061375e-01 1.785351e+00 1.074156e+01 1.724194e-01 -6.981466e-01
39627829301743080 1.790444e+00 1.056733e+01 1.467777e-01 -2.032624e+00 1.792090e+00 1.055853e+01 1.393186e-01 -1.101271e+00
39627811375285816 1.808863e+00 1.100118e+01 3.708713e-01 -4.578753e-01 1.705431e+00 1.106346e+01 3.807253e-01 -5.459877e-01
39627812520329480 1.369320e+00 1.059835e+01 2.908233e-01 5.677735e-01 1.377189e+00 1.083078e+01 3.307838e-01 1.287023e+00
39633144940331504 1.423932e+00 1.124721e+01 5.564567e-01 3.160780e-01 1.587761e+00 1.135366e+01 5.838968e-01 -1.068870e+00
39627829196883040 1.715195e+00 1.112484e+01 3.528211e-01 -1.598198e+00 1.553261e+00 1.115871e+01 3.284374e-01 -9.684658e-02
39627824641868960 1.642136e+00 1.084942e+01 2.859513e-01 -4.155381e+00 1.692169e+00 1.094909e+01 2.890484e-01 -1.541097e+00
39627871592909392 1.162818e+00 1.030104e+01 1.547263e-01 3.864733e+00 1.220712e+00 1.021842e+01 1.149630e-01 3.265148e+00
39627775648205744 1.351242e+00 1.034855e+01 2.617925e-01 -3.148354e+00 1.300248e+00 1.017429e+01 2.592322e-01 8.714669e-01
39627874990296352 1.681482e+00 1.124448e+01 3.681890e-01 -2.780944e+00 1.599484e+00 1.139170e+01 3.830545e-01 -5.880324e-01
39633131950572688 1.722448e+00 1.095990e+01 2.966227e-01 -7.077647e-01 1.662979e+00 1.128474e+01 3.136084e-01 4.241028e-01
39627817180202728 1.222265e+00 9.078668e+00 6.996736e-02 5.051754e+00 1.177339e+00 9.136271e+00 5.680296e-02 4.331522e+00
39627814525214920 1.114153e+00 1.035266e+01 2.046461e-01 4.469911e+00 1.137153e+00 1.014341e+01 1.968131e-01 4.685447e+00
39627782317148064 1.655353e+00 1.087895e+01 3.506856e-01 -8.022289e-01 1.744545e+00 1.107819e+01 3.665165e-01 -7.099985e-01
39627770329829392 1.738552e+00 1.066729e+01 3.100211e-01 9.949193e-01 1.700566e+00 1.093471e+01 3.262939e-01 2.676550e-01
39627799106946600 1.141024e+00 9.972322e+00 1.465914e-01 3.940764e+00 1.197626e+00 1.002719e+01 1.176890e-01 3.504620e+00
39627787711023816 1.084768e+00 1.111669e+01 3.260792e-01 3.038437e+00 1.153811e+00 1.106842e+01 3.539724e-01 2.882710e+00
39627628558161896 1.678565e+00 1.123859e+01 4.001471e-01 2.224936e-01 1.730608e+00 1.119405e+01 3.890397e-01 -3.176637e-01
39627757084216944 1.481037e+00 1.060825e+01 2.984314e-01 -1.854217e+00 1.426912e+00 1.068972e+01 2.991429e-01 -8.770045e-01
39627760599040896 1.116378e+00 1.045857e+01 2.879900e-01 1.955712e+00 1.184275e+00 1.021375e+01 2.691428e-01 3.927010e+00
39627800356850608 1.233505e+00 1.072170e+01 2.554040e-01 4.549841e+00 1.301762e+00 1.050944e+01 2.140346e-01 2.517054e+00
39627757461703080 1.229505e+00 1.010210e+01 1.529193e-01 1.173615e+00 1.210195e+00 1.001574e+01 1.363062e-01 2.782723e+00
39633123008316656 2.308675e+00 1.128052e+01 3.287638e-01 -4.904682e-01 1.779236e+00 1.128136e+01 3.598320e-01 -4.281111e-01
39627746116113664 1.729626e+00 1.086279e+01 3.260760e-01 -3.219565e-01 1.684568e+00 1.124079e+01 3.311022e-01 -8.132628e-01
39627774851285704 1.758944e+00 1.018428e+01 1.089363e-01 -2.290698e+00 1.720788e+00 1.025477e+01 1.057342e-01 -7.208441e-01
39627802839882064 1.014669e+00 7.229841e+00 2.302932e-02 3.564615e+00 1.084298e+00 6.949434e+00 0.000000e+00 4.149398e+00
39627806459561280 1.164199e+00 9.473824e+00 2.577545e-01 4.291489e+00 1.127486e+00 9.610830e+00 2.438824e-01 3.666542e+00
39633286359682592 1.272360e+00 1.072128e+01 4.825053e-01 -2.215978e+00 1.299415e+00 1.095279e+01 5.145974e-01 8.202952e-01
39627824578957904 1.597471e+00 1.103845e+01 3.051180e-01 -1.388382e+00 1.558010e+00 1.087931e+01 3.288494e-01 1.965521e-01
39627676687794856 1.168298e+00 1.032781e+01 2.954727e-01 5.015114e+00 1.155645e+00 1.018719e+01 3.386928e-01 4.452679e+00
39627812620997584 1.416329e+00 1.000228e+01 1.408667e-01 8.403208e-01 1.352333e+00 1.020047e+01 1.377418e-01 1.279447e+00
39627761140106616 1.192572e+00 1.004349e+01 2.802281e-01 4.213949e+00 1.221390e+00 1.002681e+01 2.425950e-01 2.675098e+00
39627847664403208 1.685547e+00 1.051935e+01 1.677300e-01 1.466192e-01 1.727538e+00 1.040735e+01 1.423616e-01 -2.699932e-01
39627817868071096 1.126801e+00 9.778172e+00 8.992592e-02 3.007445e+00 1.157510e+00 9.595490e+00 5.988511e-02 4.240421e+00
39627856774435480 1.663584e+00 1.110190e+01 3.643588e-01 5.901093e-01 1.698241e+00 1.106392e+01 3.953182e-01 -8.662273e-01
39627769667127736 1.430785e+00 1.088632e+01 3.543383e-01 -7.655020e-01 1.699724e+00 1.099122e+01 3.806280e-01 -4.016781e-01
39627802718246104 1.817207e+00 1.085290e+01 3.949682e-01 7.248086e-01 1.686419e+00 1.104817e+01 3.955432e-01 -8.294014e-01
39627781713171048 1.360831e+00 1.048409e+01 2.026778e-01 2.337571e+00 1.297644e+00 1.064313e+01 2.329668e-01 3.054343e+00
39627841314229456 1.413403e+00 1.085039e+01 3.231765e-01 1.899614e-01 1.532034e+00 1.088621e+01 3.285385e-01 -1.862709e-01
39627814747513440 1.257424e+00 1.120094e+01 5.922140e-01 4.028362e+00 1.267092e+00 1.126274e+01 6.294973e-01 2.639892e+00
39627746019644224 1.706043e+00 1.103248e+01 3.082916e-01 -8.966959e-01 1.782223e+00 1.107979e+01 1.550894e-01 -1.385169e+00
39627794367387448 1.225465e+00 1.077674e+01 3.462250e-01 4.442063e+00 1.228873e+00 1.066848e+01 3.597018e-01 3.931087e+00
39627788302418080 1.259529e+00 1.049644e+01 2.580813e-01 3.881318e+00 1.296348e+00 1.044585e+01 2.606312e-01 2.331391e+00
39627781616697744 1.455858e+00 1.092558e+01 2.082865e-01 2.905777e+00 1.393767e+00 1.094177e+01 2.018279e-01 2.694299e+00
39627790584122768 1.612166e+00 1.107021e+01 5.030108e-01 -8.930144e-01 1.633867e+00 1.124719e+01 5.376083e-01 -1.080967e+00
39627755083538432 1.334710e+00 1.072710e+01 5.633732e-01 4.929459e+00 1.269846e+00 1.107730e+01 6.372194e-01 5.336223e+00
39633154071331848 1.972340e+00 1.094629e+01 4.749887e-01 -1.805673e+00 1.680398e+00 1.121842e+01 5.217388e-01 2.295792e-03
39627835521892936 1.685197e+00 1.136525e+01 5.731885e-01 -6.918307e-01 1.668268e+00 1.149915e+01 6.350780e-01 4.208219e-02
39633113898289296 1.579907e+00 1.013206e+01 8.406278e-02 3.243106e-01 1.545566e+00 9.907096e+00 7.081878e-02 1.219171e+00
39627790756087840 1.264179e+00 9.242229e+00 8.151213e-02 3.121361e+00 1.239853e+00 9.135114e+00 5.358483e-02 3.416870e+00
39627823886894080 1.128881e+00 8.371072e+00 4.932750e-02 5.155270e+00 1.124779e+00 8.305016e+00 3.210983e-02 5.114737e+00
39627794497409720 1.620242e+00 1.104252e+01 4.142430e-01 1.255080e+00 1.615423e+00 1.116886e+01 4.257757e-01 -4.993510e-01
39627778403865600 1.365708e+00 1.006022e+01 7.975012e-02 2.002399e+00 1.366699e+00 1.003126e+01 5.226111e-02 2.091555e+00
39627799140501592 1.816449e+00 1.106753e+01 2.194555e-01 1.970580e-01 1.810467e+00 1.102022e+01 2.143169e-01 -8.148503e-01
39627811903771368 1.094232e+00 9.582286e+00 1.739324e-01 1.159142e-01 1.184810e+00 9.460238e+00 1.776424e-01 2.285187e+00
39627739501691288 1.397392e+00 1.037263e+01 1.767594e-01 2.716408e+00 1.333632e+00 1.030549e+01 1.619566e-01 1.367615e+00
39627787966877784 1.571430e+00 1.069344e+01 3.189164e-01 -1.636671e+00 1.635856e+00 1.083156e+01 3.006939e-01 -1.015607e+00
39627776206048080 1.472823e+00 1.061545e+01 1.938229e-01 -2.975950e+00 1.406471e+00 1.073020e+01 2.462353e-01 1.375880e+00
39627805981411336 1.210890e+00 1.124030e+01 5.719875e-01 3.412778e+00 1.370724e+00 1.130411e+01 6.269271e-01 2.514181e-01
39627763757352360 1.943391e+00 1.103268e+01 2.337078e-01 -1.031567e+00 1.834876e+00 1.109862e+01 2.332898e-01 -1.021644e+00
39627788474386832 1.455564e+00 1.037979e+01 1.006233e-01 1.315533e+00 1.565921e+00 1.025885e+01 8.781503e-02 8.421304e-01
39627763539251624 1.559949e+00 1.118443e+01 5.695092e-01 -3.778192e-01 1.610712e+00 1.130984e+01 6.246587e-01 2.855550e-01
39627776369623936 1.282868e+00 1.014430e+01 2.032535e-01 -6.424735e-01 1.181545e+00 1.028245e+01 2.579996e-01 1.228455e+00
39627818543349952 1.633163e+00 1.087340e+01 3.057863e-01 -1.261382e+00 1.609074e+00 1.088929e+01 3.257203e-01 -6.201499e-01
39627768886988088 1.125776e+00 9.714553e+00 1.301477e-01 1.592157e+00 1.182050e+00 9.423921e+00 1.254603e-01 2.759164e+00
39627732748865856 1.905874e+00 1.079684e+01 4.846445e-01 -1.153840e+00 1.692802e+00 1.125126e+01 5.072410e-01 -7.821356e-01
39627786930884120 1.396808e+00 9.455235e+00 5.228075e-02 2.441990e+00 1.429211e+00 9.516851e+00 4.506503e-02 1.198879e+00
39627821265453464 1.864275e+00 1.073460e+01 1.206600e-01 -1.534105e+00 1.801240e+00 1.063700e+01 1.135983e-01 -9.410375e-01
39627764243890696 1.769529e+00 1.085696e+01 2.014705e-01 -5.238861e-01 1.695092e+00 1.092924e+01 2.048157e-01 -9.108998e-01
39627781100802616 1.605153e+00 1.106425e+01 3.430136e-01 -3.130778e+00 1.651386e+00 1.104982e+01 3.849445e-01 -6.950668e-01
39627758275396512 1.260642e+00 9.881651e+00 8.320597e-02 3.114299e+00 1.345402e+00 9.823432e+00 6.548713e-02 1.852483e+00
39633114196085992 1.512494e+00 1.117998e+01 3.841796e-01 9.171512e-01 1.502502e+00 1.104939e+01 3.841621e-01 4.544640e-02
39627774821927824 1.236752e+00 9.727249e+00 1.002080e-01 3.797280e+00 1.291948e+00 9.632572e+00 6.961076e-02 1.875034e+00
39627830484535168 1.773215e+00 1.094189e+01 4.384451e-01 -3.854333e-01 1.682107e+00 1.118302e+01 4.797509e-01 -5.939516e-01
39627794371582104 1.752727e+00 1.093766e+01 3.415233e-01 -1.991378e+00 1.665282e+00 1.091274e+01 3.524668e-01 -5.511725e-01
39627817880650728 1.226777e+00 9.739653e+00 1.228585e-01 2.537153e+00 1.245282e+00 9.854119e+00 1.350624e-01 3.166470e+00
39627812608414632 1.396168e+00 1.026642e+01 1.685109e-01 -5.984786e-01 1.435030e+00 1.019520e+01 1.587745e-01 -1.967033e+00
39627871618074144 1.638878e+00 1.092216e+01 4.379099e-01 -1.020764e+00 1.701049e+00 1.122802e+01 4.617916e-01 -6.123520e-01
39627776394793008 1.228269e+00 9.867147e+00 1.478751e-01 2.146640e+00 1.227808e+00 9.730052e+00 1.555131e-01 9.724165e-01
39627830618754208 1.426291e+00 1.003285e+01 1.635352e-01 -2.396388e+00 1.423494e+00 1.012291e+01 1.653315e-01 -1.593801e+00
39627781759306864 1.285253e+00 9.644108e+00 1.591222e-01 3.252859e+00 1.222958e+00 9.546419e+00 1.383975e-01 1.966836e+00
39627751413514400 1.428232e+00 1.070235e+01 2.903795e-01 3.498779e+00 1.504387e+00 1.060587e+01 2.635600e-01 1.846959e+00
39627830086079128 1.524424e+00 1.041885e+01 1.863558e-01 1.574425e+00 1.465856e+00 1.053460e+01 1.878173e-01 2.117437e+00
39627824541210000 1.759463e+00 1.119791e+01 3.763824e-01 -6.173884e-01 1.777754e+00 1.123812e+01 3.867898e-01 -5.524698e-01
39627758053102536 1.134602e+00 1.101811e+01 4.422635e-01 4.835166e+00 1.171686e+00 1.100918e+01 5.058470e-01 4.473524e+00
39627824574762816 1.802456e+00 1.097462e+01 3.142350e-01 -4.400645e-01 1.770133e+00 1.113358e+01 3.123043e-01 -9.477937e-01
39627814483264232 9.278572e-01 9.865936e+00 1.143722e-01 -3.754225e+00 1.060810e+00 9.616714e+00 8.443584e-02 -1.186969e+00
39627923119934128 2.050279e+00 1.093737e+01 2.827431e-01 -1.939817e+00 1.810991e+00 1.125441e+01 3.145740e-01 -1.557107e+00
39627778672296512 1.706452e+00 1.131361e+01 4.216825e-01 -4.213345e-01 1.778647e+00 1.132473e+01 4.407880e-01 -7.225356e-01
39627815229855016 1.348264e+00 9.887607e+00 1.218767e-01 1.290650e+00 1.287164e+00 9.894170e+00 8.608836e-02 2.153542e+00
39627814684590288 1.713492e+00 1.145894e+01 3.719401e-01 -1.477715e+00 1.809170e+00 1.132060e+01 3.533959e-01 -6.582187e-01
39627768958290104 1.742223e+00 1.095267e+01 2.111060e-01 -8.368909e-02 1.796408e+00 1.096597e+01 2.071519e-01 -5.270647e-01
39627774855484968 1.899388e+00 1.111185e+01 3.623796e-01 -1.151673e+00 1.752338e+00 1.125117e+01 3.887832e-01 -4.199951e-01
39627830010580624 1.494386e+00 1.051871e+01 1.506124e-01 1.094198e+00 1.722040e+00 1.045880e+01 1.358542e-01 -5.945576e-01
39633136576890576 1.566653e+00 8.846049e+00 3.121981e-02 -6.861491e-02 1.494119e+00 9.390590e+00 5.232814e-02 1.565756e+00
39633153874200856 1.126944e+00 8.039643e+00 2.194891e-02 4.705826e+00 1.154457e+00 7.360789e+00 0.000000e+00 4.725217e+00
39627758262815104 1.564836e+00 1.144408e+01 5.248535e-01 9.990074e-01 1.647740e+00 1.132109e+01 5.666353e-01 -8.750036e-01
39627745923171232 1.577937e+00 1.063672e+01 2.149651e-01 -1.193590e+00 1.554029e+00 1.075453e+01 2.055989e-01 -3.029412e-01
39633145263296064 1.784814e+00 1.114481e+01 3.787639e-01 -1.166545e+00 1.723980e+00 1.112908e+01 4.080309e-01 -3.754849e-01
39627793775985648 1.943488e+00 1.067679e+01 1.300525e-01 -1.988020e+00 1.829766e+00 1.073822e+01 1.310950e-01 -1.102639e+00
39627775006474648 1.797104e+00 1.130350e+01 3.260242e-01 6.899582e-01 1.809358e+00 1.130035e+01 3.369507e-01 -6.683960e-01
39627805322908112 1.903489e+00 1.124347e+01 4.999238e-01 -4.768080e-01 1.747250e+00 1.143653e+01 5.257218e-01 -6.879240e-01
39627768895374224 1.217405e+00 1.002758e+01 1.727251e-01 1.618376e+00 1.281405e+00 9.683716e+00 1.334570e-01 1.522439e+00
39627830631335616 1.664791e+00 1.008846e+01 1.693032e-01 -3.531018e+00 1.577891e+00 1.034164e+01 1.397860e-01 -8.501316e-01
39627760909419200 1.682413e+00 1.057954e+01 2.013239e-01 7.006225e-02 1.692293e+00 1.066145e+01 1.976294e-01 4.807926e-01
39627824042086752 1.635132e+00 1.051991e+01 1.904514e-01 1.209526e+00 1.713743e+00 1.036783e+01 1.722384e-01 -5.708200e-01
39627830576812712 1.714397e+00 1.021830e+01 9.393213e-02 -1.798228e-01 1.775811e+00 1.025401e+01 8.794524e-02 -1.137211e+00
39627793025205352 1.172666e+00 8.961886e+00 7.185862e-02 4.270026e+00 1.157838e+00 8.934619e+00 4.927114e-02 4.693267e+00
39627850692695144 1.621442e+00 1.116040e+01 2.272551e-01 -6.776685e-01 1.799237e+00 1.097236e+01 2.158470e-01 -7.532843e-01
39627799048228328 1.211886e+00 9.652038e+00 5.318016e-02 3.600192e+00 1.247795e+00 9.616386e+00 4.067813e-02 3.345548e+00
39627823245170040 1.966628e+00 1.082556e+01 2.925841e-01 -1.562707e+00 1.709166e+00 1.088747e+01 2.858661e-01 -1.396591e+00
39627835551253808 1.163305e+00 8.154617e+00 3.155114e-02 4.730690e+00 1.165755e+00 7.917887e+00 1.992732e-03 4.470643e+00
39627740063730696 1.529400e+00 1.126963e+01 5.203546e-01 -2.121640e+00 1.600409e+00 1.138543e+01 5.911515e-01 -5.568137e-01
39627768878601640 1.221289e+00 1.065324e+01 2.258533e-01 3.879883e+00 1.274042e+00 1.064510e+01 2.137322e-01 3.043829e+00
39627770195609520 1.760543e+00 1.133758e+01 3.795667e-01 -9.223641e-01 1.792694e+00 1.130212e+01 3.903382e-01 -6.049951e-01
39627823169669504 1.321489e+00 1.037644e+01 2.022965e-01 1.946935e+00 1.337795e+00 1.054120e+01 1.921763e-01 1.490762e+00
39627775040028784 1.538387e+00 1.051256e+01 1.496084e-01 -1.696234e+00 1.701546e+00 1.054015e+01 1.382814e-01 -1.073668e+00
39627841268091832 1.307977e+00 8.892673e+00 5.027259e-02 4.562047e+00 1.210253e+00 8.587986e+00 2.937558e-02 3.605243e+00
39627787308370352 1.525099e+00 9.952200e+00 1.441657e-01 2.208828e-01 1.451069e+00 1.032828e+01 1.456058e-01 1.237595e-01
39627841385534560 1.177147e+00 8.886959e+00 5.806602e-02 5.241284e+00 1.252648e+00 8.885369e+00 4.437852e-02 2.784428e+00
39627812373530320 1.803225e+00 1.042372e+01 1.156124e-01 -1.111596e+00 1.809949e+00 1.051288e+01 1.058036e-01 -1.101665e+00
39627811069105600 1.460167e+00 9.913347e+00 1.029813e-01 4.944378e-01 1.538788e+00 9.862977e+00 9.789211e-02 -2.543566e-01
39633132072207080 1.472892e+00 1.118918e+01 5.209175e-01 -3.074779e+00 1.458640e+00 1.119888e+01 6.226418e-01 1.722216e+00
39627764243890408 1.224869e+00 9.895105e+00 2.158319e-01 2.572111e+00 1.241917e+00 1.012833e+01 2.415942e-01 2.997838e+00
39627767104410968 1.658212e+00 1.072560e+01 1.865586e-01 -4.891946e-01 1.688526e+00 1.074216e+01 1.913377e-01 -5.541443e-01
39627836771795056 1.004729e+00 8.037065e+00 3.423331e-02 -6.944788e-02 1.031444e+00 7.386906e+00 0.000000e+00 4.382802e-01
39627817964536528 1.098116e+00 8.785137e+00 8.421331e-02 1.398276e+00 1.114199e+00 8.377384e+00 5.997011e-02 2.364612e+00
39627778219319656 1.450608e+00 1.113148e+01 3.294119e-01 -1.622060e+00 1.684991e+00 1.100114e+01 2.974402e-01 -8.440636e-01
39627799878701816 1.772638e+00 1.085687e+01 2.730054e-01 1.539959e-01 1.762067e+00 1.092424e+01 2.679347e-01 -8.434854e-01
39627794396741800 1.687505e+00 1.076376e+01 3.280487e-01 5.745587e-01 1.685698e+00 1.087394e+01 3.395735e-01 -1.585750e-01
39627788222729672 1.756814e+00 1.123524e+01 3.588578e-01 -1.304449e+00 1.760487e+00 1.134494e+01 3.898576e-01 -3.750230e-01
39627811224290776 1.778748e+00 1.097680e+01 3.594516e-01 -1.530777e+00 1.740259e+00 1.119543e+01 3.765142e-01 -3.146334e-01
39627871618075904 1.669852e+00 1.084397e+01 2.605238e-01 -2.309302e+00 1.553072e+00 1.091445e+01 2.604412e-01 -2.616740e-01
39627768996037480 1.732093e+00 1.003665e+01 8.411746e-02 -1.794676e+00 1.605616e+00 1.003453e+01 6.681928e-02 2.089585e-01
39627805062861304 1.815474e+00 1.032484e+01 1.569987e-01 -3.602764e+00 1.674253e+00 1.027326e+01 1.472202e-01 -1.237303e+00
39627775681760648 1.508655e+00 1.001631e+01 1.091443e-01 -7.696639e-01 1.518547e+00 1.028950e+01 1.265276e-01 5.274181e-01
39633154012610712 1.762665e+00 1.093904e+01 2.507165e-01 -7.345816e-01 1.743853e+00 1.104608e+01 2.603518e-01 -1.251796e+00
39633118621076976 1.152499e+00 1.013486e+01 1.403317e-01 3.695938e+00 1.210909e+00 1.006982e+01 1.352175e-01 3.698569e+00
39627802563060104 1.524984e+00 9.658555e+00 7.381345e-02 2.047171e+00 1.413810e+00 9.829177e+00 4.721189e-02 1.007933e+00
39627832778823096 1.876019e+00 1.111352e+01 5.803757e-01 -1.959440e+00 1.681155e+00 1.153967e+01 6.338260e-01 -4.084023e-01
39627824604121984 1.557484e+00 9.791657e+00 1.592760e-01 1.021652e+00 1.528872e+00 9.960383e+00 1.612505e-01 1.647260e+00
39627805167717632 1.645996e+00 1.132030e+01 4.089062e-01 5.855945e-02 1.568728e+00 1.141633e+01 3.697296e-01 2.298362e-01
39627766244574208 9.684403e-01 9.265838e+00 1.163403e-01 8.922724e-01 1.075470e+00 8.868339e+00 1.029622e-01 7.174997e-01
39627800499454000 1.059978e+00 9.341751e+00 1.171911e-01 5.599543e+00 1.139894e+00 8.931171e+00 9.805669e-02 3.902866e+00
39627770220779472 1.134783e+00 9.911979e+00 1.198269e-01 1.802401e+00 1.180254e+00 9.427784e+00 8.846056e-02 1.614110e+00
39627774855482848 1.290742e+00 1.047288e+01 2.844855e-01 3.216702e+00 1.275121e+00 1.051544e+01 2.661941e-01 3.172886e+00
39633153706427656 1.223452e+00 9.646666e+00 9.514383e-02 5.245614e+00 1.202509e+00 9.309978e+00 6.391132e-02 3.693124e+00
39627787014768008 1.134024e+00 1.052100e+01 2.374008e-01 3.980806e+00 1.163645e+00 1.028142e+01 2.476184e-01 4.420039e+00
39627811199127272 1.642428e+00 1.035894e+01 1.825859e-01 -1.120955e+00 1.565387e+00 1.042732e+01 1.739192e-01 -3.889532e-01
39627788470193960 1.209872e+00 1.011768e+01 3.229083e-01 4.846424e+00 1.201546e+00 1.025289e+01 3.385451e-01 3.712437e+00
39627808900652880 1.712088e+00 1.005536e+01 8.047459e-02 -1.890789e+00 1.570511e+00 1.002292e+01 5.892333e-02 -1.732811e-01
39627818543354784 1.098783e+00 9.421084e+00 1.179447e-01 4.131799e+00 1.178207e+00 9.223050e+00 9.202181e-02 3.961398e+00
39627841364561392 1.345730e+00 1.094650e+01 2.818127e-01 2.545248e+00 1.401027e+00 1.083073e+01 2.102559e-01 2.175732e+00
39627823354219496 1.238349e+00 9.907824e+00 8.203928e-02 3.741371e+00 1.256686e+00 9.605103e+00 4.080389e-02 3.012232e+00
39627808909036672 1.743313e+00 1.064373e+01 2.653917e-01 -2.860949e-01 1.668788e+00 1.069191e+01 2.666121e-01 -9.883641e-01
39627805243215032 1.610339e+00 9.905370e+00 7.136447e-02 -9.224518e-02 1.550951e+00 9.914361e+00 3.965099e-02 8.843216e-01
39633140557286448 1.712242e+00 1.090396e+01 4.507326e-01 -4.186373e+00 1.724968e+00 1.126258e+01 4.761765e-01 -6.564159e-01
39627751539346616 1.175153e+00 9.453697e+00 5.125209e-02 3.792193e+00 1.291113e+00 9.252355e+00 3.119972e-02 2.940313e+00
39627740067923248 1.344632e+00 9.599122e+00 5.634071e-02 -2.555473e+00 1.412915e+00 9.377934e+00 1.701416e-02 8.036543e-01
39627769201562384 1.719103e+00 1.037704e+01 1.249639e-01 -7.766285e-01 1.679796e+00 1.057526e+01 1.368678e-01 -1.199111e+00
39627739933707760 1.682318e+00 1.088788e+01 4.040050e-01 -8.661708e-01 1.657652e+00 1.113409e+01 4.434116e-01 -1.246364e+00
39627794409325216 1.154755e+00 1.020134e+01 2.228052e-01 4.102709e+00 1.181052e+00 9.896091e+00 1.935648e-01 3.537148e+00
39627817301837272 1.626258e+00 1.027351e+01 1.438026e-01 7.102805e-02 1.232546e+00 1.033156e+01 1.047228e-01 2.937352e+00
39627841255506408 1.323733e+00 9.987630e+00 1.483723e-01 2.719522e+00 1.295815e+00 1.000591e+01 1.333400e-01 2.305098e+00
39627826562868216 1.462118e+00 1.113403e+01 5.910593e-01 4.008329e+00 1.493999e+00 1.134200e+01 5.236548e-01 -1.703305e-01
39627824004336200 1.792496e+00 1.061115e+01 1.658595e-01 -2.167426e+00 1.721533e+00 1.058965e+01 1.612096e-01 -1.324152e+00
39627652566353296 1.530392e+00 1.107852e+01 3.817787e-01 -7.333262e-01 1.571437e+00 1.101397e+01 3.562484e-01 -6.362127e-01
39627794509990280 1.167481e+00 9.624813e+00 1.664371e-01 3.532798e+00 1.175527e+00 9.426566e+00 1.382326e-01 2.966383e+00
39627796816863328 1.653487e+00 1.047298e+01 2.446224e-01 -5.022975e-01 1.606739e+00 1.053968e+01 2.559857e-01 -6.258895e-01
39627806082076264 1.879660e+00 1.028023e+01 1.222513e-01 -1.457621e+00 1.781589e+00 1.060740e+01 1.256716e-01 -9.613823e-01
39627829205271648 1.079205e+00 1.073410e+01 2.580444e-01 3.028234e+00 1.164423e+00 1.031594e+01 1.786078e-01 1.549513e+00
39627764365525440 1.677261e+00 1.110627e+01 3.850192e-01 6.283049e-02 1.722361e+00 1.120104e+01 3.977936e-01 -5.150371e-01
39627806522478048 1.243279e+00 1.059782e+01 2.863762e-01 2.392555e+00 1.330818e+00 1.060461e+01 2.578695e-01 2.352538e+00
39627746061586512 1.421812e+00 1.033340e+01 2.043592e-01 8.791333e-01 1.648076e+00 1.046825e+01 2.052827e-01 2.422020e-01
39633118671406984 1.898239e+00 1.086223e+01 3.218952e-01 2.796969e-01 1.679917e+00 1.102848e+01 3.500167e-01 -4.764673e-01
39627772632504560 1.191908e+00 9.871123e+00 1.872838e-01 -3.123284e-01 1.238575e+00 1.009847e+01 2.242102e-01 5.088693e-01
39627794392552352 1.658655e+00 1.083255e+01 3.258733e-01 -1.780833e+00 1.686194e+00 1.098141e+01 3.477404e-01 -5.754935e-01
39627776235406544 1.176225e+00 9.820107e+00 1.386941e-01 3.230720e+00 1.222981e+00 9.764291e+00 1.218886e-01 2.477843e+00
39627746053197576 1.153164e+00 9.972034e+00 1.395016e-01 4.043674e+00 1.159511e+00 9.916717e+00 1.712069e-01 4.153428e+00
39627790680590608 1.113031e+00 7.315756e+00 2.346017e-02 3.462132e+00 1.153448e+00 7.477158e+00 0.000000e+00 1.576769e+00
39627740025981016 1.423178e+00 1.115834e+01 5.974923e-01 -6.649896e-01 1.342551e+00 1.134184e+01 6.295090e-01 3.120752e+00
39627752042662560 1.498132e+00 1.038505e+01 1.614891e-01 2.212050e+00 1.675197e+00 1.027027e+01 1.240986e-01 -5.877527e-01
39627806493118160 1.780765e+00 1.088864e+01 4.105752e-01 -8.984514e-01 1.565756e+00 1.113946e+01 3.791084e-01 -7.121814e-01
39627763660885776 1.098007e+00 9.965784e+00 1.644386e-01 3.751501e+00 1.123888e+00 9.628592e+00 1.368638e-01 5.155261e+00
39627805088027472 1.241736e+00 9.508389e+00 2.074852e-01 3.246162e+00 1.194512e+00 9.793515e+00 1.948417e-01 2.303756e-01
39627823450689312 1.609582e+00 1.065834e+01 1.553697e-01 -4.578296e-01 1.611515e+00 1.032875e+01 1.150117e-01 -4.121411e-02
39627803204787888 1.200302e+00 1.043184e+01 2.084004e-01 1.796157e-01 1.263801e+00 1.057376e+01 2.428378e-01 1.259449e+00
39627824516043120 1.695861e+00 1.121179e+01 3.791831e-01 -6.248725e-01 1.720858e+00 1.113423e+01 3.859204e-01 -5.484842e-01
39627844778726864 1.671248e+00 1.146083e+01 5.184646e-01 -7.684335e-01 1.712975e+00 1.146824e+01 5.980414e-01 -3.841941e-01
39627799362799144 1.496617e+00 1.078090e+01 4.110461e-01 -6.771415e-01 1.670528e+00 1.114340e+01 4.323531e-01 -6.762109e-01
39627768954095216 1.441753e+00 1.096760e+01 3.054150e-01 2.924317e+00 1.374264e+00 1.092833e+01 3.245094e-01 2.486176e+00
39627739401030176 1.250948e+00 1.019123e+01 1.651292e-01 8.997958e-02 1.365445e+00 9.848502e+00 1.243053e-01 7.759928e-01
39627823240970712 1.509382e+00 1.047842e+01 1.156598e-01 1.675261e+00 1.515201e+00 1.056173e+01 9.206095e-02 7.957455e-01
39627787203512824 1.448904e+00 1.073362e+01 1.329710e-01 -5.103071e-01 1.805608e+00 1.073267e+01 1.247264e-01 -1.310079e+00
39627823211614440 1.028922e+00 8.703056e+00 7.162531e-02 3.474085e+00 1.122131e+00 8.305672e+00 4.663070e-02 2.094604e+00
39627805259990920 2.072503e+00 1.107243e+01 3.583589e-01 -1.978390e+00 1.796769e+00 1.129162e+01 3.908032e-01 -7.707781e-01
39627658622933488 1.910398e+00 1.077006e+01 3.556661e-01 -1.375403e+00 1.743641e+00 1.118534e+01 3.775959e-01 -4.393904e-01
39633149365322224 1.690051e+00 1.017107e+01 9.582578e-02 -6.107869e-01 1.788468e+00 1.030359e+01 6.965277e-02 -9.950662e-01
39627746183221080 1.120752e+00 1.016236e+01 2.057088e-01 6.590810e+00 1.140757e+00 9.968935e+00 1.944758e-01 3.691942e+00
39627818006480488 1.620391e+00 1.004638e+01 8.239903e-02 -4.296950e-01 1.691896e+00 1.006163e+01 7.066393e-02 -6.763490e-01
39627798985310752 1.385470e+00 9.677310e+00 7.840423e-02 -4.430549e-01 1.307172e+00 9.538933e+00 6.032883e-02 5.687182e-01
39627793088121304 1.312817e+00 1.034301e+01 1.671656e-01 3.460708e+00 1.551408e+00 1.031622e+01 1.546548e-01 -5.610471e-01
39627850663333408 1.589273e+00 1.123316e+01 4.095555e-01 -2.777231e+00 1.712514e+00 1.130797e+01 4.195730e-01 -9.264581e-01
39627823463270400 1.572440e+00 1.135039e+01 5.288084e-01 5.620676e-01 1.487917e+00 1.124792e+01 5.885236e-01 1.965017e+00
39627746007057552 1.129142e+00 9.751251e+00 1.341377e-01 7.666940e-01 1.200864e+00 9.562593e+00 1.320051e-01 2.970387e+00
39627806480532904 1.216522e+00 9.494765e+00 1.268470e-01 2.993716e+00 1.215185e+00 9.723724e+00 1.297888e-01 1.641833e+00
39627823245167880 1.258169e+00 1.050692e+01 2.375556e-01 4.338305e+00 1.313985e+00 1.043652e+01 2.107725e-01 2.417397e+00
39627784250724048 1.177290e+00 1.052735e+01 2.280870e-01 4.313930e+00 1.218485e+00 1.057098e+01 2.401292e-01 3.433905e+00
39627745457605896 1.777682e+00 1.000545e+01 1.078775e-01 5.184899e-01 1.604996e+00 1.004572e+01 1.132290e-01 -1.885310e-01
39627758317345504 1.830672e+00 1.128157e+01 2.664756e-01 7.589363e-01 1.843630e+00 1.122250e+01 2.806277e-01 -1.042384e+00
39627769734237904 1.547700e+00 1.030178e+01 1.036624e-01 -2.305181e-01 1.516299e+00 1.034948e+01 9.793791e-02 6.760497e-01
39627780979165656 1.454962e+00 1.079456e+01 2.152268e-01 1.034701e-01 1.451892e+00 1.080390e+01 2.200073e-01 1.757463e+00
39627784359774096 1.748109e+00 1.000374e+01 8.645406e-02 -1.687474e+00 1.696038e+00 1.009659e+01 6.928010e-02 -8.774292e-01
39627803217363296 1.679768e+00 1.101139e+01 5.750930e-01 -7.428445e-01 1.634602e+00 1.141770e+01 6.251870e-01 2.059425e-01
39627818664985296 1.512129e+00 1.027734e+01 1.817331e-01 5.101889e-01 1.641074e+00 1.018236e+01 1.440791e-01 -1.416502e+00
39627750809535552 1.022810e+00 1.003984e+01 2.520114e-01 6.083594e+00 1.075203e+00 8.950510e+00 1.409965e-01 2.812627e+00
39627740105676584 1.676418e+00 1.123914e+01 3.760997e-01 9.434798e-02 1.733660e+00 1.120304e+01 3.726851e-01 -4.774872e-01
39627841423280832 1.282401e+00 1.149191e+01 6.143949e-01 3.924321e+00 1.307527e+00 1.138972e+01 6.393102e-01 3.374117e+00
39627862797453264 1.681973e+00 1.064728e+01 1.612749e-01 -8.022733e-01 1.766209e+00 1.079474e+01 1.518522e-01 -1.570553e+00
39627775660791312 1.142200e+00 8.761624e+00 8.426993e-02 2.723259e+00 1.116773e+00 8.663327e+00 7.244813e-02 1.485107e+00
39627784695318120 1.669356e+00 1.132648e+01 4.388393e-01 -3.003426e+00 1.690747e+00 1.135321e+01 4.877792e-01 -8.741369e-01
39627787648108560 1.180718e+00 8.904859e+00 6.415960e-02 5.114376e+00 1.160280e+00 9.262659e+00 7.247065e-02 4.690611e+00
39627784275892536 1.268187e+00 1.098590e+01 5.487911e-01 2.696880e+00 1.235730e+00 1.126426e+01 6.069371e-01 3.370296e+00
39627782325536992 1.468901e+00 1.018348e+01 1.506831e-01 -1.222129e+00 1.567201e+00 9.878133e+00 1.203530e-01 4.083651e-02
39627767133768408 1.737795e+00 1.104322e+01 2.608296e-01 -9.344466e-03 1.747737e+00 1.109629e+01 2.727000e-01 -5.256556e-01
39627830593589912 1.139212e+00 7.826097e+00 2.582635e-02 1.552565e+00 1.142183e+00 7.551800e+00 0.000000e+00 4.676502e+00
39627652595720216 1.773159e+00 1.097389e+01 5.074683e-01 -2.371241e-01 1.662596e+00 1.124884e+01 5.374376e-01 -8.960017e-01
39627792962290768 1.778118e+00 1.054114e+01 2.002171e-01 -2.085383e+00 1.818874e+00 1.094095e+01 1.977601e-01 -9.176697e-01
39627788411469928 1.712573e+00 1.044103e+01 1.788934e-01 -1.089388e+00 1.715187e+00 1.047673e+01 1.802602e-01 -1.212129e+00
39627763069485664 1.205454e+00 9.438956e+00 8.470599e-02 3.415702e+00 1.224830e+00 9.166267e+00 6.494984e-02 3.157771e+00
39627745474380512 1.114748e+00 8.994915e+00 1.069718e-01 4.631802e+00 1.125359e+00 9.011835e+00 1.032934e-01 9.750397e-01
39627905155729024 1.237921e+00 1.131117e+01 6.000601e-01 3.708071e+00 1.306733e+00 1.129525e+01 6.115744e-01 2.911270e+00
39627829171720744 1.182367e+00 9.204830e+00 1.042343e-01 7.192513e-01 1.180771e+00 9.213200e+00 1.085909e-01 1.746037e+00
39627792962292224 1.530092e+00 1.052928e+01 1.556108e-01 3.694099e-01 1.675904e+00 1.024356e+01 1.218138e-01 -5.269994e-01
39627794258333456 2.027591e+00 1.042848e+01 1.393311e-01 -1.713854e+00 1.679063e+00 1.037081e+01 1.302414e-01 -1.267678e+00
39627805830420000 1.654661e+00 1.088549e+01 2.850704e-01 -4.951223e-01 1.797279e+00 1.106941e+01 2.899430e-01 -7.379695e-01
39627830086076864 1.629957e+00 1.056903e+01 1.863838e-01 -1.522431e-01 1.674527e+00 1.061272e+01 1.787929e-01 -9.997339e-01
39627763501502872 1.480002e+00 8.553780e+00 2.823629e-02 1.018363e+00 1.412217e+00 8.284371e+00 0.000000e+00 2.573923e+00
39627658643901904 1.599638e+00 1.068289e+01 3.081180e-01 -2.062317e+00 1.626538e+00 1.089466e+01 3.293293e-01 -1.021391e+00
39627847416940176 1.654195e+00 1.038876e+01 1.974617e-01 -1.637217e+00 1.632591e+00 1.038417e+01 1.992670e-01 -1.195858e+00
39627780903670560 1.222611e+00 9.908290e+00 1.452767e-01 2.033226e+00 1.209070e+00 9.933379e+00 1.524760e-01 3.198500e+00
39627787882987760 1.733806e+00 1.047184e+01 1.100766e-01 -2.281559e+00 1.770448e+00 1.044398e+01 9.742749e-02 -1.277484e+00
39627769054757024 1.646400e+00 1.046098e+01 9.848157e-02 4.340801e-01 1.664927e+00 1.046648e+01 8.303125e-02 -9.879417e-01
39627770300466560 1.486391e+00 1.093026e+01 2.902811e-01 2.200631e+00 1.677942e+00 1.100623e+01 2.897637e-01 -1.491218e+00
39627818513990888 1.297543e+00 1.091219e+01 2.490316e-01 4.081835e+00 1.262280e+00 1.085055e+01 2.443590e-01 2.426305e+00
39627811798911848 1.524024e+00 1.062221e+01 1.330410e-01 2.035498e+00 1.663144e+00 1.041347e+01 1.223945e-01 1.804749e-01
39627794338025944 1.376664e+00 1.033074e+01 1.534506e-01 -3.016917e-02 1.434869e+00 1.028527e+01 1.392111e-01 3.354184e-01
39627793738240768 1.146238e+00 8.935701e+00 6.907723e-02 1.089240e+00 1.169284e+00 8.947653e+00 6.829195e-02 1.688945e+00
39627812449027352 1.063953e+00 9.009233e+00 1.243867e-01 5.395492e-01 1.100847e+00 8.762366e+00 1.077337e-01 3.050597e+00
39627744820070264 1.591122e+00 1.102241e+01 4.789903e-01 1.435261e+00 1.559337e+00 1.130123e+01 5.026495e-01 -2.269000e-01
39627817930983768 1.149328e+00 9.185324e+00 1.061199e-01 2.397828e+00 1.174975e+00 9.254079e+00 1.054988e-01 3.071195e+00
39627781046278000 1.211946e+00 1.025917e+01 1.814623e-01 -8.008983e-01 1.222435e+00 1.029322e+01 2.062948e-01 2.625034e+00
39627841331004640 2.062048e+00 1.083922e+01 1.973461e-01 -3.760094e+00 1.699564e+00 1.080353e+01 1.995222e-01 -1.158700e+00
39627823203221992 1.229642e+00 1.029443e+01 2.621924e-01 2.179444e+00 1.322912e+00 1.039196e+01 2.651012e-01 1.038629e-01
39627818602070648 1.293914e+00 1.075894e+01 2.887568e-01 2.669855e-01 1.357501e+00 1.038896e+01 2.187586e-01 -3.135477e-01
39627811975071712 1.530315e+00 1.029168e+01 1.545334e-01 -1.849475e+00 1.668454e+00 1.034665e+01 1.470619e-01 -1.625435e+00
39633136245541248 1.332493e+00 1.004404e+01 1.177669e-01 2.725947e+00 1.212419e+00 1.058302e+01 1.664363e-01 3.525661e+00
39627762868161712 1.664744e+00 1.014395e+01 1.991662e-01 -1.084762e+00 1.632122e+00 1.035444e+01 1.954762e-01 -8.149456e-01
39627757612698936 1.742646e+00 1.033002e+01 1.576121e-01 1.299934e-02 1.700217e+00 1.045288e+01 1.449006e-01 -6.220446e-01
39627751442877320 1.137940e+00 9.161701e+00 1.774131e-01 2.096904e+00 1.108613e+00 9.221747e+00 1.663680e-01 2.095821e+00
39627775631429736 1.199688e+00 1.002055e+01 1.623849e-01 2.580789e+00 1.219281e+00 9.927711e+00 1.592373e-01 3.052459e+00
39627871521605768 1.793594e+00 1.091119e+01 2.023653e-01 -8.470228e-01 1.825624e+00 1.100526e+01 1.972136e-01 -1.023478e+00
39627796833634880 1.164492e+00 1.084323e+01 2.366278e-01 4.234938e+00 1.214646e+00 1.079558e+01 2.279512e-01 3.118602e+00
39627853486101880 1.455174e+00 9.767917e+00 1.516382e-01 7.231935e-01 1.393463e+00 1.015326e+01 1.637614e-01 3.271240e+00
39627817431860616 1.762335e+00 9.838596e+00 6.327922e-02 -3.453085e-01 1.717648e+00 9.632086e+00 3.257684e-02 -5.319717e-01
39627774939369200 1.462022e+00 1.080475e+01 2.871200e-01 6.373986e-01 1.400705e+00 1.065980e+01 2.338303e-01 4.910805e-01
39627778651331616 1.571985e+00 1.077077e+01 1.780521e-01 3.187124e-01 1.751553e+00 1.069532e+01 1.429833e-01 -1.241769e+00
39627785022473800 1.762629e+00 1.099207e+01 4.066474e-01 -1.414710e-01 1.702093e+00 1.105006e+01 4.117890e-01 -6.630661e-01
39633153857422096 1.776437e+00 1.024251e+01 1.222831e-01 -1.161166e-01 1.657457e+00 1.041126e+01 1.245596e-01 -6.921123e-01
39627744761348600 1.786665e+00 1.086261e+01 4.565066e-01 2.391943e-01 1.739489e+00 1.132085e+01 4.698476e-01 -7.281901e-01
39627796758141344 1.083913e+00 9.478129e+00 8.088277e-02 4.215281e+00 1.123384e+00 9.438429e+00 5.392578e-02 4.808427e+00
39627745503740752 1.141344e+00 1.031852e+01 1.574431e-01 5.036640e-01 1.371817e+00 1.027965e+01 1.587978e-01 9.306644e-01
39633153660291120 1.291734e+00 1.018279e+01 1.367002e-01 3.117142e+00 1.290866e+00 1.026639e+01 1.525069e-01 2.240506e+00
39627817108899424 1.352661e+00 1.045787e+01 1.486338e-01 -4.169537e+00 1.638285e+00 1.025227e+01 1.412909e-01 -1.371940e+00
39627871601298104 1.645907e+00 1.023148e+01 9.920909e-02 3.206156e-01 1.613992e+00 1.009842e+01 8.429141e-02 5.473924e-02
39627811094269032 1.969128e+00 1.086615e+01 2.918991e-01 -1.772170e+00 1.796486e+00 1.097163e+01 2.670463e-01 -1.352837e+00
39627750717261088 1.851607e+00 1.110741e+01 4.070602e-01 -1.075619e+00 1.788568e+00 1.133697e+01 4.062320e-01 -6.636580e-01
39627757491060864 1.184223e+00 9.089533e+00 9.608161e-02 4.378178e+00 1.174291e+00 8.911228e+00 6.915306e-02 3.614496e+00
39627787740383144 1.165423e+00 9.153565e+00 7.998779e-02 3.700069e+00 1.146645e+00 9.311164e+00 7.925044e-02 3.733896e+00
39627781142745920 1.298643e+00 1.076474e+01 1.232226e-01 3.434465e+00 1.311479e+00 1.065578e+01 1.019519e-01 2.441875e+00
39627794413519344 1.104174e+00 8.586981e+00 1.093177e-01 4.077706e+00 1.131171e+00 8.903607e+00 9.911297e-02 4.239886e+00
39627812625187616 1.719517e+00 9.874172e+00 6.351163e-02 -4.147618e-01 1.695993e+00 1.012087e+01 5.724446e-02 -8.564714e-01
39627823308080144 1.188833e+00 1.014711e+01 2.049782e-01 4.947055e+00 1.175883e+00 1.023021e+01 2.155914e-01 4.161693e+00
39627797123044960 1.071292e+00 9.589089e+00 2.770321e-01 3.448604e+00 1.135034e+00 1.010739e+01 2.740805e-01 4.957654e+00
39627817427665664 1.876083e+00 1.067160e+01 1.090930e-01 -2.471855e+00 1.818365e+00 1.051482e+01 8.585635e-02 -1.149773e+00
39633153991641280 1.192881e+00 1.117675e+01 5.598989e-01 -3.905927e+00 1.194226e+00 1.116118e+01 7.062542e-01 1.855703e-01
39627806593782192 1.126036e+00 9.646484e+00 1.709793e-01 -1.909955e+00 1.097069e+00 9.394872e+00 1.545474e-01 3.666398e-01
39627769549685384 2.044593e+00 1.048241e+01 1.442748e-01 -2.752833e-01 1.739815e+00 1.054769e+01 1.329098e-01 -4.629320e-01
39627823291305664 1.254030e+00 1.004169e+01 1.677161e-01 4.356832e+00 1.242434e+00 1.022777e+01 1.628324e-01 3.177992e+00
39627799861920160 1.169702e+00 9.120685e+00 9.581833e-02 5.037917e+00 1.247467e+00 8.048880e+00 9.297937e-03 2.676376e+00
39627770275304176 1.304529e+00 9.969471e+00 2.155644e-01 3.686689e+00 1.221686e+00 1.010371e+01 1.808220e-01 4.508357e-01
39627799262137736 1.709066e+00 1.065353e+01 1.439117e-01 -1.170805e+00 1.729855e+00 1.082000e+01 1.641500e-01 -2.009019e+00
39627829515652208 1.650236e+00 1.104603e+01 4.666587e-01 -1.015197e+00 1.668588e+00 1.118421e+01 4.929043e-01 -4.279730e-01
39627799882892656 1.631488e+00 1.059756e+01 2.171656e-01 9.855135e-02 1.636753e+00 1.068093e+01 1.959395e-01 -1.570671e+00
39627781767696656 1.289114e+00 1.066197e+01 2.050319e-01 2.729096e+00 1.343235e+00 1.034495e+01 1.857411e-01 1.454714e-01
39633145221353536 1.722150e+00 1.108308e+01 4.447590e-01 4.177460e-01 1.666343e+00 1.114970e+01 4.792095e-01 -4.860147e-01
39627782283596432 1.154348e+00 9.215692e+00 1.337353e-01 5.146253e+00 1.140008e+00 9.178989e+00 1.220176e-01 4.149455e+00
39627806396647784 1.614299e+00 1.051059e+01 1.130390e-01 7.030687e-01 1.522151e+00 1.065337e+01 1.280984e-01 7.783355e-01
39627746028032848 2.073004e+00 1.024348e+01 2.136312e-01 -2.034941e+00 1.654507e+00 1.039358e+01 1.961301e-01 -1.402128e+00
39627769096705296 1.542683e+00 1.112892e+01 3.897179e-01 -1.048646e+00 1.586287e+00 1.114701e+01 4.205071e-01 -8.172543e-01
39627788327586248 1.150846e+00 1.020971e+01 1.874165e-01 -5.243867e-01 1.220939e+00 1.000490e+01 2.148946e-01 2.514418e+00
39627814713953312 1.010669e+00 7.665866e+00 1.535245e-02 3.928144e+00 1.094176e+00 7.291675e+00 0.000000e+00 4.351758e+00
39633145363958184 1.539562e+00 1.134483e+01 5.281808e-01 -4.165866e+00 1.649339e+00 1.130411e+01 5.710570e-01 -7.624595e-01
39627745436635144 1.199724e+00 9.932861e+00 1.372225e-01 -3.595333e+00 1.288465e+00 9.756836e+00 1.314554e-01 2.367364e-01
39627772263402976 1.528217e+00 1.042190e+01 1.549778e-01 -1.909889e-01 1.520009e+00 1.056067e+01 1.507443e-01 -3.247522e-01
39627809160694568 1.515379e+00 1.028776e+01 1.146808e-01 3.333601e-01 1.391464e+00 1.051085e+01 1.445906e-01 1.715543e+00
39627718886695416 1.394974e+00 1.087928e+01 2.371703e-01 1.966650e+00 1.459470e+00 1.088167e+01 2.324899e-01 2.962122e+00
39627739480721584 1.809487e+00 1.084273e+01 3.789446e-01 6.779527e-03 1.703104e+00 1.104872e+01 3.816516e-01 -6.342044e-01
39627746015448096 1.368184e+00 1.127976e+01 5.422732e-01 1.139041e+00 1.357651e+00 1.138740e+01 6.152017e-01 3.202122e+00
39627761056228088 1.693607e+00 1.139694e+01 5.963263e-01 -1.310488e+00 1.613065e+00 1.145404e+01 6.968030e-01 1.743870e-01
39627796699418712 1.289149e+00 9.113959e+00 5.713984e-02 2.742847e+00 1.467115e+00 9.019017e+00 2.882220e-02 1.678538e-01
39627745952531256 1.369447e+00 1.102561e+01 4.089259e-01 7.412834e-02 1.694231e+00 1.121446e+01 4.236916e-01 -7.717241e-01
39627836574666304 1.750920e+00 1.110285e+01 4.262805e-01 -7.804285e-01 1.692740e+00 1.126363e+01 4.583214e-01 -6.012051e-01
39627823983365440 1.761356e+00 1.114088e+01 3.608458e-01 -1.050633e+00 1.740446e+00 1.115494e+01 3.868800e-01 -6.142666e-01
39627640503536152 1.771933e+00 1.125169e+01 2.799364e-01 -6.986766e-01 1.727030e+00 1.129988e+01 2.765760e-01 -9.669166e-01
39627751489012408 1.785272e+00 1.077763e+01 1.702836e-01 -2.672678e+00 1.699776e+00 1.078043e+01 1.694954e-01 -1.537468e+00
39627856942204384 1.808070e+00 1.108455e+01 3.358230e-01 -1.696524e+00 1.750008e+00 1.122979e+01 3.440049e-01 -1.020562e+00
39627770237553896 1.733354e+00 1.079063e+01 1.756562e-01 -7.238869e-01 1.726741e+00 1.080455e+01 1.747556e-01 -1.281772e+00
39627835345735192 1.613088e+00 1.106920e+01 3.344004e-01 -6.606427e-01 1.736188e+00 1.106099e+01 3.504006e-01 -7.295498e-01
39627768790516152 1.588107e+00 1.077874e+01 2.708085e-01 -2.141541e+00 1.557381e+00 1.079705e+01 2.836961e-01 -3.569915e-01
39627824079832416 1.394006e+00 9.078866e+00 7.801271e-02 9.993554e-01 1.343964e+00 9.109024e+00 5.574487e-02 -9.827914e-01
39627817964539320 1.629513e+00 1.055442e+01 1.317257e-01 3.582814e-01 1.748271e+00 1.039398e+01 1.134577e-01 -9.449217e-01
39627781688004920 1.093596e+00 8.922903e+00 7.658541e-02 -4.725090e-01 1.172533e+00 8.513883e+00 4.831409e-02 2.916078e+00
39627832564915576 1.446902e+00 1.039428e+01 9.011820e-02 1.375749e+00 1.468866e+00 1.050998e+01 8.980604e-02 1.177962e+00
39627781784470896 1.074031e+00 8.679465e+00 7.874946e-02 3.060464e+00 1.110410e+00 8.595635e+00 6.294608e-02 4.046687e+00
39633132122540792 1.291413e+00 8.921404e+00 5.902258e-02 2.418704e+00 1.301930e+00 8.878754e+00 3.358977e-02 1.911092e+00
39627757616893816 1.164517e+00 1.014904e+01 1.985529e-01 2.069967e+00 1.222736e+00 9.831763e+00 1.664728e-01 1.310430e+00
39627787039933952 1.049648e+00 8.568887e+00 7.054870e-02 5.586950e+00 1.069126e+00 8.575417e+00 4.845506e-02 5.508233e+00
39627904966983832 1.497797e+00 1.108492e+01 3.466668e-01 -2.766288e+00 1.592031e+00 1.120685e+01 3.609196e-01 -7.379090e-01
39627895764685360 1.480017e+00 1.029148e+01 8.256289e-02 -1.876382e-01 1.623731e+00 1.023340e+01 5.633184e-02 -1.435798e-01
39627796326128568 1.811830e+00 1.067088e+01 1.520326e-01 -1.932907e+00 1.764361e+00 1.071457e+01 1.475901e-01 -1.518952e+00
39627793285256064 1.460564e+00 1.095046e+01 4.642647e-01 1.534436e+00 1.367435e+00 1.128000e+01 4.668569e-01 -1.141704e-01
39627830572617096 1.094967e+00 1.035506e+01 1.747658e-01 -1.265841e+00 1.249672e+00 1.069071e+01 2.492249e-01 2.587301e+00
39633145049386784 1.670909e+00 1.060693e+01 1.557725e-01 -3.333293e-01 1.721539e+00 1.063533e+01 1.128953e-01 -9.398414e-01
39633131891855456 2.006043e+00 1.092059e+01 2.331797e-01 -9.213304e-01 1.804142e+00 1.095320e+01 2.444635e-01 -8.492972e-01
39627803116710000 1.231613e+00 1.080619e+01 3.524594e-01 -2.086199e-01 1.255813e+00 1.043823e+01 3.246025e-01 2.002477e+00
39627790386994416 1.988681e+00 1.090491e+01 2.548692e-01 -2.827696e+00 1.826146e+00 1.105052e+01 2.511334e-01 -1.205313e+00
39627782476534464 1.878485e+00 1.121049e+01 2.365962e-01 -1.046529e+00 1.851077e+00 1.117599e+01 2.418480e-01 -1.112871e+00
39627784699515096 1.054432e+00 9.667844e+00 1.949400e-01 -5.820941e-01 1.134112e+00 9.557710e+00 2.066230e-01 9.254140e-01
39627764227114080 1.120162e+00 8.576929e+00 8.148874e-02 4.877455e+00 1.118471e+00 8.344957e+00 4.792620e-02 3.174430e+00
39627824587345936 1.772606e+00 1.058975e+01 2.098630e-01 -1.361296e+00 1.719044e+00 1.071966e+01 2.041860e-01 -5.448227e-01
39627780970775368 1.768098e+00 1.106216e+01 2.966258e-01 -1.068220e+00 1.831917e+00 1.118677e+01 2.853915e-01 -1.083372e+00
39627797177568576 1.222005e+00 9.953308e+00 1.434563e-01 3.323887e+00 1.224346e+00 9.729386e+00 1.451413e-01 1.454478e+00
39627808607045416 1.239672e+00 8.987465e+00 7.473585e-02 3.050994e+00 1.218337e+00 9.187477e+00 4.912515e-02 3.551465e+00
39627805759115584 1.449028e+00 1.139290e+01 5.452781e-01 -1.500870e-01 1.498582e+00 1.144093e+01 6.256543e-01 1.515548e+00
39627770354996048 1.319798e+00 1.051019e+01 2.780024e-01 2.651841e+00 1.285633e+00 1.066917e+01 2.320399e-01 2.977697e+00
39627830576809792 1.712205e+00 1.124553e+01 4.315634e-01 1.280804e-01 1.718580e+00 1.118088e+01 4.354194e-01 -7.663233e-01
39627835249262808 1.102112e+00 9.425519e+00 1.289314e-01 3.504034e+00 1.140017e+00 9.564015e+00 1.151903e-01 3.841624e+00
39627757478480352 1.455150e+00 1.029402e+01 2.562825e-01 1.469552e+00 1.379040e+00 1.050833e+01 2.545002e-01 1.247017e+00
39627757621087944 1.155865e+00 9.497025e+00 7.003134e-02 4.820960e+00 1.152460e+00 9.512484e+00 5.370069e-02 4.644552e+00
39627806518280240 1.266694e+00 1.025876e+01 1.288373e-01 1.772623e+00 1.275755e+00 1.037419e+01 1.488833e-01 2.864528e+00
39627793734043376 1.609978e+00 1.082802e+01 2.873456e-01 9.754234e-01 1.688335e+00 1.071749e+01 2.824873e-01 -1.440762e-01
39627835995852192 1.119558e+00 8.872911e+00 1.013899e-01 1.494521e+00 1.151595e+00 8.732170e+00 8.062306e-02 3.330028e+00
39627836192981072 1.537724e+00 1.104853e+01 3.226121e-01 1.817212e+00 1.512004e+00 1.118803e+01 3.305457e-01 7.319368e-01
39627791125190248 1.317928e+00 1.032043e+01 1.739466e-01 2.255733e+00 1.384042e+00 1.017451e+01 1.566934e-01 6.627180e-01
39627824482484328 1.247734e+00 1.132801e+01 5.074528e-01 9.827516e-02 1.451854e+00 1.134639e+01 5.855514e-01 -7.406646e-02
39627889678751376 1.803869e+00 1.112934e+01 2.352374e-01 -1.729146e+00 1.848984e+00 1.109546e+01 2.287400e-01 -1.175719e+00
39627752092995184 1.154893e+00 9.087633e+00 1.020129e-01 3.229387e+00 1.193799e+00 9.068843e+00 8.271424e-02 2.573614e+00
39627794358997152 1.682183e+00 1.071463e+01 2.609101e-01 2.005113e-01 1.692057e+00 1.063608e+01 2.580408e-01 -4.662210e-02
39627758199899624 1.630150e+00 1.047938e+01 1.556842e-01 -2.146424e-01 1.703615e+00 1.028542e+01 1.487832e-01 -8.157747e-01
39627793109092760 2.032318e+00 1.100730e+01 2.912971e-01 -4.240605e+00 1.757442e+00 1.104091e+01 2.871394e-01 -1.309533e+00
39627811211707552 1.349523e+00 9.963262e+00 9.719158e-02 2.529157e+00 1.390804e+00 9.890907e+00 6.750156e-02 1.320030e+00
39627776394790256 1.253244e+00 1.037851e+01 2.100195e-01 2.344918e+00 1.263325e+00 1.025051e+01 2.197969e-01 3.255169e+00
39627751455460256 1.772864e+00 1.111796e+01 3.330362e-01 -1.879835e+00 1.747561e+00 1.121591e+01 3.666733e-01 -4.669106e-01
39627812470000528 1.104436e+00 9.306440e+00 1.759486e-01 3.024460e+00 1.129925e+00 9.131614e+00 1.458540e-01 3.526944e+00
39627784259114256 1.256355e+00 9.559999e+00 9.722257e-02 2.107735e+00 1.294868e+00 9.389882e+00 6.832479e-02 1.385340e+00
39627818543350344 1.407654e+00 1.038327e+01 1.174723e-01 2.261883e+00 1.612905e+00 1.023460e+01 8.752373e-02 -1.665757e-01
39627755100314816 1.958843e+00 1.111598e+01 2.513665e-01 -4.698728e-01 1.840403e+00 1.121410e+01 2.710004e-01 -9.033455e-01
39627809206833920 1.213343e+00 1.022589e+01 2.043028e-01 1.231838e+00 1.180353e+00 9.854981e+00 1.918434e-01 1.335405e+00
39627775623040904 1.826313e+00 1.076206e+01 2.794877e-01 -2.551494e-02 1.757791e+00 1.089247e+01 2.821642e-01 -6.819739e-01
39627751509983432 1.314233e+00 1.056991e+01 2.746060e-01 1.429596e+00 1.343776e+00 1.052330e+01 2.596683e-01 1.501119e+00
39627793151034344 1.358786e+00 9.733405e+00 7.086360e-02 2.949867e+00 1.271828e+00 9.694885e+00 3.726183e-02 3.444919e+00
39627776235405456 1.635255e+00 1.005245e+01 1.398600e-01 -6.526710e-01 1.619962e+00 1.008501e+01 1.296963e-01 -1.087715e+00
39627718811193216 1.395211e+00 1.049405e+01 7.490903e-02 -4.596308e-01 1.388547e+00 1.006057e+01 4.591542e-02 1.065361e+00
39633127731103112 1.697096e+00 1.055612e+01 1.576497e-01 -2.084859e+00 1.676518e+00 1.057744e+01 1.335849e-01 -5.394580e-01
39627769805543200 1.673600e+00 1.114773e+01 3.714876e-01 -1.173172e+00 1.716107e+00 1.113726e+01 3.888332e-01 -5.982854e-01
39627811249457840 1.866909e+00 1.072979e+01 3.115425e-01 -8.269015e-01 1.714974e+00 1.093794e+01 3.201461e-01 -1.066543e+00
39627817108899208 1.382141e+00 1.054022e+01 2.111630e-01 2.192070e+00 1.326758e+00 1.067982e+01 2.336691e-01 2.246289e+00
39627769096704288 1.195194e+00 1.021664e+01 8.939305e-02 4.347683e+00 1.192478e+00 1.019870e+01 8.294365e-02 3.780838e+00
39627814751701248 1.940011e+00 1.038084e+01 1.587414e-01 -2.124335e+00 1.638057e+00 1.058798e+01 1.594038e-01 -7.189051e-01
39627829553398824 1.905951e+00 1.047798e+01 1.233986e-01 -1.287421e+00 1.712705e+00 1.035276e+01 1.076592e-01 -1.052953e+00
39627818119726312 1.721755e+00 1.086693e+01 3.577147e-01 -2.005665e-01 1.740723e+00 1.107892e+01 3.908260e-01 -6.244920e-01
39627787711021208 1.522099e+00 1.096069e+01 3.275037e-01 2.099433e+00 1.431643e+00 1.093588e+01 3.588138e-01 2.419559e+00
39627824532821616 1.646276e+00 1.074939e+01 2.533616e-01 -7.924231e-01 1.672894e+00 1.065621e+01 2.587405e-01 -1.394611e+00
39633290042279952 1.308620e+00 1.099696e+01 3.540148e-01 -4.293898e+00 1.319340e+00 1.081064e+01 3.667843e-01 1.414230e+00
39627824688008784 1.727799e+00 1.047902e+01 1.039351e-01 -1.472837e+00 1.729828e+00 1.049883e+01 9.821315e-02 -1.109271e+00
39627830660699488 1.367133e+00 1.010376e+01 1.099162e-01 -1.076348e+00 1.407953e+00 1.032967e+01 1.239253e-01 -1.201790e+00
39627833059844952 1.703223e+00 1.054789e+01 9.760223e-02 -1.132514e+00 1.816437e+00 1.064668e+01 9.284946e-02 -1.403487e+00
39627811970876480 1.509706e+00 1.061753e+01 2.441145e-01 2.471087e+00 1.627112e+00 1.063980e+01 2.067372e-01 5.746859e-01
39627738855769944 1.471424e+00 1.135847e+01 4.970987e-01 1.394205e+00 1.534770e+00 1.124646e+01 5.134172e-01 1.044009e+00
39627818711124264 1.823086e+00 1.117384e+01 3.847840e-01 4.050416e-02 1.796005e+00 1.134617e+01 4.046729e-01 -6.180079e-01
39627824734145984 1.820792e+00 1.053537e+01 1.433105e-01 -5.006034e-01 1.694679e+00 1.054465e+01 1.292723e-01 -1.094297e+00
39627764260669952 1.526678e+00 1.028228e+01 1.817303e-01 -9.887222e-01 1.537651e+00 1.019042e+01 1.689816e-01 -1.643652e+00
39627739883375704 1.737116e+00 1.073954e+01 1.916209e-01 -2.211754e+00 1.742445e+00 1.079409e+01 1.779653e-01 -1.094493e+00
39627785068615088 1.524226e+00 9.642967e+00 7.642320e-02 1.610480e+00 1.431393e+00 9.567835e+00 4.792394e-02 8.947216e-01
39627830606170312 1.619106e+00 1.078856e+01 2.279844e-01 -7.048164e-01 1.728744e+00 1.077616e+01 2.235841e-01 -9.544269e-01
39627775610457312 1.125254e+00 9.541174e+00 1.062363e-01 -5.061148e-01 1.131564e+00 9.628469e+00 7.996227e-02 -9.742972e-01
39627817993900176 1.635978e+00 1.048659e+01 1.249954e-01 -5.406106e-02 1.611075e+00 1.062374e+01 1.117949e-01 -3.028858e-01
39627794413519296 1.258502e+00 9.833643e+00 8.736075e-02 2.789962e+00 1.216165e+00 1.007865e+01 7.892348e-02 1.864039e+00
39627802487556528 1.693947e+00 1.091346e+01 3.237665e-01 5.377933e-01 1.753334e+00 1.106779e+01 3.552375e-01 -1.028474e+00
39627818023257840 1.148402e+00 1.034335e+01 2.006584e-01 4.293665e+00 1.145987e+00 1.043108e+01 2.203274e-01 3.569093e+00
39627817092121232 1.557699e+00 1.072116e+01 5.118706e-01 9.151794e-01 1.634943e+00 1.127176e+01 5.352540e-01 -1.435825e-01
39627808883870496 1.722276e+00 1.087406e+01 3.003941e-01 -1.506499e+00 1.789147e+00 1.105255e+01 2.985529e-01 -1.257689e+00
39627824029502304 1.355310e+00 1.041945e+01 1.978875e-01 1.756067e+00 1.395688e+00 1.044373e+01 1.902460e-01 1.748884e+00
39627824524429680 1.157118e+00 9.511467e+00 1.771363e-01 1.069474e+00 1.180265e+00 9.551275e+00 1.536224e-01 1.386453e+00
39627794249944272 1.652310e+00 1.142371e+01 4.531380e-01 2.654130e+00 1.748666e+00 1.139640e+01 4.672815e-01 -6.356130e-01
39627775140693336 1.979996e+00 1.121286e+01 4.662857e-01 -1.933983e+00 1.692920e+00 1.122246e+01 4.945476e-01 -8.961627e-01
39627763811879328 1.278414e+00 9.750121e+00 1.324814e-01 5.096659e-01 1.301097e+00 9.544203e+00 1.004484e-01 4.765333e-01
39627808456049192 1.040358e+00 1.065289e+01 2.503961e-01 1.468495e+00 1.117930e+00 1.071167e+01 2.273883e-01 3.560112e+00
39627857093198664 1.344698e+00 1.116316e+01 3.874339e-01 -2.910414e+00 1.622181e+00 1.119629e+01 4.390075e-01 -1.205688e+00
39627781750917176 1.284033e+00 1.037227e+01 2.518123e-01 3.756327e+00 1.251717e+00 1.042489e+01 2.593520e-01 3.176449e+00
39627802546278768 1.794326e+00 1.110775e+01 4.516518e-01 -3.007396e+00 1.637876e+00 1.130711e+01 5.060079e-01 -5.004148e-01
39627776252186088 1.161466e+00 9.228580e+00 8.344156e-02 4.858844e+00 1.162052e+00 9.083568e+00 5.625941e-02 4.264351e+00
39627780861723656 1.150501e+00 8.518879e+00 5.157338e-02 1.921896e+00 1.183417e+00 8.234751e+00 3.316642e-02 2.285820e+00
39627784766623672 1.263638e+00 1.068276e+01 1.880047e-01 3.552961e+00 1.223137e+00 1.068754e+01 2.074208e-01 3.617030e+00
39627766529789176 1.527334e+00 1.066378e+01 5.265189e-01 2.860227e+00 1.507311e+00 1.113449e+01 5.800229e-01 2.809585e+00
39627778626166520 1.132548e+00 9.173400e+00 1.429392e-01 6.467596e-01 1.148034e+00 9.294121e+00 1.452119e-01 1.675883e+00
39627806505697600 1.385882e+00 9.964270e+00 1.245813e-01 1.367543e+00 1.353921e+00 1.019812e+01 1.162765e-01 -6.322945e-01
39627818044231032 1.731687e+00 1.045691e+01 1.481304e-01 -4.257692e-01 1.730516e+00 1.050994e+01 1.380021e-01 -1.311330e+00
39627780853338960 1.707555e+00 1.112542e+01 3.613864e-01 2.372775e-01 1.737439e+00 1.119170e+01 3.796478e-01 -4.955987e-01
39627758178931456 1.524466e+00 1.077838e+01 2.395758e-01 -1.199949e+00 1.571978e+00 1.073334e+01 2.608843e-01 -7.099407e-01
39627857080617480 1.745906e+00 1.074027e+01 3.134148e-01 -2.072598e-01 1.667517e+00 1.105455e+01 3.521091e-01 -4.897898e-01
39627774968727144 1.640696e+00 1.169391e+01 6.033479e-01 1.078145e+00 1.658683e+00 1.155868e+01 6.410857e-01 -2.112579e-01
39627787018963304 1.230931e+00 1.032376e+01 2.041398e-01 4.015147e+00 1.243980e+00 1.022985e+01 2.020248e-01 2.836357e+00
39627792991655152 1.685793e+00 9.879127e+00 1.795442e-01 1.110465e+00 1.575325e+00 1.019846e+01 1.817972e-01 9.336164e-01
39627787853627608 1.100041e+00 9.862962e+00 1.161807e-01 -4.475669e+00 1.217104e+00 9.684280e+00 1.193119e-01 1.101018e+00
39627823211611400 1.771943e+00 1.079028e+01 3.188936e-01 -2.047789e+00 1.634890e+00 1.096742e+01 3.491622e-01 -8.042479e-01
39627778580022736 1.762895e+00 1.119168e+01 3.802674e-01 5.255526e-01 1.769597e+00 1.114464e+01 3.790453e-01 -5.932800e-01
39627752092993920 1.145632e+00 9.317462e+00 1.208569e-01 2.472051e+00 1.120650e+00 8.841786e+00 8.780842e-02 9.799806e-01
39627818044230464 1.342080e+00 1.020789e+01 1.113290e-01 6.123231e-01 1.336259e+00 1.031721e+01 1.121458e-01 1.093497e+00
39627790311492504 1.981246e+00 1.077356e+01 1.996576e-01 -1.723774e+00 1.841345e+00 1.095144e+01 1.951233e-01 -1.311021e+00
39627812470002144 1.277543e+00 1.073918e+01 3.531279e-01 6.934596e-01 1.263565e+00 1.068296e+01 3.939961e-01 1.537578e+00
39627718928631360 1.897283e+00 1.076278e+01 2.403173e-01 -2.485091e+00 1.732191e+00 1.092403e+01 2.371335e-01 -1.211668e+00
39627752025886512 1.825553e+00 1.095623e+01 3.017936e-01 -8.511515e-01 1.760124e+00 1.104499e+01 2.966254e-01 -1.488304e+00
39627792983266976 1.259683e+00 9.941147e+00 1.174307e-01 2.443166e+00 1.244939e+00 9.780540e+00 1.218702e-01 2.308593e+00
39627812029597064 1.064586e+00 9.791954e+00 3.171183e-01 2.890850e+00 1.078597e+00 1.019998e+01 3.693112e-01 4.087454e+00
39627763669272408 1.494702e+00 9.996266e+00 7.093655e-02 1.025898e-01 1.507470e+00 1.012600e+01 8.105385e-02 5.577077e-01
39627785089587456 1.079803e+00 8.649076e+00 6.785755e-02 -7.959872e-01 1.096772e+00 8.412806e+00 4.685074e-02 7.055061e-01
39627763556025888 1.135409e+00 1.024966e+01 2.478772e-01 4.142112e+00 1.150720e+00 1.005828e+01 1.965437e-01 4.274263e+00
39627802823100432 1.226112e+00 1.011575e+01 2.326524e-01 5.509076e+00 1.194512e+00 1.030608e+01 2.295774e-01 3.542428e+00
39627830492922384 1.213382e+00 9.521339e+00 9.239352e-02 8.651986e-01 1.237532e+00 9.457428e+00 9.162195e-02 2.099150e+00
39627806501507288 1.051281e+00 8.994781e+00 1.249419e-01 6.868066e-01 1.067038e+00 8.646497e+00 1.040554e-01 1.990525e+00
39627772678637888 1.339898e+00 1.097408e+01 3.271211e-01 1.596906e+00 1.249143e+00 1.078207e+01 3.598371e-01 3.362959e+00
39627764155814640 1.594852e+00 1.075933e+01 1.376821e-01 -4.767199e-01 1.633541e+00 1.069707e+01 1.281314e-01 -2.515857e-01
39633131807967656 1.804420e+00 1.102274e+01 2.486134e-01 -5.433167e-01 1.662379e+00 1.111198e+01 2.840818e-01 -7.545135e-01
39627800524624056 1.261159e+00 1.000507e+01 1.710049e-01 -1.424594e+00 1.282039e+00 9.994522e+00 1.512327e-01 7.952383e-01
39627774855485216 1.825952e+00 1.104686e+01 3.664026e-01 -1.864504e+00 1.727825e+00 1.116110e+01 3.867131e-01 -7.186632e-01
39633127739492664 1.653414e+00 1.117723e+01 4.176745e-01 -5.255930e-01 1.538884e+00 1.111860e+01 4.832188e-01 6.200793e-01
39627805910112024 1.419443e+00 1.037879e+01 2.063037e-01 2.073477e-01 1.427896e+00 1.036166e+01 1.889561e-01 -3.778560e-01
39627799710927248 1.974658e+00 1.083584e+01 1.990256e-01 2.176713e-01 1.715021e+00 1.089463e+01 2.034973e-01 2.123196e-01
39633123205448712 1.447563e+00 1.106826e+01 3.644735e-01 -1.205649e-01 1.634815e+00 1.095605e+01 3.799331e-01 -3.224090e-01
39627739413612784 1.147955e+00 9.883010e+00 1.070797e-01 3.167280e+00 1.170595e+00 9.941441e+00 1.031364e-01 4.131940e+00
39627763916739120 1.686173e+00 1.037169e+01 8.175738e-02 -1.682632e+00 1.590833e+00 1.061574e+01 7.151315e-02 -3.184777e-02
39627694790412528 1.696496e+00 1.098848e+01 3.203765e-01 -1.903129e+00 1.769733e+00 1.099118e+01 3.231009e-01 -8.928379e-01
39627781918691224 1.628238e+00 1.031997e+01 8.205686e-02 -3.141606e-01 1.727353e+00 1.035925e+01 6.885932e-02 -9.556885e-01
39627853469322432 1.297931e+00 9.633640e+00 1.752725e-01 2.068306e+00 1.264151e+00 1.002140e+01 1.785367e-01 5.909059e-01
39627835387679624 1.127432e+00 9.824437e+00 2.241773e-01 3.092897e+00 1.133901e+00 9.630059e+00 1.862275e-01 3.018018e+00
39627757633671792 1.467929e+00 1.041243e+01 1.340743e-01 2.220286e-02 1.504490e+00 1.033809e+01 1.161926e-01 4.743784e-01
39627811903767024 1.691222e+00 1.082008e+01 2.592988e-01 -1.113377e+00 1.679812e+00 1.093005e+01 2.675371e-01 -1.007070e+00
39627781075636184 1.554997e+00 1.033215e+01 7.038401e-02 3.082052e+00 1.488642e+00 1.025865e+01 4.637232e-02 9.881873e-01
39627788440830560 1.712443e+00 1.063646e+01 2.942042e-01 -1.304395e+00 1.654726e+00 1.076782e+01 2.970920e-01 -1.108706e+00
39627776239604064 1.107077e+00 9.418780e+00 1.816636e-01 4.566270e+00 1.134810e+00 9.247292e+00 1.797279e-01 3.835819e+00
39627853339296936 1.065500e+00 9.569485e+00 1.115428e-01 -1.543818e-01 1.126787e+00 9.417978e+00 6.964166e-02 -1.750886e-03
39627830736194472 1.251061e+00 8.966290e+00 6.974600e-02 5.460532e+00 1.240817e+00 9.026389e+00 5.162451e-02 3.096130e+00
39627780933028744 1.332471e+00 1.022396e+01 1.073765e-01 -3.578394e-01 1.399640e+00 1.044661e+01 6.947847e-02 8.682948e-02
39627806602166624 1.702409e+00 1.110877e+01 4.975880e-01 -1.329054e+00 1.610404e+00 1.130270e+01 5.356153e-01 -1.300417e+00
39627782279402272 1.419851e+00 1.055038e+01 1.269038e-01 -6.115838e-01 1.479479e+00 1.048838e+01 1.197429e-01 8.908355e-01
39633153752565416 1.297675e+00 1.139991e+01 4.322492e-01 -5.193723e-01 1.381128e+00 1.114106e+01 4.323870e-01 1.519301e+00
39627811085882616 1.363045e+00 1.075285e+01 2.826295e-01 1.269093e+00 1.314989e+00 1.057048e+01 2.465119e-01 1.421752e+00
39627782333927960 1.117933e+00 9.223113e+00 7.278149e-02 4.059528e+00 1.160305e+00 8.607195e+00 4.856077e-02 3.246876e+00
39627787698442536 1.387952e+00 1.028643e+01 1.631386e-01 9.087403e-01 1.344064e+00 1.039643e+01 1.550026e-01 2.158062e+00
39627760599042488 1.756866e+00 1.115796e+01 4.035578e-01 1.415842e+00 1.741224e+00 1.113033e+01 4.204849e-01 -4.698375e-01
39627772519258848 1.561509e+00 1.123138e+01 4.171813e-01 -2.986512e+00 1.661283e+00 1.115590e+01 4.461130e-01 -1.379856e+00
39627812130260688 1.726380e+00 1.151173e+01 5.968983e-01 -6.290176e-01 1.676851e+00 1.147555e+01 6.381909e-01 -5.792838e-02
39627805033501568 1.844949e+00 1.042281e+01 7.780395e-02 -1.157620e+00 1.805285e+00 1.048116e+01 4.880221e-02 -1.231418e+00
39627808418307096 1.216525e+00 9.620151e+00 1.771602e-01 2.031738e+00 1.196036e+00 9.656400e+00 1.607553e-01 2.052073e+00
39633145292654672 1.658267e+00 1.099948e+01 2.384602e-01 -3.087962e+00 1.679578e+00 1.096445e+01 2.571717e-01 -1.372924e+00
39627818660793048 1.517440e+00 1.116473e+01 4.200605e-01 -2.522557e+00 1.653277e+00 1.115634e+01 4.580320e-01 -8.838019e-01
39633278944149992 1.776865e+00 1.104064e+01 2.870373e-01 -1.074559e+00 1.753926e+00 1.105476e+01 2.767210e-01 -1.381096e+00
39627794480627984 1.366556e+00 1.069228e+01 2.947218e-01 2.734915e-01 1.378611e+00 1.079268e+01 3.165805e-01 4.570532e-01
39627769549686432 1.500715e+00 9.576811e+00 6.878254e-02 1.191471e+00 1.596911e+00 9.543622e+00 5.152979e-02 -3.955007e-01
39633118386192824 1.548761e+00 1.090883e+01 5.177253e-01 -9.978082e-01 1.427717e+00 1.116786e+01 5.721946e-01 1.239851e+00
39627812474195912 1.142467e+00 9.681141e+00 1.180991e-01 5.831264e+00 1.316536e+00 9.964042e+00 9.385909e-02 8.317671e-01
39627794484823864 1.093859e+00 1.052312e+01 2.939416e-01 4.230195e+00 1.131944e+00 1.015117e+01 3.123143e-01 4.653637e+00
39627811169764512 1.642274e+00 1.069285e+01 1.679076e-01 3.584107e-02 1.666282e+00 1.070594e+01 1.628518e-01 -1.009292e+00
39627781675419120 1.839411e+00 1.070249e+01 2.482361e-01 -1.398739e+00 1.771757e+00 1.084640e+01 2.483244e-01 -9.107339e-01
39627782275205376 1.451698e+00 1.058309e+01 1.852733e-01 1.932205e+00 1.508885e+00 1.043929e+01 1.803972e-01 -1.679066e-01
39627781700586728 1.412304e+00 9.316584e+00 1.466605e-01 3.027736e+00 1.142866e+00 9.227934e+00 1.308618e-01 5.535907e-01
39627901703820256 1.855003e+00 1.104717e+01 2.272743e-01 -2.748676e+00 1.811793e+00 1.101258e+01 2.304461e-01 -9.940420e-01
39627817264091952 1.127816e+00 1.021801e+01 2.913959e-01 6.289889e+00 1.153318e+00 1.029743e+01 3.234991e-01 4.854249e+00
39627770195608760 1.494671e+00 1.014453e+01 1.396955e-01 2.001133e-01 1.550078e+00 9.857538e+00 1.103909e-01 -6.231383e-01
39627790789640760 1.112457e+00 9.886341e+00 1.620055e-01 2.210435e+00 1.201033e+00 9.550714e+00 1.423966e-01 2.225111e+00
39627841289065088 1.164361e+00 9.022735e+00 1.052532e-01 2.509339e+00 1.160048e+00 8.907627e+00 8.174242e-02 1.396593e+00
39627853431571016 1.304874e+00 1.011796e+01 1.172328e-01 7.718527e-01 1.518697e+00 9.903288e+00 8.923782e-02 -3.149129e-01
39627745495356064 1.126406e+00 9.266108e+00 1.685370e-01 1.582532e+00 1.158388e+00 9.290108e+00 1.450298e-01 2.081995e+00
39627768777938248 1.620711e+00 1.110145e+01 3.120334e-01 -4.028352e-01 1.696756e+00 1.101132e+01 2.813045e-01 -1.049708e+00
39627778458391312 1.202901e+00 1.016230e+01 3.067578e-01 3.026356e+00 1.231511e+00 1.064740e+01 3.433039e-01 2.949510e+00
39627800361042432 1.485354e+00 1.036631e+01 2.404005e-01 5.815815e-01 1.551162e+00 1.027848e+01 2.057132e-01 1.685618e-01
39627734011352208 1.763321e+00 1.076299e+01 2.882263e-01 -1.675681e+00 1.707123e+00 1.104681e+01 2.955413e-01 -1.428300e+00
39627806602171688 1.694610e+00 1.073762e+01 1.762437e-01 -8.225552e-01 1.809009e+00 1.077742e+01 1.555151e-01 -1.380300e+00
39627754227894144 1.496897e+00 1.101174e+01 3.846422e-01 4.925650e-01 1.598457e+00 1.118034e+01 4.100425e-01 -1.021071e+00
39627785081197672 1.085518e+00 9.743505e+00 2.902194e-01 3.274449e+00 1.110095e+00 1.025723e+01 2.451709e-01 9.379658e-01
39627841293258736 1.326504e+00 1.079917e+01 3.013722e-01 3.320849e-01 1.311589e+00 1.079525e+01 3.397517e-01 2.807599e+00
39627808841924672 1.179868e+00 9.856381e+00 9.783340e-02 4.114398e+00 1.170676e+00 9.668833e+00 6.740591e-02 4.437338e+00
39627769746821048 1.655574e+00 1.077473e+01 1.604888e-01 -1.593077e-01 1.729241e+00 1.072061e+01 1.363754e-01 -1.363030e+00
39627817331199240 1.737517e+00 1.072005e+01 1.519152e-01 -1.776272e-01 1.816053e+00 1.064181e+01 1.150825e-01 -1.100793e+00
39627817427667760 1.522379e+00 1.090131e+01 3.383942e-01 -1.387438e+00 1.652944e+00 1.089009e+01 3.529204e-01 -8.233920e-01
39627762771692672 1.267469e+00 1.004206e+01 1.718966e-01 4.759467e+00 1.207951e+00 9.865918e+00 1.638149e-01 3.392202e+00
39627792995845816 1.882872e+00 1.063082e+01 2.703010e-01 -1.938668e+00 1.739097e+00 1.092885e+01 2.738905e-01 -9.246813e-01
39627740088896776 1.216750e+00 1.039676e+01 1.377084e-01 1.855150e+00 1.288664e+00 1.030560e+01 1.369147e-01 2.648542e+00
39627806413423312 1.845325e+00 1.098761e+01 2.581260e-01 -1.454110e+00 1.777831e+00 1.094609e+01 2.680599e-01 -1.065755e+00
39627808456052064 1.898354e+00 1.096132e+01 2.784780e-01 -1.456658e+00 1.839850e+00 1.116378e+01 2.783940e-01 -1.150064e+00
39633131954766880 1.815765e+00 1.038502e+01 1.077905e-01 -4.252822e-01 1.814939e+00 1.057309e+01 1.067614e-01 -1.149869e+00
39627760620011616 1.773949e+00 1.115386e+01 3.598537e-01 -7.168413e-01 1.767792e+00 1.128241e+01 3.928075e-01 -7.219317e-01
39627775639816192 1.581816e+00 9.515936e+00 1.271846e-01 8.327855e-01 1.471998e+00 9.630943e+00 1.134648e-01 1.318535e+00
39627817880652096 1.326239e+00 1.063945e+01 3.025670e-01 1.869567e+00 1.306728e+00 1.061785e+01 3.346831e-01 3.199057e+00
39627770279494272 1.775156e+00 1.042698e+01 1.055868e-01 -1.887383e+00 1.578051e+00 1.062279e+01 1.246843e-01 -1.261801e-01
39627830576810144 1.631370e+00 1.036931e+01 1.186435e-01 -7.204729e-01 1.518049e+00 1.037977e+01 1.176810e-01 9.554975e-01
39627799803202920 1.840927e+00 1.068812e+01 1.698397e-01 -1.281789e+00 1.809389e+00 1.071912e+01 1.621969e-01 -1.124840e+00
39633118415555096 1.506629e+00 1.021159e+01 9.930671e-02 -3.167948e-01 1.597563e+00 1.007658e+01 8.477283e-02 -3.932500e-02
39627622543532096 1.775811e+00 1.073330e+01 3.052911e-01 -7.375896e-02 1.697996e+00 1.091912e+01 3.285995e-01 -1.011071e+00
39627788285645144 1.581950e+00 1.058048e+01 2.607518e-01 3.982108e-01 1.442682e+00 1.086978e+01 2.690780e-01 -1.571111e+00
39627787811688032 1.633007e+00 1.026148e+01 2.001851e-01 2.102028e+00 1.634441e+00 1.034347e+01 1.838433e-01 -3.062707e-01
39627766584312352 1.271751e+00 9.081575e+00 3.907825e-02 1.740156e+00 1.283230e+00 8.964611e+00 1.243998e-02 2.771852e+00
39627830627143464 1.136885e+00 9.769147e+00 2.017799e-01 1.577685e+00 1.184870e+00 9.834460e+00 2.100998e-01 3.390378e+00
39633127605273056 1.910392e+00 1.093794e+01 2.325707e-01 -1.687179e+00 1.799302e+00 1.102610e+01 2.337309e-01 -6.130700e-01
39627818572711856 1.249634e+00 1.062205e+01 3.253441e-01 3.570528e+00 1.214545e+00 1.067534e+01 3.381327e-01 4.014830e+00
39627760234135728 1.752187e+00 1.103964e+01 3.144015e-01 -2.655313e+00 1.660338e+00 1.097708e+01 3.596921e-01 -8.128505e-01
39627775887278664 1.319227e+00 9.747174e+00 7.133412e-02 3.190675e+00 1.333975e+00 9.953023e+00 6.659946e-02 2.066872e+00
39627811148792552 1.539871e+00 1.087772e+01 4.455132e-01 2.572504e+00 1.712883e+00 1.105979e+01 3.800270e-01 -2.075031e-01
39633153911949984 1.990949e+00 1.085719e+01 3.717620e-01 -7.828802e-01 1.713837e+00 1.115357e+01 3.961970e-01 -5.364816e-01
39627751489011808 1.760917e+00 1.084194e+01 1.634813e-01 -1.232353e+00 1.823877e+00 1.082348e+01 1.596992e-01 -1.274983e+00
39627776285740872 1.627552e+00 1.026788e+01 1.608560e-01 3.276416e-02 1.661746e+00 1.011830e+01 1.321213e-01 -1.727278e-01
39627746028028872 1.255075e+00 9.940551e+00 1.193153e-01 -3.558919e+00 1.233692e+00 9.943105e+00 1.266633e-01 3.086160e-01
39627814785259240 1.130600e+00 9.746649e+00 1.160662e-01 3.080462e+00 1.153756e+00 9.872567e+00 1.013711e-01 3.856904e+00
39627778663907768 1.087668e+00 9.700023e+00 1.659335e-01 3.067337e+00 1.140820e+00 9.324588e+00 1.233865e-01 1.131286e+00
39627877653681040 1.659262e+00 1.079659e+01 2.279502e-01 -2.476820e+00 1.756885e+00 1.079207e+01 2.244113e-01 -1.215109e+00
39627749110845376 1.738284e+00 1.100638e+01 3.027417e-01 2.796341e-01 1.792277e+00 1.103463e+01 3.031824e-01 -1.213550e+00
39627658580988784 1.633944e+00 1.066419e+01 3.777226e-01 1.432332e+00 1.505314e+00 1.086356e+01 3.871252e-01 1.017886e+00
39627799924838552 1.893070e+00 1.079066e+01 2.842279e-01 -2.810003e+00 1.605829e+00 1.096016e+01 2.689233e-01 -5.228264e-01
39627805280961888 1.237217e+00 8.345866e+00 2.599950e-02 3.024322e+00 1.250823e+00 7.835894e+00 0.000000e+00 2.471727e+00
39627758258620896 1.186228e+00 1.062077e+01 2.645212e-01 -2.436609e+00 1.279508e+00 1.043902e+01 2.574284e-01 1.194213e+00
39627778278039944 1.840464e+00 1.063877e+01 4.027159e-01 1.444210e+00 1.714047e+00 1.112955e+01 4.078012e-01 -8.653483e-01
39627757642060352 1.190888e+00 1.074975e+01 1.929643e-01 3.634119e+00 1.187529e+00 1.044202e+01 1.544623e-01 3.866518e+00
39627808644795632 1.578887e+00 1.077862e+01 3.710926e-01 1.320959e+00 1.642587e+00 1.096972e+01 3.972117e-01 -9.406338e-01
39627776365430144 1.504756e+00 1.125833e+01 4.543889e-01 1.151210e+00 1.592704e+00 1.124606e+01 4.967477e-01 -1.825998e-01
39627814567157360 1.477671e+00 9.916342e+00 5.677366e-02 -6.267514e-02 1.464549e+00 9.977345e+00 3.967173e-02 1.326101e+00
39633158307578552 1.892143e+00 1.073846e+01 1.648417e-01 -6.949396e-01 1.807192e+00 1.078073e+01 1.535289e-01 -1.185055e+00
39627841310033312 1.231472e+00 9.261265e+00 1.068147e-01 5.651870e-01 1.194075e+00 9.224002e+00 1.018558e-01 2.316956e+00
39627752185268848 1.208924e+00 9.643059e+00 1.148908e-01 3.245877e+00 1.218132e+00 9.551916e+00 1.170297e-01 2.975186e+00
39627847358218448 1.113184e+00 7.666111e+00 2.845601e-02 4.741645e+00 1.097687e+00 7.264971e+00 0.000000e+00 5.372468e+00
39633132042848928 1.761221e+00 1.119202e+01 3.723572e-01 -1.203182e+00 1.692452e+00 1.111806e+01 4.130033e-01 -4.966313e-01
39627767112796744 1.588410e+00 9.276643e+00 4.289264e-02 -3.501679e-01 1.665381e+00 9.117581e+00 2.007462e-02 -1.389826e-01
39627805020918624 1.384480e+00 1.003789e+01 8.187453e-02 1.070975e+00 1.376080e+00 1.007374e+01 6.855896e-02 1.449907e+00
39627803133479584 1.136083e+00 8.767841e+00 5.010986e-02 -2.957980e+00 1.162430e+00 7.909593e+00 8.210883e-03 2.162470e+00
39627818644013664 1.180259e+00 9.668859e+00 1.045198e-01 6.739089e+00 1.193956e+00 9.387704e+00 7.315703e-02 3.633611e+00
39633144944526360 1.672900e+00 1.111943e+01 3.026374e-01 -1.521684e+00 1.715502e+00 1.101219e+01 2.989897e-01 -1.237471e+00
39633140729253688 1.745654e+00 1.041677e+01 1.687709e-01 -1.121159e-01 1.740086e+00 1.047960e+01 1.604794e-01 -9.933181e-01
39627700817628944 1.563018e+00 1.095203e+01 3.118825e-01 3.886570e-01 1.797126e+00 1.097471e+01 2.992222e-01 -1.146258e+00
39633127668188760 1.836902e+00 1.097242e+01 3.258669e-01 -4.200478e-02 1.767410e+00 1.100356e+01 3.235984e-01 -1.179687e+00
39633136358785736 1.874080e+00 1.114735e+01 3.009110e-01 2.283636e-01 1.706079e+00 1.105930e+01 3.280313e-01 7.069371e-01
39633144944526216 1.740119e+00 1.073498e+01 2.979763e-01 -3.687566e+00 1.649854e+00 1.074901e+01 3.093401e-01 -1.193897e+00
39627814781066880 1.124282e+00 9.476240e+00 1.510424e-01 3.406199e+00 1.143054e+00 9.257196e+00 1.388498e-01 3.835379e+00
39627805041889096 1.747241e+00 1.111498e+01 4.283808e-01 -2.899199e-01 1.705504e+00 1.123429e+01 4.629340e-01 -7.531127e-01
39627755024814352 1.155621e+00 1.069293e+01 1.920708e-01 3.457530e+00 1.268966e+00 9.986446e+00 1.053068e-01 2.793493e+00
39627778663914960 1.669733e+00 1.018607e+01 1.798814e-01 -1.062762e+00 1.495470e+00 1.019372e+01 1.979361e-01 -3.158545e-01
39627847400165160 1.268502e+00 9.377214e+00 1.013477e-01 6.720867e-01 1.206627e+00 9.312378e+00 9.545286e-02 3.456158e+00
39627778391282544 1.498900e+00 1.128604e+01 4.772185e-01 7.299139e-01 1.435790e+00 1.140890e+01 4.944174e-01 3.703903e-01
39627782178738320 1.127118e+00 9.849813e+00 1.041177e-01 4.901129e+00 1.153563e+00 9.870285e+00 1.002018e-01 4.317684e+00
39627802407867808 1.514510e+00 1.126313e+01 4.632736e-01 9.978449e-01 1.459491e+00 1.138076e+01 5.175900e-01 7.197641e-01
39627774910006976 1.166254e+00 1.052084e+01 2.642867e-01 3.845460e+00 1.173880e+00 1.038830e+01 2.378769e-01 4.016578e+00
39627814864951952 1.277090e+00 9.065577e+00 6.067873e-02 4.195851e+00 1.236075e+00 8.975883e+00 3.531535e-02 1.189329e+00
39627786981215504 1.508577e+00 1.025365e+01 1.758085e-01 1.281627e+00 1.597756e+00 1.019254e+01 1.636049e-01 7.699885e-01
39627782434587552 1.545461e+00 1.031006e+01 2.192501e-01 1.502595e-01 1.649609e+00 1.032443e+01 1.945002e-01 -5.054106e-01
39627796842028680 1.648857e+00 9.400614e+00 8.631845e-02 1.046563e+00 1.648890e+00 9.740162e+00 5.410111e-02 6.854105e-02
39627757738525616 1.579606e+00 9.892189e+00 4.852287e-02 2.689426e-01 1.621460e+00 1.004189e+01 4.476984e-02 -2.834464e-01
39627824688010248 1.085772e+00 1.023444e+01 2.709315e-01 4.565773e+00 1.124009e+00 9.991514e+00 2.372105e-01 4.063796e+00
39627830731997680 1.272163e+00 1.038937e+01 2.084915e-01 2.902438e+00 1.324675e+00 1.028571e+01 1.870218e-01 1.609818e+00
39627839116416624 1.371719e+00 1.139492e+01 3.642109e-01 7.280491e-01 1.736099e+00 1.109295e+01 3.742924e-01 -4.926831e-01
39627805931080712 1.133226e+00 9.888825e+00 1.638205e-01 3.498226e+00 1.132547e+00 1.019662e+01 2.380201e-01 4.726166e+00
39627787664887568 1.127057e+00 9.605769e+00 1.180725e-01 8.075367e-01 1.189317e+00 9.421942e+00 1.191601e-01 3.463477e+00
39627917222740232 1.397227e+00 1.129356e+01 5.057386e-01 -3.396308e+00 1.640533e+00 1.132400e+01 5.576711e-01 -1.430029e+00
39627805020919136 1.896867e+00 1.085907e+01 1.964920e-01 -1.043823e+00 1.827538e+00 1.095269e+01 2.009530e-01 -1.029241e+00
39627808464444928 1.043088e+00 9.662492e+00 8.718781e-02 3.572347e+00 1.150761e+00 9.340714e+00 6.426685e-02 2.546301e+00
39633122886682648 1.725605e+00 1.084048e+01 2.100310e-01 -1.446371e+00 1.789358e+00 1.087744e+01 2.055010e-01 -9.020777e-01
39627805822025944 1.487003e+00 1.059747e+01 1.257513e-01 1.056351e-01 1.535968e+00 1.043025e+01 1.012379e-01 8.082430e-01
39627782380062416 1.212536e+00 9.676660e+00 1.804476e-01 4.278741e+00 1.170925e+00 9.672228e+00 1.556471e-01 4.007071e+00
39627733331870896 1.675437e+00 1.051838e+01 1.219373e-01 -6.779956e-01 1.571995e+00 1.067010e+01 1.337164e-01 -2.617953e-01
39627809190060024 1.068416e+00 9.332199e+00 1.336626e-01 4.183894e+00 1.166381e+00 9.132941e+00 1.188138e-01 3.917383e+00
39627775711119816 1.558285e+00 1.057766e+01 1.850978e-01 -2.180869e+00 1.602486e+00 1.045258e+01 1.838602e-01 -1.975415e-01
39627794321248616 1.195673e+00 9.587628e+00 1.724861e-01 -6.121338e-01 1.208022e+00 9.602618e+00 1.451613e-01 2.474882e-01
39627788457610248 1.763418e+00 1.050894e+01 1.753895e-01 -3.123696e+00 1.754289e+00 1.052162e+01 1.557841e-01 -1.234137e+00
39627785047640032 1.502242e+00 1.005550e+01 8.998746e-02 -1.819477e+00 1.653688e+00 9.912627e+00 5.234644e-02 -5.689067e-01
39627781151130128 2.119150e+00 9.781048e+00 1.310041e-01 8.481586e-02 1.445894e+00 1.043430e+01 1.660455e-01 -1.960714e-01
39627835349929960 1.701560e+00 1.082129e+01 2.160156e-01 1.154332e+00 1.753491e+00 1.076477e+01 2.086552e-01 -3.839437e-01
39627847395970072 1.500913e+00 1.112307e+01 4.110965e-01 1.121269e+00 1.411851e+00 1.127414e+01 3.999667e-01 4.375570e-01
39627818031647936 1.282050e+00 1.070570e+01 3.144003e-01 7.055333e-01 1.360577e+00 1.059540e+01 3.327108e-01 -1.515667e-01
39627763648303784 1.434178e+00 1.035630e+01 2.519487e-01 2.351519e+00 1.436138e+00 1.045328e+01 2.630637e-01 1.996977e-01
39627818463661448 1.234131e+00 8.403546e+00 4.264524e-02 4.232248e+00 1.221881e+00 8.619203e+00 1.916516e-02 3.496932e+00
39627788457610312 1.195646e+00 1.019609e+01 2.173477e-01 3.018884e+00 1.233415e+00 1.028448e+01 2.107967e-01 3.022095e+00
39627935178557632 1.612994e+00 1.078875e+01 2.396126e-01 -8.431662e-01 1.602047e+00 1.122114e+01 3.358406e-01 -3.931736e-01
39627792958097920 1.658688e+00 1.097671e+01 3.649773e-01 1.274225e-01 1.674272e+00 1.103602e+01 3.821850e-01 -8.103811e-01
39627847446300096 1.750917e+00 1.045128e+01 2.294043e-01 -2.800503e-01 1.709926e+00 1.059191e+01 2.383881e-01 -6.025541e-02
39627835236683576 1.778665e+00 1.101136e+01 1.933286e-01 3.261661e-01 1.809958e+00 1.088746e+01 1.932733e-01 -8.923388e-01
39627778726825256 1.373116e+00 1.095405e+01 3.814712e-01 9.708635e-01 1.436094e+00 1.076699e+01 3.592430e-01 5.739617e-01
39627799887088544 1.685637e+00 1.058827e+01 4.287088e-01 -2.114719e+00 1.688648e+00 1.112637e+01 4.270890e-01 -6.491905e-01
39627812545499072 1.277302e+00 9.264652e+00 7.813101e-02 1.293700e+00 1.199980e+00 9.200429e+00 8.286086e-02 2.349806e+00
39627787660690496 1.696605e+00 1.109461e+01 2.620307e-01 -1.740959e-01 1.745940e+00 1.095743e+01 2.762275e-01 -6.439348e-01
39627754550860320 1.022432e+00 1.019849e+01 2.870553e-01 3.056852e+00 1.078944e+00 9.622868e+00 2.484459e-01 4.364233e+00
39627818606269976 1.178358e+00 9.497164e+00 1.235720e-01 4.601194e+00 1.179639e+00 9.636867e+00 1.301953e-01 3.825088e+00
39627740076316384 1.815977e+00 1.105848e+01 4.423552e-01 -1.376734e+00 1.746958e+00 1.129071e+01 4.623813e-01 -6.614486e-01
39627770199802240 1.853150e+00 9.954333e+00 1.491186e-01 3.848777e-01 1.666046e+00 1.017175e+01 1.381541e-01 -5.698838e-01
39627830102852440 1.606504e+00 1.059671e+01 2.407635e-01 -1.655578e+00 1.549306e+00 1.064746e+01 2.563831e-01 -8.768239e-01
39627814760093040 1.714581e+00 1.109643e+01 3.010377e-01 -2.139052e-01 1.771003e+00 1.112308e+01 3.162414e-01 -1.013911e+00
39627734099429776 1.677091e+00 1.058774e+01 3.416575e-01 4.166537e-02 1.712254e+00 1.110116e+01 3.564537e-01 -3.629364e-01
39627811392065296 1.926648e+00 1.122573e+01 2.185993e-01 1.024261e-01 1.854175e+00 1.117773e+01 2.104494e-01 -1.188901e+00
39627817465417000 1.856709e+00 1.092568e+01 3.834016e-01 1.511750e+00 1.579979e+00 1.084618e+01 3.836223e-01 -7.544250e-01
39627706777740808 1.637971e+00 1.140444e+01 6.293033e-01 1.578660e+00 1.644851e+00 1.159903e+01 6.719263e-01 2.507665e-01
39627752088803088 1.772631e+00 1.095398e+01 2.573519e-01 -1.638801e+00 1.719006e+00 1.100792e+01 2.634716e-01 -1.300292e+00
39627770199807088 1.169669e+00 8.502078e+00 5.102862e-02 2.206227e+00 1.141024e+00 8.131145e+00 2.446349e-02 2.628341e+00
39627841402309744 1.514874e+00 1.078078e+01 2.826924e-01 1.817678e+00 1.616642e+00 1.081997e+01 2.703093e-01 -6.806637e-01
39627769696490680 1.750916e+00 9.540047e+00 7.085809e-02 -3.743630e+00 1.591909e+00 9.417622e+00 5.184150e-02 -5.051001e-01
39627739518472288 1.218912e+00 1.024569e+01 2.225222e-01 3.459617e+00 1.267975e+00 1.025393e+01 2.121537e-01 2.738164e+00
39627762826217504 1.720778e+00 1.071081e+01 3.735470e-01 -1.486879e-01 1.662806e+00 1.111607e+01 4.040709e-01 -8.336914e-01
39633118474273480 1.137756e+00 9.290019e+00 5.897674e-02 2.777127e+00 1.228277e+00 9.000655e+00 3.320050e-02 3.770204e+00
39627793247506680 1.306654e+00 1.124901e+01 5.410526e-01 2.474396e-02 1.433918e+00 1.127757e+01 5.955657e-01 9.738508e-01
39627768907957544 1.757697e+00 1.049874e+01 2.190171e-01 -2.884262e+00 1.666515e+00 1.064276e+01 2.028565e-01 -9.789147e-01
39627818685960744 1.621260e+00 1.149615e+01 5.636342e-01 -9.822698e-01 1.624514e+00 1.141353e+01 6.484333e-01 1.454149e-01
39627787681664248 1.266447e+00 1.077062e+01 2.555244e-01 5.817527e+00 1.263555e+00 1.044275e+01 2.490273e-01 5.887565e+00
39627811094266944 1.548194e+00 1.111214e+01 5.738164e-01 1.485868e+00 1.542875e+00 1.131704e+01 6.186440e-01 1.097651e+00
39627770195609528 1.749195e+00 1.104661e+01 3.822930e-01 -1.567798e+00 1.697774e+00 1.106616e+01 3.940230e-01 -6.501852e-01
39627746170636576 1.642877e+00 1.082517e+01 2.978036e-01 -1.257055e+00 1.671293e+00 1.091190e+01 2.961266e-01 -1.002571e+00
39627877641095648 1.409385e+00 1.079159e+01 3.454057e-01 2.077754e+00 1.558421e+00 1.084001e+01 3.744962e-01 -9.712156e-01
39627752206241704 1.140779e+00 8.340089e+00 1.985339e-02 4.674018e+00 1.160531e+00 8.370234e+00 0.000000e+00 4.822743e+00
39627859702055640 1.670098e+00 1.099958e+01 3.442148e-01 3.035846e-01 1.669891e+00 1.113825e+01 3.936272e-01 5.193521e-01
39627775664983536 1.709713e+00 1.066785e+01 1.755060e-01 -2.399902e-01 1.746381e+00 1.054985e+01 1.682528e-01 -1.106435e+00
39627799782229560 1.207359e+00 1.017764e+01 1.388636e-01 3.242805e-01 1.253538e+00 1.028395e+01 1.376595e-01 2.606944e+00
39627841351976664 1.471900e+00 1.105316e+01 3.516316e-01 2.065839e+00 1.474556e+00 1.104276e+01 3.688896e-01 1.485807e+00
39627767192491288 1.512843e+00 1.111304e+01 4.036516e-01 1.017787e-01 1.549376e+00 1.114668e+01 4.873035e-01 3.042627e-01
39627808401526360 1.114623e+00 1.003974e+01 1.606519e-01 3.889622e+00 1.154029e+00 9.644151e+00 1.304637e-01 4.470594e+00
39627776302517800 1.720371e+00 1.116474e+01 4.732703e-01 -2.204964e+00 1.692567e+00 1.127832e+01 5.076615e-01 -7.923236e-01
39633136430091528 1.756852e+00 1.027174e+01 1.428213e-01 -1.328487e+00 1.744276e+00 1.032881e+01 1.253397e-01 -9.439380e-01
39627802600809952 1.138208e+00 1.059630e+01 3.527028e-01 4.657309e+00 1.161225e+00 1.082362e+01 3.654208e-01 4.358274e+00
39633158303387416 1.567255e+00 1.130337e+01 5.436810e-01 -1.089477e+00 1.470012e+00 1.138554e+01 6.196650e-01 2.092498e+00
39627838852171880 1.397007e+00 1.080742e+01 4.491382e-01 3.122945e-01 1.421364e+00 1.104900e+01 4.988373e-01 -4.303018e-01
39627835236679952 2.005555e+00 1.111283e+01 4.132235e-01 -2.586733e+00 1.736859e+00 1.119486e+01 4.388707e-01 -9.654498e-01
39627811983460056 1.219588e+00 9.762804e+00 1.177771e-01 1.416999e+00 1.209052e+00 9.392820e+00 9.884582e-02 1.108794e+00
39627824612510904 1.293417e+00 1.023749e+01 2.173147e-01 2.116409e+00 1.263209e+00 1.029158e+01 2.095285e-01 1.223779e+00
39627824641871976 1.691369e+00 1.015041e+01 2.300875e-01 -1.027579e+00 1.651497e+00 1.040400e+01 2.202931e-01 -2.847291e-01
39627859479759024 1.175781e+00 1.016021e+01 1.409211e-01 4.048647e+00 1.238669e+00 1.007440e+01 1.211149e-01 3.171117e+00
39627772175325960 1.162672e+00 9.542546e+00 1.466690e-01 4.295459e+00 1.156380e+00 9.157895e+00 1.238378e-01 2.344352e+00
39627769549684968 1.846032e+00 1.068039e+01 2.286066e-01 -7.342496e-01 1.606704e+00 1.086707e+01 2.331950e-01 1.077831e-03
39633149453405664 1.799555e+00 1.106249e+01 3.276345e-01 -1.247081e+00 1.652058e+00 1.113413e+01 3.697527e-01 5.640978e-02
39627769595823744 1.573414e+00 1.081249e+01 2.452725e-01 -5.033500e-01 1.700401e+00 1.065925e+01 2.539838e-01 2.113658e-02
39627805801059848 1.507621e+00 1.036824e+01 2.340364e-01 -1.987216e-02 1.511072e+00 1.059348e+01 2.548079e-01 5.913281e-01
39627754555052024 1.398766e+00 1.009546e+01 1.138824e-01 2.161242e+00 1.238537e+00 1.013285e+01 1.130024e-01 3.200310e+00
39627769587433816 1.119207e+00 9.518359e+00 1.211513e-01 4.045110e+00 1.143903e+00 9.108495e+00 1.116570e-01 3.637381e+00
39627782422007208 1.814790e+00 1.076578e+01 2.520462e-01 -3.041996e+00 1.715218e+00 1.089046e+01 2.482151e-01 -1.087983e+00
39627781004329144 1.228814e+00 1.034435e+01 3.080701e-01 3.542549e+00 1.240947e+00 1.053375e+01 3.327184e-01 2.862649e+00
39627768920542224 1.366902e+00 1.031087e+01 1.691214e-01 -3.912106e-01 1.397794e+00 1.018582e+01 1.427919e-01 1.327029e-01
39627800549788384 1.515003e+00 1.069033e+01 2.340587e-01 -7.656198e-01 1.639381e+00 1.063895e+01 2.529529e-01 -1.063676e+00
39627899128514752 1.729145e+00 1.080309e+01 2.166376e-01 -2.377523e+00 1.652407e+00 1.081693e+01 1.982708e-01 -1.642028e+00
39627808799981712 1.956288e+00 1.085801e+01 1.835014e-01 -1.898664e-01 1.851270e+00 1.104197e+01 1.823249e-01 -1.395549e+00
39627740088894928 1.726609e+00 1.052845e+01 1.311956e-01 -2.103096e+00 1.816801e+00 1.061127e+01 1.107713e-01 -1.221339e+00
39627812537109168 1.189510e+00 9.520994e+00 1.222830e-01 2.392013e+00 1.192391e+00 9.485058e+00 1.018647e-01 3.377858e+00
39627746120305664 1.429456e+00 1.039700e+01 2.172435e-01 8.287104e-01 1.500596e+00 1.066066e+01 2.354476e-01 -4.254069e-01
39627768832461288 1.758566e+00 1.064699e+01 2.039151e-01 -3.528146e-01 1.690550e+00 1.067641e+01 2.050410e-01 -7.122934e-01
39627874986102488 1.696633e+00 1.086834e+01 2.564818e-01 -3.131952e+00 1.759962e+00 1.097792e+01 2.652405e-01 -1.520559e+00
39627856866710336 1.739533e+00 1.127909e+01 5.121185e-01 -9.459065e-01 1.715871e+00 1.143018e+01 5.584803e-01 -5.911762e-01
39627818497213288 1.200804e+00 9.978081e+00 1.786274e-01 1.048280e+00 1.233026e+00 9.977302e+00 2.027441e-01 2.238677e+00
39627780991746584 1.121423e+00 8.672946e+00 7.614096e-02 1.453158e+00 1.126727e+00 8.369931e+00 5.185284e-02 2.907197e+00
39627776201855360 1.826287e+00 1.096683e+01 2.630858e-01 -1.163453e+00 1.817853e+00 1.106444e+01 2.593948e-01 -1.010178e+00
39627775094555192 1.927963e+00 1.098081e+01 3.670894e-01 4.221562e-01 1.770480e+00 1.118183e+01 3.911205e-01 -6.973894e-01
39627778533891056 1.138552e+00 1.056965e+01 2.104171e-01 2.422634e+00 1.222882e+00 1.068440e+01 2.551637e-01 3.053833e+00
39627781713171656 1.751817e+00 1.047999e+01 1.650080e-01 -1.533626e+00 1.717752e+00 1.046745e+01 1.618516e-01 -1.412032e+00
39627764134838960 1.267709e+00 1.063353e+01 2.596235e-01 2.848027e+00 1.369981e+00 1.053338e+01 2.619280e-01 1.182387e+00
39627811123630800 1.271266e+00 1.068584e+01 2.547374e-01 3.480005e+00 1.352252e+00 1.059831e+01 2.481750e-01 2.625674e+00
39627788298228080 1.082947e+00 7.649374e+00 3.949546e-02 9.238680e-01 1.068818e+00 7.096326e+00 0.000000e+00 8.236698e-01
39627835521894936 1.675929e+00 1.125858e+01 4.998177e-01 -9.007536e-01 1.678658e+00 1.131114e+01 5.570548e-01 4.524275e-01
39627808791593592 1.251316e+00 9.977384e+00 1.873370e-01 4.126075e+00 1.226694e+00 1.013067e+01 1.876992e-01 2.995545e+00
39627776369625104 1.423213e+00 1.126346e+01 4.453273e-01 -5.155886e-01 1.511772e+00 1.134062e+01 4.786362e-01 -1.346298e+00
39627820493706832 1.795530e+00 1.087417e+01 3.714899e-01 -5.349013e-01 1.735785e+00 1.110873e+01 3.906214e-01 -6.611708e-01
39627787153182016 1.540541e+00 9.810102e+00 7.894130e-02 2.065748e-01 1.422904e+00 9.817990e+00 5.860175e-02 1.139239e+00
39633118776266840 1.747708e+00 1.095088e+01 2.513152e-01 -1.586508e+00 1.724099e+00 1.091973e+01 2.418731e-01 -1.422411e+00
39627752046858864 1.050839e+00 9.229388e+00 1.143824e-01 6.605338e-01 1.156398e+00 9.116467e+00 1.208555e-01 3.173853e+00
39627790789647824 1.067351e+00 8.501496e+00 9.429044e-02 5.829787e+00 1.102131e+00 8.412889e+00 6.639530e-02 4.262021e+00
39633132013486272 1.544684e+00 1.133936e+01 4.722244e-01 1.534108e+00 1.660121e+00 1.131142e+01 4.964633e-01 -7.205116e-01
39627836637579360 1.574456e+00 1.036430e+01 1.652366e-01 -4.427319e+00 1.498095e+00 1.027605e+01 1.564479e-01 -2.069712e+00
39627836012629200 1.401899e+00 1.030070e+01 1.612050e-01 -1.272826e+00 1.344075e+00 1.046491e+01 1.829650e-01 4.274892e-01
39627790399575776 1.186642e+00 9.328844e+00 1.274300e-01 5.659775e+00 1.204448e+00 9.383700e+00 1.152628e-01 2.757496e+00
39627782275205760 1.300578e+00 9.359894e+00 1.262860e-01 1.448179e+00 1.265482e+00 9.514564e+00 1.147408e-01 9.757296e-01
39627829410792320 1.761907e+00 1.066142e+01 1.624623e-01 -5.995148e-01 1.793512e+00 1.066663e+01 1.393417e-01 -1.430831e+00
39627868942108752 1.631520e+00 1.122842e+01 4.477829e-01 -6.061287e-01 1.683138e+00 1.132718e+01 4.776710e-01 -8.412687e-01
39627836633387600 1.179488e+00 9.318856e+00 1.308693e-01 1.973397e+00 1.225345e+00 9.280489e+00 9.809540e-02 1.429757e+00
39633290046472280 1.231556e+00 9.914252e+00 2.496077e-01 2.415322e+00 1.265814e+00 1.021949e+01 2.380429e-01 1.836340e+00
39627818593681840 1.281107e+00 1.018939e+01 1.373569e-01 -3.435111e+00 1.216406e+00 9.993438e+00 1.082221e-01 -1.389564e+00
39627824432156048 1.937493e+00 1.088297e+01 4.225380e-01 -2.170916e+00 1.709267e+00 1.115726e+01 4.349161e-01 -9.576089e-01
39627805876554344 1.739404e+00 1.063368e+01 2.371186e-01 -4.708084e-01 1.671853e+00 1.055682e+01 2.175598e-01 -1.242648e+00
39627787769743480 1.269031e+00 1.002565e+01 1.304335e-01 1.073794e+00 1.265542e+00 1.021496e+01 1.387705e-01 2.799098e+00
39627776235406952 1.588929e+00 1.027276e+01 1.441461e-01 -1.098465e+00 1.662843e+00 1.030915e+01 1.358046e-01 -1.206861e+00
39627730949511272 1.446848e+00 1.153601e+01 5.443739e-01 1.696545e-01 1.571264e+00 1.151700e+01 6.192319e-01 3.365950e-01
39627800008723568 1.568335e+00 1.006141e+01 8.148347e-02 -6.852492e-01 1.380368e+00 1.039382e+01 9.448890e-02 1.703786e+00
39627782442979368 1.773448e+00 9.860323e+00 8.262908e-02 -7.516422e-01 1.737208e+00 1.001710e+01 5.246605e-02 -8.244069e-01
39627794321245856 1.162677e+00 1.091389e+01 3.134798e-01 4.233749e+00 1.208390e+00 1.064068e+01 3.355230e-01 3.947500e+00
39627883714445792 1.811057e+00 1.101996e+01 3.470429e-01 -1.745458e+00 1.661310e+00 1.118030e+01 3.616554e-01 -7.545526e-01
39627799916447200 1.611218e+00 1.067637e+01 1.887418e-01 -2.794939e+00 1.604021e+00 1.076233e+01 2.019814e-01 -7.039276e-01
39627859509119192 1.279046e+00 1.079814e+01 5.061834e-01 2.777455e+00 1.334592e+00 1.096238e+01 5.264359e-01 5.215093e-01
39627766932447296 1.209742e+00 8.335839e+00 5.333410e-02 4.643480e+00 1.115949e+00 8.066940e+00 2.761109e-02 1.616457e+00
39627853477709584 1.453249e+00 1.110868e+01 5.484532e-01 3.281203e+00 1.500852e+00 1.129700e+01 5.773149e-01 7.114548e-01
39627824033698472 1.524118e+00 1.067316e+01 1.899707e-01 -2.266683e+00 1.737787e+00 1.069538e+01 1.878120e-01 -1.428392e+00
39633158118836456 1.498459e+00 9.760773e+00 1.079903e-01 -7.665164e-01 1.312997e+00 9.853144e+00 9.946401e-02 2.026529e+00
39627893105493560 1.738784e+00 1.118473e+01 4.223535e-01 5.167769e-01 1.672467e+00 1.128016e+01 4.220341e-01 -9.953953e-01
39627790378601904 1.147368e+00 9.580653e+00 9.586702e-02 3.077191e+00 1.233666e+00 9.635552e+00 8.194555e-02 3.304269e+00
39627746069975088 1.105117e+00 9.130188e+00 1.284063e-01 3.640533e+00 1.109437e+00 8.154858e+00 2.235936e-02 9.775220e-01
39627829276577520 1.130509e+00 9.311263e+00 8.994757e-02 4.564290e+00 1.179929e+00 9.271602e+00 7.529260e-02 4.189944e+00
39627780891085776 1.731741e+00 1.029796e+01 1.539127e-01 -5.663096e-01 1.653692e+00 1.037469e+01 1.535291e-01 -1.085944e+00
39627823966587248 1.292538e+00 9.199462e+00 7.833284e-02 2.854394e+00 1.204699e+00 9.203885e+00 7.161684e-02 3.813925e+00
39633154071332792 1.260058e+00 1.077179e+01 5.176798e-01 -2.383218e-01 1.482113e+00 1.102726e+01 5.680413e-01 -9.503974e-01
39627766135524688 1.690511e+00 1.112318e+01 4.417268e-01 2.511879e+00 1.775718e+00 1.136962e+01 4.273546e-01 -4.600595e-01
39627787715218824 1.892364e+00 1.066934e+01 2.542273e-01 -1.798310e+00 1.768176e+00 1.085259e+01 2.762675e-01 -6.564398e-01
39627797190148792 1.343850e+00 1.116432e+01 3.580177e-01 6.345896e-02 1.689275e+00 1.106242e+01 3.817441e-01 -8.664302e-01
39627781780275760 1.868915e+00 1.095874e+01 1.862843e-01 -2.110457e+00 1.815392e+00 1.085148e+01 1.816522e-01 -9.662493e-01
39627841591054552 1.945364e+00 1.036008e+01 1.251132e-01 -1.263920e+00 1.767513e+00 1.038468e+01 1.147640e-01 -1.121178e+00
39627935103058192 1.723167e+00 1.127258e+01 2.489397e-01 -8.895990e-01 1.831533e+00 1.121620e+01 2.584510e-01 -1.085088e+00
39627764122256200 1.194710e+00 1.010665e+01 2.628746e-01 5.510716e+00 1.225757e+00 1.003748e+01 1.985654e-01 3.866538e+00
39627811169767648 1.057441e+00 8.350853e+00 7.687814e-02 3.336637e+00 1.076459e+00 7.609739e+00 2.704819e-02 2.250751e+00
39627739380057928 1.697675e+00 1.097570e+01 2.409547e-01 -8.073336e-01 1.809788e+00 1.098926e+01 2.491443e-01 -9.591746e-01
39627776306710904 1.444921e+00 9.857476e+00 1.175711e-01 3.865585e+00 1.282050e+00 9.898316e+00 1.296349e-01 2.250190e+00
39627829364657648 1.870465e+00 1.095461e+01 3.798639e-01 -1.491990e+00 1.618179e+00 1.116173e+01 3.900630e-01 -5.404114e-01
39627775727896472 1.667093e+00 1.084553e+01 2.488552e-01 -1.215195e+00 1.750948e+00 1.079468e+01 2.303807e-01 -1.044047e+00
39633118415554344 1.622975e+00 1.102828e+01 4.933808e-01 -4.180027e-01 1.669589e+00 1.134372e+01 5.239340e-01 -1.799070e-01
39627823287110688 1.359050e+00 1.038404e+01 2.866369e-01 1.916672e+00 1.297630e+00 1.043287e+01 2.821389e-01 1.034900e+00
39627796686838040 1.153645e+00 9.861804e+00 1.870516e-01 2.900190e+00 1.215680e+00 9.621844e+00 1.470449e-01 1.626071e+00
39627752181075144 1.154829e+00 1.059972e+01 3.090216e-01 5.148591e+00 1.189965e+00 1.038055e+01 3.291011e-01 3.738739e+00
39627787039936088 1.855399e+00 1.086952e+01 3.040267e-01 -4.668555e-01 1.717357e+00 1.111558e+01 3.286215e-01 -9.547164e-01
39627776231213464 1.217250e+00 9.143307e+00 1.216983e-01 1.874082e+00 1.224898e+00 9.440901e+00 1.110067e-01 2.816470e+00
39627762977215200 1.632617e+00 9.985688e+00 9.798036e-02 -3.228677e-01 1.524743e+00 9.830875e+00 6.886889e-02 -2.127566e-01
39627793847291648 1.783113e+00 1.058360e+01 4.592713e-01 1.687658e-01 1.668856e+00 1.127597e+01 4.854156e-01 -1.036052e+00
39627776130550176 1.172978e+00 9.453380e+00 8.469677e-02 4.088976e+00 1.182869e+00 9.409773e+00 7.248376e-02 3.963921e+00
39627841578467696 1.758028e+00 1.132729e+01 4.536361e-01 -7.696565e-01 1.760567e+00 1.137690e+01 4.814202e-01 -9.607217e-01
39627740042761912 1.207141e+00 9.422832e+00 1.391395e-01 4.569864e+00 1.246551e+00 9.615394e+00 1.235540e-01 1.361346e+00
39627762922684616 1.661797e+00 1.131491e+01 4.514067e-01 -3.770971e+00 1.686569e+00 1.129803e+01 4.822810e-01 -9.017353e-01
39627798985312216 1.234069e+00 1.016711e+01 2.019013e-01 3.473443e+00 1.251815e+00 1.017673e+01 2.143579e-01 2.726576e+00
39627805121580688 1.398317e+00 1.118617e+01 5.575054e-01 1.705582e+00 1.477466e+00 1.135059e+01 6.110955e-01 9.105738e-01
39627764315195648 1.642107e+00 1.093734e+01 5.570364e-01 2.188235e+00 1.587826e+00 1.133363e+01 6.313744e-01 2.100749e+00
39627757549781288 1.604308e+00 1.013429e+01 1.141124e-01 9.714454e-01 1.589754e+00 9.777635e+00 9.259424e-02 8.109117e-01
39627818581100760 1.163670e+00 8.988365e+00 1.016510e-01 1.520016e+00 1.184544e+00 9.155169e+00 9.849957e-02 2.784872e+00
39627782426202720 1.399503e+00 1.095719e+01 3.153012e-01 2.738774e-01 1.322786e+00 1.099617e+01 3.361397e-01 2.341736e+00
39627811241070040 1.672620e+00 1.127316e+01 4.521064e-01 -1.115733e+00 1.679691e+00 1.130039e+01 4.850058e-01 -6.113122e-01
39627790378606488 1.621330e+00 1.121436e+01 4.108552e-01 -1.334064e+00 1.726049e+00 1.114965e+01 3.949986e-01 -1.014465e+00
39627808581879384 1.705960e+00 1.130262e+01 4.329997e-01 -1.251613e+00 1.718320e+00 1.127777e+01 4.726012e-01 -9.977654e-01
39627788411472448 1.359123e+00 1.051078e+01 1.799352e-01 2.482214e+00 1.339145e+00 1.011841e+01 1.371347e-01 3.905468e-01
39627770233358424 1.106832e+00 9.150195e+00 1.594442e-01 5.887099e+00 1.140201e+00 9.058918e+00 1.266648e-01 3.444770e+00
39627640541283536 1.211846e+00 1.078515e+01 5.320851e-01 3.033698e+00 1.169248e+00 1.069275e+01 4.632759e-01 1.269674e+00
39627859735612744 1.717095e+00 1.095259e+01 4.143244e-01 -7.546262e-01 1.702367e+00 1.112914e+01 4.291731e-01 -2.499686e-01
39627788331780296 1.039285e+00 9.593760e+00 1.205859e-01 3.495068e+00 1.069184e+00 9.236458e+00 1.031591e-01 4.190010e+00
39627764252281712 1.745927e+00 1.074333e+01 2.932241e-01 -6.297399e-01 1.641663e+00 1.099068e+01 2.911425e-01 -1.458166e+00
39627818656597312 1.091360e+00 1.018603e+01 1.760153e-01 4.501973e+00 1.125877e+00 1.008636e+01 1.855419e-01 3.700866e+00
39627739447168744 1.213851e+00 1.044428e+01 1.301371e-01 4.245596e+00 1.172636e+00 1.056848e+01 1.814204e-01 3.913018e+00
39633122874097920 1.350684e+00 1.011900e+01 9.593556e-02 -2.432096e+00 1.374388e+00 9.771785e+00 6.656319e-02 1.215941e+00
39633145347180720 1.339281e+00 1.034842e+01 1.116491e-01 4.256616e-01 1.461901e+00 9.935312e+00 6.133090e-02 1.092351e+00
39627811173962368 1.468531e+00 1.080919e+01 2.812359e-01 -5.508163e-01 1.388247e+00 1.080275e+01 2.481397e-01 -1.648062e-02
39627732862110520 1.873894e+00 1.072788e+01 2.124896e-01 -2.951588e+00 1.746994e+00 1.077559e+01 2.132542e-01 -1.267557e+00
39627780995942872 1.368307e+00 1.031745e+01 1.459450e-01 -1.267472e-02 1.310978e+00 1.022053e+01 1.385931e-01 1.951633e+00
39627763530862616 1.423172e+00 1.008134e+01 1.014405e-01 8.711254e-01 1.421654e+00 1.006854e+01 7.954748e-02 1.072719e+00
39633153983250656 1.451352e+00 9.996902e+00 1.434660e-01 5.297500e-01 1.409349e+00 9.937120e+00 1.270301e-01 -4.541649e-01
39633144973888392 1.776508e+00 1.099768e+01 3.276043e-01 -2.107395e+00 1.712039e+00 1.091383e+01 3.254328e-01 -8.965460e-01
39627745453412216 2.028861e+00 1.090974e+01 2.771457e-01 -2.190485e+00 1.718454e+00 1.095014e+01 2.876719e-01 -1.237990e+00
39627800553985296 1.370974e+00 8.884567e+00 4.594046e-02 -5.935277e-02 1.315035e+00 8.740980e+00 2.597259e-02 4.841095e-01
39627895739515504 1.864477e+00 1.091558e+01 3.624412e-01 -2.953449e-01 1.785705e+00 1.125527e+01 3.757063e-01 -5.055169e-01
39633144990664024 1.281339e+00 9.834355e+00 7.181147e-02 4.589233e-01 1.303278e+00 9.947140e+00 6.094554e-02 2.195661e+00
39627766206824752 1.327766e+00 9.930396e+00 8.964629e-02 -2.123505e+00 1.361452e+00 9.866841e+00 6.225154e-02 -4.403915e-01
39627781780280328 1.494706e+00 9.743028e+00 8.778562e-02 -1.283811e+00 1.570428e+00 9.483853e+00 6.857243e-02 -4.983885e-01
39627802428840760 1.190420e+00 9.365709e+00 9.790270e-02 2.252971e+00 1.233141e+00 9.643861e+00 1.112456e-01 1.795431e+00
39627823148699048 1.606827e+00 1.071948e+01 2.285552e-01 -2.012489e+00 1.742804e+00 1.081531e+01 2.328332e-01 -1.085030e+00
39627824033694152 1.085130e+00 8.397251e+00 8.329254e-02 4.567462e+00 1.104688e+00 8.205602e+00 4.509260e-02 4.502797e+00
39627652599910720 1.601115e+00 1.135450e+01 5.572523e-01 -4.745223e-01 1.658554e+00 1.152953e+01 6.037605e-01 -6.643791e-01
39627863103637664 1.402810e+00 1.089633e+01 5.110965e-01 1.623547e+00 1.427291e+00 1.110901e+01 4.764706e-01 -1.325410e+00
39633127710133936 1.187117e+00 7.718974e+00 3.005276e-02 4.445663e+00 1.154037e+00 7.424525e+00 0.000000e+00 3.859704e+00
39633132038654736 1.862826e+00 1.116016e+01 3.781113e-01 1.240382e+00 1.770998e+00 1.128095e+01 3.945038e-01 -3.273399e-01
39627760901037648 1.217598e+00 7.889665e+00 4.093570e-02 2.226030e+00 1.112551e+00 8.064106e+00 2.121712e-02 2.839036e+00
39627746002865376 1.470245e+00 1.042128e+01 2.126277e-01 -3.220663e+00 1.591056e+00 1.035326e+01 2.039304e-01 -1.620898e+00
39627830077689328 1.876554e+00 1.098911e+01 2.439542e-01 -1.679341e+00 1.821261e+00 1.102800e+01 2.558668e-01 -9.186045e-01
39627793998284584 1.246888e+00 1.040624e+01 1.216083e-01 3.625386e+00 1.237028e+00 1.050666e+01 1.379189e-01 3.050518e+00
39627734124595376 1.489656e+00 1.049196e+01 1.442845e-01 2.393100e+00 1.538119e+00 1.065471e+01 1.450756e-01 -3.355247e-02
39627850868852344 1.610954e+00 1.100955e+01 3.585432e-01 -6.086937e-01 1.655476e+00 1.110462e+01 3.922271e-01 -1.059567e+00
39627836113293568 1.693627e+00 1.091749e+01 2.235359e-01 -1.957748e+00 1.714734e+00 1.102342e+01 2.416835e-01 -1.077085e+00
39627772221464520 1.090587e+00 1.151378e+01 7.526823e-01 4.046581e+00 1.440361e+00 1.130982e+01 5.469177e-01 -8.335601e-01
39627823236776376 1.667967e+00 1.055951e+01 1.984060e-01 -3.607689e+00 1.651927e+00 1.059377e+01 2.031140e-01 -1.516125e+00
39627767150545680 1.064588e+00 9.943369e+00 1.640523e-01 1.919456e+00 1.136251e+00 9.624740e+00 1.157009e-01 1.652199e-01
39627800461706632 1.418218e+00 1.105502e+01 4.971172e-01 -5.243313e-01 1.337771e+00 1.124907e+01 5.645316e-01 1.311325e+00
39627779024625328 1.622559e+00 1.100262e+01 3.471545e-01 -2.882642e+00 1.595975e+00 1.114532e+01 3.665633e-01 -5.079383e-01
39627794476437944 1.900686e+00 1.076996e+01 3.022495e-01 -1.292453e+00 1.674056e+00 1.093159e+01 3.211943e-01 -1.058512e+00
39627782308762432 1.438227e+00 1.042810e+01 1.271093e-01 1.930164e+00 1.408664e+00 1.041112e+01 1.273357e-01 9.208695e-01
39627823891087504 1.647275e+00 1.031156e+01 1.543592e-01 -3.903933e-01 1.535874e+00 1.044980e+01 1.545593e-01 2.500514e-01
39627824486683456 1.650120e+00 1.072104e+01 1.676209e-01 -3.246655e-01 1.722330e+00 1.056829e+01 1.294689e-01 -1.304543e+00
39627762947853840 1.552240e+00 1.076845e+01 3.316664e-01 5.109316e-02 1.626125e+00 1.085413e+01 3.548945e-01 -7.766191e-01
39627763660885024 1.687561e+00 1.078290e+01 4.052019e-01 9.029756e-01 1.674049e+00 1.104276e+01 3.988160e-01 -7.908984e-01
39627774968726464 1.223753e+00 1.028053e+01 3.112925e-01 2.580561e+00 1.174308e+00 1.038073e+01 3.306341e-01 3.819135e+00
39627775140693744 1.567965e+00 1.145632e+01 5.896318e-01 5.234349e-01 1.677910e+00 1.155273e+01 6.362368e-01 -6.037045e-02
39627739371670064 1.812164e+00 1.054036e+01 2.554488e-01 -2.106286e+00 1.725349e+00 1.080511e+01 2.769603e-01 -9.170758e-01
39627802906991632 1.797359e+00 1.021297e+01 6.285187e-02 8.416327e-02 1.741918e+00 1.002142e+01 3.429760e-02 -6.570295e-01
39627794321247912 1.635891e+00 1.101024e+01 4.271200e-01 -2.967238e+00 1.652212e+00 1.115784e+01 4.433725e-01 -1.068923e+00
39627676687798960 1.178036e+00 1.017807e+01 2.142163e-01 4.363162e+00 1.181868e+00 1.030874e+01 2.328861e-01 3.632535e+00
39633157993008872 1.675580e+00 1.110910e+01 2.737640e-01 7.538809e-01 1.693549e+00 1.087420e+01 2.649967e-01 6.759393e-01
39627830618752008 1.579556e+00 1.060959e+01 3.052281e-01 1.120316e+00 1.517570e+00 1.088937e+01 3.437287e-01 1.313410e+00
39627817880651968 1.499587e+00 1.008207e+01 3.025977e-01 2.798743e+00 1.243013e+00 1.047186e+01 3.230007e-01 2.358356e+00
39627788415669232 1.277710e+00 1.032740e+01 2.626119e-01 2.237443e+00 1.258731e+00 1.047359e+01 2.686133e-01 1.208850e+00
39627811803107024 1.860733e+00 1.072496e+01 1.326078e-01 -3.369596e+00 1.800434e+00 1.063357e+01 1.117696e-01 -1.151991e+00
39633153916142776 1.696851e+00 1.024695e+01 1.103175e-01 -6.048677e-04 1.708798e+00 1.043886e+01 1.113641e-01 -3.911918e-01
39627836276868232 1.466991e+00 1.109031e+01 2.877579e-01 -3.507036e+00 1.666441e+00 1.098034e+01 2.826166e-01 -1.061015e+00
39627820703423632 1.735137e+00 1.041487e+01 1.813804e-01 -2.665285e-01 1.784518e+00 1.068364e+01 1.622624e-01 -1.219946e+00
39633131803770944 1.573431e+00 1.017613e+01 8.604562e-02 9.420586e-01 1.540730e+00 1.012810e+01 6.922385e-02 4.845852e-01
39633136555918112 1.732790e+00 1.054289e+01 1.340840e-01 -2.581699e+00 1.724362e+00 1.053519e+01 1.308283e-01 -1.311850e+00
39627778311589768 1.381933e+00 1.090818e+01 3.290171e-01 -5.215313e-01 1.624452e+00 1.102299e+01 3.904405e-01 -1.243291e+00
39627824658647872 1.181520e+00 9.503434e+00 2.109720e-01 4.469603e+00 1.177776e+00 9.681819e+00 2.138212e-01 3.496657e+00
39627787912351472 1.465595e+00 1.117534e+01 3.295597e-01 1.047926e+00 1.475346e+00 1.124883e+01 3.548843e-01 1.447623e+00
39627823945616504 1.670218e+00 1.072544e+01 1.722038e-01 -3.058248e+00 1.775626e+00 1.069113e+01 1.777274e-01 -1.004207e+00
39627824025309584 1.544920e+00 1.075911e+01 3.081611e-01 2.682603e+00 1.499184e+00 1.071757e+01 3.117835e-01 3.081329e+00
39627883840278112 1.890950e+00 1.119247e+01 3.263540e-01 -1.672827e+00 1.792927e+00 1.126849e+01 3.455960e-01 -6.577064e-01
39627823928841072 1.619178e+00 1.012437e+01 1.549033e-01 1.642023e+00 1.588147e+00 1.020274e+01 1.320410e-01 8.807796e-01
39627868912751008 1.663679e+00 1.127090e+01 3.070745e-01 -3.828224e-01 1.650110e+00 1.132508e+01 3.074838e-01 -8.512242e-01
39627811945713120 1.216515e+00 1.040333e+01 2.957764e-01 3.284382e+00 1.261381e+00 1.014300e+01 2.904936e-01 2.592993e+00
39627757566558280 1.115019e+00 8.914251e+00 8.207361e-02 1.261539e+00 1.156421e+00 8.865971e+00 6.702633e-02 1.011208e+00
39627811102655912 1.336021e+00 1.026799e+01 1.565968e-01 -2.734063e+00 1.305396e+00 1.037256e+01 2.057894e-01 4.850768e-01
39627764034176968 1.611538e+00 1.012723e+01 7.622004e-02 8.807862e-01 1.717935e+00 9.974342e+00 4.276496e-02 -4.826906e-01
39627786918302392 1.196944e+00 9.065409e+00 5.056055e-02 4.776585e+00 1.176732e+00 8.704150e+00 3.465009e-02 3.889325e+00
39627772255012712 1.705439e+00 1.118396e+01 3.223605e-01 -9.692565e-01 1.665541e+00 1.119124e+01 3.325975e-01 -6.483036e-01
39627830568422424 1.568761e+00 1.136471e+01 4.416696e-01 -3.340986e+00 1.667792e+00 1.115017e+01 4.521816e-01 -1.125808e+00
39633118595910152 1.566921e+00 9.990521e+00 6.377448e-02 4.979539e-01 1.551001e+00 1.015063e+01 6.666379e-02 6.938542e-01
39627770149473224 1.580534e+00 1.151119e+01 5.574557e-01 -8.271197e-01 1.656074e+00 1.148699e+01 6.212533e-01 -3.665448e-01
39633122953791488 1.700170e+00 1.117454e+01 3.352118e-01 -1.026406e+00 1.767370e+00 1.114396e+01 3.442736e-01 -8.800378e-01
39627802663720312 9.981734e-01 9.448000e+00 1.949341e-01 3.948485e+00 1.093234e+00 9.515835e+00 1.633392e-01 3.587659e+00
39627817108898576 1.645017e+00 1.107109e+01 2.086369e-01 8.159412e-01 1.694104e+00 1.101959e+01 2.000582e-01 -4.151660e-01
39627814441322880 1.220991e+00 9.862009e+00 2.652726e-01 2.808010e+00 1.158330e+00 9.808573e+00 2.507169e-01 4.142103e+00
39627758149569024 1.190178e+00 1.009448e+01 1.985440e-01 2.854401e+00 1.214074e+00 9.816670e+00 2.040378e-01 2.919853e+00
39627793796956432 1.565166e+00 1.038562e+01 2.479591e-01 1.862494e-01 1.552509e+00 1.047328e+01 2.528211e-01 1.599086e+00
39627800432348216 1.985956e+00 1.023343e+01 1.243398e-01 -2.342257e+00 1.715167e+00 1.028585e+01 1.211976e-01 -9.911782e-01
39627775887281560 1.786290e+00 1.068664e+01 1.697428e-01 -1.052180e+00 1.782507e+00 1.065751e+01 1.555028e-01 -1.060026e+00
39627682647902312 1.687788e+00 1.133485e+01 4.821105e-01 -2.308529e+00 1.681565e+00 1.146776e+01 5.212697e-01 -9.144040e-01
39627740093092944 1.428655e+00 1.021949e+01 2.169123e-01 -2.610755e-01 1.268349e+00 1.029200e+01 2.391851e-01 1.436231e+00
39627766513011752 1.282825e+00 1.023340e+01 1.159110e-01 -5.816210e-01 1.271770e+00 1.030646e+01 9.770545e-02 2.000664e-01
39627782308759640 1.402517e+00 1.002375e+01 2.092405e-01 1.730799e+00 1.226814e+00 9.764132e+00 1.773748e-01 1.113850e+00
39627895701770992 1.328063e+00 9.705546e+00 7.526149e-02 2.243344e+00 1.326501e+00 9.597795e+00 5.068955e-02 2.155686e+00
39627836532721416 1.652325e+00 1.149654e+01 4.410555e-01 -4.100787e-01 1.735670e+00 1.131901e+01 4.647382e-01 -7.444522e-01
39627755024816952 1.588597e+00 1.103090e+01 4.252064e-01 -1.482643e+00 1.627084e+00 1.107448e+01 4.439236e-01 -1.067785e+00
39627676708766696 1.517426e+00 1.135955e+01 5.177299e-01 8.978859e-01 1.630833e+00 1.125649e+01 5.836827e-01 3.935929e-01
39627733868743512 1.580740e+00 1.096290e+01 5.666858e-01 4.059580e-01 1.580785e+00 1.129442e+01 5.941952e-01 -2.955352e-01
39627770342413192 1.417761e+00 1.055010e+01 2.179010e-01 2.814841e+00 1.356836e+00 1.026931e+01 1.985994e-01 8.685708e-03
39627758212485904 1.931908e+00 1.042956e+01 1.381910e-01 -1.491116e+00 1.799548e+00 1.053929e+01 1.266660e-01 -1.229440e+00
39633123088008512 1.448029e+00 1.106992e+01 3.398393e-01 1.999521e+00 1.468661e+00 1.106441e+01 3.503665e-01 1.059783e+00
39627758220869768 1.609461e+00 1.089330e+01 3.221341e-01 -3.629703e+00 1.626964e+00 1.096468e+01 3.425388e-01 -7.460657e-01
39627793692101200 1.193445e+00 9.490580e+00 9.365404e-02 3.862037e+00 1.253529e+00 9.433227e+00 7.983986e-02 2.872990e+00
39633140678918336 1.437977e+00 1.140732e+01 4.945942e-01 3.795566e+00 1.388869e+00 1.125548e+01 5.247248e-01 7.384888e-01
39627841444252896 1.280538e+00 9.635455e+00 8.888952e-02 2.204542e+00 1.343165e+00 9.315701e+00 4.378241e-02 2.255350e+00
39627812461609192 1.024187e+00 8.425202e+00 5.331525e-02 3.559839e+00 1.024630e+00 7.843678e+00 1.971108e-02 4.898120e-01
39627811140405008 1.096200e+00 9.332319e+00 1.079155e-01 -2.679616e+00 1.179357e+00 9.209866e+00 1.074709e-01 1.137518e+00
39627760896841624 1.601915e+00 9.362097e+00 1.755775e-02 1.317204e-01 1.689113e+00 8.869707e+00 4.379362e-03 -1.619556e-01
39627841347781328 1.799790e+00 1.117801e+01 3.483675e-01 -1.906636e+00 1.590543e+00 1.123536e+01 3.599953e-01 -5.438381e-01
39627740042757664 1.600091e+00 1.105256e+01 5.908832e-01 2.907206e+00 1.570750e+00 1.127003e+01 6.268789e-01 1.563718e+00
39633158341135616 1.082370e+00 8.390389e+00 3.509419e-02 5.687479e+00 1.109095e+00 8.052410e+00 3.393635e-03 5.723189e+00
39627785068617024 1.434807e+00 9.794236e+00 7.698800e-02 1.141581e+00 1.406987e+00 9.656990e+00 4.887556e-02 1.162943e+00
39627802617579472 1.551591e+00 1.062553e+01 1.082254e-01 -2.001072e-01 1.545928e+00 1.052844e+01 7.404719e-02 5.236129e-01
39627745436631864 1.564780e+00 1.099537e+01 2.450210e-01 -5.649990e-01 1.619429e+00 1.100182e+01 2.674775e-01 2.967539e-01
39627805155131880 1.179865e+00 9.161144e+00 7.036117e-02 4.391466e+00 1.196994e+00 9.992122e+00 1.066061e-01 3.816162e+00
39627776277351984 1.287329e+00 1.075815e+01 3.045163e-01 1.901696e+00 1.281512e+00 1.074093e+01 3.404082e-01 3.114604e+00
39627781675419200 1.326499e+00 1.024792e+01 1.281285e-01 1.790709e+00 1.349008e+00 1.036351e+01 1.472254e-01 1.606783e+00
39627794371576456 1.769153e+00 1.108355e+01 3.460233e-01 -3.256103e-01 1.782261e+00 1.126111e+01 3.609361e-01 -4.438152e-01
39627786960242104 1.377360e+00 9.940040e+00 1.237305e-01 9.253134e-01 1.274764e+00 1.003774e+01 1.060043e-01 2.634468e+00
39627818681765128 1.551757e+00 1.053881e+01 4.750543e-01 -2.548707e+00 1.563153e+00 1.104760e+01 5.283946e-01 1.341402e+00
39627841310032176 1.700582e+00 1.009073e+01 1.076736e-01 -2.283396e-01 1.700536e+00 1.008939e+01 8.777577e-02 -5.960368e-01
39627751023445872 1.745381e+00 1.114788e+01 4.568267e-01 -1.378276e+00 1.661462e+00 1.119597e+01 4.882925e-01 -1.559133e+00
39627732656589168 1.475070e+00 1.122762e+01 5.715615e-01 1.447988e+00 1.441099e+00 1.127754e+01 6.114490e-01 1.682266e+00
39627796330322016 1.356737e+00 1.009474e+01 1.143823e-01 -8.587837e-01 1.389472e+00 1.025830e+01 1.102779e-01 1.084369e+00
39627757579141864 1.660064e+00 1.077902e+01 2.178712e-01 -1.460474e+00 1.704683e+00 1.088943e+01 2.220462e-01 -1.285135e+00
39627806568612640 1.128964e+00 1.011674e+01 3.044161e-01 4.405062e+00 1.183148e+00 1.014944e+01 3.272988e-01 2.546032e+00
39627838931862688 1.508894e+00 1.144782e+01 5.275212e-01 9.651591e-01 1.455722e+00 1.135245e+01 5.934371e-01 1.623878e+00
39627806509893568 1.242033e+00 9.785740e+00 1.280058e-01 1.627143e+00 1.230018e+00 9.841647e+00 1.404989e-01 2.644615e+00
39627889875878920 1.582654e+00 1.059914e+01 1.494114e-01 2.671172e-01 1.674105e+00 1.051383e+01 1.332833e-01 -2.768395e-01
39633136170044144 1.818972e+00 1.082485e+01 1.055038e-01 -1.527026e+00 1.830566e+00 1.066058e+01 7.060340e-02 -1.223906e+00
39627757696586080 1.828783e+00 1.126329e+01 3.845574e-01 -1.234919e+00 1.779479e+00 1.124638e+01 3.973293e-01 -4.535422e-01
39627676687801616 1.821506e+00 1.102487e+01 4.357537e-01 -8.802547e-02 1.703239e+00 1.127403e+01 4.441175e-01 -4.940175e-01
39627761081386712 1.719841e+00 1.037372e+01 1.168675e-01 -7.150849e-01 1.649115e+00 1.040853e+01 1.228148e-01 -4.097804e-01
39627770199804680 1.701827e+00 1.042439e+01 1.597325e-01 -9.136322e-01 1.751269e+00 1.042293e+01 1.655279e-01 -1.016619e+00
39633136283287936 1.330390e+00 1.104372e+01 4.543588e-01 -2.597809e+00 1.367779e+00 1.098555e+01 4.842548e-01 -1.744270e+00
39627752063633968 1.275602e+00 1.028513e+01 1.829812e-01 7.437854e-01 1.323923e+00 1.007282e+01 1.621557e-01 8.785708e-01
39627764193560488 1.737617e+00 1.089025e+01 2.524451e-01 -1.923090e+00 1.753963e+00 1.091743e+01 2.555725e-01 -1.036482e+00
39627778655521008 1.752754e+00 1.116305e+01 4.393738e-01 -2.226560e+00 1.696035e+00 1.117937e+01 4.799266e-01 -4.113966e-01
39627757973406416 1.378663e+00 1.024548e+01 1.057870e-01 2.896276e+00 1.257770e+00 1.033640e+01 1.038717e-01 2.478461e+00
39627806467949512 1.268046e+00 9.944542e+00 2.232487e-01 2.678848e+00 1.179824e+00 1.011131e+01 2.381524e-01 2.520172e+00
39627751568705816 1.894866e+00 1.022852e+01 1.091543e-01 -1.227459e-01 1.742820e+00 1.022622e+01 8.863018e-02 -3.741002e-01
39627826755802712 1.510432e+00 1.118071e+01 4.167345e-01 -4.611431e+00 1.671059e+00 1.113643e+01 4.388168e-01 -9.878821e-01
39627774834510464 1.902959e+00 1.073696e+01 1.675068e-01 -2.208681e+00 1.765808e+00 1.074744e+01 1.687585e-01 -1.215235e+00
39627853439964872 1.665506e+00 1.092107e+01 2.905967e-01 1.054406e+00 1.794831e+00 1.089440e+01 2.431280e-01 -8.918114e-01
39627634522463176 2.175094e+00 1.104694e+01 2.348164e-01 -1.177246e+00 1.812171e+00 1.103463e+01 2.402864e-01 -1.065160e+00
39627776247990096 1.280952e+00 9.900812e+00 1.595048e-01 1.775359e+00 1.222200e+00 9.773537e+00 1.536890e-01 8.620178e-01
39627787773940096 1.317445e+00 1.129517e+01 5.935603e-01 1.481738e+00 1.294325e+00 1.130036e+01 6.468271e-01 3.224079e+00
39627883680891672 1.479952e+00 1.114635e+01 4.151852e-01 -1.962241e+00 1.670191e+00 1.111375e+01 4.347739e-01 -1.222801e+00
39627748997596440 1.319032e+00 1.065459e+01 2.071297e-01 -3.838703e+00 1.564888e+00 1.077132e+01 2.032491e-01 -1.099287e+00
39627794291885408 1.575339e+00 1.129553e+01 4.981973e-01 -1.180605e+00 1.660624e+00 1.127199e+01 5.578055e-01 1.666748e-01
39627841414889704 1.427419e+00 1.050823e+01 2.220266e-01 2.004967e+00 1.473421e+00 1.042566e+01 2.296943e-01 2.198455e+00
39627806400842432 1.187033e+00 8.532550e+00 4.572076e-02 3.128513e+00 1.158558e+00 7.802234e+00 1.004086e-02 3.135470e+00
39627793163619264 1.499683e+00 9.982682e+00 7.265244e-02 1.975662e+00 1.534823e+00 9.846725e+00 4.389992e-02 -2.968203e-01
39627775593678208 1.581586e+00 1.085402e+01 1.924060e-01 -1.644921e+00 1.656288e+00 1.069758e+01 1.877941e-01 -9.567229e-01
39627774855482944 1.588055e+00 1.041503e+01 2.675972e-01 1.075900e+00 1.548146e+00 1.057119e+01 2.616067e-01 1.880316e+00
39633158286608800 1.764469e+00 1.108418e+01 3.346234e-01 3.281150e-01 1.726162e+00 1.111901e+01 3.614600e-01 -3.257018e-02
39627782195515792 1.141344e+00 1.063177e+01 1.076170e-01 4.115811e+00 1.161773e+00 1.071728e+01 1.486610e-01 3.504404e+00
39627736892838832 1.725818e+00 1.084236e+01 5.509747e-01 -3.788880e-01 1.549287e+00 1.131490e+01 6.284376e-01 9.170039e-01
39627760234138208 1.132754e+00 9.825702e+00 1.264403e-01 2.427984e+00 1.156179e+00 9.603697e+00 1.130495e-01 4.082237e+00
39627745507935576 1.380359e+00 1.063134e+01 2.565112e-01 1.239182e+00 1.397561e+00 1.059263e+01 2.532273e-01 1.618982e+00
39627838617294688 1.719997e+00 1.124505e+01 4.606509e-01 -4.449500e+00 1.653428e+00 1.119223e+01 4.863603e-01 -1.056229e+00
39627805943665624 1.356486e+00 9.976371e+00 8.922035e-02 7.877519e-01 1.382701e+00 9.848958e+00 6.306952e-02 1.352752e+00
39627781088215824 1.339945e+00 1.021618e+01 7.236151e-02 2.458577e+00 1.364913e+00 1.010687e+01 5.355355e-02 1.997978e+00
39627856711517816 1.779718e+00 1.102353e+01 3.513765e-01 -5.644168e-01 1.776157e+00 1.122431e+01 3.478723e-01 -8.172883e-01
39627793117479912 1.252505e+00 1.011605e+01 1.398892e-01 2.521737e+00 1.239618e+00 9.713017e+00 1.071006e-01 2.593606e+00
39627745008814472 1.718485e+00 1.092171e+01 4.716500e-01 1.278971e-01 1.683190e+00 1.125863e+01 5.077584e-01 -7.671323e-01
39627806467953632 1.225533e+00 1.053531e+01 1.910709e-01 3.831316e+00 1.256278e+00 1.045147e+01 1.673857e-01 3.322373e+00
39627776277352984 1.145186e+00 9.715510e+00 1.652895e-01 2.699799e+00 1.185906e+00 9.446591e+00 1.563102e-01 2.620967e+00
39627794417715504 1.398116e+00 1.087434e+01 2.655203e-01 1.789440e+00 1.339252e+00 1.080875e+01 2.572099e-01 2.560144e+00
39627847433719744 1.713166e+00 1.082997e+01 2.434462e-01 -6.832020e-01 1.729037e+00 1.093386e+01 2.448161e-01 -1.063988e+00
39627787673274432 1.493386e+00 1.116655e+01 5.583123e-01 3.305069e-01 1.509423e+00 1.138303e+01 6.042138e-01 5.566438e-01
39627763597968816 1.258002e+00 1.031911e+01 1.147772e-01 2.490098e+00 1.287037e+00 1.032277e+01 1.226406e-01 2.533125e+00
39627830056715056 1.718126e+00 1.057739e+01 2.000468e-01 9.108546e-01 1.669581e+00 1.044768e+01 2.041788e-01 -7.671766e-01
39627812490974392 1.516940e+00 1.014595e+01 1.026821e-01 -1.000115e+00 1.495070e+00 1.017295e+01 1.069346e-01 7.045516e-01
39627824654451952 1.294054e+00 1.021366e+01 2.001822e-01 1.467936e+00 1.275487e+00 1.028399e+01 2.069808e-01 7.441227e-01
39627853481902832 1.222662e+00 9.738990e+00 9.944911e-02 6.558008e-01 1.141613e+00 9.494328e+00 6.960088e-02 -3.472453e-01
39627775706927136 1.157153e+00 8.637239e+00 7.847783e-02 4.829797e+00 1.146727e+00 8.620549e+00 6.052935e-02 4.033782e+00
39627766311686504 1.755332e+00 1.121919e+01 3.361324e-01 -2.702904e-01 1.783626e+00 1.134479e+01 3.530138e-01 -5.722027e-01
39627774880646752 1.699445e+00 1.079552e+01 2.022610e-01 -1.108717e+00 1.708756e+00 1.078655e+01 2.007568e-01 -7.805254e-01
39627805218050728 2.007934e+00 1.097569e+01 2.544413e-01 -1.412392e+00 1.832057e+00 1.107473e+01 2.534169e-01 -9.077553e-01
39627784737261392 1.234597e+00 9.629744e+00 9.938071e-02 4.095574e+00 1.219075e+00 9.576537e+00 6.931747e-02 3.529182e+00
39627865553109776 1.844515e+00 1.060779e+01 1.211389e-01 -1.225990e+00 1.788381e+00 1.058624e+01 1.072764e-01 -1.029905e+00
39627794321245904 1.233950e+00 9.910369e+00 1.380952e-01 5.597425e+00 1.144523e+00 1.008969e+01 1.559463e-01 3.641941e+00
39627823987557048 1.803435e+00 1.045074e+01 1.381900e-01 -9.220791e-01 1.729829e+00 1.048641e+01 1.385753e-01 -4.402741e-01
39627799761259240 1.170726e+00 9.543078e+00 1.398566e-01 3.390155e+00 1.206288e+00 9.605886e+00 1.431938e-01 2.651345e+00
39627757042272512 1.355531e+00 1.100773e+01 6.222484e-01 3.642212e+00 1.366406e+00 1.138823e+01 6.425992e-01 2.547885e+00
39627769700683120 1.618844e+00 9.549170e+00 8.364933e-02 -5.449232e-01 1.491151e+00 9.447083e+00 6.183606e-02 3.083450e-02
39627751593871784 1.171273e+00 9.399795e+00 6.890681e-02 2.716657e+00 1.302267e+00 9.233516e+00 5.574216e-02 2.163490e+00
39627806405038984 1.765305e+00 1.054850e+01 1.133800e-01 -1.316888e+00 1.789345e+00 1.051999e+01 1.166329e-01 -9.487172e-01
39627776315101320 1.502190e+00 1.082413e+01 2.803491e-01 -2.226103e+00 1.641875e+00 1.086340e+01 2.861964e-01 -1.329530e+00
39633132097373424 1.695189e+00 1.092511e+01 1.845604e-01 -1.049310e+00 1.708659e+00 1.080435e+01 1.717734e-01 -1.017587e+00
39627776201855160 1.294951e+00 1.041910e+01 1.673826e-01 5.945878e-01 1.287782e+00 1.034487e+01 1.478711e-01 -1.119614e+00
39633158051728928 1.740373e+00 1.121668e+01 4.182487e-01 -2.980371e+00 1.680105e+00 1.118175e+01 4.398642e-01 -8.478277e-01
39627820573397352 1.109154e+00 9.830070e+00 1.328709e-01 5.088987e+00 1.152075e+00 9.683303e+00 1.278332e-01 4.358614e+00
39627824608316048 1.863394e+00 1.022355e+01 1.135693e-01 -2.502702e+00 1.737960e+00 1.019838e+01 1.120290e-01 -9.676521e-01
39627780874305952 1.458045e+00 1.135846e+01 6.007024e-01 1.606979e+00 1.480724e+00 1.151070e+01 6.961153e-01 1.117276e+00
39627767137960752 1.500045e+00 1.131216e+01 3.367658e-01 -4.136140e-01 1.671990e+00 1.134933e+01 4.321469e-01 -2.572659e-01
39627859416847600 1.624519e+00 9.437776e+00 5.858154e-02 -1.167849e+00 1.481165e+00 9.329384e+00 2.934477e-02 7.274734e-01
39627757549783672 1.428407e+00 1.024395e+01 1.416311e-01 1.646764e+00 1.348905e+00 1.024983e+01 1.229564e-01 1.944246e+00
39627764143232288 1.135119e+00 1.075147e+01 5.507339e-01 5.297502e+00 1.137519e+00 1.053087e+01 5.738719e-01 1.918760e+00
39627788252091672 1.872010e+00 1.086814e+01 2.458096e-01 -5.386645e-01 1.797035e+00 1.088554e+01 2.502061e-01 -1.066429e+00
39627805868165768 1.585981e+00 1.040891e+01 1.790692e-01 -7.819361e-01 1.655370e+00 1.022436e+01 1.694161e-01 2.018220e-01
39627818711123264 1.612479e+00 1.035404e+01 1.302332e-01 -8.596772e-02 1.612109e+00 1.033781e+01 1.215371e-01 -5.899647e-01
39627757499451280 1.195722e+00 9.890991e+00 1.774376e-01 3.330297e-01 1.227922e+00 9.867279e+00 1.788149e-01 2.470248e+00
39633149478570600 1.317505e+00 1.129596e+01 4.806802e-01 -1.282110e+00 1.474438e+00 1.134215e+01 4.824447e-01 -4.001659e-01
39627754555052232 1.058276e+00 9.477039e+00 1.138516e-01 4.712400e+00 1.132396e+00 8.997937e+00 8.544494e-02 4.819086e+00
39627832980150104 1.637185e+00 1.091106e+01 3.052465e-01 8.793322e-01 1.796578e+00 1.106306e+01 2.933680e-01 -8.933779e-01
39627824599927104 1.221165e+00 9.550553e+00 8.388425e-02 3.640074e+00 1.262346e+00 9.314191e+00 5.479565e-02 3.067049e+00
39627799090173232 1.148618e+00 1.033668e+01 2.281812e-01 -2.605845e+00 1.279831e+00 1.020668e+01 2.408392e-01 1.337445e+00
39627809269746720 1.756946e+00 1.019145e+01 7.775019e-02 -1.782349e+00 1.722065e+00 1.013684e+01 6.134032e-02 -7.752359e-01
39633127374586624 1.782776e+00 1.100345e+01 2.482390e-01 -1.012793e+00 1.713728e+00 1.112206e+01 2.770958e-01 -1.130926e+00
39627805813637664 1.659676e+00 1.076638e+01 1.788507e-01 -2.368427e+00 1.633461e+00 1.087723e+01 1.733450e-01 -1.537470e+00
39627781792858456 1.383865e+00 1.099618e+01 5.372648e-01 1.049014e+00 1.322683e+00 1.113842e+01 5.928673e-01 2.617366e+00
39627865779603696 1.348133e+00 9.823050e+00 1.032368e-01 -1.353695e-01 1.374628e+00 1.002738e+01 9.346737e-02 1.342117e+00
39627778181570848 1.742014e+00 1.054499e+01 1.285624e-01 -1.299025e+00 1.758934e+00 1.064193e+01 1.211203e-01 -1.099325e+00
39627746141277592 1.177382e+00 9.485896e+00 1.149834e-01 3.095360e+00 1.234131e+00 9.348222e+00 1.107228e-01 1.577320e+00
39633118444912872 1.664781e+00 1.129916e+01 3.839045e-01 -6.874520e-01 1.682612e+00 1.121828e+01 4.216945e-01 -8.479542e-01
39627775061000920 1.168999e+00 1.031754e+01 2.881776e-01 1.097691e+00 1.245335e+00 1.068773e+01 2.813205e-01 5.356314e-01
39627770262718808 1.539813e+00 1.014622e+01 1.315904e-01 4.715287e-01 1.642912e+00 1.015265e+01 1.015802e-01 -7.440128e-01
39627781658644128 1.687317e+00 1.105674e+01 4.309622e-01 -1.978462e-01 1.662599e+00 1.116240e+01 4.738320e-01 1.845465e-01
39627800348462944 1.741581e+00 1.055107e+01 1.869527e-01 -1.284509e+00 1.800390e+00 1.074384e+01 1.653276e-01 -1.324833e+00
39627853515457448 1.692622e+00 1.045523e+01 1.444762e-01 -1.616629e+00 1.715284e+00 1.041774e+01 1.225326e-01 -1.260692e+00
39627757637861640 1.413293e+00 1.004169e+01 1.526361e-01 3.804803e+00 1.450647e+00 1.008060e+01 1.415664e-01 3.620037e+00
39627799102754232 1.417595e+00 1.049721e+01 2.204588e-01 2.723861e+00 1.303133e+00 1.070480e+01 2.638372e-01 2.756119e+00
39627829184304904 1.763946e+00 1.038758e+01 1.176392e-01 -2.218968e+00 1.750629e+00 1.032310e+01 1.109496e-01 -1.090518e+00
39627772687031904 1.274774e+00 1.005768e+01 1.458834e-01 6.050400e-01 1.256214e+00 9.881757e+00 1.275869e-01 1.827389e+00
39627706874204176 1.416792e+00 1.113310e+01 4.054338e-01 1.279932e+00 1.389851e+00 1.119678e+01 4.005970e-01 1.825968e-01
39627751983943904 1.572221e+00 1.064510e+01 1.482161e-01 1.635052e-01 1.685624e+00 1.066815e+01 1.315667e-01 -1.384229e+00
39627808607044216 1.218778e+00 1.052518e+01 1.547174e-01 -1.773432e+00 1.385520e+00 1.038073e+01 1.331317e-01 -3.289342e-02
39627764243895696 1.647384e+00 1.008556e+01 1.222148e-01 -1.883847e+00 1.562855e+00 9.887055e+00 1.212371e-01 -9.780848e-02
39627763581195312 1.466870e+00 9.782955e+00 1.336994e-01 -1.237317e+00 1.529764e+00 9.871267e+00 1.139850e-01 -9.643403e-01
39627764130647976 1.381286e+00 9.794911e+00 1.148296e-01 -1.066754e+00 1.328424e+00 9.758328e+00 9.539020e-02 2.435903e-01
39627845030384432 1.666798e+00 1.077280e+01 2.028378e-01 -2.112297e+00 1.558921e+00 1.095629e+01 2.178031e-01 -1.932535e+00
39627788302421368 1.664289e+00 1.093584e+01 3.795095e-01 -4.085200e+00 1.676572e+00 1.101367e+01 3.969202e-01 -8.124398e-01
39633286359680440 1.493335e+00 1.029259e+01 2.104664e-01 -1.418785e+00 1.496889e+00 1.009676e+01 2.087024e-01 -9.763008e-01
39627751489015352 1.288660e+00 9.798345e+00 1.775061e-01 3.752429e+00 1.213545e+00 1.000008e+01 1.812302e-01 3.165956e+00
39627830690057488 1.309717e+00 1.029827e+01 2.907240e-01 1.556912e+00 1.250646e+00 1.025966e+01 3.005028e-01 1.785782e+00
39627784502382592 1.488756e+00 1.099075e+01 2.625122e-01 1.351167e-01 1.540094e+00 1.104238e+01 2.721643e-01 6.906457e-01
39627751606455552 1.043575e+00 9.022598e+00 2.510630e-02 4.573397e+00 1.090679e+00 8.376873e+00 9.426340e-03 5.400649e+00
39633145082941504 1.600280e+00 1.100423e+01 4.902178e-01 -1.242508e+00 1.589792e+00 1.112233e+01 5.332739e-01 -5.517129e-01
39627794547740976 1.383779e+00 1.170179e+01 6.484017e-01 2.639752e+00 1.632356e+00 1.140619e+01 5.288696e-01 -5.825213e-01
39627821240287776 1.655915e+00 1.103914e+01 3.258407e-01 -2.653561e+00 1.692406e+00 1.103848e+01 3.470162e-01 -7.088392e-01
39627829301742944 1.254606e+00 1.040764e+01 1.469336e-01 2.730324e+00 1.259142e+00 1.031180e+01 1.400446e-01 3.043822e+00
39627847312082824 1.220981e+00 9.994158e+00 1.783555e-01 4.329910e+00 1.196610e+00 1.013246e+01 1.977450e-01 3.453799e+00
39627782350702416 1.869006e+00 1.076468e+01 2.562880e-01 -1.699246e+00 1.748401e+00 1.086887e+01 2.851056e-01 -7.165787e-01
39627752160102496 1.480512e+00 1.021401e+01 1.311522e-01 -2.338579e+00 1.525397e+00 1.038739e+01 1.437201e-01 -6.265538e-01
39627752139130280 1.661715e+00 1.089474e+01 1.920441e-01 -1.763536e+00 1.658978e+00 1.089187e+01 1.764921e-01 -1.092006e+00
39627830224486768 1.172146e+00 9.242737e+00 8.152954e-02 4.735130e+00 1.142286e+00 9.653030e+00 7.797970e-02 4.002963e+00
39627658631318280 1.653520e+00 1.089269e+01 2.788919e-01 -2.794368e-01 1.768878e+00 1.100961e+01 2.762405e-01 -1.171457e+00
39627751052809872 1.527083e+00 1.105307e+01 3.885164e-01 -4.621228e-01 1.629558e+00 1.120151e+01 4.200902e-01 -1.012324e+00
39627768798909584 1.220702e+00 1.063703e+01 2.457794e-01 3.879702e+00 1.234405e+00 1.043247e+01 2.277172e-01 3.641762e+00
39627830601979720 2.415077e+00 1.065840e+01 3.152895e-01 -9.237316e-01 1.766022e+00 1.119800e+01 3.302172e-01 -7.293729e-01
39627788415664456 1.733301e+00 1.037461e+01 1.052730e-01 -7.791880e-01 1.760954e+00 1.026769e+01 8.700646e-02 -8.048496e-01
39627814718149536 1.779999e+00 1.020129e+01 1.105657e-01 -1.403440e+00 1.761270e+00 1.028328e+01 9.775399e-02 -1.175383e+00
39627802793746192 1.197938e+00 1.096192e+01 4.013313e-01 3.003717e+00 1.282977e+00 1.078417e+01 3.722638e-01 2.450571e+00
39633157993005976 1.441963e+00 1.033804e+01 8.990510e-02 1.695638e+00 1.424406e+00 1.012734e+01 5.294551e-02 1.506219e+00
39627892958695304 1.714376e+00 1.094795e+01 2.597683e-01 -3.436809e-01 1.775573e+00 1.117477e+01 2.612098e-01 -1.036342e+00
39627808711901656 1.875032e+00 1.080180e+01 1.503870e-01 -2.353273e+00 1.793182e+00 1.086525e+01 1.367669e-01 -1.343245e+00
39627757499453688 1.732232e+00 1.046368e+01 1.219863e-01 -8.200526e-03 1.758776e+00 1.045573e+01 1.217599e-01 -6.796407e-01
39627794388356720 1.451042e+00 1.082758e+01 3.200291e-01 9.661967e-01 1.491158e+00 1.099745e+01 3.410705e-01 7.561398e-01
39633158303385448 1.296632e+00 1.018822e+01 9.598371e-02 1.775418e+00 1.259583e+00 1.014115e+01 7.972732e-02 2.914525e+00
39627824654451184 1.865682e+00 1.096278e+01 3.294068e-01 -1.925904e+00 1.724485e+00 1.114109e+01 3.521046e-01 -6.248058e-01
39627811287208304 1.138890e+00 9.170558e+00 5.078774e-02 3.184301e+00 1.155015e+00 9.695970e+00 3.264366e-02 4.325232e+00
39627787073489040 1.059120e+00 9.755582e+00 1.649417e-01 -1.178211e+00 1.196303e+00 9.677957e+00 1.525141e-01 5.966572e-01
39627718815384592 1.418566e+00 1.095758e+01 3.611201e-01 4.959965e+00 1.402382e+00 1.074776e+01 3.889174e-01 5.056783e+00
39627805998188384 1.529742e+00 1.140014e+01 4.508504e-01 1.316805e+00 1.570036e+00 1.139052e+01 4.694745e-01 -7.969930e-01
39627847312086736 1.766711e+00 1.036400e+01 1.933441e-01 -1.182363e+00 1.718901e+00 1.046951e+01 1.876240e-01 -6.153586e-01
39627818530767624 1.551114e+00 1.086321e+01 2.524845e-01 1.563749e+00 1.506832e+00 1.103308e+01 2.713187e-01 9.665132e-01
39627923191239216 1.664486e+00 1.090611e+01 2.774784e-01 -1.550344e+00 1.664761e+00 1.089314e+01 2.903946e-01 -1.586258e+00
39627754303395736 1.584427e+00 1.112675e+01 4.574134e-01 -1.748576e+00 1.630338e+00 1.129950e+01 5.086592e-01 -7.654717e-01
39627808640608000 1.722309e+00 1.076926e+01 1.815232e-01 -1.438951e+00 1.726446e+00 1.079859e+01 1.813623e-01 -1.681466e+00
39627766164886944 1.430980e+00 9.849307e+00 9.284177e-02 -3.448168e-01 1.391445e+00 1.013739e+01 1.078257e-01 8.502126e-03
39627824591540208 1.634066e+00 1.034830e+01 1.558712e-01 -1.569960e+00 1.717786e+00 1.031898e+01 1.457357e-01 -8.700091e-01
39633140716667448 1.679050e+00 1.135804e+01 4.561758e-01 -9.792668e-01 1.732923e+00 1.131042e+01 4.851396e-01 -6.023614e-01
39627786909909776 1.106791e+00 9.966182e+00 1.545055e-01 4.899942e+00 1.155942e+00 1.000522e+01 1.678905e-01 4.272089e+00
39627768849238264 1.559869e+00 9.595210e+00 4.938825e-02 -3.620398e-02 1.586510e+00 9.122474e+00 1.295525e-02 5.376321e-01
39627817205370016 1.821782e+00 1.103109e+01 4.321533e-01 -5.503840e-01 1.705103e+00 1.120150e+01 4.542512e-01 -9.460360e-01
39633136274900632 1.685803e+00 1.116939e+01 4.157913e-01 -1.874846e+00 1.624388e+00 1.109765e+01 4.198923e-01 -8.401076e-01
39627823941419392 1.422828e+00 1.060995e+01 2.295102e-01 -5.324685e-01 1.436106e+00 1.063931e+01 2.723973e-01 1.194453e+00
39627760573876488 1.701321e+00 1.017608e+01 8.436105e-02 -1.203482e+00 1.726483e+00 1.015125e+01 8.109775e-02 -6.495130e-01
39627764344556240 1.746691e+00 1.097274e+01 2.377279e-01 -3.109202e-02 1.819136e+00 1.106687e+01 2.388445e-01 -8.495513e-01
39627793885040112 1.215519e+00 1.057270e+01 1.590803e-01 3.636486e+00 1.237983e+00 1.037820e+01 1.330314e-01 3.139770e+00
39627829939277552 1.267508e+00 1.072260e+01 2.579367e-01 3.150918e+00 1.273320e+00 1.069291e+01 2.206148e-01 2.238292e+00
39627790517012424 1.955302e+00 1.077626e+01 1.795803e-01 -3.753366e+00 1.728500e+00 1.077866e+01 1.769319e-01 -1.596839e+00
39627830673279344 1.469267e+00 1.071128e+01 2.880383e-01 5.734761e-01 1.453721e+00 1.058471e+01 2.740539e-01 -1.172726e-01
39627806551839912 1.131927e+00 1.035402e+01 2.788727e-01 -2.239242e+00 1.211087e+00 1.003032e+01 2.923786e-01 1.757032e+00
39627800453319472 1.034547e+00 8.287180e+00 5.625122e-02 2.242678e+00 1.064158e+00 8.217304e+00 4.590772e-02 1.549894e+00
39627769721651544 1.806553e+00 1.042854e+01 1.553328e-01 -4.126062e-01 1.738198e+00 1.038732e+01 1.380372e-01 -1.293862e+00
39627817331200144 1.336547e+00 1.026913e+01 1.217069e-01 1.090896e+00 1.401004e+00 1.021309e+01 1.057442e-01 9.032678e-01
39627800008723520 1.299255e+00 9.481357e+00 6.426241e-02 3.400151e+00 1.263854e+00 9.864106e+00 6.273629e-02 2.984143e+00
39627802604997440 1.141022e+00 9.767687e+00 1.116274e-01 3.723233e+00 1.230208e+00 9.156919e+00 6.032543e-02 3.032138e+00
39627806363094312 1.308667e+00 1.066456e+01 1.382253e-01 1.254577e+00 1.294607e+00 1.059108e+01 1.368739e-01 2.758370e+00
39627767137966432 9.282798e-01 1.003448e+01 3.788920e-01 -3.402979e+00 1.013024e+00 1.044019e+01 3.546604e-01 3.116075e+00
39627798993703104 1.630644e+00 1.027762e+01 2.060991e-01 -8.333947e-01 1.571573e+00 1.037644e+01 2.071099e-01 7.904421e-01
39627847404356952 1.344203e+00 1.065734e+01 2.898888e-01 -1.157566e+00 1.376514e+00 1.077399e+01 3.314027e-01 9.339433e-01
39633153660292024 1.406861e+00 1.046567e+01 1.389690e-01 -1.219934e+00 1.574259e+00 1.045594e+01 1.344971e-01 -4.469175e-01
39627772640889936 1.807755e+00 1.127988e+01 4.004045e-01 -1.430026e+00 1.755925e+00 1.120278e+01 4.351355e-01 -7.169831e-01
39633293708102624 1.410011e+00 1.024309e+01 1.995370e-01 5.185834e-01 1.462145e+00 1.000953e+01 1.678579e-01 -3.577739e-01
39627808871289632 1.468104e+00 1.061349e+01 1.905652e-01 2.030656e-01 1.526453e+00 1.052284e+01 1.568589e-01 -1.307040e-01
39627757423956032 1.522109e+00 1.095588e+01 3.260615e-01 7.290348e-01 1.683196e+00 1.091462e+01 3.281476e-01 -1.031582e+00
39627799878701568 1.256541e+00 8.974463e+00 9.360381e-02 3.708223e+00 1.202257e+00 8.968399e+00 7.602267e-02 2.226602e+00
39627806325348528 1.331699e+00 1.129287e+01 5.233080e-01 -2.611104e+00 1.429528e+00 1.133735e+01 5.804905e-01 1.031823e+00
39627718932827960 1.657235e+00 1.125855e+01 3.338942e-01 2.448507e-01 1.618785e+00 1.135433e+01 3.470826e-01 2.978265e-03
39627758136988496 1.248889e+00 9.726551e+00 7.505801e-02 1.610161e+00 1.309117e+00 9.766251e+00 6.104194e-02 2.626267e+00
39627806577003848 1.412884e+00 1.080489e+01 4.452014e-01 -1.388450e+00 1.290914e+00 1.077208e+01 3.103861e-01 3.394081e-01
39627841322617784 1.700625e+00 1.063694e+01 1.947015e-01 -7.266881e-01 1.767717e+00 1.071724e+01 1.908456e-01 -1.160698e+00
39627865729274768 1.665505e+00 1.145571e+01 6.760584e-01 7.151153e-01 1.592749e+00 1.143556e+01 6.798542e-01 8.600468e-01
39627847446302552 1.797983e+00 1.059007e+01 1.540411e-01 6.578144e-01 1.727144e+00 1.065047e+01 1.579831e-01 -1.994562e-01
39627886889537880 1.814542e+00 1.081143e+01 2.478473e-01 -5.744607e-01 1.799340e+00 1.095837e+01 2.314176e-01 -1.195858e+00
39627758267009440 1.301928e+00 1.004924e+01 1.810920e-01 -4.666296e-01 1.243438e+00 1.010674e+01 1.655141e-01 2.021340e-01
39627746099332616 1.632168e+00 1.086561e+01 2.850511e-01 -1.113523e+00 1.575065e+00 1.092988e+01 2.853661e-01 -9.705178e-01
39627838889919192 1.920328e+00 1.133771e+01 4.174360e-01 -1.687761e+00 1.814514e+00 1.143132e+01 4.554933e-01 -6.790125e-01
39627817872263520 1.279589e+00 1.001670e+01 1.053617e-01 3.287924e+00 1.370829e+00 9.696733e+00 7.246767e-02 1.555520e+00
39633136161653216 1.543261e+00 9.838130e+00 6.888095e-02 -7.485810e-01 1.480085e+00 9.873362e+00 4.823920e-02 6.024891e-01
39627788298225280 1.795384e+00 1.072705e+01 2.922398e-01 -1.878053e+00 1.662105e+00 1.088012e+01 2.872877e-01 -1.593704e+00
39627808435084168 1.340302e+00 9.567987e+00 1.721096e-01 3.868129e+00 1.194970e+00 9.610157e+00 1.306346e-01 3.302670e+00
39633118658825688 1.364798e+00 1.022885e+01 1.014874e-01 9.804864e-01 1.494735e+00 1.034463e+01 1.087046e-01 7.429670e-01
39627830627143392 1.113803e+00 9.696503e+00 2.052876e-01 4.227582e+00 1.117396e+00 9.686866e+00 1.722631e-01 4.688567e+00
39627782258426736 1.383645e+00 1.018348e+01 1.370282e-01 3.215417e+00 1.465051e+00 1.033815e+01 1.452748e-01 4.755213e-01
39627805771698384 1.294759e+00 9.164117e+00 7.528266e-02 2.623325e+00 1.234571e+00 9.015688e+00 5.969679e-02 2.775573e+00
39627754244673296 1.731764e+00 1.088446e+01 3.116837e-01 -5.864137e-01 1.752903e+00 1.118762e+01 3.258983e-01 -1.313748e-01
39627836041987344 1.629408e+00 1.100801e+01 5.221916e-01 -1.279637e+00 1.702785e+00 1.133731e+01 5.420369e-01 -9.484785e-01
39627769646156288 1.223963e+00 8.633024e+00 7.216141e-02 2.784931e+00 1.109591e+00 8.185320e+00 4.008450e-02 1.370778e+00
39627799887090576 1.589086e+00 1.109118e+01 2.748213e-01 -1.254080e+00 1.720298e+00 1.099487e+01 2.992185e-01 -9.577477e-01
39627793075539856 1.693951e+00 1.071730e+01 1.981051e-01 -1.377775e+00 1.769816e+00 1.068266e+01 1.874058e-01 -1.020430e+00
39627805868165416 1.744005e+00 1.060308e+01 1.397922e-01 -9.578546e-01 1.764635e+00 1.052746e+01 1.435207e-01 -7.690680e-01
39627772187908088 1.756734e+00 1.108194e+01 3.321547e-01 -1.506374e+00 1.676735e+00 1.107557e+01 3.795530e-01 -1.012932e+00
39627757977602312 1.801667e+00 1.062719e+01 1.452020e-01 -2.001875e-01 1.786552e+00 1.054629e+01 1.260393e-01 -8.953035e-01
39627823408745944 1.266818e+00 8.763335e+00 4.672502e-02 8.305179e-01 1.262751e+00 8.666932e+00 2.579848e-02 6.795914e-01
39627830497117272 1.197932e+00 9.500307e+00 9.366146e-02 2.581785e+00 1.163441e+00 9.616286e+00 9.274092e-02 3.783125e+00
39627788436638320 1.492293e+00 1.097454e+01 2.848258e-01 -1.958340e-01 1.498151e+00 1.094637e+01 2.750540e-01 -3.499684e-01
39627812516136984 1.183241e+00 1.092080e+01 2.784042e-01 4.705359e+00 1.266423e+00 1.064226e+01 2.447156e-01 3.441585e+00
39627853691618504 1.758177e+00 1.035476e+01 1.138454e-01 -1.452116e+00 1.727511e+00 1.021159e+01 8.694993e-02 -1.119440e+00
39627841251316224 1.290701e+00 1.043592e+01 1.930447e-01 3.295167e+00 1.309948e+00 1.000915e+01 1.513965e-01 6.605269e-01
39627781864165672 1.631109e+00 1.074309e+01 1.387899e-01 -3.430118e-01 1.722891e+00 1.066592e+01 1.444185e-01 -1.069941e+00
39627824574762456 1.590684e+00 1.032556e+01 3.145421e-01 1.282800e+00 1.684180e+00 1.053335e+01 2.799163e-01 -1.046618e-01
39627794509988768 1.196272e+00 9.859668e+00 1.471289e-01 3.979465e+00 1.233218e+00 9.775488e+00 1.397338e-01 3.098518e+00
39627827015849536 1.514646e+00 1.061374e+01 1.919981e-01 -2.390615e+00 1.596923e+00 1.051436e+01 1.962275e-01 -1.645712e+00
39627877821451920 1.691327e+00 1.100723e+01 3.268449e-01 6.220055e-01 1.666161e+00 1.110152e+01 3.554127e-01 -2.374482e-02
39627786901522208 1.188412e+00 9.647304e+00 1.088249e-01 1.749507e+00 1.216345e+00 9.527561e+00 9.120031e-02 2.398551e+00
39627740088896568 1.136849e+00 8.387882e+00 5.332861e-02 5.840061e+00 1.093456e+00 7.173946e+00 0.000000e+00 2.439994e+00
39627739979844104 1.201828e+00 1.016411e+01 2.122131e-01 1.373860e+00 1.223537e+00 1.024880e+01 2.065161e-01 1.671567e+00
39627776285740832 1.774149e+00 1.078069e+01 1.355541e-01 -1.113822e+00 1.813403e+00 1.075005e+01 1.361581e-01 -9.846596e-01
39627836629189160 1.468894e+00 1.010328e+01 1.870220e-01 9.518849e-01 1.401426e+00 1.018263e+01 1.656954e-01 -4.739201e-02
39627773005797296 1.315677e+00 1.036504e+01 2.006627e-01 1.484946e+00 1.397857e+00 1.039174e+01 1.942655e-01 9.474461e-01
39627799912256728 1.406626e+00 1.059389e+01 2.001412e-01 1.324410e+00 1.440553e+00 1.049876e+01 1.807832e-01 1.003795e+00
39627764122256464 1.382248e+00 9.463908e+00 5.416624e-02 -2.050116e+00 1.391500e+00 9.837968e+00 7.196763e-02 4.538239e-01
39627830631338368 1.815079e+00 1.003630e+01 1.118171e-01 -4.582847e-01 1.652500e+00 1.032232e+01 1.006830e-01 -6.287588e-01
39627768819878864 1.246493e+00 1.065166e+01 3.021154e-01 3.758801e+00 1.231606e+00 1.063349e+01 3.344639e-01 3.791830e+00
39627836566278800 1.212067e+00 8.383915e+00 2.419117e-02 3.141533e+00 1.198947e+00 8.393867e+00 8.100033e-03 4.013746e+00
39627782296180832 1.692440e+00 1.097091e+01 3.077898e-01 -7.195795e-01 1.720672e+00 1.094264e+01 3.081700e-01 -1.227788e+00
39627700805046512 1.724437e+00 1.095398e+01 2.783142e-01 -2.628113e+00 1.692017e+00 1.097851e+01 2.740518e-01 -1.023447e+00
39627778546468984 1.194550e+00 1.069044e+01 3.314567e-01 9.470916e-01 1.259997e+00 1.062405e+01 3.504866e-01 2.138630e+00
39627781872551968 1.896041e+00 1.082673e+01 3.287633e-01 -3.306539e+00 1.735978e+00 1.111608e+01 3.624965e-01 -1.800112e-01
39627770346607232 1.279905e+00 1.075774e+01 2.537222e-01 1.861116e+00 1.307181e+00 1.061119e+01 2.530852e-01 2.551687e+00
39627772267600304 1.262961e+00 9.327118e+00 9.096096e-02 2.053100e+00 1.245100e+00 9.409772e+00 7.649328e-02 2.249103e+00
39627853511264048 1.688368e+00 1.118539e+01 3.812349e-01 -1.752907e+00 1.701811e+00 1.115972e+01 3.996495e-01 -7.129222e-01
39627745491159248 1.828399e+00 1.036722e+01 9.618334e-02 -1.259336e+00 1.776528e+00 1.023742e+01 7.662946e-02 -9.604540e-01
39627782384260744 1.590484e+00 1.100982e+01 3.154923e-01 -1.424297e-01 1.567861e+00 1.114831e+01 3.440994e-01 2.269711e-01
39627784447853144 1.196975e+00 9.155817e+00 8.928005e-02 3.191011e+00 1.257028e+00 9.456331e+00 9.260504e-02 1.948947e+00
39627800465901136 1.697029e+00 1.052917e+01 1.189701e-01 -1.667086e-01 1.729833e+00 1.052151e+01 1.199295e-01 -2.890015e-01
39627830740387152 1.298231e+00 1.077714e+01 1.722469e-01 4.993395e+00 1.375686e+00 1.064790e+01 1.651134e-01 1.646769e+00
39627830664890032 1.625092e+00 1.073964e+01 1.924073e-01 -1.097488e+00 1.734993e+00 1.060695e+01 1.745036e-01 -1.436209e+00
39627752202046328 1.121695e+00 9.544080e+00 1.489914e-01 5.380360e+00 1.118114e+00 9.555050e+00 1.735379e-01 2.471947e+00
39627796405819472 1.166588e+00 9.802529e+00 9.059224e-02 3.751595e+00 1.213188e+00 9.875692e+00 7.966471e-02 3.082847e+00
39627817935176272 1.617579e+00 1.040895e+01 1.308856e-01 8.397670e-01 1.631603e+00 1.037114e+01 1.347646e-01 7.828915e-02
39627793809541776 1.798329e+00 1.125213e+01 4.470814e-01 -1.555175e+00 1.754674e+00 1.132816e+01 4.814683e-01 -3.760291e-01
39627812532917608 1.547277e+00 9.861959e+00 1.229754e-01 -1.565222e-01 1.625949e+00 9.949363e+00 1.044852e-01 -6.042750e-01
39627806514090536 1.123993e+00 1.053476e+01 2.066774e-01 5.514268e+00 1.127170e+00 1.046590e+01 2.102113e-01 4.180288e+00
39627871538384416 1.845585e+00 9.685481e+00 8.682007e-02 2.052023e-01 1.751584e+00 1.007179e+01 5.841520e-02 -8.748716e-01
39627787123822752 1.812804e+00 9.926683e+00 1.111081e-01 -1.222969e+00 1.464949e+00 9.883592e+00 8.211492e-02 3.377235e-02
39627859689473552 1.534093e+00 1.131796e+01 5.317749e-01 1.359705e+00 1.498755e+00 1.136650e+01 5.922762e-01 1.291434e+00
39627820627925808 1.117720e+00 8.663517e+00 6.142334e-02 1.908198e+00 1.169796e+00 8.512074e+00 5.569188e-02 3.054541e+00
39627800533011976 2.193304e+00 1.130960e+01 4.419221e-01 -3.307478e+00 1.784964e+00 1.139278e+01 4.780558e-01 -6.352340e-01
39627818644015032 1.170816e+00 1.055585e+01 4.168635e-01 3.802603e+00 1.261098e+00 1.061879e+01 3.944774e-01 1.907858e+00
39627818669179048 1.711927e+00 1.089896e+01 3.813210e-01 7.077169e-01 1.673222e+00 1.102308e+01 4.054935e-01 -7.120697e-01
39627793083926408 1.323839e+00 1.122507e+01 3.159788e-01 1.976510e+00 1.454229e+00 1.092977e+01 2.183381e-01 -7.676393e-01
39627775648203472 1.183483e+00 9.834144e+00 1.278167e-01 3.559721e+00 1.246853e+00 9.928239e+00 1.135481e-01 2.972662e+00
39627841335201824 1.546226e+00 1.121822e+01 4.107887e-01 -3.784561e+00 1.586353e+00 1.127168e+01 4.047906e-01 -7.837768e-01
39627758246041936 1.226876e+00 1.031101e+01 3.174438e-01 1.801082e+00 1.193741e+00 1.063102e+01 3.525601e-01 3.824844e+00
39627750847284320 1.444563e+00 1.100998e+01 4.716484e-01 1.709561e+00 1.427680e+00 1.120165e+01 4.704136e-01 -7.177911e-01
39627758174734928 1.149599e+00 9.063091e+00 7.962079e-02 5.041265e+00 1.136583e+00 8.844283e+00 6.529181e-02 4.880734e+00
39627778701657072 1.301741e+00 9.595631e+00 7.709115e-02 5.167232e+00 1.303037e+00 9.737079e+00 5.415134e-02 2.624129e+00
39627806472148464 1.262638e+00 1.027288e+01 1.580323e-01 2.107634e+00 1.298920e+00 1.034035e+01 1.558374e-01 2.521523e+00
39627829519844696 1.604714e+00 1.055853e+01 5.316347e-01 1.211754e+00 1.414734e+00 1.110934e+01 6.137850e-01 3.688617e+00
39627889703914752 1.557361e+00 1.111266e+01 3.444378e-01 -7.712373e-02 1.685656e+00 1.116928e+01 3.768102e-01 -3.860798e-01
39627784993115952 1.757239e+00 1.117779e+01 3.956277e-01 -1.738190e+00 1.730670e+00 1.110056e+01 4.151011e-01 -7.814031e-01
39627792991653536 1.217301e+00 1.020185e+01 1.917514e-01 3.482893e+00 1.199551e+00 1.014227e+01 2.227444e-01 3.048372e+00
39627799253750144 1.383713e+00 1.022520e+01 3.319855e-01 8.438343e-01 1.564221e+00 1.098831e+01 4.017915e-01 -8.080125e-01
39633127655605600 1.571210e+00 9.999043e+00 7.749682e-02 1.528892e-01 1.582660e+00 1.010757e+01 5.955097e-02 -2.594613e-01
39627811119433296 1.441278e+00 9.903267e+00 1.089062e-01 -2.402961e+00 1.462706e+00 9.855532e+00 1.038561e-01 -5.408752e-01
39633127701744128 1.449059e+00 1.048951e+01 1.320179e-01 1.977597e-01 1.446576e+00 1.041467e+01 1.251805e-01 7.278354e-01
39627814483272528 1.790700e+00 1.067923e+01 1.753007e-01 -1.653947e+00 1.787297e+00 1.072869e+01 1.551200e-01 -1.375696e+00
39627808435082392 1.106045e+00 9.321046e+00 8.979990e-02 2.081053e+00 1.158033e+00 9.001038e+00 6.472678e-02 4.175695e+00
39627911052923568 1.304909e+00 1.117256e+01 5.092329e-01 -3.925025e-01 1.476437e+00 1.114796e+01 5.330147e-01 -1.190513e+00
39627811937323616 1.100202e+00 8.510931e+00 4.906574e-02 2.265072e+00 1.161604e+00 8.257823e+00 2.832969e-02 4.495653e+00
39627803225755624 1.229655e+00 1.022866e+01 1.603701e-01 1.058424e+00 1.273421e+00 1.007289e+01 1.453764e-01 2.702598e+00
39627780861726536 1.459553e+00 1.069198e+01 2.701217e-01 -6.397662e-01 1.714022e+00 1.086657e+01 2.775421e-01 -1.244837e+00
39627796758143272 1.449891e+00 1.029382e+01 1.861156e-01 -1.905532e+00 1.624632e+00 1.043089e+01 1.928776e-01 -1.341889e+00
39627796410016160 1.133330e+00 9.280338e+00 6.746240e-02 4.711022e+00 1.182197e+00 9.175637e+00 6.023863e-02 3.858022e+00
39627901724789544 1.081746e+00 9.780328e+00 1.373654e-01 4.430957e+00 1.086326e+00 9.787572e+00 1.621070e-01 4.607520e+00
39627806459562016 1.541237e+00 1.029072e+01 1.616549e-01 -2.881148e-01 1.560771e+00 1.010000e+01 1.592194e-01 -1.919266e-01
39627853368657336 1.783014e+00 1.054606e+01 2.082183e-01 1.033371e-01 1.702390e+00 1.054608e+01 2.022502e-01 -1.291874e+00
39627836071350800 1.003332e+00 9.381341e+00 1.628832e-01 2.601259e+00 1.068055e+00 8.888672e+00 1.488715e-01 2.898088e+00
39627824067249184 1.292344e+00 1.018215e+01 1.295146e-01 1.454368e+00 1.316069e+00 9.971309e+00 9.844071e-02 2.202088e+00
39627745445019936 1.286556e+00 1.022271e+01 1.365521e-01 1.620702e+00 1.283960e+00 1.024174e+01 1.480170e-01 2.207347e+00
39627772334703472 1.537995e+00 1.093869e+01 3.305425e-01 -1.970547e+00 1.619691e+00 1.110864e+01 3.776867e-01 -3.594016e-01
39627817910014728 1.797181e+00 1.137732e+01 3.094311e-01 -1.226803e+00 1.843331e+00 1.137786e+01 3.169333e-01 -9.353198e-01
39633162640297088 1.115877e+00 8.865537e+00 6.016198e-02 5.258954e+00 1.152501e+00 8.365960e+00 1.985963e-02 4.913820e+00
39627830065102960 1.193611e+00 9.933498e+00 1.082572e-01 2.384967e+00 1.222175e+00 1.002916e+01 1.131096e-01 3.407568e+00
39627746023835168 1.343503e+00 1.100554e+01 3.468125e-01 -1.766352e-01 1.387847e+00 1.096899e+01 3.505642e-01 1.523815e+00
39627688712864104 1.769026e+00 1.150000e+01 6.053461e-01 -1.252908e+00 1.632473e+00 1.151688e+01 6.458999e-01 7.743001e-03
39627733835188040 1.805963e+00 1.083608e+01 1.544280e-01 -9.448709e-01 1.806403e+00 1.074754e+01 1.306717e-01 -1.402989e+00
39627751459653952 1.169633e+00 9.454520e+00 1.704959e-01 4.472139e+00 1.159881e+00 9.302133e+00 1.491313e-01 3.054503e+00
39633118499441792 1.860044e+00 1.077411e+01 2.143579e-01 -1.018489e+00 1.748855e+00 1.072622e+01 2.082202e-01 -4.501195e-01
39627764311004192 1.536577e+00 1.070729e+01 2.176203e-01 -1.789880e+00 1.623662e+00 1.069055e+01 2.089016e-01 -1.458303e+00
39627824692199584 1.266349e+00 9.953393e+00 1.752819e-01 -2.176626e-02 1.329331e+00 9.871446e+00 1.526589e-01 8.844026e-01
39627788486972872 1.645975e+00 1.133224e+01 4.111283e-01 -4.205214e-01 1.699488e+00 1.129192e+01 4.703867e-01 -7.231956e-01
39627907819113680 1.759445e+00 1.092715e+01 2.607373e-01 -1.593018e+00 1.771362e+00 1.100139e+01 2.781256e-01 -9.492319e-01
39627776201851880 1.037996e+00 8.334308e+00 5.289367e-02 3.747991e+00 1.083912e+00 7.408451e+00 3.527462e-03 1.533081e+00
39627758250232632 1.330211e+00 9.981556e+00 3.082527e-01 1.474719e+00 1.242597e+00 1.045273e+01 3.363938e-01 2.729700e+00
39627764201948528 1.179682e+00 9.359473e+00 1.335355e-01 4.403397e+00 1.163266e+00 9.308697e+00 1.383631e-01 4.112873e+00
39627788294031440 1.579976e+00 1.078778e+01 2.620277e-01 -1.957125e+00 1.563590e+00 1.078245e+01 2.729352e-01 -1.438880e-02
39627824595733656 1.243381e+00 1.005024e+01 1.486979e-01 3.608064e+00 1.249136e+00 1.003123e+01 1.421402e-01 3.092043e+00
39627793738240984 1.238869e+00 9.263128e+00 1.268378e-01 2.175332e+00 1.173540e+00 9.247700e+00 1.237323e-01 1.049250e+00
39627806518282976 1.641058e+00 1.010566e+01 1.779788e-01 -1.350418e+00 1.461230e+00 1.029453e+01 1.765380e-01 -6.915666e-01
39627787711021672 1.338485e+00 9.779978e+00 1.618428e-01 1.279431e+00 1.314403e+00 9.824733e+00 1.409430e-01 4.430926e-01
39627776394792408 1.038356e+00 9.041087e+00 1.190537e-01 5.861583e+00 1.134003e+00 8.330001e+00 5.998483e-02 4.200253e+00
39627811207517424 1.653158e+00 1.066362e+01 2.602489e-01 -2.380724e-01 1.626632e+00 1.090038e+01 2.722629e-01 -6.525359e-01
39633118457495920 1.888272e+00 1.059165e+01 2.015915e-01 5.264245e-01 1.768358e+00 1.072686e+01 2.000805e-01 -8.280904e-01
39627892958694512 1.830207e+00 1.098739e+01 5.432865e-01 -1.474458e+00 1.636895e+00 1.144536e+01 6.120540e-01 -2.642244e-02
39627835274429464 1.780573e+00 1.117739e+01 3.229300e-01 -1.341907e+00 1.638903e+00 1.125526e+01 3.310452e-01 -7.689804e-01
39627817276672256 1.506638e+00 1.010929e+01 1.413414e-01 -6.049787e-01 1.552843e+00 9.922621e+00 1.162502e-01 -7.078758e-01
39627811417227896 1.182533e+00 1.034872e+01 2.542917e-01 3.228726e+00 1.196608e+00 1.039185e+01 2.519939e-01 3.413148e+00
39627746090944024 1.773265e+00 1.079714e+01 2.809449e-01 -1.413675e+00 1.776381e+00 1.094334e+01 2.689082e-01 -1.243486e+00
39627830656500224 1.461320e+00 1.058110e+01 1.278961e-01 9.802580e-01 1.434168e+00 1.066742e+01 1.201413e-01 1.718282e+00
39627774826119728 1.535695e+00 1.050208e+01 1.687378e-01 1.876608e+00 1.457033e+00 1.067979e+01 1.721882e-01 1.739566e+00
39627791053884768 1.655805e+00 1.070507e+01 2.242402e-01 -3.242426e+00 1.429610e+00 1.052537e+01 3.319868e-01 3.606756e+00
39627763665081472 1.839374e+00 1.060751e+01 2.031860e-01 -3.303447e+00 1.663779e+00 1.074526e+01 2.155841e-01 -1.349431e+00
39627793809543376 1.694141e+00 1.107217e+01 2.658320e-01 -1.227438e+00 1.787607e+00 1.095845e+01 2.699677e-01 -9.972632e-01
39627775656592992 1.101202e+00 9.781974e+00 1.084973e-01 -2.305399e+00 1.194780e+00 9.706951e+00 1.045492e-01 -2.072220e-01
39627769797149424 1.772761e+00 1.107569e+01 4.306476e-01 3.724711e-01 1.763779e+00 1.134155e+01 4.491119e-01 -6.158955e-01
39633123184477864 1.147766e+00 8.309389e+00 3.149255e-02 2.644436e+00 1.179220e+00 7.388428e+00 0.000000e+00 3.616510e+00
39627836729853400 1.545932e+00 1.132386e+01 5.764465e-01 -1.160717e-01 1.630461e+00 1.158483e+01 6.731851e-01 4.434543e-01
39627766626262296 1.718827e+00 1.092901e+01 3.425167e-01 -1.236479e+00 1.681521e+00 1.101807e+01 3.778072e-01 -6.435851e-01
39627779033010288 1.816214e+00 1.083099e+01 2.843534e-01 -1.641774e+00 1.648260e+00 1.114638e+01 2.655471e-01 -2.168881e-01
39627871609685512 1.079407e+00 1.017746e+01 9.726236e-02 2.647253e+00 1.177208e+00 9.834053e+00 5.523367e-02 3.889294e+00
39627817243120144 1.252044e+00 1.079621e+01 2.718275e-01 3.504680e+00 1.294780e+00 1.052603e+01 2.428564e-01 2.275334e+00
39627817989702160 1.785175e+00 1.065933e+01 2.053830e-01 -1.347033e+00 1.697596e+00 1.059319e+01 2.066313e-01 -1.075779e+00
39627772976436904 1.154110e+00 9.015135e+00 7.715987e-02 4.302670e+00 1.182807e+00 8.988367e+00 5.952500e-02 3.762776e+00
39627823362606288 1.209650e+00 1.119820e+01 5.527868e-01 6.711302e-01 1.409443e+00 1.134037e+01 5.820442e-01 3.260550e-01
39627824675423584 1.581689e+00 1.095064e+01 3.637032e-01 7.459629e-01 1.661943e+00 1.094162e+01 3.688280e-01 9.916322e-01
39627751707117664 1.712208e+00 1.039014e+01 8.636052e-02 -1.285438e+00 1.802126e+00 1.040138e+01 7.322541e-02 -1.208897e+00
39627830660697392 1.215614e+00 1.089531e+01 2.840743e-01 4.160624e+00 1.334421e+00 1.063491e+01 2.558382e-01 2.321282e+00
39627830744584696 1.629605e+00 1.057966e+01 2.502635e-01 -1.981566e+00 1.611713e+00 1.053934e+01 2.809651e-01 -9.667397e-01
39627746065780736 1.600351e+00 1.018798e+01 2.039967e-01 1.148404e+00 1.361410e+00 1.028944e+01 2.043799e-01 2.989345e-01
39633278931567872 1.378265e+00 9.838294e+00 1.942828e-01 3.502262e+00 1.329921e+00 1.000913e+01 2.171920e-01 9.633445e-01
39627780991751576 1.632577e+00 1.112375e+01 3.403095e-01 3.796076e-01 1.720793e+00 1.107601e+01 3.624776e-01 -5.325103e-01
39627776227017288 1.069178e+00 8.898022e+00 8.322654e-02 2.166027e+00 1.102893e+00 8.388315e+00 6.252439e-02 1.776587e+00
39627682731792760 1.932821e+00 1.127987e+01 4.490989e-01 -1.331937e+00 1.769531e+00 1.138427e+01 4.740905e-01 -6.067927e-01
39633158018171592 1.804203e+00 1.102192e+01 4.444235e-01 -2.337281e+00 1.710097e+00 1.119101e+01 4.642005e-01 -7.225577e-01
39627793104900768 1.648778e+00 1.006705e+01 1.024690e-01 -1.105996e+00 1.532134e+00 1.014848e+01 1.085339e-01 -2.825208e-01
39627732715309312 1.353462e+00 1.142898e+01 5.871482e-01 2.112409e+00 1.352908e+00 1.144392e+01 6.528429e-01 2.944008e+00
39627799211804264 1.458110e+00 1.068473e+01 1.475438e-01 1.176903e+00 1.651622e+00 1.016068e+01 7.641092e-02 -2.319478e-01
39627784749843072 1.578464e+00 1.030674e+01 2.969162e-01 1.282419e+00 1.540888e+00 1.069418e+01 2.844544e-01 9.635906e-01
39627829385629552 1.638837e+00 1.063116e+01 1.475375e-01 2.908143e-01 1.744592e+00 1.064732e+01 1.279982e-01 -1.218855e+00
39627740130842352 1.838509e+00 1.094603e+01 2.077826e-01 -1.127851e+00 1.816379e+00 1.101115e+01 1.980172e-01 -9.793141e-01
39627788377919064 1.193366e+00 9.698714e+00 2.081898e-01 3.568461e+00 1.204363e+00 9.734625e+00 1.835070e-01 2.286756e+00
39627790684790320 1.708381e+00 1.098512e+01 4.462482e-01 -1.766576e+00 1.637463e+00 1.112810e+01 4.828282e-01 -8.522667e-01
39627739417808320 1.761140e+00 1.115793e+01 3.754065e-01 -5.107163e-01 1.743780e+00 1.131790e+01 3.933805e-01 -3.999808e-01
39627778236096696 1.215147e+00 9.568707e+00 9.282705e-02 5.861937e+00 1.205923e+00 9.216731e+00 7.599665e-02 2.891386e+00
39627775652398064 1.586417e+00 9.755515e+00 1.057451e-01 -5.314705e-01 1.605620e+00 9.840174e+00 9.090053e-02 -1.267692e-01
39633123234811192 1.695472e+00 1.126299e+01 4.672823e-01 1.360464e-02 1.663962e+00 1.119644e+01 5.173554e-01 2.234469e-01
39627676687795032 1.691974e+00 1.108322e+01 3.079404e-01 -7.060397e-01 1.664364e+00 1.106092e+01 3.090286e-01 -1.313873e-01
39627793696292936 1.755780e+00 1.026047e+01 1.337571e-01 -1.840275e+00 1.745739e+00 1.030831e+01 1.216712e-01 -1.036858e+00
39627812444834496 1.142829e+00 9.471617e+00 1.761808e-01 4.517828e+00 1.159644e+00 9.494363e+00 1.509805e-01 4.139259e+00
39627758267010912 1.725291e+00 9.510788e+00 7.764740e-02 -1.423394e+00 1.540549e+00 9.705149e+00 8.009571e-02 -5.305300e-01
39627824578955696 1.726946e+00 1.102037e+01 2.953941e-01 -1.897889e+00 1.762898e+00 1.092844e+01 2.892784e-01 -5.949816e-01
39627800293937152 1.679149e+00 1.119471e+01 4.555131e-01 -3.502006e-01 1.700588e+00 1.121420e+01 4.917969e-01 -6.714827e-01
39627790626065880 1.635300e+00 1.024110e+01 1.356700e-01 4.113734e-01 1.737715e+00 1.035215e+01 1.193253e-01 -6.094954e-01
39627812570666824 1.198628e+00 9.855456e+00 1.986668e-01 4.110661e+00 1.199449e+00 1.009549e+01 2.026377e-01 3.393553e+00
39627740122454184 1.809969e+00 1.112477e+01 2.887878e-01 -3.011549e+00 1.808209e+00 1.116547e+01 3.060640e-01 -1.215967e+00
39627818534961880 1.261244e+00 1.039298e+01 1.653627e-01 2.727259e+00 1.360102e+00 9.880928e+00 8.972682e-02 1.896692e+00
39627794233168336 1.511006e+00 1.059352e+01 1.494043e-01 1.074540e+00 1.527944e+00 1.062441e+01 1.373826e-01 1.355264e-01
39627800486871328 1.504550e+00 1.053276e+01 1.364038e-01 1.001611e+00 1.528066e+00 1.039522e+01 1.318772e-01 3.099062e-01
39627809206836072 1.405187e+00 9.319814e+00 4.375752e-02 2.772701e+00 1.441015e+00 9.318461e+00 4.253626e-02 2.744161e+00
39627793759208176 1.158164e+00 9.020167e+00 7.629599e-02 5.968897e+00 1.135570e+00 9.295770e+00 7.842202e-02 4.607063e+00
39627806476338944 1.260157e+00 1.001314e+01 1.123864e-01 3.149027e+00 1.229744e+00 9.862564e+00 9.527197e-02 3.001812e+00
39627812558078816 1.562508e+00 1.072606e+01 2.130098e-01 -1.514941e+00 1.670184e+00 1.071578e+01 2.038113e-01 -6.232964e-01
39627808497993192 1.005901e+00 9.389766e+00 1.250119e-01 9.021106e-02 1.110596e+00 9.016652e+00 1.118122e-01 1.611225e+00
39627817150845216 1.308614e+00 1.086551e+01 2.901303e-01 1.191825e+00 1.374911e+00 1.084193e+01 2.905846e-01 -2.260210e-01
39627817129875976 1.317876e+00 1.093852e+01 2.873191e-01 1.837494e+00 1.550477e+00 1.080611e+01 2.286353e-01 -8.814878e-01
39627830148989936 1.157261e+00 9.042697e+00 7.752032e-02 3.482255e+00 1.159299e+00 9.190356e+00 6.091769e-02 4.385828e+00
39633145309431392 1.563749e+00 1.131271e+01 5.437738e-01 -3.172624e+00 1.553063e+00 1.129917e+01 5.973248e-01 1.011118e+00
